case_id,TransactionID
CC-0001,3000120
CC-0001,3000120.0
CC-0002,3000332
CC-0002,3000332.0
CC-0003,3000607
CC-0004,3000906
CC-0004,3001040
CC-0004,3000906.0
CC-0005,3000183
CC-0005,3000183.0
CC-0006,3001230
CC-0006,3001230.0
CC-0007,3000264
CC-0007,3000264.0
CC-0008,3001018
CC-0008,3001018.0
CC-0009,3002486
CC-0010,3002792
CC-0011,3000989
CC-0011,3000989.0
CC-0012,3002019
CC-0012,3002019.0
CC-0013,3002951
CC-0013,3002951.0
CC-0014,3002010
CC-0014,3002010.0
CC-0015,3002758
CC-0016,3001839
CC-0016,3001839.0
CC-0017,3003172
CC-0018,3001565
CC-0018,3001565.0
CC-0019,3002476
CC-0019,3002476.0
CC-0020,3000808
CC-0020,3000825
CC-0020,3003871
CC-0020,3003906
CC-0020,3000808.0
CC-0021,3003708
CC-0022,3001611
CC-0022,3001611.0
CC-0023,3004228
CC-0024,3003459
CC-0024,3003503
CC-0024,3003459.0
CC-0025,3003546
CC-0025,3003546.0
CC-0026,3004354
CC-0027,3003757
CC-0027,3003757.0
CC-0028,3003607
CC-0028,3003607.0
CC-0029,3000150
CC-0029,3002210
CC-0029,3002242
CC-0029,3000150.0
CC-0030,3003913
CC-0030,3003913.0
CC-0031,3001820
CC-0031,3001820.0
CC-0032,3005276
CC-0033,3001937
CC-0033,3001952
CC-0033,3001999
CC-0033,3001937.0
CC-0034,3005972
CC-0035,3004895
CC-0035,3004895.0
CC-0036,3003325
CC-0036,3003325.0
CC-0037,3006461
CC-0038,3006275
CC-0039,3004695
CC-0039,3004695.0
CC-0040,3006416
CC-0041,3003842
CC-0041,3003842.0
CC-0042,3006354
CC-0043,3002981
CC-0043,3002981.0
CC-0044,3005476
CC-0044,3005476.0
CC-0045,3001632
CC-0045,3002781
CC-0045,3003811
CC-0045,3005310
CC-0045,3001632.0
CC-0046,3002840
CC-0046,3002840.0
CC-0047,3002820
CC-0047,3002828
CC-0047,3004711
CC-0047,3004734
CC-0047,3004746
CC-0047,3002820.0
CC-0048,3006432
CC-0048,3006432.0
CC-0049,3004818
CC-0049,3004823
CC-0049,3004818.0
CC-0050,3006044
CC-0050,3006044.0
CC-0051,3006772
CC-0051,3006774
CC-0051,3006772.0
CC-0052,3004914
CC-0052,3004914.0
CC-0053,3006690
CC-0053,3006690.0
CC-0054,3004838
CC-0054,3004838.0
CC-0055,3005851
CC-0055,3005851.0
CC-0056,3003521
CC-0056,3003521.0
CC-0057,3006366
CC-0057,3006366.0
CC-0058,3007307
CC-0059,3000904
CC-0059,3001479
CC-0059,3005523
CC-0059,3005542
CC-0059,3000904.0
CC-0060,3003331
CC-0060,3003334
CC-0060,3003331.0
CC-0061,3006964
CC-0062,3003096
CC-0062,3003109
CC-0062,3003149
CC-0062,3006742
CC-0062,3003096.0
CC-0063,3000256
CC-0063,3001075
CC-0063,3005210
CC-0063,3006200
CC-0063,3006850
CC-0063,3006853
CC-0063,3006859
CC-0063,3006872
CC-0063,3006996
CC-0063,3007008
CC-0063,3007451
CC-0063,3007722
CC-0063,3000256.0
CC-0064,3004342
CC-0064,3004343
CC-0064,3004342.0
CC-0065,3007293
CC-0066,3008267
CC-0067,3005969
CC-0067,3005996
CC-0067,3006014
CC-0067,3005969.0
CC-0068,3008568
CC-0069,3007099
CC-0070,3004140
CC-0070,3004140.0
CC-0071,3005539
CC-0071,3005539.0
CC-0072,3005146
CC-0072,3005146.0
CC-0073,3008421
CC-0073,3008421.0
CC-0074,3008726
CC-0074,3008726.0
CC-0075,3006561
CC-0075,3006561.0
CC-0076,3004802
CC-0076,3004910
CC-0076,3004802.0
CC-0077,3009019
CC-0078,3005866
CC-0078,3006663
CC-0078,3005866.0
CC-0079,3002258
CC-0079,3005470
CC-0079,3002258.0
CC-0080,3004998
CC-0080,3004998.0
CC-0081,3005023
CC-0081,3005023.0
CC-0082,3008084
CC-0083,3009363
CC-0084,3007469
CC-0084,3007992
CC-0084,3007469.0
CC-0085,3001404
CC-0085,3001462
CC-0085,3004832
CC-0085,3004849
CC-0085,3004876
CC-0085,3008631
CC-0085,3008861
CC-0085,3001404.0
CC-0086,3009332
CC-0086,3009332.0
CC-0087,3008876
CC-0087,3008876.0
CC-0088,3009046
CC-0089,3007653
CC-0089,3007655
CC-0089,3007659
CC-0089,3007653.0
CC-0090,3007110
CC-0090,3007173
CC-0090,3007336
CC-0090,3008705
CC-0090,3007110.0
CC-0091,3009776
CC-0092,3008731
CC-0092,3008731.0
CC-0093,3006978
CC-0093,3007013
CC-0093,3006978.0
CC-0094,3009721
CC-0094,3009721.0
CC-0095,3000824
CC-0095,3001548
CC-0095,3004896
CC-0095,3008509
CC-0095,3008623
CC-0095,3000824.0
CC-0096,3010143
CC-0097,3007851
CC-0097,3007851.0
CC-0098,3009884
CC-0099,3010003
CC-0100,3009606
CC-0100,3009606.0
CC-0101,3008404
CC-0101,3008404.0
CC-0102,3009982
CC-0102,3010017
CC-0102,3009982.0
CC-0103,3009937
CC-0103,3009937.0
CC-0104,3007244
CC-0104,3007244.0
CC-0105,3006763
CC-0105,3006763.0
CC-0106,3007053
CC-0106,3007053.0
CC-0107,3006794
CC-0107,3008592
CC-0107,3006794.0
CC-0108,3007044
CC-0108,3007399
CC-0108,3008926
CC-0108,3007044.0
CC-0109,3003071
CC-0109,3003075
CC-0109,3003320
CC-0109,3008965
CC-0109,3003071.0
CC-0110,3011067
CC-0110,3011067.0
CC-0111,3011102
CC-0112,3009177
CC-0112,3009177.0
CC-0113,3009654
CC-0113,3009915
CC-0113,3010101
CC-0113,3009654.0
CC-0114,3006484
CC-0114,3006490
CC-0114,3008929
CC-0114,3006484.0
CC-0115,3010439
CC-0115,3010439.0
CC-0116,3011782
CC-0117,3009933
CC-0117,3009933.0
CC-0118,3003589
CC-0118,3006216
CC-0118,3006218
CC-0118,3006841
CC-0118,3007047
CC-0118,3009082
CC-0118,3009582
CC-0118,3010271
CC-0118,3010597
CC-0118,3010612
CC-0118,3003589.0
CC-0119,3008565
CC-0119,3008565.0
CC-0120,3011959
CC-0121,3000987
CC-0121,3001956
CC-0121,3002701
CC-0121,3003925
CC-0121,3005620
CC-0121,3005655
CC-0121,3006995
CC-0121,3008896
CC-0121,3009065
CC-0121,3009193
CC-0121,3011530
CC-0121,3000987.0
CC-0122,3000003
CC-0122,3000004
CC-0122,3000018
CC-0122,3000184
CC-0122,3000192
CC-0122,3000195
CC-0122,3000247
CC-0122,3000250
CC-0122,3001605
CC-0122,3002036
CC-0122,3002049
CC-0122,3002470
CC-0122,3002968
CC-0122,3004811
CC-0122,3004814
CC-0122,3004975
CC-0122,3004986
CC-0122,3004993
CC-0122,3006488
CC-0122,3006669
CC-0122,3006678
CC-0122,3006716
CC-0122,3008147
CC-0122,3009546
CC-0122,3009550
CC-0122,3010532
CC-0122,3000003.0
CC-0123,3010596
CC-0123,3010596.0
CC-0124,3001781
CC-0124,3004827
CC-0124,3005102
CC-0124,3005319
CC-0124,3010794
CC-0124,3001781.0
CC-0125,3013020
CC-0126,3007920
CC-0126,3012310
CC-0126,3007920.0
CC-0127,3008943
CC-0127,3009007
CC-0127,3008943.0
CC-0128,3006300
CC-0128,3006319
CC-0128,3006370
CC-0128,3009164
CC-0128,3010670
CC-0128,3006300.0
CC-0129,3012058
CC-0129,3012058.0
CC-0130,3013144
CC-0131,3012049
CC-0131,3012141
CC-0131,3012049.0
CC-0132,3010098
CC-0132,3010183
CC-0132,3010098.0
CC-0133,3010265
CC-0133,3011064
CC-0133,3011784
CC-0133,3010265.0
CC-0134,3010896
CC-0134,3010896.0
CC-0135,3000443
CC-0135,3000447
CC-0135,3001402
CC-0135,3008139
CC-0135,3009085
CC-0135,3012311
CC-0135,3012373
CC-0135,3012385
CC-0135,3000443.0
CC-0136,3007069
CC-0136,3008456
CC-0136,3008469
CC-0136,3010884
CC-0136,3007069.0
CC-0137,3000196
CC-0137,3003954
CC-0137,3009763
CC-0137,3009897
CC-0137,3009912
CC-0137,3000196.0
CC-0138,3013442
CC-0139,3011661
CC-0139,3011661.0
CC-0140,3012366
CC-0140,3012366.0
CC-0141,3001763
CC-0141,3006168
CC-0141,3009906
CC-0141,3013608
CC-0141,3001763.0
CC-0142,3013367
CC-0142,3013367.0
CC-0143,3010171
CC-0143,3010171.0
CC-0144,3013652
CC-0144,3013652.0
CC-0145,3008038
CC-0145,3009645
CC-0145,3010562
CC-0145,3012772
CC-0145,3012779
CC-0145,3008038.0
CC-0146,3010417
CC-0146,3010417.0
CC-0147,3003711
CC-0147,3003833
CC-0147,3004555
CC-0147,3011026
CC-0147,3003711.0
CC-0148,3011148
CC-0148,3011148.0
CC-0149,3013918
CC-0150,3013327
CC-0150,3013327.0
CC-0151,3012259
CC-0151,3012321
CC-0151,3012324
CC-0151,3012349
CC-0151,3012362
CC-0151,3013605
CC-0151,3012259.0
CC-0152,3014083
CC-0152,3014516
CC-0152,3014562
CC-0152,3014083.0
CC-0153,3000050
CC-0153,3000106
CC-0153,3001568
CC-0153,3001586
CC-0153,3003219
CC-0153,3003250
CC-0153,3005568
CC-0153,3005608
CC-0153,3007588
CC-0153,3008131
CC-0153,3008679
CC-0153,3008740
CC-0153,3008811
CC-0153,3008828
CC-0153,3008839
CC-0153,3009139
CC-0153,3009170
CC-0153,3009210
CC-0153,3009257
CC-0153,3009761
CC-0153,3011072
CC-0153,3000050.0
CC-0154,3012749
CC-0154,3012749.0
CC-0155,3010908
CC-0155,3010908.0
CC-0156,3012817
CC-0156,3012817.0
CC-0157,3011384
CC-0157,3011384.0
CC-0158,3012334
CC-0158,3012334.0
CC-0159,3013882
CC-0159,3013882.0
CC-0160,3010994
CC-0160,3010994.0
CC-0161,3014874
CC-0161,3014874.0
CC-0162,3013315
CC-0162,3013321
CC-0162,3013315.0
CC-0163,3014714
CC-0163,3014714.0
CC-0164,3013363
CC-0164,3013390
CC-0164,3013363.0
CC-0165,3014561
CC-0166,3015854
CC-0166,3015854.0
CC-0167,3011326
CC-0167,3013878
CC-0167,3011326.0
CC-0168,3011876
CC-0168,3011876.0
CC-0169,3010863
CC-0169,3015795
CC-0169,3010863.0
CC-0170,3014716
CC-0171,3015501
CC-0171,3015501.0
CC-0172,3012224
CC-0172,3012224.0
CC-0173,3016376
CC-0173,3016376.0
CC-0174,3014786
CC-0174,3014786.0
CC-0175,3016060
CC-0176,3011851
CC-0176,3011917
CC-0176,3015709
CC-0176,3015858
CC-0176,3011851.0
CC-0177,3015024
CC-0177,3015237
CC-0177,3015860
CC-0177,3015024.0
CC-0178,3013648
CC-0178,3013648.0
CC-0179,3012288
CC-0179,3012288.0
CC-0180,3016685
CC-0181,3016271
CC-0181,3016271.0
CC-0182,3017090
CC-0183,3015640
CC-0183,3015640.0
CC-0184,3012882
CC-0184,3012889
CC-0184,3014312
CC-0184,3016375
CC-0184,3012882.0
CC-0185,3012859
CC-0185,3012859.0
CC-0186,3015808
CC-0186,3015808.0
CC-0187,3014037
CC-0187,3014037.0
CC-0188,3013716
CC-0188,3013725
CC-0188,3013735
CC-0188,3013716.0
CC-0189,3017211
CC-0190,3014478
CC-0190,3014478.0
CC-0191,3014783
CC-0191,3014783.0
CC-0192,3015557
CC-0192,3015557.0
CC-0193,3015674
CC-0193,3015674.0
CC-0194,3015051
CC-0194,3015051.0
CC-0195,3017328
CC-0195,3017328.0
CC-0196,3018128
CC-0197,3014411
CC-0197,3014411.0
CC-0198,3017880
CC-0199,3017195
CC-0199,3017199
CC-0199,3017195.0
CC-0200,3006024
CC-0200,3009500
CC-0200,3009620
CC-0200,3015717
CC-0200,3015853
CC-0200,3006024.0
CC-0201,3016131
CC-0201,3017425
CC-0201,3016131.0
CC-0202,3017359
CC-0202,3017380
CC-0202,3017359.0
CC-0203,3012955
CC-0203,3014799
CC-0203,3012955.0
CC-0204,3015025
CC-0204,3015025.0
CC-0205,3016269
CC-0205,3016789
CC-0205,3016269.0
CC-0206,3017337
CC-0206,3017337.0
CC-0207,3015079
CC-0207,3015079.0
CC-0208,3019187
CC-0209,3015213
CC-0209,3015829
CC-0209,3015213.0
CC-0210,3019445
CC-0211,3011540
CC-0211,3011564
CC-0211,3018493
CC-0211,3011540.0
CC-0212,3018685
CC-0212,3018685.0
CC-0213,3018631
CC-0213,3019317
CC-0213,3018631.0
CC-0214,3020134
CC-0214,3020134.0
CC-0215,3020232
CC-0215,3020232.0
CC-0216,3018129
CC-0216,3018129.0
CC-0217,3018758
CC-0217,3018758.0
CC-0218,3020148
CC-0218,3020148.0
CC-0219,3020422
CC-0220,3017705
CC-0220,3017705.0
CC-0221,3017516
CC-0221,3017516.0
CC-0222,3020654
CC-0223,3008217
CC-0223,3008237
CC-0223,3008575
CC-0223,3009966
CC-0223,3016957
CC-0223,3008217.0
CC-0224,3020285
CC-0225,3018749
CC-0225,3018749.0
CC-0226,3001580
CC-0226,3006078
CC-0226,3006088
CC-0226,3008495
CC-0226,3015345
CC-0226,3015406
CC-0226,3018146
CC-0226,3001580.0
CC-0227,3020349
CC-0227,3020349.0
CC-0228,3017400
CC-0228,3019089
CC-0228,3019133
CC-0228,3019259
CC-0228,3019376
CC-0228,3019785
CC-0228,3019804
CC-0228,3019958
CC-0228,3019965
CC-0228,3020011
CC-0228,3020021
CC-0228,3017400.0
CC-0229,3021125
CC-0230,3010108
CC-0230,3012793
CC-0230,3019186
CC-0230,3010108.0
CC-0231,3020692
CC-0231,3020692.0
CC-0232,3018241
CC-0232,3018273
CC-0232,3018312
CC-0232,3018315
CC-0232,3018430
CC-0232,3018241.0
CC-0233,3017915
CC-0233,3017915.0
CC-0234,3021425
CC-0235,3020586
CC-0235,3020624
CC-0235,3020586.0
CC-0236,3019066
CC-0236,3021250
CC-0236,3019066.0
CC-0237,3015540
CC-0237,3018609
CC-0237,3015540.0
CC-0238,3005074
CC-0238,3008451
CC-0238,3014534
CC-0238,3014608
CC-0238,3014682
CC-0238,3015252
CC-0238,3015319
CC-0238,3015399
CC-0238,3016560
CC-0238,3017828
CC-0238,3017836
CC-0238,3005074.0
CC-0239,3021887
CC-0240,3017132
CC-0240,3020865
CC-0240,3017132.0
CC-0241,3020576
CC-0241,3020578
CC-0241,3020576.0
CC-0242,3021128
CC-0242,3021128.0
CC-0243,3016079
CC-0243,3016080
CC-0243,3016472
CC-0243,3016483
CC-0243,3017821
CC-0243,3016079.0
CC-0244,3021039
CC-0244,3021039.0
CC-0245,3021843
CC-0245,3021843.0
CC-0246,3019370
CC-0246,3019370.0
CC-0247,3020434
CC-0247,3020434.0
CC-0248,3021812
CC-0249,3022604
CC-0249,3022619
CC-0249,3022632
CC-0249,3022604.0
CC-0250,3018959
CC-0250,3021896
CC-0250,3018959.0
CC-0251,3018221
CC-0251,3018221.0
CC-0252,3022091
CC-0253,3019623
CC-0253,3019623.0
CC-0254,3008657
CC-0254,3011862
CC-0254,3016234
CC-0254,3017580
CC-0254,3017620
CC-0254,3021233
CC-0254,3008657.0
CC-0255,3014915
CC-0255,3014994
CC-0255,3018610
CC-0255,3019093
CC-0255,3019154
CC-0255,3019614
CC-0255,3022316
CC-0255,3014915.0
CC-0256,3021528
CC-0256,3021559
CC-0256,3021528.0
CC-0257,3019389
CC-0257,3019389.0
CC-0258,3019714
CC-0258,3019714.0
CC-0259,3023480
CC-0260,3024000
CC-0261,3023710
CC-0262,3022355
CC-0262,3022355.0
CC-0263,3020849
CC-0263,3020849.0
CC-0264,3023797
CC-0265,3023311
CC-0266,3024170
CC-0266,3024170.0
CC-0267,3024590
CC-0268,3020024
CC-0268,3020024.0
CC-0269,3024461
CC-0270,3023542
CC-0271,3024489
CC-0272,3021927
CC-0272,3021927.0
CC-0273,3014296
CC-0273,3016478
CC-0273,3021713
CC-0273,3014296.0
CC-0274,3021495
CC-0274,3021498
CC-0274,3023783
CC-0274,3023800
CC-0274,3021495.0
CC-0275,3023399
CC-0275,3023399.0
CC-0276,3016231
CC-0276,3023566
CC-0276,3023570
CC-0276,3016231.0
CC-0277,3021740
CC-0277,3021740.0
CC-0278,3023205
CC-0278,3023205.0
CC-0279,3023648
CC-0279,3024089
CC-0279,3023648.0
CC-0280,3022262
CC-0280,3022262.0
CC-0281,3024726
CC-0282,3022971
CC-0282,3024760
CC-0282,3022971.0
CC-0283,3023529
CC-0283,3023529.0
CC-0284,3021611
CC-0284,3021658
CC-0284,3021611.0
CC-0285,3018930
CC-0285,3023427
CC-0285,3023496
CC-0285,3023533
CC-0285,3023609
CC-0285,3018930.0
CC-0286,3022389
CC-0286,3023667
CC-0286,3022389.0
CC-0287,3023281
CC-0287,3023281.0
CC-0288,3020382
CC-0288,3022648
CC-0288,3020382.0
CC-0289,3024924
CC-0289,3024924.0
CC-0290,3009374
CC-0290,3011289
CC-0290,3015408
CC-0290,3015422
CC-0290,3017329
CC-0290,3020058
CC-0290,3022349
CC-0290,3023880
CC-0290,3009374.0
CC-0291,3022078
CC-0291,3024175
CC-0291,3022078.0
CC-0292,3025452
CC-0293,3018827
CC-0293,3021900
CC-0293,3018827.0
CC-0294,3022279
CC-0294,3022279.0
CC-0295,3024693
CC-0295,3024727
CC-0295,3024693.0
CC-0296,3026023
CC-0297,3022248
CC-0297,3022248.0
CC-0298,3026984
CC-0298,3026984.0
CC-0299,3026197
CC-0300,3027653
CC-0301,3026849
CC-0302,3024215
CC-0302,3024215.0
CC-0303,3025127
CC-0303,3025127.0
CC-0304,3022765
CC-0304,3022765.0
CC-0305,3017193
CC-0305,3020833
CC-0305,3022405
CC-0305,3022983
CC-0305,3017193.0
CC-0306,3026352
CC-0306,3026352.0
CC-0307,3024247
CC-0307,3024247.0
CC-0308,3027882
CC-0309,3027037
CC-0309,3027037.0
CC-0310,3027813
CC-0310,3027929
CC-0310,3027813.0
CC-0311,3024122
CC-0311,3024122.0
CC-0312,3024079
CC-0312,3024093
CC-0312,3024126
CC-0312,3024079.0
CC-0313,3025150
CC-0313,3025150.0
CC-0314,3028382
CC-0314,3028382.0
CC-0315,3028428
CC-0316,3026149
CC-0316,3026149.0
CC-0317,3027987
CC-0318,3028543
CC-0319,3028034
CC-0319,3028034.0
CC-0320,3026212
CC-0320,3026212.0
CC-0321,3024869
CC-0321,3024869.0
CC-0322,3021279
CC-0322,3027797
CC-0322,3027830
CC-0322,3021279.0
CC-0323,3024328
CC-0323,3028154
CC-0323,3024328.0
CC-0324,3024554
CC-0324,3024554.0
CC-0325,3028532
CC-0325,3028532.0
CC-0326,3028017
CC-0326,3028017.0
CC-0327,3025619
CC-0327,3025619.0
CC-0328,3016942
CC-0328,3017315
CC-0328,3018566
CC-0328,3020310
CC-0328,3026538
CC-0328,3016942.0
CC-0329,3027363
CC-0329,3027401
CC-0329,3027363.0
CC-0330,3027435
CC-0330,3027435.0
CC-0331,3010909
CC-0331,3010931
CC-0331,3010934
CC-0331,3011272
CC-0331,3012746
CC-0331,3012770
CC-0331,3013205
CC-0331,3013937
CC-0331,3013982
CC-0331,3015426
CC-0331,3015485
CC-0331,3016031
CC-0331,3019489
CC-0331,3022828
CC-0331,3022878
CC-0331,3024107
CC-0331,3025242
CC-0331,3010909.0
CC-0332,3027057
CC-0332,3027057.0
CC-0333,3020863
CC-0333,3022390
CC-0333,3024675
CC-0333,3027059
CC-0333,3027064
CC-0333,3020863.0
CC-0334,3013573
CC-0334,3016251
CC-0334,3016314
CC-0334,3017486
CC-0334,3021897
CC-0334,3022340
CC-0334,3025192
CC-0334,3025256
CC-0334,3013573.0
CC-0335,3026055
CC-0335,3026055.0
CC-0336,3029190
CC-0336,3029190.0
CC-0337,3028697
CC-0337,3028697.0
CC-0338,3028921
CC-0339,3029100
CC-0340,3027478
CC-0340,3027478.0
CC-0341,3025576
CC-0341,3025576.0
CC-0342,3020499
CC-0342,3026321
CC-0342,3026347
CC-0342,3020499.0
CC-0343,3015019
CC-0343,3016184
CC-0343,3016214
CC-0343,3016223
CC-0343,3022222
CC-0343,3026725
CC-0343,3026749
CC-0343,3027125
CC-0343,3027151
CC-0343,3015019.0
CC-0344,3030396
CC-0345,3030424
CC-0346,3028407
CC-0346,3028407.0
CC-0347,3023252
CC-0347,3023256
CC-0347,3023259
CC-0347,3027937
CC-0347,3027978
CC-0347,3027982
CC-0347,3027986
CC-0347,3028004
CC-0347,3028044
CC-0347,3023252.0
CC-0348,3030019
CC-0349,3028754
CC-0349,3028754.0
CC-0350,3031227
CC-0351,3028709
CC-0351,3028709.0
CC-0352,3026769
CC-0352,3026769.0
CC-0353,3026830
CC-0353,3026830.0
CC-0354,3029691
CC-0355,3028288
CC-0355,3028288.0
CC-0356,3030055
CC-0356,3030055.0
CC-0357,3025678
CC-0357,3029776
CC-0357,3025678.0
CC-0358,3025016
CC-0358,3026264
CC-0358,3028648
CC-0358,3025016.0
CC-0359,3030906
CC-0359,3030906.0
CC-0360,3028621
CC-0360,3028621.0
CC-0361,3026148
CC-0361,3027156
CC-0361,3027320
CC-0361,3030241
CC-0361,3026148.0
CC-0362,3030957
CC-0363,3024586
CC-0363,3030970
CC-0363,3031040
CC-0363,3024586.0
CC-0364,3027248
CC-0364,3027561
CC-0364,3027604
CC-0364,3027248.0
CC-0365,3024748
CC-0365,3028713
CC-0365,3029951
CC-0365,3030951
CC-0365,3031006
CC-0365,3032109
CC-0365,3024748.0
CC-0366,3029652
CC-0366,3030551
CC-0366,3029652.0
CC-0367,3030642
CC-0367,3030642.0
CC-0368,3032233
CC-0369,3028556
CC-0369,3028556.0
CC-0370,3030014
CC-0370,3030042
CC-0370,3030311
CC-0370,3030361
CC-0370,3030371
CC-0370,3030384
CC-0370,3030528
CC-0370,3030537
CC-0370,3030620
CC-0370,3030625
CC-0370,3030014.0
CC-0371,3031588
CC-0371,3031588.0
CC-0372,3029752
CC-0372,3029777
CC-0372,3029807
CC-0372,3032111
CC-0372,3032124
CC-0372,3029752.0
CC-0373,3028924
CC-0373,3028924.0
CC-0374,3032623
CC-0375,3029497
CC-0375,3029542
CC-0375,3029497.0
CC-0376,3031228
CC-0376,3031274
CC-0376,3031228.0
CC-0377,3030265
CC-0377,3030298
CC-0377,3031502
CC-0377,3031510
CC-0377,3031512
CC-0377,3031513
CC-0377,3031550
CC-0377,3030265.0
CC-0378,3023976
CC-0378,3029484
CC-0378,3023976.0
CC-0379,3031475
CC-0379,3032438
CC-0379,3031475.0
CC-0380,3033315
CC-0380,3033335
CC-0380,3033343
CC-0380,3033315.0
CC-0381,3030425
CC-0381,3030563
CC-0381,3030425.0
CC-0382,3034258
CC-0383,3033032
CC-0384,3033245
CC-0385,3032303
CC-0385,3032303.0
CC-0386,3033337
CC-0387,3026773
CC-0387,3026795
CC-0387,3029220
CC-0387,3030654
CC-0387,3030701
CC-0387,3026773.0
CC-0388,3034811
CC-0389,3033654
CC-0389,3033654.0
CC-0390,3033053
CC-0390,3033053.0
CC-0391,3031566
CC-0391,3031566.0
CC-0392,3033781
CC-0392,3033781.0
CC-0393,3033472
CC-0394,3032480
CC-0394,3032861
CC-0394,3032480.0
CC-0395,3030883
CC-0395,3034747
CC-0395,3030883.0
CC-0396,3033992
CC-0396,3033992.0
CC-0397,3034699
CC-0398,3031559
CC-0398,3031559.0
CC-0399,3035993
CC-0400,3034531
CC-0401,3033483
CC-0401,3033502
CC-0401,3033483.0
CC-0402,3034748
CC-0402,3034874
CC-0402,3034748.0
CC-0403,3030518
CC-0403,3032080
CC-0403,3030518.0
CC-0404,3028484
CC-0404,3032240
CC-0404,3034359
CC-0404,3034443
CC-0404,3028484.0
CC-0405,3035077
CC-0406,3034031
CC-0406,3034031.0
CC-0407,3035236
CC-0408,3036275
CC-0409,3029665
CC-0409,3033268
CC-0409,3029665.0
CC-0410,3035664
CC-0410,3035680
CC-0410,3035664.0
CC-0411,3033461
CC-0411,3033461.0
CC-0412,3033318
CC-0412,3033318.0
CC-0413,3035998
CC-0414,3034746
CC-0414,3034746.0
CC-0415,3033877
CC-0415,3033877.0
CC-0416,3033941
CC-0416,3033941.0
CC-0417,3035384
CC-0417,3035384.0
CC-0418,3035405
CC-0418,3035433
CC-0418,3035436
CC-0418,3035448
CC-0418,3035477
CC-0418,3035490
CC-0418,3035511
CC-0418,3035405.0
CC-0419,3036086
CC-0419,3036233
CC-0419,3036086.0
CC-0420,3034117
CC-0420,3034117.0
CC-0421,3029395
CC-0421,3035020
CC-0421,3029395.0
CC-0422,3033579
CC-0422,3033579.0
CC-0423,3033967
CC-0423,3033967.0
CC-0424,3035381
CC-0424,3035381.0
CC-0425,3037725
CC-0426,3034985
CC-0426,3034985.0
CC-0427,3033867
CC-0427,3035200
CC-0427,3035237
CC-0427,3035278
CC-0427,3033867.0
CC-0428,3037190
CC-0429,3032177
CC-0429,3033094
CC-0429,3034703
CC-0429,3036381
CC-0429,3032177.0
CC-0430,3038418
CC-0431,3036386
CC-0431,3036386.0
CC-0432,3038607
CC-0432,3038607.0
CC-0433,3038367
CC-0434,3037808
CC-0434,3037808.0
CC-0435,3038831
CC-0436,3037649
CC-0436,3037649.0
CC-0437,3027307
CC-0437,3030037
CC-0437,3034285
CC-0437,3035543
CC-0437,3037718
CC-0437,3037780
CC-0437,3037854
CC-0437,3037986
CC-0437,3027307.0
CC-0438,3038967
CC-0439,3039011
CC-0440,3036992
CC-0440,3036992.0
CC-0441,3039492
CC-0442,3036548
CC-0442,3036548.0
CC-0443,3039956
CC-0444,3039540
CC-0445,3039733
CC-0446,3039229
CC-0446,3039229.0
CC-0447,3032749
CC-0447,3036424
CC-0447,3036436
CC-0447,3036445
CC-0447,3036446
CC-0447,3032749.0
CC-0448,3037736
CC-0448,3037736.0
CC-0449,3038060
CC-0449,3038060.0
CC-0450,3034439
CC-0450,3040043
CC-0450,3034439.0
CC-0451,3037862
CC-0451,3038053
CC-0451,3038114
CC-0451,3038615
CC-0451,3037862.0
CC-0452,3017933
CC-0452,3022016
CC-0452,3028766
CC-0452,3028774
CC-0452,3032580
CC-0452,3032612
CC-0452,3032648
CC-0452,3033610
CC-0452,3035981
CC-0452,3036494
CC-0452,3036497
CC-0452,3036504
CC-0452,3017933.0
CC-0453,3033919
CC-0453,3037359
CC-0453,3033919.0
CC-0454,3039150
CC-0454,3039253
CC-0454,3039469
CC-0454,3039781
CC-0454,3039789
CC-0454,3040275
CC-0454,3039150.0
CC-0455,3031357
CC-0455,3031844
CC-0455,3035242
CC-0455,3035259
CC-0455,3035303
CC-0455,3039278
CC-0455,3039442
CC-0455,3039856
CC-0455,3031357.0
CC-0456,3029719
CC-0456,3029736
CC-0456,3029833
CC-0456,3029985
CC-0456,3031847
CC-0456,3036840
CC-0456,3029719.0
CC-0457,3038533
CC-0457,3038533.0
CC-0458,3037114
CC-0458,3037166
CC-0458,3037261
CC-0458,3037114.0
CC-0459,3041234
CC-0459,3041234.0
CC-0460,3024423
CC-0460,3030253
CC-0460,3036633
CC-0460,3024423.0
CC-0461,3039254
CC-0461,3039254.0
CC-0462,3040382
CC-0462,3040382.0
CC-0463,3004308
CC-0463,3004904
CC-0463,3005494
CC-0463,3005930
CC-0463,3006473
CC-0463,3007571
CC-0463,3011953
CC-0463,3012858
CC-0463,3013587
CC-0463,3015525
CC-0463,3018866
CC-0463,3021068
CC-0463,3024874
CC-0463,3024880
CC-0463,3029948
CC-0463,3030058
CC-0463,3032334
CC-0463,3038729
CC-0463,3004308.0
CC-0464,3040280
CC-0464,3040482
CC-0464,3040280.0
CC-0465,3038741
CC-0465,3038741.0
CC-0466,3039290
CC-0466,3039290.0
CC-0467,3012791
CC-0467,3012922
CC-0467,3018737
CC-0467,3024961
CC-0467,3025566
CC-0467,3025610
CC-0467,3031872
CC-0467,3037062
CC-0467,3012791.0
CC-0468,3041220
CC-0469,3042137
CC-0469,3042137.0
CC-0470,3042445
CC-0471,3041412
CC-0472,3032654
CC-0472,3038288
CC-0472,3032654.0
CC-0473,3041621
CC-0474,3042842
CC-0474,3042842.0
CC-0475,3037895
CC-0475,3037954
CC-0475,3040915
CC-0475,3037895.0
CC-0476,3041723
CC-0477,3041022
CC-0477,3041022.0
CC-0478,3042475
CC-0478,3042475.0
CC-0479,3041404
CC-0480,3019757
CC-0480,3020004
CC-0480,3020583
CC-0480,3022905
CC-0480,3023341
CC-0480,3023938
CC-0480,3031523
CC-0480,3031547
CC-0480,3036867
CC-0480,3036922
CC-0480,3040824
CC-0480,3040910
CC-0480,3019757.0
CC-0481,3039941
CC-0481,3039941.0
CC-0482,3039765
CC-0482,3039767
CC-0482,3039801
CC-0482,3040116
CC-0482,3040120
CC-0482,3040129
CC-0482,3040150
CC-0482,3040167
CC-0482,3039765.0
CC-0483,3043635
CC-0484,3042723
CC-0484,3042723.0
CC-0485,3040545
CC-0485,3040545.0
CC-0486,3042493
CC-0487,3043204
CC-0488,3043733
CC-0489,3043790
CC-0490,3041302
CC-0490,3041302.0
CC-0491,3042013
CC-0491,3042013.0
CC-0492,3044042
CC-0493,3044053
CC-0494,3043682
CC-0494,3043682.0
CC-0495,3043453
CC-0495,3043453.0
CC-0496,3010078
CC-0496,3012878
CC-0496,3017276
CC-0496,3020816
CC-0496,3023168
CC-0496,3027744
CC-0496,3028120
CC-0496,3032536
CC-0496,3034251
CC-0496,3035579
CC-0496,3036333
CC-0496,3042039
CC-0496,3010078.0
CC-0497,3040510
CC-0497,3041273
CC-0497,3040510.0
CC-0498,3031554
CC-0498,3031628
CC-0498,3031686
CC-0498,3032422
CC-0498,3033022
CC-0498,3035524
CC-0498,3036957
CC-0498,3041186
CC-0498,3043181
CC-0498,3031554.0
CC-0499,3042657
CC-0499,3042847
CC-0499,3042657.0
CC-0500,3042529
CC-0500,3042529.0
CC-0501,3030488
CC-0501,3034831
CC-0501,3037527
CC-0501,3038238
CC-0501,3042256
CC-0501,3030488.0
CC-0502,3044202
CC-0502,3044202.0
CC-0503,3040534
CC-0503,3042956
CC-0503,3040534.0
CC-0504,3037369
CC-0504,3039132
CC-0504,3039196
CC-0504,3043063
CC-0504,3037369.0
CC-0505,3021547
CC-0505,3025341
CC-0505,3030339
CC-0505,3036970
CC-0505,3041319
CC-0505,3021547.0
CC-0506,3037792
CC-0506,3041089
CC-0506,3041145
CC-0506,3037792.0
CC-0507,3026078
CC-0507,3026162
CC-0507,3026260
CC-0507,3026350
CC-0507,3026374
CC-0507,3026925
CC-0507,3030001
CC-0507,3030341
CC-0507,3032017
CC-0507,3037272
CC-0507,3042125
CC-0507,3042127
CC-0507,3026078.0
CC-0508,3041850
CC-0508,3041850.0
CC-0509,3039577
CC-0509,3039806
CC-0509,3041493
CC-0509,3041606
CC-0509,3039577.0
CC-0510,3044174
CC-0510,3044174.0
CC-0511,3043573
CC-0511,3043573.0
CC-0512,3043492
CC-0512,3043577
CC-0512,3043492.0
CC-0513,3043135
CC-0513,3043135.0
CC-0514,3041983
CC-0514,3041983.0
CC-0515,3043516
CC-0515,3043516.0
CC-0516,3045489
CC-0517,3044684
CC-0517,3044684.0
CC-0518,3045400
CC-0518,3045400.0
CC-0519,3034681
CC-0519,3038112
CC-0519,3038678
CC-0519,3038768
CC-0519,3038787
CC-0519,3045664
CC-0519,3045696
CC-0519,3046901
CC-0519,3034681.0
CC-0520,3044575
CC-0520,3044575.0
CC-0521,3044693
CC-0521,3044693.0
CC-0522,3045204
CC-0523,3038229
CC-0523,3044512
CC-0523,3046251
CC-0523,3046298
CC-0523,3038229.0
CC-0524,3024432
CC-0524,3025185
CC-0524,3030100
CC-0524,3034169
CC-0524,3037627
CC-0524,3037764
CC-0524,3037772
CC-0524,3037803
CC-0524,3038663
CC-0524,3042486
CC-0524,3044811
CC-0524,3024432.0
CC-0525,3046054
CC-0526,3046516
CC-0527,3038894
CC-0527,3038922
CC-0527,3047100
CC-0527,3038894.0
CC-0528,3044199
CC-0528,3044647
CC-0528,3044712
CC-0528,3046741
CC-0528,3047248
CC-0528,3047302
CC-0528,3047732
CC-0528,3044199.0
CC-0529,3035821
CC-0529,3043628
CC-0529,3035821.0
CC-0530,3044734
CC-0530,3044734.0
CC-0531,3032389
CC-0531,3032398
CC-0531,3032401
CC-0531,3036148
CC-0531,3036178
CC-0531,3037778
CC-0531,3037965
CC-0531,3037994
CC-0531,3038001
CC-0531,3038002
CC-0531,3038017
CC-0531,3038027
CC-0531,3038028
CC-0531,3038040
CC-0531,3038068
CC-0531,3038074
CC-0531,3038096
CC-0531,3038100
CC-0531,3046367
CC-0531,3032389.0
CC-0532,3045976
CC-0532,3045976.0
CC-0533,3032451
CC-0533,3035977
CC-0533,3043251
CC-0533,3032451.0
CC-0534,3047859
CC-0535,3037814
CC-0535,3037888
CC-0535,3044146
CC-0535,3037814.0
CC-0536,3047270
CC-0537,3047296
CC-0537,3047320
CC-0537,3047296.0
CC-0538,3048224
CC-0538,3048224.0
CC-0539,3048101
CC-0540,3044601
CC-0540,3044601.0
CC-0541,3040177
CC-0541,3045925
CC-0541,3040177.0
CC-0542,3046299
CC-0542,3046299.0
CC-0543,3038455
CC-0543,3045564
CC-0543,3038455.0
CC-0544,3046768
CC-0544,3047141
CC-0544,3046768.0
CC-0545,3048324
CC-0545,3048324.0
CC-0546,3047896
CC-0547,3027753
CC-0547,3027888
CC-0547,3033423
CC-0547,3033546
CC-0547,3036126
CC-0547,3040322
CC-0547,3042308
CC-0547,3047922
CC-0547,3027753.0
CC-0548,3034656
CC-0548,3041939
CC-0548,3041965
CC-0548,3042016
CC-0548,3042054
CC-0548,3042106
CC-0548,3043521
CC-0548,3044973
CC-0548,3034656.0
CC-0549,3048759
CC-0549,3048769
CC-0549,3048759.0
CC-0550,3044987
CC-0550,3044987.0
CC-0551,3044927
CC-0551,3044927.0
CC-0552,3046328
CC-0552,3046328.0
CC-0553,3048830
CC-0554,3048211
CC-0554,3048211.0
CC-0555,3041353
CC-0555,3041702
CC-0555,3045671
CC-0555,3045793
CC-0555,3041353.0
CC-0556,3044819
CC-0556,3044819.0
CC-0557,3047737
CC-0557,3047789
CC-0557,3047737.0
CC-0558,3045744
CC-0558,3045744.0
CC-0559,3049113
CC-0560,3048886
CC-0561,3049154
CC-0562,3047903
CC-0562,3048500
CC-0562,3047903.0
CC-0563,3048906
CC-0563,3048906.0
CC-0564,3020801
CC-0564,3026407
CC-0564,3032530
CC-0564,3036269
CC-0564,3036300
CC-0564,3043482
CC-0564,3044730
CC-0564,3046390
CC-0564,3046485
CC-0564,3047564
CC-0564,3047569
CC-0564,3048623
CC-0564,3020801.0
CC-0565,3048163
CC-0565,3048163.0
CC-0566,3049979
CC-0567,3050374
CC-0568,3049301
CC-0569,3050343
CC-0569,3050409
CC-0569,3050443
CC-0569,3050465
CC-0569,3050476
CC-0569,3050343.0
CC-0570,3043982
CC-0570,3049242
CC-0570,3049668
CC-0570,3043982.0
CC-0571,3049541
CC-0571,3049541.0
CC-0572,3049939
CC-0573,3050288
CC-0574,3050325
CC-0575,3049469
CC-0576,3047784
CC-0576,3047784.0
CC-0577,3051107
CC-0578,3025199
CC-0578,3027276
CC-0578,3033694
CC-0578,3039169
CC-0578,3046234
CC-0578,3025199.0
CC-0579,3043893
CC-0579,3050173
CC-0579,3043893.0
CC-0580,3051166
CC-0581,3050290
CC-0581,3050290.0
CC-0582,3049796
CC-0583,3047890
CC-0583,3047890.0
CC-0584,3046725
CC-0584,3046760
CC-0584,3046725.0
CC-0585,3052328
CC-0586,3049972
CC-0586,3049972.0
CC-0587,3052144
CC-0588,3037998
CC-0588,3041257
CC-0588,3045144
CC-0588,3048357
CC-0588,3048431
CC-0588,3049087
CC-0588,3049124
CC-0588,3037998.0
CC-0589,3052755
CC-0590,3047510
CC-0590,3048522
CC-0590,3048565
CC-0590,3047510.0
CC-0591,3052726
CC-0592,3050248
CC-0592,3050248.0
CC-0593,3052128
CC-0594,3052389
CC-0595,3048615
CC-0595,3048615.0
CC-0596,3048808
CC-0596,3048808.0
CC-0597,3043064
CC-0597,3045506
CC-0597,3045598
CC-0597,3050740
CC-0597,3043064.0
CC-0598,3048790
CC-0598,3048790.0
CC-0599,3052533
CC-0600,3052987
CC-0601,3052640
CC-0602,3052786
CC-0603,3052199
CC-0603,3052199.0
CC-0604,3045905
CC-0604,3046229
CC-0604,3049000
CC-0604,3045905.0
CC-0605,3050005
CC-0605,3050005.0
CC-0606,3051701
CC-0606,3051775
CC-0606,3051701.0
CC-0607,3047204
CC-0607,3049662
CC-0607,3047204.0
CC-0608,3051231
CC-0608,3051231.0
CC-0609,3049397
CC-0609,3049397.0
CC-0610,3053173
CC-0611,3045895
CC-0611,3049481
CC-0611,3049515
CC-0611,3045895.0
CC-0612,3049153
CC-0612,3049153.0
CC-0613,3042294
CC-0613,3049679
CC-0613,3049942
CC-0613,3042294.0
CC-0614,3043141
CC-0614,3050874
CC-0614,3043141.0
CC-0615,3051990
CC-0615,3051990.0
CC-0616,3053450
CC-0617,3049402
CC-0617,3049402.0
CC-0618,3050012
CC-0618,3050012.0
CC-0619,3054907
CC-0620,3054022
CC-0621,3053272
CC-0622,3052718
CC-0622,3052718.0
CC-0623,3053433
CC-0624,3053486
CC-0625,3050950
CC-0625,3050950.0
CC-0626,3054524
CC-0626,3054524.0
CC-0627,3053046
CC-0627,3053046.0
CC-0628,3054354
CC-0629,3054392
CC-0629,3054392.0
CC-0630,3055441
CC-0631,3052607
CC-0631,3052737
CC-0631,3052607.0
CC-0632,3050791
CC-0632,3050791.0
CC-0633,3050277
CC-0633,3050277.0
CC-0634,3056161
CC-0635,3056212
CC-0636,3029217
CC-0636,3033872
CC-0636,3033984
CC-0636,3040690
CC-0636,3043718
CC-0636,3044501
CC-0636,3045523
CC-0636,3047260
CC-0636,3047283
CC-0636,3047327
CC-0636,3054501
CC-0636,3054556
CC-0636,3054560
CC-0636,3054797
CC-0636,3054874
CC-0636,3054928
CC-0636,3029217.0
CC-0637,3054725
CC-0638,3052046
CC-0638,3052046.0
CC-0639,3047193
CC-0639,3053034
CC-0639,3047193.0
CC-0640,3053851
CC-0640,3053851.0
CC-0641,3056366
CC-0642,3055216
CC-0643,3051700
CC-0643,3054323
CC-0643,3051700.0
CC-0644,3056709
CC-0644,3056709.0
CC-0645,3053799
CC-0645,3053799.0
CC-0646,3050930
CC-0646,3053265
CC-0646,3053269
CC-0646,3050930.0
CC-0647,3057009
CC-0648,3056555
CC-0649,3055591
CC-0649,3055868
CC-0649,3055591.0
CC-0650,3053763
CC-0650,3053763.0
CC-0651,3052562
CC-0651,3052562.0
CC-0652,3055316
CC-0652,3055316.0
CC-0653,3046178
CC-0653,3048417
CC-0653,3053031
CC-0653,3046178.0
CC-0654,3056778
CC-0655,3055394
CC-0655,3055439
CC-0655,3055394.0
CC-0656,3056646
CC-0657,3056929
CC-0658,3054665
CC-0658,3054665.0
CC-0659,3057214
CC-0659,3057214.0
CC-0660,3053193
CC-0660,3053198
CC-0660,3053199
CC-0660,3053215
CC-0660,3053193.0
CC-0661,3034693
CC-0661,3035838
CC-0661,3035891
CC-0661,3036859
CC-0661,3036886
CC-0661,3040007
CC-0661,3043036
CC-0661,3047183
CC-0661,3047249
CC-0661,3051436
CC-0661,3052552
CC-0661,3057055
CC-0661,3034693.0
CC-0662,3055162
CC-0662,3057015
CC-0662,3055162.0
CC-0663,3053521
CC-0663,3053521.0
CC-0664,3054887
CC-0664,3054887.0
CC-0665,3056387
CC-0665,3056387.0
CC-0666,3056570
CC-0666,3056626
CC-0666,3056570.0
CC-0667,3056253
CC-0667,3056253.0
CC-0668,3040400
CC-0668,3040410
CC-0668,3048593
CC-0668,3048599
CC-0668,3056021
CC-0668,3040400.0
CC-0669,3057877
CC-0670,3057503
CC-0671,3052972
CC-0671,3053856
CC-0671,3055727
CC-0671,3055764
CC-0671,3052972.0
CC-0672,3056146
CC-0672,3056194
CC-0672,3056146.0
CC-0673,3057579
CC-0674,3058475
CC-0675,3058845
CC-0676,3057594
CC-0677,3057987
CC-0678,3058963
CC-0679,3055728
CC-0679,3055728.0
CC-0680,3059052
CC-0681,3057859
CC-0682,3059406
CC-0683,3058081
CC-0684,3058136
CC-0685,3056643
CC-0685,3056643.0
CC-0686,3055261
CC-0686,3055261.0
CC-0687,3059198
CC-0688,3059871
CC-0688,3059998
CC-0688,3059871.0
CC-0689,3057898
CC-0689,3057898.0
CC-0690,3055680
CC-0690,3055680.0
CC-0691,3053244
CC-0691,3058205
CC-0691,3058335
CC-0691,3053244.0
CC-0692,3060275
CC-0693,3057275
CC-0693,3057275.0
CC-0694,3055769
CC-0694,3058943
CC-0694,3055769.0
CC-0695,3059304
CC-0695,3059304.0
CC-0696,3060995
CC-0697,3057989
CC-0697,3058138
CC-0697,3060165
CC-0697,3057989.0
CC-0698,3058217
CC-0698,3059044
CC-0698,3059239
CC-0698,3058217.0
CC-0699,3061378
CC-0700,3009840
CC-0700,3009923
CC-0700,3012375
CC-0700,3013060
CC-0700,3016293
CC-0700,3017478
CC-0700,3017481
CC-0700,3017497
CC-0700,3018253
CC-0700,3020473
CC-0700,3027861
CC-0700,3032504
CC-0700,3032518
CC-0700,3033143
CC-0700,3035292
CC-0700,3035426
CC-0700,3035485
CC-0700,3036173
CC-0700,3036423
CC-0700,3039496
CC-0700,3043896
CC-0700,3045324
CC-0700,3047306
CC-0700,3047319
CC-0700,3047367
CC-0700,3047402
CC-0700,3049312
CC-0700,3049381
CC-0700,3051178
CC-0700,3054340
CC-0700,3058632
CC-0700,3058711
CC-0700,3061370
CC-0700,3061845
CC-0700,3062062
CC-0700,3062064
CC-0700,3009840.0
CC-0701,3061218
CC-0702,3062124
CC-0703,3058962
CC-0703,3058962.0
CC-0704,3059630
CC-0704,3059630.0
CC-0705,3054416
CC-0705,3057343
CC-0705,3057436
CC-0705,3054416.0
CC-0706,3036021
CC-0706,3040197
CC-0706,3046673
CC-0706,3053316
CC-0706,3059514
CC-0706,3060048
CC-0706,3062121
CC-0706,3036021.0
CC-0707,3060732
CC-0707,3060732.0
CC-0708,3055842
CC-0708,3058557
CC-0708,3055842.0
CC-0709,3062079
CC-0710,3060447
CC-0710,3060447.0
CC-0711,3060816
CC-0711,3060883
CC-0711,3060816.0
CC-0712,3061878
CC-0712,3061878.0
CC-0713,3059105
CC-0713,3059150
CC-0713,3059105.0
CC-0714,3061618
CC-0714,3061618.0
CC-0715,3057288
CC-0715,3060940
CC-0715,3057288.0
CC-0716,3062590
CC-0716,3062590.0
CC-0717,3057985
CC-0717,3057985.0
CC-0718,3058998
CC-0718,3058998.0
CC-0719,3061807
CC-0719,3061819
CC-0719,3061807.0
CC-0720,3041330
CC-0720,3042612
CC-0720,3042873
CC-0720,3044787
CC-0720,3044802
CC-0720,3044818
CC-0720,3046510
CC-0720,3046577
CC-0720,3048217
CC-0720,3048377
CC-0720,3048453
CC-0720,3052059
CC-0720,3054283
CC-0720,3055259
CC-0720,3055626
CC-0720,3057554
CC-0720,3041330.0
CC-0721,3059671
CC-0721,3059713
CC-0721,3059671.0
CC-0722,3063253
CC-0723,3062659
CC-0723,3062659.0
CC-0724,3061799
CC-0724,3061818
CC-0724,3061864
CC-0724,3062902
CC-0724,3062997
CC-0724,3061799.0
CC-0725,3063379
CC-0726,3063048
CC-0727,3060139
CC-0727,3060139.0
CC-0728,3059851
CC-0728,3059851.0
CC-0729,3062637
CC-0730,3055096
CC-0730,3055155
CC-0730,3063734
CC-0730,3063802
CC-0730,3055096.0
CC-0731,3057613
CC-0731,3063200
CC-0731,3057613.0
CC-0732,3063606
CC-0732,3063606.0
CC-0733,3063255
CC-0734,3063957
CC-0734,3064198
CC-0734,3063957.0
CC-0735,3063296
CC-0736,3063409
CC-0737,3057298
CC-0737,3057821
CC-0737,3057910
CC-0737,3061292
CC-0737,3061898
CC-0737,3057298.0
CC-0738,3064741
CC-0738,3064751
CC-0738,3064795
CC-0738,3064888
CC-0738,3064741.0
CC-0739,3064901
CC-0739,3064901.0
CC-0740,3062602
CC-0740,3062602.0
CC-0741,3066008
CC-0742,3065085
CC-0742,3065085.0
CC-0743,3064480
CC-0744,3061383
CC-0744,3061383.0
CC-0745,3066458
CC-0746,3060243
CC-0746,3060318
CC-0746,3060243.0
CC-0747,3065589
CC-0747,3065658
CC-0747,3065718
CC-0747,3065589.0
CC-0748,3064444
CC-0749,3066141
CC-0750,3048717
CC-0750,3054432
CC-0750,3054521
CC-0750,3055827
CC-0750,3058351
CC-0750,3058358
CC-0750,3058433
CC-0750,3063760
CC-0750,3065578
CC-0750,3048717.0
CC-0751,3063136
CC-0751,3063136.0
CC-0752,3066537
CC-0752,3066537.0
CC-0753,3064700
CC-0753,3064700.0
CC-0754,3066278
CC-0755,3064716
CC-0755,3066796
CC-0755,3066821
CC-0755,3064716.0
CC-0756,3066090
CC-0757,3065576
CC-0758,3066271
CC-0759,3065788
CC-0759,3065788.0
CC-0760,3066888
CC-0760,3066888.0
CC-0761,3066859
CC-0762,3064413
CC-0762,3064413.0
CC-0763,3065813
CC-0763,3065813.0
CC-0764,3055045
CC-0764,3062368
CC-0764,3055045.0
CC-0765,3035514
CC-0765,3037820
CC-0765,3041471
CC-0765,3046450
CC-0765,3051040
CC-0765,3055339
CC-0765,3055384
CC-0765,3055413
CC-0765,3058830
CC-0765,3059799
CC-0765,3059825
CC-0765,3063989
CC-0765,3063997
CC-0765,3035514.0
CC-0766,3059664
CC-0766,3066021
CC-0766,3066091
CC-0766,3059664.0
CC-0767,3062660
CC-0767,3062660.0
CC-0768,3067437
CC-0769,3067444
CC-0770,3064124
CC-0770,3064124.0
CC-0771,3064502
CC-0771,3065178
CC-0771,3065247
CC-0771,3064502.0
CC-0772,3050677
CC-0772,3059117
CC-0772,3067027
CC-0772,3050677.0
CC-0773,3052652
CC-0773,3057397
CC-0773,3065481
CC-0773,3052652.0
CC-0774,3061447
CC-0774,3065879
CC-0774,3065947
CC-0774,3066051
CC-0774,3066137
CC-0774,3061447.0
CC-0775,3065715
CC-0775,3066450
CC-0775,3065715.0
CC-0776,3068486
CC-0777,3067172
CC-0778,3063117
CC-0778,3063117.0
CC-0779,3060895
CC-0779,3065204
CC-0779,3065323
CC-0779,3060895.0
CC-0780,3066801
CC-0780,3066801.0
CC-0781,3068202
CC-0781,3068202.0
CC-0782,3064056
CC-0782,3064056.0
CC-0783,3065773
CC-0783,3065773.0
CC-0784,3062538
CC-0784,3062538.0
CC-0785,3068764
CC-0786,3068957
CC-0787,3069306
CC-0788,3056574
CC-0788,3062587
CC-0788,3065956
CC-0788,3066692
CC-0788,3066892
CC-0788,3066902
CC-0788,3067061
CC-0788,3056574.0
CC-0789,3068673
CC-0790,3067530
CC-0791,3065022
CC-0791,3065120
CC-0791,3065126
CC-0791,3065022.0
CC-0792,3066571
CC-0792,3066571.0
CC-0793,3066149
CC-0793,3066149.0
CC-0794,3069451
CC-0795,3067526
CC-0795,3067526.0
CC-0796,3069655
CC-0797,3064185
CC-0797,3064185.0
CC-0798,3067009
CC-0798,3067009.0
CC-0799,3064593
CC-0799,3064593.0
CC-0800,3066541
CC-0800,3066621
CC-0800,3066750
CC-0800,3066774
CC-0800,3066541.0
CC-0801,3066913
CC-0801,3066913.0
CC-0802,3070660
CC-0803,3070548
CC-0804,3068280
CC-0804,3068280.0
CC-0805,3068775
CC-0805,3068775.0
CC-0806,3060648
CC-0806,3060655
CC-0806,3060803
CC-0806,3064842
CC-0806,3064854
CC-0806,3064886
CC-0806,3064938
CC-0806,3064942
CC-0806,3066790
CC-0806,3060648.0
CC-0807,3069812
CC-0808,3069497
CC-0809,3070534
CC-0809,3070534.0
CC-0810,3065890
CC-0810,3065890.0
CC-0811,3069116
CC-0811,3069116.0
CC-0812,3069437
CC-0812,3069437.0
CC-0813,3068893
CC-0813,3069770
CC-0813,3070942
CC-0813,3068893.0
CC-0814,3071386
CC-0815,3070750
CC-0816,3070971
CC-0816,3070971.0
CC-0817,3070494
CC-0817,3070494.0
CC-0818,3071069
CC-0818,3071069.0
CC-0819,3070880
CC-0819,3070880.0
CC-0820,3067064
CC-0820,3067098
CC-0820,3067064.0
CC-0821,3067755
CC-0821,3067755.0
CC-0822,3068302
CC-0822,3068456
CC-0822,3068302.0
CC-0823,3068115
CC-0823,3068115.0
CC-0824,3063258
CC-0824,3067837
CC-0824,3063258.0
CC-0825,3057212
CC-0825,3057677
CC-0825,3062769
CC-0825,3068367
CC-0825,3057212.0
CC-0826,3068476
CC-0826,3068476.0
CC-0827,3066767
CC-0827,3067479
CC-0827,3066767.0
CC-0828,3072230
CC-0829,3045743
CC-0829,3053196
CC-0829,3054546
CC-0829,3062431
CC-0829,3069589
CC-0829,3069706
CC-0829,3070348
CC-0829,3045743.0
CC-0830,3060654
CC-0830,3069067
CC-0830,3060654.0
CC-0831,3072335
CC-0832,3072370
CC-0832,3072370.0
CC-0833,3072464
CC-0834,3061629
CC-0834,3062355
CC-0834,3062358
CC-0834,3070669
CC-0834,3061629.0
CC-0835,3065957
CC-0835,3067282
CC-0835,3065957.0
CC-0836,3071867
CC-0837,3068654
CC-0837,3068654.0
CC-0838,3062301
CC-0838,3066592
CC-0838,3071853
CC-0838,3072030
CC-0838,3062301.0
CC-0839,3071936
CC-0840,3073879
CC-0841,3072005
CC-0842,3072965
CC-0842,3073115
CC-0842,3072965.0
CC-0843,3073124
CC-0844,3073630
CC-0845,3073694
CC-0846,3073395
CC-0847,3074512
CC-0848,3072725
CC-0849,3065357
CC-0849,3065401
CC-0849,3065415
CC-0849,3065441
CC-0849,3065582
CC-0849,3069830
CC-0849,3065357.0
CC-0850,3067804
CC-0850,3068970
CC-0850,3067804.0
CC-0851,3072560
CC-0852,3073367
CC-0853,3070969
CC-0853,3070969.0
CC-0854,3074540
CC-0854,3074540.0
CC-0855,3069383
CC-0855,3069383.0
CC-0856,3071625
CC-0856,3071647
CC-0856,3071625.0
CC-0857,3067120
CC-0857,3071777
CC-0857,3067120.0
CC-0858,3069032
CC-0858,3069032.0
CC-0859,3071665
CC-0859,3071665.0
CC-0860,3070892
CC-0860,3073502
CC-0860,3073582
CC-0860,3074218
CC-0860,3070892.0
CC-0861,3075626
CC-0862,3073861
CC-0863,3070067
CC-0863,3070067.0
CC-0864,3074951
CC-0865,3075657
CC-0866,3062876
CC-0866,3062908
CC-0866,3072604
CC-0866,3072665
CC-0866,3072715
CC-0866,3072736
CC-0866,3072883
CC-0866,3072896
CC-0866,3076686
CC-0866,3062876.0
CC-0867,3071771
CC-0867,3071771.0
CC-0868,3076544
CC-0868,3076579
CC-0868,3076590
CC-0868,3076752
CC-0868,3076544.0
CC-0869,3063052
CC-0869,3070741
CC-0869,3072026
CC-0869,3072059
CC-0869,3072330
CC-0869,3072334
CC-0869,3072405
CC-0869,3063052.0
CC-0870,3076370
CC-0871,3076247
CC-0872,3074924
CC-0872,3074924.0
CC-0873,3076736
CC-0874,3076518
CC-0875,3073334
CC-0875,3073334.0
CC-0876,3074792
CC-0876,3074792.0
CC-0877,3076648
CC-0878,3076490
CC-0878,3076555
CC-0878,3076565
CC-0878,3076490.0
CC-0879,3074553
CC-0879,3074600
CC-0879,3074661
CC-0879,3074687
CC-0879,3074755
CC-0879,3074553.0
CC-0880,3074970
CC-0880,3074970.0
CC-0881,3077162
CC-0882,3078162
CC-0883,3071606
CC-0883,3075494
CC-0883,3071606.0
CC-0884,3074243
CC-0884,3074518
CC-0884,3074243.0
CC-0885,3077502
CC-0886,3078273
CC-0887,3077009
CC-0888,3077400
CC-0889,3077784
CC-0890,3073101
CC-0890,3073101.0
CC-0891,3074208
CC-0891,3074208.0
CC-0892,3077718
CC-0893,3077792
CC-0894,3079708
CC-0895,3079770
CC-0895,3079770.0
CC-0896,3078520
CC-0897,3079412
CC-0897,3079412.0
CC-0898,3079531
CC-0899,3074894
CC-0899,3076002
CC-0899,3076059
CC-0899,3076950
CC-0899,3074894.0
CC-0900,3078479
CC-0901,3078574
CC-0902,3079040
CC-0902,3079040.0
CC-0903,3077870
CC-0904,3079176
CC-0905,3080047
CC-0906,3080183
CC-0907,3079533
CC-0908,3078674
CC-0909,3079124
CC-0910,3078793
CC-0911,3079276
CC-0911,3079276.0
CC-0912,3080836
CC-0913,3074159
CC-0913,3074159.0
CC-0914,3074598
CC-0914,3074750
CC-0914,3076959
CC-0914,3080610
CC-0914,3074598.0
CC-0915,3070508
CC-0915,3077392
CC-0915,3070508.0
CC-0916,3080097
CC-0916,3080170
CC-0916,3080456
CC-0916,3080097.0
CC-0917,3076663
CC-0917,3076663.0
CC-0918,3081623
CC-0919,3079733
CC-0919,3079733.0
CC-0920,3080116
CC-0920,3080116.0
CC-0921,3081614
CC-0922,3081155
CC-0923,3080124
CC-0924,3080540
CC-0925,3080295
CC-0926,3076878
CC-0926,3076878.0
CC-0927,3076793
CC-0927,3080111
CC-0927,3076793.0
CC-0928,3081570
CC-0928,3081570.0
CC-0929,3080656
CC-0930,3078978
CC-0930,3078978.0
CC-0931,3081309
CC-0932,3070947
CC-0932,3080272
CC-0932,3070947.0
CC-0933,3081809
CC-0934,3081369
CC-0935,3081655
CC-0935,3081655.0
CC-0936,3079501
CC-0936,3079691
CC-0936,3079501.0
CC-0937,3080201
CC-0937,3080201.0
CC-0938,3081986
CC-0938,3081986.0
CC-0939,3076915
CC-0939,3076915.0
CC-0940,3081866
CC-0941,3078483
CC-0941,3078483.0
CC-0942,3078965
CC-0942,3078965.0
CC-0943,3066779
CC-0943,3072920
CC-0943,3073076
CC-0943,3073096
CC-0943,3073238
CC-0943,3073265
CC-0943,3074825
CC-0943,3074873
CC-0943,3076419
CC-0943,3076553
CC-0943,3077233
CC-0943,3066779.0
CC-0944,3080202
CC-0944,3080202.0
CC-0945,3078495
CC-0945,3078629
CC-0945,3078495.0
CC-0946,3082513
CC-0947,3081549
CC-0947,3081549.0
CC-0948,3080764
CC-0948,3080764.0
CC-0949,3078583
CC-0949,3078755
CC-0949,3080257
CC-0949,3080731
CC-0949,3080777
CC-0949,3083019
CC-0949,3078583.0
CC-0950,3082241
CC-0950,3082241.0
CC-0951,3083109
CC-0952,3083139
CC-0953,3083583
CC-0954,3083294
CC-0955,3084012
CC-0956,3083278
CC-0957,3083438
CC-0958,3083458
CC-0959,3084057
CC-0960,3079339
CC-0960,3079368
CC-0960,3079417
CC-0960,3079339.0
CC-0961,3079626
CC-0961,3079626.0
CC-0962,3083577
CC-0963,3084445
CC-0964,3082987
CC-0965,3084624
CC-0966,3083794
CC-0967,3083436
CC-0968,3084700
CC-0969,3083985
CC-0970,3079419
CC-0970,3079419.0
CC-0971,3082254
CC-0971,3082254.0
CC-0972,3085175
CC-0973,3080811
CC-0973,3080811.0
CC-0974,3086050
CC-0975,3076514
CC-0975,3077222
CC-0975,3079757
CC-0975,3079760
CC-0975,3079837
CC-0975,3076514.0
CC-0976,3079937
CC-0976,3080620
CC-0976,3080806
CC-0976,3082414
CC-0976,3079937.0
CC-0977,3085784
CC-0978,3082377
CC-0978,3082377.0
CC-0979,3086446
CC-0980,3079131
CC-0980,3079131.0
CC-0981,3010163
CC-0981,3010219
CC-0981,3011097
CC-0981,3012611
CC-0981,3013694
CC-0981,3013695
CC-0981,3018743
CC-0981,3019269
CC-0981,3020744
CC-0981,3027669
CC-0981,3028219
CC-0981,3028438
CC-0981,3030296
CC-0981,3031071
CC-0981,3031593
CC-0981,3032133
CC-0981,3034694
CC-0981,3036530
CC-0981,3037543
CC-0981,3037614
CC-0981,3041240
CC-0981,3046096
CC-0981,3048911
CC-0981,3049146
CC-0981,3050537
CC-0981,3051448
CC-0981,3051482
CC-0981,3052914
CC-0981,3053362
CC-0981,3056180
CC-0981,3064074
CC-0981,3066843
CC-0981,3066855
CC-0981,3075627
CC-0981,3076385
CC-0981,3078453
CC-0981,3078497
CC-0981,3080655
CC-0981,3080697
CC-0981,3010163.0
CC-0982,3085928
CC-0983,3085206
CC-0984,3085095
CC-0985,3082280
CC-0985,3082280.0
CC-0986,3087162
CC-0987,3085769
CC-0988,3085882
CC-0989,3082343
CC-0989,3082343.0
CC-0990,3081740
CC-0990,3081740.0
CC-0991,3086457
CC-0992,3086823
CC-0993,3081608
CC-0993,3081608.0
CC-0994,3086837
CC-0995,3085835
CC-0995,3085835.0
CC-0996,3080892
CC-0996,3081102
CC-0996,3080892.0
CC-0997,3087496
CC-0998,3045915
CC-0998,3052649
CC-0998,3060618
CC-0998,3060649
CC-0998,3063451
CC-0998,3063582
CC-0998,3064964
CC-0998,3065122
CC-0998,3066270
CC-0998,3068197
CC-0998,3075565
CC-0998,3082885
CC-0998,3083807
CC-0998,3086334
CC-0998,3045915.0
CC-0999,3080875
CC-0999,3083566
CC-0999,3083648
CC-0999,3083784
CC-0999,3083866
CC-0999,3080875.0
CC-1000,3087509
CC-1001,3086169
CC-1002,3085512
CC-1002,3085512.0
CC-1003,3087510
CC-1003,3087510.0
CC-1004,3086393
CC-1005,3081626
CC-1005,3081626.0
CC-1006,3087673
CC-1007,3084451
CC-1007,3084451.0
CC-1008,3087345
CC-1009,3086031
CC-1009,3086031.0
CC-1010,3081960
CC-1010,3081960.0
CC-1011,3080022
CC-1011,3082015
CC-1011,3080022.0
CC-1012,3075431
CC-1012,3084135
CC-1012,3075431.0
CC-1013,3083032
CC-1013,3083032.0
CC-1014,3086434
CC-1014,3087854
CC-1014,3086434.0
CC-1015,3075128
CC-1015,3076906
CC-1015,3082202
CC-1015,3086681
CC-1015,3086696
CC-1015,3086757
CC-1015,3086769
CC-1015,3086838
CC-1015,3086872
CC-1015,3075128.0
CC-1016,3087827
CC-1017,3082375
CC-1017,3082375.0
CC-1018,3083385
CC-1018,3083443
CC-1018,3083385.0
CC-1019,3088102
CC-1020,3086293
CC-1020,3086293.0
CC-1021,3088320
CC-1021,3088320.0
CC-1022,3088862
CC-1023,3075052
CC-1023,3083050
CC-1023,3075052.0
CC-1024,3089152
CC-1025,3089159
CC-1026,3085513
CC-1026,3085513.0
CC-1027,3089662
CC-1028,3086999
CC-1028,3086999.0
CC-1029,3090204
CC-1030,3090245
CC-1031,3088612
CC-1032,3089785
CC-1032,3089785.0
CC-1033,3085305
CC-1033,3085305.0
CC-1034,3088468
CC-1035,3083790
CC-1035,3083790.0
CC-1036,3090167
CC-1037,3091711
CC-1038,3083757
CC-1038,3087040
CC-1038,3083757.0
CC-1039,3091973
CC-1040,3090758
CC-1041,3091505
CC-1041,3091517
CC-1041,3091633
CC-1041,3091505.0
CC-1042,3089944
CC-1043,3089163
CC-1043,3089163.0
CC-1044,3089665
CC-1045,3076032
CC-1045,3081343
CC-1045,3081424
CC-1045,3087541
CC-1045,3076032.0
CC-1046,3088577
CC-1046,3088684
CC-1046,3088577.0
CC-1047,3090326
CC-1048,3087780
CC-1048,3087780.0
CC-1049,3089532
CC-1050,3085479
CC-1050,3085479.0
CC-1051,3091597
CC-1052,3092016
CC-1053,3089918
CC-1054,3090920
CC-1055,3077744
CC-1055,3077849
CC-1055,3078804
CC-1055,3078820
CC-1055,3078829
CC-1055,3088105
CC-1055,3077744.0
CC-1056,3031806
CC-1056,3035501
CC-1056,3035738
CC-1056,3040952
CC-1056,3041174
CC-1056,3042525
CC-1056,3042624
CC-1056,3043950
CC-1056,3045227
CC-1056,3052803
CC-1056,3056803
CC-1056,3059207
CC-1056,3059961
CC-1056,3060772
CC-1056,3062424
CC-1056,3062488
CC-1056,3063492
CC-1056,3064629
CC-1056,3071061
CC-1056,3071091
CC-1056,3071116
CC-1056,3071333
CC-1056,3076328
CC-1056,3076738
CC-1056,3077255
CC-1056,3078484
CC-1056,3081748
CC-1056,3086298
CC-1056,3031806.0
CC-1057,3091437
CC-1058,3090591
CC-1059,3091466
CC-1060,3091094
CC-1061,3091559
CC-1062,3091993
CC-1062,3091993.0
CC-1063,3087604
CC-1063,3087604.0
CC-1064,3046216
CC-1064,3046713
CC-1064,3050009
CC-1064,3053413
CC-1064,3054231
CC-1064,3059644
CC-1064,3062415
CC-1064,3062433
CC-1064,3064941
CC-1064,3068579
CC-1064,3068858
CC-1064,3070908
CC-1064,3072199
CC-1064,3073851
CC-1064,3082819
CC-1064,3082898
CC-1064,3088857
CC-1064,3092119
CC-1064,3046216.0
CC-1065,3090551
CC-1066,3090135
CC-1066,3090135.0
CC-1067,3087643
CC-1067,3088542
CC-1067,3089088
CC-1067,3089260
CC-1067,3087643.0
CC-1068,3088671
CC-1068,3088671.0
CC-1069,3079894
CC-1069,3087660
CC-1069,3087970
CC-1069,3079894.0
CC-1070,3092202
CC-1071,3088050
CC-1071,3088050.0
CC-1072,3091443
CC-1072,3091443.0
CC-1073,3086060
CC-1073,3092315
CC-1073,3086060.0
CC-1074,3082020
CC-1074,3082101
CC-1074,3091153
CC-1074,3082020.0
CC-1075,3092415
CC-1075,3092415.0
CC-1076,3077415
CC-1076,3086207
CC-1076,3077415.0
CC-1077,3092650
CC-1078,3074079
CC-1078,3081468
CC-1078,3081474
CC-1078,3088469
CC-1078,3090231
CC-1078,3074079.0
CC-1079,3092946
CC-1080,3087618
CC-1080,3087618.0
CC-1081,3092290
CC-1082,3089205
CC-1082,3089205.0
CC-1083,3093366
CC-1084,3091779
CC-1084,3092159
CC-1084,3092180
CC-1084,3092183
CC-1084,3091779.0
CC-1085,3086062
CC-1085,3093284
CC-1085,3086062.0
CC-1086,3082978
CC-1086,3087991
CC-1086,3082978.0
CC-1087,3089347
CC-1087,3089347.0
CC-1088,3091822
CC-1088,3091824
CC-1088,3091836
CC-1088,3091851
CC-1088,3091922
CC-1088,3091822.0
CC-1089,3087740
CC-1089,3091946
CC-1089,3087740.0
CC-1090,3095024
CC-1091,3093790
CC-1091,3093790.0
CC-1092,3094968
CC-1093,3087750
CC-1093,3087759
CC-1093,3087799
CC-1093,3087800
CC-1093,3090722
CC-1093,3087750.0
CC-1094,3095975
CC-1095,3094760
CC-1096,3094369
CC-1097,3094658
CC-1098,3095310
CC-1098,3095310.0
CC-1099,3071874
CC-1099,3079982
CC-1099,3084258
CC-1099,3093153
CC-1099,3071874.0
CC-1100,3096702
CC-1101,3094930
CC-1102,3050732
CC-1102,3054202
CC-1102,3055020
CC-1102,3057362
CC-1102,3058246
CC-1102,3065647
CC-1102,3070564
CC-1102,3072675
CC-1102,3072763
CC-1102,3077214
CC-1102,3080588
CC-1102,3080592
CC-1102,3080675
CC-1102,3085526
CC-1102,3085687
CC-1102,3090831
CC-1102,3093941
CC-1102,3096473
CC-1102,3050732.0
CC-1103,3092167
CC-1103,3092167.0
CC-1104,3093873
CC-1104,3093897
CC-1104,3093873.0
CC-1105,3096726
CC-1105,3096726.0
CC-1106,3095406
CC-1107,3095426
CC-1108,3097609
CC-1109,3097669
CC-1110,3096890
CC-1111,3095121
CC-1112,3097753
CC-1113,3095186
CC-1113,3095186.0
CC-1114,3095180
CC-1115,3098373
CC-1116,3085120
CC-1116,3096441
CC-1116,3097454
CC-1116,3085120.0
CC-1117,3097028
CC-1118,3095818
CC-1119,3093498
CC-1119,3093498.0
CC-1120,3098695
CC-1121,3095707
CC-1121,3097696
CC-1121,3095707.0
CC-1122,3096095
CC-1123,3097880
CC-1123,3097880.0
CC-1124,3096337
CC-1125,3093114
CC-1125,3093198
CC-1125,3093927
CC-1125,3098103
CC-1125,3093114.0
CC-1126,3098160
CC-1127,3095765
CC-1127,3095765.0
CC-1128,3099059
CC-1128,3099059.0
CC-1129,3097895
CC-1130,3098821
CC-1131,3099511
CC-1132,3098833
CC-1133,3095677
CC-1133,3095677.0
CC-1134,3099249
CC-1135,3099536
CC-1136,3098917
CC-1137,3099411
CC-1138,3099809
CC-1139,3098870
CC-1140,3095796
CC-1140,3095796.0
CC-1141,3061595
CC-1141,3061657
CC-1141,3065744
CC-1141,3068035
CC-1141,3069454
CC-1141,3076127
CC-1141,3082070
CC-1141,3084164
CC-1141,3085765
CC-1141,3086971
CC-1141,3087014
CC-1141,3087299
CC-1141,3087336
CC-1141,3088738
CC-1141,3088740
CC-1141,3098047
CC-1141,3061595.0
CC-1142,3099458
CC-1143,3099104
CC-1144,3094341
CC-1144,3094341.0
CC-1145,3095733
CC-1145,3099196
CC-1145,3099216
CC-1145,3095733.0
CC-1146,3099223
CC-1146,3099223.0
CC-1147,3099572
CC-1148,3096979
CC-1148,3096979.0
CC-1149,3099601
CC-1150,3079771
CC-1150,3090631
CC-1150,3094042
CC-1150,3079771.0
CC-1151,3099465
CC-1151,3099537
CC-1151,3099465.0
CC-1152,3098261
CC-1152,3098261.0
CC-1153,3100055
CC-1154,3099555
CC-1154,3099628
CC-1154,3099555.0
CC-1155,3099831
CC-1156,3099944
CC-1156,3099944.0
CC-1157,3099386
CC-1157,3099386.0
CC-1158,3095703
CC-1158,3095703.0
CC-1159,3100189
CC-1160,3087524
CC-1160,3097590
CC-1160,3087524.0
CC-1161,3096532
CC-1161,3096532.0
CC-1162,3100457
CC-1163,3100112
CC-1164,3100647
CC-1165,3102006
CC-1166,3099081
CC-1166,3099081.0
CC-1167,3098738
CC-1167,3098738.0
CC-1168,3101233
CC-1169,3082035
CC-1169,3087934
CC-1169,3091738
CC-1169,3091845
CC-1169,3093830
CC-1169,3093850
CC-1169,3099485
CC-1169,3082035.0
CC-1170,3096902
CC-1170,3098655
CC-1170,3096902.0
CC-1171,3096862
CC-1171,3096862.0
CC-1172,3099179
CC-1172,3099234
CC-1172,3102572
CC-1172,3099179.0
CC-1173,3099621
CC-1173,3099645
CC-1173,3099621.0
CC-1174,3102208
CC-1175,3103681
CC-1176,3102229
CC-1177,3092385
CC-1177,3096270
CC-1177,3096362
CC-1177,3096601
CC-1177,3092385.0
CC-1178,3099128
CC-1178,3099128.0
CC-1179,3097071
CC-1179,3097071.0
CC-1180,3103213
CC-1180,3103213.0
CC-1181,3099602
CC-1181,3099602.0
CC-1182,3102064
CC-1183,3101297
CC-1184,3103269
CC-1185,3101725
CC-1186,3094222
CC-1186,3099401
CC-1186,3094222.0
CC-1187,3102764
CC-1188,3100425
CC-1188,3100425.0
CC-1189,3001666
CC-1189,3002200
CC-1189,3002600
CC-1189,3003264
CC-1189,3007384
CC-1189,3010104
CC-1189,3012897
CC-1189,3013176
CC-1189,3013204
CC-1189,3013230
CC-1189,3013292
CC-1189,3015728
CC-1189,3015895
CC-1189,3016185
CC-1189,3016489
CC-1189,3016530
CC-1189,3017035
CC-1189,3019392
CC-1189,3019822
CC-1189,3023214
CC-1189,3023815
CC-1189,3023865
CC-1189,3024950
CC-1189,3024953
CC-1189,3026495
CC-1189,3026541
CC-1189,3026564
CC-1189,3027145
CC-1189,3029376
CC-1189,3030857
CC-1189,3030990
CC-1189,3030991
CC-1189,3031031
CC-1189,3031238
CC-1189,3033827
CC-1189,3035221
CC-1189,3035244
CC-1189,3035607
CC-1189,3035654
CC-1189,3035825
CC-1189,3035893
CC-1189,3037434
CC-1189,3037461
CC-1189,3037956
CC-1189,3038022
CC-1189,3038448
CC-1189,3038549
CC-1189,3039591
CC-1189,3039728
CC-1189,3041820
CC-1189,3043517
CC-1189,3047588
CC-1189,3052263
CC-1189,3054102
CC-1189,3055519
CC-1189,3056204
CC-1189,3056293
CC-1189,3056410
CC-1189,3060664
CC-1189,3066828
CC-1189,3075890
CC-1189,3076103
CC-1189,3076355
CC-1189,3076416
CC-1189,3076441
CC-1189,3076898
CC-1189,3077990
CC-1189,3079051
CC-1189,3079734
CC-1189,3079846
CC-1189,3081230
CC-1189,3081243
CC-1189,3081375
CC-1189,3081523
CC-1189,3081743
CC-1189,3081823
CC-1189,3082405
CC-1189,3082423
CC-1189,3083834
CC-1189,3084613
CC-1189,3085439
CC-1189,3085829
CC-1189,3086129
CC-1189,3086846
CC-1189,3087534
CC-1189,3087994
CC-1189,3090389
CC-1189,3092152
CC-1189,3093006
CC-1189,3096100
CC-1189,3096611
CC-1189,3096730
CC-1189,3097083
CC-1189,3097189
CC-1189,3098680
CC-1189,3103220
CC-1189,3103764
CC-1189,3103890
CC-1189,3001666.0
CC-1190,3102496
CC-1191,3103267
CC-1192,3097988
CC-1192,3098220
CC-1192,3103590
CC-1192,3103614
CC-1192,3097988.0
CC-1193,3101424
CC-1193,3101424.0
CC-1194,3099909
CC-1194,3099909.0
CC-1195,3071850
CC-1195,3074030
CC-1195,3076613
CC-1195,3077472
CC-1195,3081893
CC-1195,3088992
CC-1195,3091457
CC-1195,3091485
CC-1195,3091937
CC-1195,3093410
CC-1195,3099177
CC-1195,3071850.0
CC-1196,3103168
CC-1197,3099390
CC-1197,3099972
CC-1197,3099390.0
CC-1198,3100136
CC-1198,3100136.0
CC-1199,3102728
CC-1200,3060076
CC-1200,3063189
CC-1200,3063228
CC-1200,3063294
CC-1200,3063885
CC-1200,3069965
CC-1200,3070122
CC-1200,3070128
CC-1200,3070420
CC-1200,3071001
CC-1200,3076817
CC-1200,3078304
CC-1200,3080203
CC-1200,3088613
CC-1200,3089849
CC-1200,3092230
CC-1200,3093729
CC-1200,3098459
CC-1200,3060076.0
CC-1201,3104256
CC-1202,3100540
CC-1202,3100706
CC-1202,3100540.0
CC-1203,3104692
CC-1204,3101649
CC-1204,3101649.0
CC-1205,3103911
CC-1206,3104520
CC-1207,3071208
CC-1207,3074132
CC-1207,3079189
CC-1207,3087975
CC-1207,3088631
CC-1207,3088664
CC-1207,3088673
CC-1207,3099565
CC-1207,3099824
CC-1207,3099867
CC-1207,3071208.0
CC-1208,3101152
CC-1208,3101152.0
CC-1209,3098114
CC-1209,3103639
CC-1209,3098114.0
CC-1210,3100360
CC-1210,3100411
CC-1210,3100360.0
CC-1211,3104680
CC-1212,3104894
CC-1213,3103925
CC-1214,3104030
CC-1215,3103057
CC-1215,3104431
CC-1215,3103057.0
CC-1216,3072881
CC-1216,3082292
CC-1216,3089459
CC-1216,3092498
CC-1216,3092579
CC-1216,3095954
CC-1216,3096112
CC-1216,3099432
CC-1216,3099457
CC-1216,3099768
CC-1216,3072881.0
CC-1217,3047565
CC-1217,3051610
CC-1217,3059068
CC-1217,3063890
CC-1217,3067332
CC-1217,3069395
CC-1217,3069561
CC-1217,3079156
CC-1217,3080931
CC-1217,3082321
CC-1217,3085605
CC-1217,3089743
CC-1217,3090765
CC-1217,3090818
CC-1217,3097560
CC-1217,3099596
CC-1217,3099829
CC-1217,3103497
CC-1217,3047565.0
CC-1218,3105097
CC-1218,3105097.0
CC-1219,3103467
CC-1219,3103467.0
CC-1220,3105157
CC-1221,3105154
CC-1221,3105154.0
CC-1222,3100221
CC-1222,3100221.0
CC-1223,3103828
CC-1223,3103828.0
CC-1224,3098810
CC-1224,3099941
CC-1224,3098810.0
CC-1225,3090277
CC-1225,3100524
CC-1225,3090277.0
CC-1226,3100824
CC-1226,3102221
CC-1226,3100824.0
CC-1227,3105728
CC-1228,3074366
CC-1228,3074509
CC-1228,3076463
CC-1228,3077093
CC-1228,3081149
CC-1228,3081192
CC-1228,3086913
CC-1228,3091426
CC-1228,3100127
CC-1228,3101379
CC-1228,3074366.0
CC-1229,3089252
CC-1229,3100479
CC-1229,3089252.0
CC-1230,3103052
CC-1230,3103052.0
CC-1231,3105700
CC-1232,3106548
CC-1233,3105859
CC-1234,3100580
CC-1234,3100580.0
CC-1235,3046235
CC-1235,3053612
CC-1235,3057241
CC-1235,3060578
CC-1235,3060629
CC-1235,3063441
CC-1235,3064369
CC-1235,3066309
CC-1235,3066657
CC-1235,3066684
CC-1235,3066895
CC-1235,3069530
CC-1235,3076657
CC-1235,3082128
CC-1235,3083865
CC-1235,3084416
CC-1235,3087013
CC-1235,3091307
CC-1235,3093024
CC-1235,3094046
CC-1235,3103530
CC-1235,3046235.0
CC-1236,3105781
CC-1237,3103481
CC-1237,3103481.0
CC-1238,3105628
CC-1239,3101687
CC-1239,3101687.0
CC-1240,3106140
CC-1241,3106726
CC-1241,3106726.0
CC-1242,3033677
CC-1242,3033785
CC-1242,3036775
CC-1242,3039436
CC-1242,3043166
CC-1242,3046099
CC-1242,3047589
CC-1242,3049742
CC-1242,3057355
CC-1242,3063616
CC-1242,3068270
CC-1242,3069837
CC-1242,3075684
CC-1242,3076404
CC-1242,3080155
CC-1242,3082312
CC-1242,3084283
CC-1242,3084536
CC-1242,3088503
CC-1242,3091496
CC-1242,3091549
CC-1242,3093354
CC-1242,3093365
CC-1242,3093681
CC-1242,3099623
CC-1242,3100354
CC-1242,3102060
CC-1242,3102279
CC-1242,3102787
CC-1242,3105131
CC-1242,3106022
CC-1242,3033677.0
CC-1243,3099334
CC-1243,3099862
CC-1243,3101144
CC-1243,3099334.0
CC-1244,3106664
CC-1245,3103655
CC-1245,3103655.0
CC-1246,3106777
CC-1247,3106056
CC-1248,3101799
CC-1248,3101799.0
CC-1249,3102637
CC-1249,3102637.0
CC-1250,3105133
CC-1250,3105133.0
CC-1251,3107814
CC-1252,3104239
CC-1252,3104239.0
CC-1253,3096399
CC-1253,3103373
CC-1253,3096399.0
CC-1254,3107329
CC-1255,3105662
CC-1255,3105662.0
CC-1256,3107488
CC-1257,3108381
CC-1258,3097862
CC-1258,3103321
CC-1258,3097862.0
CC-1259,3107384
CC-1260,3108555
CC-1261,3107110
CC-1262,3108890
CC-1263,3103549
CC-1263,3103618
CC-1263,3103549.0
CC-1264,3108902
CC-1265,3096685
CC-1265,3105939
CC-1265,3096685.0
CC-1266,3108373
CC-1267,3109181
CC-1268,3106321
CC-1268,3106321.0
CC-1269,3108760
CC-1269,3108760.0
CC-1270,3097277
CC-1270,3103931
CC-1270,3103993
CC-1270,3097277.0
CC-1271,3110448
CC-1271,3110448.0
CC-1272,3109444
CC-1273,3107065
CC-1273,3109551
CC-1273,3107065.0
CC-1274,3110497
CC-1274,3110497.0
CC-1275,3062582
CC-1275,3070839
CC-1275,3073292
CC-1275,3073403
CC-1275,3073465
CC-1275,3079523
CC-1275,3082367
CC-1275,3084492
CC-1275,3084639
CC-1275,3096456
CC-1275,3099115
CC-1275,3107088
CC-1275,3107209
CC-1275,3062582.0
CC-1276,3110494
CC-1276,3110581
CC-1276,3110494.0
CC-1277,3109579
CC-1278,3097010
CC-1278,3107928
CC-1278,3097010.0
CC-1279,3110319
CC-1279,3110319.0
CC-1280,3110483
CC-1281,3100081
CC-1281,3105172
CC-1281,3100081.0
CC-1282,3109595
CC-1282,3109645
CC-1282,3109719
CC-1282,3109595.0
CC-1283,3109688
CC-1283,3109688.0
CC-1284,3110011
CC-1285,3105314
CC-1285,3108210
CC-1285,3108354
CC-1285,3105314.0
CC-1286,3108553
CC-1286,3108641
CC-1286,3108553.0
CC-1287,3110501
CC-1288,3108144
CC-1288,3108144.0
CC-1289,3059050
CC-1289,3062152
CC-1289,3070801
CC-1289,3078062
CC-1289,3078124
CC-1289,3078577
CC-1289,3078605
CC-1289,3079616
CC-1289,3080255
CC-1289,3082042
CC-1289,3082125
CC-1289,3082261
CC-1289,3082379
CC-1289,3085027
CC-1289,3085052
CC-1289,3086102
CC-1289,3086203
CC-1289,3086425
CC-1289,3087029
CC-1289,3087086
CC-1289,3089779
CC-1289,3089801
CC-1289,3089829
CC-1289,3089905
CC-1289,3090812
CC-1289,3091743
CC-1289,3091765
CC-1289,3092300
CC-1289,3093875
CC-1289,3095545
CC-1289,3095973
CC-1289,3096121
CC-1289,3096319
CC-1289,3096375
CC-1289,3096391
CC-1289,3097041
CC-1289,3097044
CC-1289,3097333
CC-1289,3097385
CC-1289,3097914
CC-1289,3098169
CC-1289,3098303
CC-1289,3100625
CC-1289,3101211
CC-1289,3102520
CC-1289,3102575
CC-1289,3102863
CC-1289,3105308
CC-1289,3107538
CC-1289,3059050.0
CC-1290,3111248
CC-1291,3110388
CC-1291,3110388.0
CC-1292,3110893
CC-1292,3110893.0
CC-1293,3081145
CC-1293,3081191
CC-1293,3081517
CC-1293,3085733
CC-1293,3085759
CC-1293,3087851
CC-1293,3098221
CC-1293,3105036
CC-1293,3105060
CC-1293,3110106
CC-1293,3081145.0
CC-1294,3104219
CC-1294,3104258
CC-1294,3108735
CC-1294,3104219.0
CC-1295,3111449
CC-1296,3109451
CC-1296,3109451.0
CC-1297,3109823
CC-1297,3109823.0
CC-1298,3109291
CC-1298,3109291.0
CC-1299,3111112
CC-1299,3112391
CC-1299,3111112.0
CC-1300,3085934
CC-1300,3087675
CC-1300,3099357
CC-1300,3108719
CC-1300,3108745
CC-1300,3085934.0
CC-1301,3108825
CC-1301,3108825.0
CC-1302,3109316
CC-1302,3109337
CC-1302,3109371
CC-1302,3110484
CC-1302,3111522
CC-1302,3111529
CC-1302,3111632
CC-1302,3112661
CC-1302,3109316.0
CC-1303,3112706
CC-1304,3112256
CC-1305,3104597
CC-1305,3107174
CC-1305,3104597.0
CC-1306,3112439
CC-1307,3112087
CC-1308,3107351
CC-1308,3107351.0
CC-1309,3098962
CC-1309,3104548
CC-1309,3109600
CC-1309,3098962.0
CC-1310,3111349
CC-1311,3111704
CC-1312,3110520
CC-1312,3110520.0
CC-1313,3113745
CC-1314,3110492
CC-1314,3110492.0
CC-1315,3108541
CC-1315,3108541.0
CC-1316,3112483
CC-1316,3112623
CC-1316,3112483.0
CC-1317,3113962
CC-1318,3109281
CC-1318,3109281.0
CC-1319,3108432
CC-1319,3108450
CC-1319,3108455
CC-1319,3108432.0
CC-1320,3112223
CC-1321,3114017
CC-1322,3108332
CC-1322,3108332.0
CC-1323,3113300
CC-1324,3113706
CC-1324,3113706.0
CC-1325,3109811
CC-1325,3110049
CC-1325,3109811.0
CC-1326,3114881
CC-1327,3114462
CC-1328,3110632
CC-1328,3110632.0
CC-1329,3110077
CC-1329,3110519
CC-1329,3114498
CC-1329,3110077.0
CC-1330,3108818
CC-1330,3114928
CC-1330,3108818.0
CC-1331,3089203
CC-1331,3089207
CC-1331,3089324
CC-1331,3089333
CC-1331,3089530
CC-1331,3091545
CC-1331,3091868
CC-1331,3092020
CC-1331,3092044
CC-1331,3092075
CC-1331,3098390
CC-1331,3098399
CC-1331,3098552
CC-1331,3098645
CC-1331,3098658
CC-1331,3101263
CC-1331,3101328
CC-1331,3101695
CC-1331,3101794
CC-1331,3101829
CC-1331,3101839
CC-1331,3101859
CC-1331,3101937
CC-1331,3102063
CC-1331,3102085
CC-1331,3102090
CC-1331,3102159
CC-1331,3103318
CC-1331,3104096
CC-1331,3104193
CC-1331,3109045
CC-1331,3110542
CC-1331,3110602
CC-1331,3112129
CC-1331,3112175
CC-1331,3112216
CC-1331,3112233
CC-1331,3112253
CC-1331,3112263
CC-1331,3112355
CC-1331,3112435
CC-1331,3112770
CC-1331,3114052
CC-1331,3114107
CC-1331,3114743
CC-1331,3089203.0
CC-1332,3110283
CC-1332,3110283.0
CC-1333,3114026
CC-1334,3101533
CC-1334,3107684
CC-1334,3110771
CC-1334,3101533.0
CC-1335,3109226
CC-1335,3109263
CC-1335,3109318
CC-1335,3109617
CC-1335,3109625
CC-1335,3109226.0
CC-1336,3114837
CC-1337,3110367
CC-1337,3110367.0
CC-1338,3097058
CC-1338,3097098
CC-1338,3098714
CC-1338,3106109
CC-1338,3112386
CC-1338,3112644
CC-1338,3112672
CC-1338,3097058.0
CC-1339,3110307
CC-1339,3110307.0
CC-1340,3111800
CC-1340,3111800.0
CC-1341,3114308
CC-1341,3114360
CC-1341,3114308.0
CC-1342,3113793
CC-1342,3113793.0
CC-1343,3114537
CC-1343,3114537.0
CC-1344,3115474
CC-1345,3111848
CC-1345,3111848.0
CC-1346,3110951
CC-1346,3110951.0
CC-1347,3116116
CC-1348,3115074
CC-1348,3115074.0
CC-1349,3111755
CC-1349,3111755.0
CC-1350,3115499
CC-1350,3115499.0
CC-1351,3116068
CC-1352,3115875
CC-1353,3112986
CC-1353,3112986.0
CC-1354,3113942
CC-1354,3113942.0
CC-1355,3111605
CC-1355,3111605.0
CC-1356,3113510
CC-1356,3113510.0
CC-1357,3098346
CC-1357,3104650
CC-1357,3114742
CC-1357,3114900
CC-1357,3098346.0
CC-1358,3116832
CC-1358,3116832.0
CC-1359,3116514
CC-1360,3117542
CC-1361,3117577
CC-1362,3116684
CC-1363,3117365
CC-1364,3117112
CC-1365,3117207
CC-1366,3116864
CC-1367,3116407
CC-1367,3116407.0
CC-1368,3115798
CC-1368,3115798.0
CC-1369,3115501
CC-1369,3115501.0
CC-1370,3114089
CC-1370,3114298
CC-1370,3114089.0
CC-1371,3114936
CC-1371,3114936.0
CC-1372,3115778
CC-1372,3116433
CC-1372,3116553
CC-1372,3115778.0
CC-1373,3116891
CC-1374,3118539
CC-1375,3115029
CC-1375,3115029.0
CC-1376,3106063
CC-1376,3115337
CC-1376,3106063.0
CC-1377,3117042
CC-1378,3117499
CC-1379,3114786
CC-1379,3114786.0
CC-1380,3113999
CC-1380,3113999.0
CC-1381,3118352
CC-1382,3117402
CC-1383,3118964
CC-1384,3113582
CC-1384,3113582.0
CC-1385,3095232
CC-1385,3095824
CC-1385,3095921
CC-1385,3097658
CC-1385,3103604
CC-1385,3103687
CC-1385,3104963
CC-1385,3105064
CC-1385,3112918
CC-1385,3095232.0
CC-1386,3117238
CC-1387,3111635
CC-1387,3116669
CC-1387,3116742
CC-1387,3118604
CC-1387,3111635.0
CC-1388,3116399
CC-1388,3116399.0
CC-1389,3118646
CC-1390,3036171
CC-1390,3036259
CC-1390,3037914
CC-1390,3037936
CC-1390,3038393
CC-1390,3038408
CC-1390,3040216
CC-1390,3044355
CC-1390,3046764
CC-1390,3052642
CC-1390,3052676
CC-1390,3054242
CC-1390,3054316
CC-1390,3055352
CC-1390,3055473
CC-1390,3055810
CC-1390,3060415
CC-1390,3060489
CC-1390,3060559
CC-1390,3066672
CC-1390,3066707
CC-1390,3074513
CC-1390,3079957
CC-1390,3081711
CC-1390,3084722
CC-1390,3089336
CC-1390,3098553
CC-1390,3099496
CC-1390,3102625
CC-1390,3105206
CC-1390,3105231
CC-1390,3105234
CC-1390,3105241
CC-1390,3110197
CC-1390,3112326
CC-1390,3115583
CC-1390,3116226
CC-1390,3116238
CC-1390,3116418
CC-1390,3036171.0
CC-1391,3117610
CC-1392,3118882
CC-1392,3118882.0
CC-1393,3119399
CC-1394,3119219
CC-1395,3116336
CC-1395,3116336.0
CC-1396,3119380
CC-1397,3118859
CC-1398,3115597
CC-1398,3115597.0
CC-1399,3119065
CC-1400,3119103
CC-1400,3119103.0
CC-1401,3114582
CC-1401,3114830
CC-1401,3116449
CC-1401,3119847
CC-1401,3114582.0
CC-1402,3119582
CC-1403,3116257
CC-1403,3116257.0
CC-1404,3119684
CC-1405,3119865
CC-1405,3120032
CC-1405,3119865.0
CC-1406,3115644
CC-1406,3115644.0
CC-1407,3115645
CC-1407,3115645.0
CC-1408,3117987
CC-1408,3118063
CC-1408,3117987.0
CC-1409,3119098
CC-1409,3119098.0
CC-1410,3116568
CC-1410,3116568.0
CC-1411,3117581
CC-1411,3117581.0
CC-1412,3120387
CC-1413,3117948
CC-1413,3117948.0
CC-1414,3116707
CC-1414,3116713
CC-1414,3116707.0
CC-1415,3119449
CC-1415,3119453
CC-1415,3119449.0
CC-1416,3120492
CC-1417,3116972
CC-1417,3116972.0
CC-1418,3118642
CC-1418,3118642.0
CC-1419,3121423
CC-1420,3121126
CC-1421,3119055
CC-1421,3119055.0
CC-1422,3120190
CC-1423,3119743
CC-1423,3119743.0
CC-1424,3120033
CC-1424,3120033.0
CC-1425,3108979
CC-1425,3118375
CC-1425,3108979.0
CC-1426,3121745
CC-1427,3122075
CC-1428,3120838
CC-1428,3120838.0
CC-1429,3120890
CC-1430,3109911
CC-1430,3116188
CC-1430,3116196
CC-1430,3116269
CC-1430,3118227
CC-1430,3109911.0
CC-1431,3122176
CC-1432,3120826
CC-1433,3116763
CC-1433,3116763.0
CC-1434,3122400
CC-1435,3121985
CC-1436,3074648
CC-1436,3076934
CC-1436,3081779
CC-1436,3087995
CC-1436,3090193
CC-1436,3090234
CC-1436,3093742
CC-1436,3099748
CC-1436,3099870
CC-1436,3102776
CC-1436,3102806
CC-1436,3105084
CC-1436,3109598
CC-1436,3109601
CC-1436,3117882
CC-1436,3118259
CC-1436,3122058
CC-1436,3074648.0
CC-1437,3117745
CC-1437,3117768
CC-1437,3117745.0
CC-1438,3119408
CC-1438,3119408.0
CC-1439,3112852
CC-1439,3112942
CC-1439,3112959
CC-1439,3113144
CC-1439,3114160
CC-1439,3115054
CC-1439,3115117
CC-1439,3116076
CC-1439,3117224
CC-1439,3117422
CC-1439,3117448
CC-1439,3117459
CC-1439,3119094
CC-1439,3121742
CC-1439,3112852.0
CC-1440,3122345
CC-1441,3123215
CC-1441,3123215.0
CC-1442,3120096
CC-1442,3120096.0
CC-1443,3119823
CC-1443,3119825
CC-1443,3119823.0
CC-1444,3114060
CC-1444,3120752
CC-1444,3114060.0
CC-1445,3123021
CC-1446,3120028
CC-1446,3120028.0
CC-1447,3123009
CC-1448,3122654
CC-1448,3123657
CC-1448,3123665
CC-1448,3123703
CC-1448,3122654.0
CC-1449,3123216
CC-1450,3075860
CC-1450,3076708
CC-1450,3083388
CC-1450,3085750
CC-1450,3086238
CC-1450,3091016
CC-1450,3091249
CC-1450,3097964
CC-1450,3102590
CC-1450,3112866
CC-1450,3118311
CC-1450,3118695
CC-1450,3122604
CC-1450,3122656
CC-1450,3075860.0
CC-1451,3119929
CC-1451,3119929.0
CC-1452,3092583
CC-1452,3092845
CC-1452,3094574
CC-1452,3103238
CC-1452,3103252
CC-1452,3103493
CC-1452,3103696
CC-1452,3103892
CC-1452,3106753
CC-1452,3106772
CC-1452,3106911
CC-1452,3109165
CC-1452,3110765
CC-1452,3110772
CC-1452,3112018
CC-1452,3112698
CC-1452,3112820
CC-1452,3113829
CC-1452,3113852
CC-1452,3114405
CC-1452,3114408
CC-1452,3121291
CC-1452,3092583.0
CC-1453,3110685
CC-1453,3110701
CC-1453,3113872
CC-1453,3117897
CC-1453,3119936
CC-1453,3123407
CC-1453,3110685.0
CC-1454,3119329
CC-1454,3119372
CC-1454,3120109
CC-1454,3120115
CC-1454,3119329.0
CC-1455,3117481
CC-1455,3118577
CC-1455,3122847
CC-1455,3117481.0
CC-1456,3115728
CC-1456,3120996
CC-1456,3115728.0
CC-1457,3121677
CC-1457,3121677.0
CC-1458,3118688
CC-1458,3118785
CC-1458,3122885
CC-1458,3118688.0
CC-1459,3123487
CC-1459,3123487.0
CC-1460,3109193
CC-1460,3112037
CC-1460,3120078
CC-1460,3120804
CC-1460,3121822
CC-1460,3109193.0
CC-1461,3123736
CC-1461,3124539
CC-1461,3123736.0
CC-1462,3124238
CC-1463,3124436
CC-1463,3124436.0
CC-1464,3124924
CC-1465,3123375
CC-1465,3123375.0
CC-1466,3124117
CC-1466,3124117.0
CC-1467,3123829
CC-1467,3123829.0
CC-1468,3122548
CC-1468,3123178
CC-1468,3122548.0
CC-1469,3125236
CC-1470,3124854
CC-1470,3124854.0
CC-1471,3126489
CC-1472,3126332
CC-1472,3126332.0
CC-1473,3122958
CC-1473,3122958.0
CC-1474,3122553
CC-1474,3122553.0
CC-1475,3106996
CC-1475,3107600
CC-1475,3107670
CC-1475,3112239
CC-1475,3112324
CC-1475,3117085
CC-1475,3117123
CC-1475,3120420
CC-1475,3120423
CC-1475,3122136
CC-1475,3106996.0
CC-1476,3123271
CC-1476,3123345
CC-1476,3123271.0
CC-1477,3121914
CC-1477,3121914.0
CC-1478,3124586
CC-1478,3124586.0
CC-1479,3124902
CC-1479,3124902.0
CC-1480,3125188
CC-1481,3126083
CC-1481,3126083.0
CC-1482,3114100
CC-1482,3114108
CC-1482,3114159
CC-1482,3114199
CC-1482,3122537
CC-1482,3114100.0
CC-1483,3127007
CC-1483,3127007.0
CC-1484,3125423
CC-1484,3125423.0
CC-1485,3123700
CC-1485,3123708
CC-1485,3123734
CC-1485,3123742
CC-1485,3123700.0
CC-1486,3125784
CC-1486,3125784.0
CC-1487,3125506
CC-1487,3125563
CC-1487,3125506.0
CC-1488,3126545
CC-1488,3126545.0
CC-1489,3126760
CC-1489,3126760.0
CC-1490,3127523
CC-1491,3115513
CC-1491,3116721
CC-1491,3117892
CC-1491,3117898
CC-1491,3117906
CC-1491,3117928
CC-1491,3117970
CC-1491,3122587
CC-1491,3123912
CC-1491,3124573
CC-1491,3126896
CC-1491,3115513.0
CC-1492,3123656
CC-1492,3127111
CC-1492,3127156
CC-1492,3123656.0
CC-1493,3125375
CC-1493,3125598
CC-1493,3125375.0
CC-1494,3127638
CC-1494,3127670
CC-1494,3127638.0
CC-1495,3090934
CC-1495,3090959
CC-1495,3100582
CC-1495,3100653
CC-1495,3103927
CC-1495,3104494
CC-1495,3112451
CC-1495,3119326
CC-1495,3123279
CC-1495,3126360
CC-1495,3126689
CC-1495,3090934.0
CC-1496,3127812
CC-1496,3127825
CC-1496,3127837
CC-1496,3127843
CC-1496,3127847
CC-1496,3127856
CC-1496,3127812.0
CC-1497,3127307
CC-1497,3127307.0
CC-1498,3122772
CC-1498,3122971
CC-1498,3127571
CC-1498,3127587
CC-1498,3127610
CC-1498,3127619
CC-1498,3127623
CC-1498,3127626
CC-1498,3127641
CC-1498,3127666
CC-1498,3122772.0
CC-1499,3128163
CC-1500,3128143
CC-1500,3128143.0
CC-1501,3113549
CC-1501,3118474
CC-1501,3118528
CC-1501,3118552
CC-1501,3121976
CC-1501,3125364
CC-1501,3113549.0
CC-1502,3126338
CC-1502,3126338.0
CC-1503,3127130
CC-1503,3127685
CC-1503,3128018
CC-1503,3127130.0
CC-1504,3119883
CC-1504,3126895
CC-1504,3119883.0
CC-1505,3129122
CC-1506,3128494
CC-1506,3128494.0
CC-1507,3113088
CC-1507,3113454
CC-1507,3117848
CC-1507,3121950
CC-1507,3123063
CC-1507,3123121
CC-1507,3123211
CC-1507,3123306
CC-1507,3123408
CC-1507,3126357
CC-1507,3126384
CC-1507,3113088.0
CC-1508,3129016
CC-1508,3129063
CC-1508,3129016.0
CC-1509,3126994
CC-1509,3126994.0
CC-1510,3125160
CC-1510,3127254
CC-1510,3125160.0
CC-1511,3111458
CC-1511,3120261
CC-1511,3120293
CC-1511,3121074
CC-1511,3126603
CC-1511,3111458.0
CC-1512,3125225
CC-1512,3125225.0
CC-1513,3125262
CC-1513,3125262.0
CC-1514,3118985
CC-1514,3122746
CC-1514,3126657
CC-1514,3127378
CC-1514,3127544
CC-1514,3127579
CC-1514,3118985.0
CC-1515,3128342
CC-1516,3126237
CC-1516,3126237.0
CC-1517,3129160
CC-1517,3129160.0
CC-1518,3126608
CC-1518,3126608.0
CC-1519,3127565
CC-1519,3127565.0
CC-1520,3127831
CC-1520,3127831.0
CC-1521,3129952
CC-1521,3129952.0
CC-1522,3129161
CC-1523,3130703
CC-1524,3114927
CC-1524,3116044
CC-1524,3116067
CC-1524,3118262
CC-1524,3123330
CC-1524,3123365
CC-1524,3125754
CC-1524,3128335
CC-1524,3130355
CC-1524,3130383
CC-1524,3130550
CC-1524,3130553
CC-1524,3130567
CC-1524,3130593
CC-1524,3114927.0
CC-1525,3130964
CC-1525,3130964.0
CC-1526,3127694
CC-1526,3127695
CC-1526,3127694.0
CC-1527,3130877
CC-1528,3125306
CC-1528,3125545
CC-1528,3125626
CC-1528,3125744
CC-1528,3128724
CC-1528,3128732
CC-1528,3125306.0
CC-1529,3115603
CC-1529,3118793
CC-1529,3123073
CC-1529,3123844
CC-1529,3123876
CC-1529,3124944
CC-1529,3130057
CC-1529,3115603.0
CC-1530,3131134
CC-1531,3126595
CC-1531,3129603
CC-1531,3126595.0
CC-1532,3127881
CC-1532,3127881.0
CC-1533,3131080
CC-1534,3131189
CC-1534,3131189.0
CC-1535,3117559
CC-1535,3123117
CC-1535,3124041
CC-1535,3126696
CC-1535,3128136
CC-1535,3130035
CC-1535,3117559.0
CC-1536,3127752
CC-1536,3127894
CC-1536,3127972
CC-1536,3127985
CC-1536,3128019
CC-1536,3128328
CC-1536,3130287
CC-1536,3127752.0
CC-1537,3126731
CC-1537,3129626
CC-1537,3126731.0
CC-1538,3127882
CC-1538,3127882.0
CC-1539,3125346
CC-1539,3128192
CC-1539,3125346.0
CC-1540,3118091
CC-1540,3120705
CC-1540,3127168
CC-1540,3130927
CC-1540,3118091.0
CC-1541,3131943
CC-1541,3131943.0
CC-1542,3131154
CC-1542,3131154.0
CC-1543,3128107
CC-1543,3128107.0
CC-1544,3130493
CC-1544,3130493.0
CC-1545,3132495
CC-1546,3129968
CC-1546,3129968.0
CC-1547,3132118
CC-1547,3132738
CC-1547,3132118.0
CC-1548,3129496
CC-1548,3129496.0
CC-1549,3132182
CC-1550,3132298
CC-1550,3132298.0
CC-1551,3129772
CC-1551,3129872
CC-1551,3129772.0
CC-1552,3129380
CC-1552,3129380.0
CC-1553,3129361
CC-1553,3130807
CC-1553,3129361.0
CC-1554,3130503
CC-1554,3131102
CC-1554,3130503.0
CC-1555,3131506
CC-1555,3131506.0
CC-1556,3133696
CC-1556,3133696.0
CC-1557,3131573
CC-1557,3131573.0
CC-1558,3130806
CC-1558,3130806.0
CC-1559,3133115
CC-1559,3133115.0
CC-1560,3130427
CC-1560,3130450
CC-1560,3130427.0
CC-1561,3132620
CC-1561,3132620.0
CC-1562,3087810
CC-1562,3094854
CC-1562,3096052
CC-1562,3100286
CC-1562,3101818
CC-1562,3101824
CC-1562,3101834
CC-1562,3101978
CC-1562,3102907
CC-1562,3103124
CC-1562,3104904
CC-1562,3115102
CC-1562,3121725
CC-1562,3121915
CC-1562,3126324
CC-1562,3130671
CC-1562,3131614
CC-1562,3132134
CC-1562,3087810.0
CC-1563,3134356
CC-1563,3134356.0
CC-1564,3133084
CC-1564,3133084.0
CC-1565,3134288
CC-1565,3134288.0
CC-1566,3131905
CC-1566,3131905.0
CC-1567,3134120
CC-1568,3131106
CC-1568,3131106.0
CC-1569,3130196
CC-1569,3130199
CC-1569,3131572
CC-1569,3131683
CC-1569,3130196.0
CC-1570,3133721
CC-1570,3133721.0
CC-1571,3134167
CC-1571,3134185
CC-1571,3134167.0
CC-1572,3129863
CC-1572,3134314
CC-1572,3134317
CC-1572,3134326
CC-1572,3134334
CC-1572,3134344
CC-1572,3134347
CC-1572,3129863.0
CC-1573,3133283
CC-1573,3133283.0
CC-1574,3131835
CC-1574,3131835.0
CC-1575,3131950
CC-1575,3131950.0
CC-1576,3131597
CC-1576,3132069
CC-1576,3132270
CC-1576,3131597.0
CC-1577,3131728
CC-1577,3131728.0
CC-1578,3135359
CC-1579,3131383
CC-1579,3131383.0
CC-1580,3132957
CC-1580,3132957.0
CC-1581,3134441
CC-1581,3134441.0
CC-1582,3134867
CC-1582,3134867.0
CC-1583,3120056
CC-1583,3123942
CC-1583,3125328
CC-1583,3126140
CC-1583,3126358
CC-1583,3127481
CC-1583,3127683
CC-1583,3127684
CC-1583,3127708
CC-1583,3127715
CC-1583,3127720
CC-1583,3127875
CC-1583,3133280
CC-1583,3120056.0
CC-1584,3134930
CC-1585,3135868
CC-1585,3135868.0
CC-1586,3133707
CC-1586,3133754
CC-1586,3133763
CC-1586,3133800
CC-1586,3133707.0
CC-1587,3132400
CC-1587,3132400.0
CC-1588,3134763
CC-1588,3134763.0
CC-1589,3136399
CC-1590,3129448
CC-1590,3134448
CC-1590,3129448.0
CC-1591,3132812
CC-1591,3132812.0
CC-1592,3135453
CC-1592,3135536
CC-1592,3135453.0
CC-1593,3131075
CC-1593,3135778
CC-1593,3135788
CC-1593,3135797
CC-1593,3135800
CC-1593,3135812
CC-1593,3135841
CC-1593,3131075.0
CC-1594,3131364
CC-1594,3131440
CC-1594,3131459
CC-1594,3136508
CC-1594,3131364.0
CC-1595,3136446
CC-1595,3136446.0
CC-1596,3133369
CC-1596,3133369.0
CC-1597,3136758
CC-1598,3134330
CC-1598,3134333
CC-1598,3134361
CC-1598,3134330.0
CC-1599,3133810
CC-1599,3133810.0
CC-1600,3137761
CC-1601,3134983
CC-1601,3134983.0
CC-1602,3136604
CC-1602,3136604.0
CC-1603,3137766
CC-1604,3136693
CC-1604,3136693.0
CC-1605,3137385
CC-1606,3137592
CC-1607,3135838
CC-1607,3135838.0
CC-1608,3137179
CC-1608,3137852
CC-1608,3137179.0
CC-1609,3137431
CC-1609,3137431.0
CC-1610,3137741
CC-1611,3133966
CC-1611,3133985
CC-1611,3137779
CC-1611,3133966.0
CC-1612,3135560
CC-1612,3135560.0
CC-1613,3137580
CC-1613,3137777
CC-1613,3137580.0
CC-1614,3134461
CC-1614,3134461.0
CC-1615,3137694
CC-1616,3135298
CC-1616,3135298.0
CC-1617,3135829
CC-1617,3135829.0
CC-1618,3134505
CC-1618,3134505.0
CC-1619,3137844
CC-1619,3137844.0
CC-1620,3132780
CC-1620,3133015
CC-1620,3134545
CC-1620,3137116
CC-1620,3132780.0
CC-1621,3136742
CC-1621,3136742.0
CC-1622,3108737
CC-1622,3110731
CC-1622,3113267
CC-1622,3113320
CC-1622,3119110
CC-1622,3120063
CC-1622,3120064
CC-1622,3122088
CC-1622,3123349
CC-1622,3129257
CC-1622,3129345
CC-1622,3130279
CC-1622,3135349
CC-1622,3108737.0
CC-1623,3138293
CC-1623,3138293.0
CC-1624,3096521
CC-1624,3103016
CC-1624,3108957
CC-1624,3113134
CC-1624,3118899
CC-1624,3123029
CC-1624,3128947
CC-1624,3133318
CC-1624,3134620
CC-1624,3096521.0
CC-1625,3137752
CC-1625,3137752.0
CC-1626,3134985
CC-1626,3134985.0
CC-1627,3136238
CC-1627,3136238.0
CC-1628,3137036
CC-1628,3137362
CC-1628,3137391
CC-1628,3137036.0
CC-1629,3136165
CC-1629,3136188
CC-1629,3136165.0
CC-1630,3131720
CC-1630,3132440
CC-1630,3137515
CC-1630,3137526
CC-1630,3131720.0
CC-1631,3137951
CC-1631,3137951.0
CC-1632,3139185
CC-1633,3139669
CC-1633,3139669.0
CC-1634,3138523
CC-1635,3139773
CC-1636,3137499
CC-1636,3137499.0
CC-1637,3138591
CC-1638,3139664
CC-1638,3139664.0
CC-1639,3136126
CC-1639,3136126.0
CC-1640,3139986
CC-1640,3139986.0
CC-1641,3124613
CC-1641,3126110
CC-1641,3128596
CC-1641,3131989
CC-1641,3135122
CC-1641,3137616
CC-1641,3137888
CC-1641,3124613.0
CC-1642,3138178
CC-1642,3138178.0
CC-1643,3120062
CC-1643,3120068
CC-1643,3127736
CC-1643,3129784
CC-1643,3133389
CC-1643,3134078
CC-1643,3140062
CC-1643,3120062.0
CC-1644,3135430
CC-1644,3135502
CC-1644,3139694
CC-1644,3139794
CC-1644,3135430.0
CC-1645,3140647
CC-1646,3140652
CC-1646,3140652.0
CC-1647,3137941
CC-1647,3137941.0
CC-1648,3134108
CC-1648,3134151
CC-1648,3139890
CC-1648,3139934
CC-1648,3140042
CC-1648,3134108.0
CC-1649,3140860
CC-1649,3140878
CC-1649,3140860.0
CC-1650,3141116
CC-1650,3141116.0
CC-1651,3138274
CC-1651,3138274.0
CC-1652,3141032
CC-1653,3139777
CC-1653,3139777.0
CC-1654,3137944
CC-1654,3137944.0
CC-1655,3140966
CC-1655,3140966.0
CC-1656,3141085
CC-1656,3141085.0
CC-1657,3139515
CC-1657,3140026
CC-1657,3139515.0
CC-1658,3139105
CC-1658,3139565
CC-1658,3139105.0
CC-1659,3140309
CC-1659,3140309.0
CC-1660,3141131
CC-1661,3138920
CC-1661,3138920.0
CC-1662,3141361
CC-1662,3141361.0
CC-1663,3138536
CC-1663,3138536.0
CC-1664,3140025
CC-1664,3140025.0
CC-1665,3132369
CC-1665,3135079
CC-1665,3138874
CC-1665,3139159
CC-1665,3139308
CC-1665,3132369.0
CC-1666,3141672
CC-1667,3136493
CC-1667,3139300
CC-1667,3140629
CC-1667,3136493.0
CC-1668,3141247
CC-1668,3141257
CC-1668,3141276
CC-1668,3141247.0
CC-1669,3123986
CC-1669,3128774
CC-1669,3133587
CC-1669,3139247
CC-1669,3123986.0
CC-1670,3138828
CC-1670,3138828.0
CC-1671,3139032
CC-1671,3140764
CC-1671,3139032.0
CC-1672,3138558
CC-1672,3138558.0
CC-1673,3140508
CC-1673,3140508.0
CC-1674,3141339
CC-1674,3141343
CC-1674,3141344
CC-1674,3141348
CC-1674,3141352
CC-1674,3141339.0
CC-1675,3140257
CC-1675,3141197
CC-1675,3140257.0
CC-1676,3141279
CC-1676,3141279.0
CC-1677,3140156
CC-1677,3140225
CC-1677,3140156.0
CC-1678,3141435
CC-1678,3141452
CC-1678,3141435.0
CC-1679,3137854
CC-1679,3141989
CC-1679,3137854.0
CC-1680,3142513
CC-1681,3139314
CC-1681,3139314.0
CC-1682,3143118
CC-1682,3143118.0
CC-1683,3139941
CC-1683,3139941.0
CC-1684,3142437
CC-1684,3142437.0
CC-1685,3139342
CC-1685,3139342.0
CC-1686,3142413
CC-1686,3143425
CC-1686,3142413.0
CC-1687,3143151
CC-1687,3143151.0
CC-1688,3139672
CC-1688,3139672.0
CC-1689,3139721
CC-1689,3139721.0
CC-1690,3140120
CC-1690,3140184
CC-1690,3141186
CC-1690,3140120.0
CC-1691,3134464
CC-1691,3141044
CC-1691,3134464.0
CC-1692,3142605
CC-1692,3142623
CC-1692,3142605.0
CC-1693,3137656
CC-1693,3137670
CC-1693,3137690
CC-1693,3140792
CC-1693,3137656.0
CC-1694,3141533
CC-1694,3141533.0
CC-1695,3143830
CC-1695,3143889
CC-1695,3143830.0
CC-1696,3143109
CC-1697,3141092
CC-1697,3141092.0
CC-1698,3134596
CC-1698,3134902
CC-1698,3139824
CC-1698,3140395
CC-1698,3141209
CC-1698,3134596.0
CC-1699,3140974
CC-1699,3144339
CC-1699,3140974.0
CC-1700,3143364
CC-1700,3143364.0
CC-1701,3140356
CC-1701,3141098
CC-1701,3141115
CC-1701,3140356.0
CC-1702,3144735
CC-1703,3137785
CC-1703,3137817
CC-1703,3141103
CC-1703,3141894
CC-1703,3141904
CC-1703,3141957
CC-1703,3143033
CC-1703,3137785.0
CC-1704,3142564
CC-1704,3142591
CC-1704,3142564.0
CC-1705,3141546
CC-1705,3141546.0
CC-1706,3141704
CC-1706,3141704.0
CC-1707,3141462
CC-1707,3141462.0
CC-1708,3144757
CC-1708,3144757.0
CC-1709,3144077
CC-1710,3143243
CC-1710,3143343
CC-1710,3143243.0
CC-1711,3142768
CC-1711,3142768.0
CC-1712,3133649
CC-1712,3136764
CC-1712,3141654
CC-1712,3141716
CC-1712,3133649.0
CC-1713,3144746
CC-1713,3144746.0
CC-1714,3116384
CC-1714,3120191
CC-1714,3125195
CC-1714,3130402
CC-1714,3131975
CC-1714,3132005
CC-1714,3132166
CC-1714,3132256
CC-1714,3132371
CC-1714,3132389
CC-1714,3132399
CC-1714,3137296
CC-1714,3140633
CC-1714,3140835
CC-1714,3144149
CC-1714,3144221
CC-1714,3116384.0
CC-1715,3119886
CC-1715,3121702
CC-1715,3127874
CC-1715,3130008
CC-1715,3136051
CC-1715,3136701
CC-1715,3142854
CC-1715,3144737
CC-1715,3119886.0
CC-1716,3142621
CC-1716,3142662
CC-1716,3142621.0
CC-1717,3139709
CC-1717,3142084
CC-1717,3144585
CC-1717,3139709.0
CC-1718,3142299
CC-1718,3142299.0
CC-1719,3130881
CC-1719,3134114
CC-1719,3137407
CC-1719,3137421
CC-1719,3140980
CC-1719,3140988
CC-1719,3140992
CC-1719,3140996
CC-1719,3140999
CC-1719,3141003
CC-1719,3141004
CC-1719,3141019
CC-1719,3141030
CC-1719,3142058
CC-1719,3130881.0
CC-1720,3143402
CC-1720,3143402.0
CC-1721,3142347
CC-1721,3144919
CC-1721,3144928
CC-1721,3142347.0
CC-1722,3141665
CC-1722,3141665.0
CC-1723,3143247
CC-1723,3143247.0
CC-1724,3144306
CC-1724,3144306.0
CC-1725,3145021
CC-1725,3145024
CC-1725,3145021.0
CC-1726,3139919
CC-1726,3142840
CC-1726,3139919.0
CC-1727,3131656
CC-1727,3138049
CC-1727,3140983
CC-1727,3143203
CC-1727,3145413
CC-1727,3131656.0
CC-1728,3137892
CC-1728,3144893
CC-1728,3137892.0
CC-1729,3145958
CC-1729,3145958.0
CC-1730,3137468
CC-1730,3141097
CC-1730,3141113
CC-1730,3143607
CC-1730,3137468.0
CC-1731,3145909
CC-1731,3145909.0
CC-1732,3145742
CC-1733,3144495
CC-1733,3145331
CC-1733,3144495.0
CC-1734,3140916
CC-1734,3142294
CC-1734,3144774
CC-1734,3140916.0
CC-1735,3141295
CC-1735,3144679
CC-1735,3141295.0
CC-1736,3146481
CC-1736,3146481.0
CC-1737,3143858
CC-1737,3143858.0
CC-1738,3140243
CC-1738,3140889
CC-1738,3144806
CC-1738,3140243.0
CC-1739,3145504
CC-1739,3145504.0
CC-1740,3142805
CC-1740,3142805.0
CC-1741,3146350
CC-1741,3146350.0
CC-1742,3146635
CC-1742,3146635.0
CC-1743,3147171
CC-1743,3147182
CC-1743,3147171.0
CC-1744,3143287
CC-1744,3143287.0
CC-1745,3146502
CC-1745,3146502.0
CC-1746,3147428
CC-1747,3122622
CC-1747,3127706
CC-1747,3130286
CC-1747,3130798
CC-1747,3131041
CC-1747,3133455
CC-1747,3134500
CC-1747,3141089
CC-1747,3146697
CC-1747,3122622.0
CC-1748,3143700
CC-1748,3144013
CC-1748,3144036
CC-1748,3144239
CC-1748,3144268
CC-1748,3143700.0
CC-1749,3140350
CC-1749,3141359
CC-1749,3144666
CC-1749,3147469
CC-1749,3140350.0
CC-1750,3143789
CC-1750,3143790
CC-1750,3143828
CC-1750,3143845
CC-1750,3143789.0
CC-1751,3144935
CC-1751,3144935.0
CC-1752,3144583
CC-1752,3145812
CC-1752,3145937
CC-1752,3145964
CC-1752,3144583.0
CC-1753,3144490
CC-1753,3144490.0
CC-1754,3140378
CC-1754,3140489
CC-1754,3140503
CC-1754,3146806
CC-1754,3140378.0
CC-1755,3146359
CC-1755,3146359.0
CC-1756,3134079
CC-1756,3137190
CC-1756,3137943
CC-1756,3137947
CC-1756,3144412
CC-1756,3134079.0
CC-1757,3147792
CC-1758,3144977
CC-1758,3144977.0
CC-1759,3147682
CC-1759,3147682.0
CC-1760,3144881
CC-1760,3144881.0
CC-1761,3147609
CC-1762,3145012
CC-1762,3145012.0
CC-1763,3146039
CC-1763,3146161
CC-1763,3146039.0
CC-1764,3145898
CC-1764,3145898.0
CC-1765,3145885
CC-1765,3145885.0
CC-1766,3147326
CC-1766,3147404
CC-1766,3147412
CC-1766,3147326.0
CC-1767,3147226
CC-1767,3147226.0
CC-1768,3146712
CC-1768,3146712.0
CC-1769,3148143
CC-1769,3148143.0
CC-1770,3140186
CC-1770,3147049
CC-1770,3140186.0
CC-1771,3144314
CC-1771,3145416
CC-1771,3147354
CC-1771,3144314.0
CC-1772,3148333
CC-1772,3148337
CC-1772,3148333.0
CC-1773,3145923
CC-1773,3145923.0
CC-1774,3144748
CC-1774,3144785
CC-1774,3144795
CC-1774,3144804
CC-1774,3144834
CC-1774,3145280
CC-1774,3145997
CC-1774,3144748.0
CC-1775,3148301
CC-1775,3148315
CC-1775,3148320
CC-1775,3148324
CC-1775,3148301.0
CC-1776,3141230
CC-1776,3141245
CC-1776,3141421
CC-1776,3146127
CC-1776,3141230.0
CC-1777,3147162
CC-1777,3147242
CC-1777,3147282
CC-1777,3147162.0
CC-1778,3147261
CC-1778,3147340
CC-1778,3147261.0
CC-1779,3147599
CC-1779,3147599.0
CC-1780,3141719
CC-1780,3147231
CC-1780,3141719.0
CC-1781,3147662
CC-1781,3147662.0
CC-1782,3138431
CC-1782,3140681
CC-1782,3146288
CC-1782,3138431.0
CC-1783,3141836
CC-1783,3141888
CC-1783,3141993
CC-1783,3142427
CC-1783,3142677
CC-1783,3146951
CC-1783,3147203
CC-1783,3141836.0
CC-1784,3149244
CC-1785,3147061
CC-1785,3147061.0
CC-1786,3150016
CC-1786,3150016.0
CC-1787,3149177
CC-1787,3149177.0
CC-1788,3149123
CC-1788,3149123.0
CC-1789,3147776
CC-1789,3147776.0
CC-1790,3148480
CC-1790,3148480.0
CC-1791,3148097
CC-1791,3148097.0
CC-1792,3149975
CC-1792,3150042
CC-1792,3149975.0
CC-1793,3143261
CC-1793,3143746
CC-1793,3144152
CC-1793,3147159
CC-1793,3147447
CC-1793,3148034
CC-1793,3149541
CC-1793,3143261.0
CC-1794,3147337
CC-1794,3147922
CC-1794,3148057
CC-1794,3147337.0
CC-1795,3147566
CC-1795,3147645
CC-1795,3147566.0
CC-1796,3148204
CC-1796,3148218
CC-1796,3148204.0
CC-1797,3149920
CC-1797,3149920.0
CC-1798,3150193
CC-1798,3150193.0
CC-1799,3148043
CC-1799,3149429
CC-1799,3148043.0
CC-1800,3147847
CC-1800,3147847.0
CC-1801,3149265
CC-1801,3149265.0
CC-1802,3150923
CC-1803,3147438
CC-1803,3150370
CC-1803,3147438.0
CC-1804,3150166
CC-1804,3150166.0
CC-1805,3148360
CC-1805,3150678
CC-1805,3148360.0
CC-1806,3149544
CC-1806,3149544.0
CC-1807,3149967
CC-1807,3149967.0
CC-1808,3148293
CC-1808,3148350
CC-1808,3148293.0
CC-1809,3146743
CC-1809,3150788
CC-1809,3146743.0
CC-1810,3148583
CC-1810,3148583.0
CC-1811,3150468
CC-1811,3150468.0
CC-1812,3148386
CC-1812,3148386.0
CC-1813,3143481
CC-1813,3149427
CC-1813,3143481.0
CC-1814,3148793
CC-1814,3148793.0
CC-1815,3137187
CC-1815,3141217
CC-1815,3142423
CC-1815,3146450
CC-1815,3151041
CC-1815,3137187.0
CC-1816,3148701
CC-1816,3148731
CC-1816,3148930
CC-1816,3148701.0
CC-1817,3144954
CC-1817,3151399
CC-1817,3151434
CC-1817,3144954.0
CC-1818,3149475
CC-1818,3149475.0
CC-1819,3149793
CC-1819,3149793.0
CC-1820,3149195
CC-1820,3149198
CC-1820,3149227
CC-1820,3149195.0
CC-1821,3147618
CC-1821,3150236
CC-1821,3147618.0
CC-1822,3148555
CC-1822,3148555.0
CC-1823,3151847
CC-1823,3151847.0
CC-1824,3152436
CC-1825,3150027
CC-1825,3150027.0
CC-1826,3151657
CC-1826,3151657.0
CC-1827,3151596
CC-1827,3151596.0
CC-1828,3151460
CC-1828,3151460.0
CC-1829,3150245
CC-1829,3150245.0
CC-1830,3149264
CC-1830,3149264.0
CC-1831,3149075
CC-1831,3149075.0
CC-1832,3152632
CC-1832,3152712
CC-1832,3153249
CC-1832,3153261
CC-1832,3153295
CC-1832,3152632.0
CC-1833,3136824
CC-1833,3140191
CC-1833,3144457
CC-1833,3145169
CC-1833,3149324
CC-1833,3136824.0
CC-1834,3149791
CC-1834,3149820
CC-1834,3149791.0
CC-1835,3150822
CC-1835,3150836
CC-1835,3150822.0
CC-1836,3151384
CC-1836,3151384.0
CC-1837,3144631
CC-1837,3144655
CC-1837,3147119
CC-1837,3151292
CC-1837,3144631.0
CC-1838,3153150
CC-1839,3151259
CC-1839,3151284
CC-1839,3151440
CC-1839,3151473
CC-1839,3151259.0
CC-1840,3150170
CC-1840,3150208
CC-1840,3150170.0
CC-1841,3154331
CC-1842,3153456
CC-1843,3152300
CC-1843,3152300.0
CC-1844,3150627
CC-1844,3150649
CC-1844,3150627.0
CC-1845,3154165
CC-1845,3154165.0
CC-1846,3152202
CC-1846,3152340
CC-1846,3152202.0
CC-1847,3151610
CC-1847,3151610.0
CC-1848,3151136
CC-1848,3151136.0
CC-1849,3147529
CC-1849,3150970
CC-1849,3152301
CC-1849,3147529.0
CC-1850,3151050
CC-1850,3151050.0
CC-1851,3153398
CC-1851,3153398.0
CC-1852,3152455
CC-1852,3152455.0
CC-1853,3154674
CC-1854,3153658
CC-1854,3153674
CC-1854,3153658.0
CC-1855,3151672
CC-1855,3151672.0
CC-1856,3150918
CC-1856,3153253
CC-1856,3150918.0
CC-1857,3154780
CC-1857,3154782
CC-1857,3154780.0
CC-1858,3154941
CC-1858,3154941.0
CC-1859,3155034
CC-1859,3155034.0
CC-1860,3154596
CC-1860,3154603
CC-1860,3154617
CC-1860,3154596.0
CC-1861,3154004
CC-1861,3154004.0
CC-1862,3153761
CC-1862,3153761.0
CC-1863,3154656
CC-1863,3154656.0
CC-1864,3152335
CC-1864,3152345
CC-1864,3152359
CC-1864,3154322
CC-1864,3152335.0
CC-1865,3154919
CC-1865,3154919.0
CC-1866,3152898
CC-1866,3152898.0
CC-1867,3152653
CC-1867,3152653.0
CC-1868,3154312
CC-1868,3154312.0
CC-1869,3152864
CC-1869,3152864.0
CC-1870,3155900
CC-1870,3155900.0
CC-1871,3154954
CC-1871,3154967
CC-1871,3154968
CC-1871,3154954.0
CC-1872,3155980
CC-1872,3155980.0
CC-1873,3154045
CC-1873,3155013
CC-1873,3154045.0
CC-1874,3153446
CC-1874,3153446.0
CC-1875,3153995
CC-1875,3154046
CC-1875,3154220
CC-1875,3153995.0
CC-1876,3150547
CC-1876,3154032
CC-1876,3154245
CC-1876,3150547.0
CC-1877,3153852
CC-1877,3153852.0
CC-1878,3156690
CC-1879,3156387
CC-1879,3156389
CC-1879,3156392
CC-1879,3156399
CC-1879,3156461
CC-1879,3156387.0
CC-1880,3156509
CC-1880,3156509.0
CC-1881,3157113
CC-1882,3153903
CC-1882,3153903.0
CC-1883,3154370
CC-1883,3154370.0
CC-1884,3154311
CC-1884,3154314
CC-1884,3154348
CC-1884,3154353
CC-1884,3154362
CC-1884,3154390
CC-1884,3154395
CC-1884,3154410
CC-1884,3154311.0
CC-1885,3155134
CC-1885,3155134.0
CC-1886,3157402
CC-1886,3157402.0
CC-1887,3157481
CC-1888,3156172
CC-1888,3156172.0
CC-1889,3154511
CC-1889,3154511.0
CC-1890,3156280
CC-1890,3156280.0
CC-1891,3157867
CC-1891,3157867.0
CC-1892,3154972
CC-1892,3154972.0
CC-1893,3155037
CC-1893,3155048
CC-1893,3155306
CC-1893,3155344
CC-1893,3155361
CC-1893,3155037.0
CC-1894,3158150
CC-1894,3158150.0
CC-1895,3158135
CC-1895,3158135.0
CC-1896,3156848
CC-1896,3156848.0
CC-1897,3155942
CC-1897,3155942.0
CC-1898,3157748
CC-1898,3157748.0
CC-1899,3156435
CC-1899,3156454
CC-1899,3156435.0
CC-1900,3158192
CC-1900,3158192.0
CC-1901,3155088
CC-1901,3155088.0
CC-1902,3151947
CC-1902,3154649
CC-1902,3155373
CC-1902,3151947.0
CC-1903,3155817
CC-1903,3155817.0
CC-1904,3157073
CC-1904,3157073.0
CC-1905,3155038
CC-1905,3155084
CC-1905,3155741
CC-1905,3155038.0
CC-1906,3153415
CC-1906,3155246
CC-1906,3153415.0
CC-1907,3153005
CC-1907,3157880
CC-1907,3157898
CC-1907,3153005.0
CC-1908,3158093
CC-1908,3158093.0
CC-1909,3153255
CC-1909,3157403
CC-1909,3158035
CC-1909,3153255.0
CC-1910,3157908
CC-1910,3157908.0
CC-1911,3155800
CC-1911,3155800.0
CC-1912,3158429
CC-1912,3158469
CC-1912,3158429.0
CC-1913,3152265
CC-1913,3156176
CC-1913,3158747
CC-1913,3158806
CC-1913,3152265.0
CC-1914,3156866
CC-1914,3156868
CC-1914,3156866.0
CC-1915,3154301
CC-1915,3156185
CC-1915,3154301.0
CC-1916,3158920
CC-1916,3158920.0
CC-1917,3156512
CC-1917,3156542
CC-1917,3156512.0
CC-1918,3159374
CC-1918,3159384
CC-1918,3159374.0
CC-1919,3156350
CC-1919,3156350.0
CC-1920,3158780
CC-1920,3158786
CC-1920,3158780.0
CC-1921,3155947
CC-1921,3155947.0
CC-1922,3153046
CC-1922,3157589
CC-1922,3153046.0
CC-1923,3159187
CC-1923,3159187.0
CC-1924,3158821
CC-1924,3158821.0
CC-1925,3154582
CC-1925,3156117
CC-1925,3156207
CC-1925,3154582.0
CC-1926,3147878
CC-1926,3148068
CC-1926,3148660
CC-1926,3149553
CC-1926,3152216
CC-1926,3157237
CC-1926,3147878.0
CC-1927,3159721
CC-1927,3159721.0
CC-1928,3157799
CC-1928,3157799.0
CC-1929,3157618
CC-1929,3158073
CC-1929,3158085
CC-1929,3158100
CC-1929,3158168
CC-1929,3157618.0
CC-1930,3122735
CC-1930,3123210
CC-1930,3124095
CC-1930,3126141
CC-1930,3128516
CC-1930,3129455
CC-1930,3131696
CC-1930,3133244
CC-1930,3133826
CC-1930,3133896
CC-1930,3135002
CC-1930,3135276
CC-1930,3135454
CC-1930,3135473
CC-1930,3135569
CC-1930,3136068
CC-1930,3136141
CC-1930,3136648
CC-1930,3139111
CC-1930,3139125
CC-1930,3141926
CC-1930,3146369
CC-1930,3146419
CC-1930,3148225
CC-1930,3153743
CC-1930,3153792
CC-1930,3153841
CC-1930,3155098
CC-1930,3155099
CC-1930,3155370
CC-1930,3155584
CC-1930,3157989
CC-1930,3122735.0
CC-1931,3157812
CC-1931,3157828
CC-1931,3157812.0
CC-1932,3160591
CC-1932,3160591.0
CC-1933,3158487
CC-1933,3158487.0
CC-1934,3158864
CC-1934,3158864.0
CC-1935,3159702
CC-1935,3159702.0
CC-1936,3159957
CC-1936,3159961
CC-1936,3159957.0
CC-1937,3157492
CC-1937,3157492.0
CC-1938,3160495
CC-1939,3157818
CC-1939,3157822
CC-1939,3157818.0
CC-1940,3158181
CC-1940,3158181.0
CC-1941,3154588
CC-1941,3154667
CC-1941,3160836
CC-1941,3154588.0
CC-1942,3158543
CC-1942,3158543.0
CC-1943,3160101
CC-1943,3160101.0
CC-1944,3161299
CC-1945,3157863
CC-1945,3157863.0
CC-1946,3146332
CC-1946,3146389
CC-1946,3151156
CC-1946,3156330
CC-1946,3159910
CC-1946,3146332.0
CC-1947,3144536
CC-1947,3150962
CC-1947,3152621
CC-1947,3153797
CC-1947,3155389
CC-1947,3156083
CC-1947,3157232
CC-1947,3158298
CC-1947,3159900
CC-1947,3159918
CC-1947,3144536.0
CC-1948,3130982
CC-1948,3131602
CC-1948,3133380
CC-1948,3133390
CC-1948,3137628
CC-1948,3137868
CC-1948,3137877
CC-1948,3137894
CC-1948,3137900
CC-1948,3140610
CC-1948,3141221
CC-1948,3141267
CC-1948,3141325
CC-1948,3142316
CC-1948,3143681
CC-1948,3147785
CC-1948,3147849
CC-1948,3150242
CC-1948,3151439
CC-1948,3151448
CC-1948,3156272
CC-1948,3157521
CC-1948,3157556
CC-1948,3158242
CC-1948,3158441
CC-1948,3159023
CC-1948,3130982.0
CC-1949,3159644
CC-1949,3159677
CC-1949,3159728
CC-1949,3159759
CC-1949,3159644.0
CC-1950,3159409
CC-1950,3159409.0
CC-1951,3154998
CC-1951,3155007
CC-1951,3159651
CC-1951,3154998.0
CC-1952,3156691
CC-1952,3158538
CC-1952,3156691.0
CC-1953,3161059
CC-1953,3161059.0
CC-1954,3160364
CC-1954,3160364.0
CC-1955,3160471
CC-1955,3160471.0
CC-1956,3153323
CC-1956,3154115
CC-1956,3160146
CC-1956,3160693
CC-1956,3153323.0
CC-1957,3158662
CC-1957,3158691
CC-1957,3158662.0
CC-1958,3159557
CC-1958,3159557.0
CC-1959,3151777
CC-1959,3155993
CC-1959,3159527
CC-1959,3159593
CC-1959,3159616
CC-1959,3159618
CC-1959,3151777.0
CC-1960,3158236
CC-1960,3159298
CC-1960,3158236.0
CC-1961,3159346
CC-1961,3159346.0
CC-1962,3157814
CC-1962,3160620
CC-1962,3160897
CC-1962,3157814.0
CC-1963,3160370
CC-1963,3160370.0
CC-1964,3152701
CC-1964,3153001
CC-1964,3153299
CC-1964,3155540
CC-1964,3158486
CC-1964,3152701.0
CC-1965,3161741
CC-1965,3161741.0
CC-1966,3161542
CC-1967,3160330
CC-1967,3160330.0
CC-1968,3161798
CC-1968,3161798.0
CC-1969,3158716
CC-1969,3161876
CC-1969,3158716.0
CC-1970,3162158
CC-1970,3162158.0
CC-1971,3161042
CC-1971,3161042.0
CC-1972,3162728
CC-1972,3162728.0
CC-1973,3154670
CC-1973,3154703
CC-1973,3154713
CC-1973,3158289
CC-1973,3158291
CC-1973,3160115
CC-1973,3154670.0
CC-1974,3149574
CC-1974,3151431
CC-1974,3151756
CC-1974,3154814
CC-1974,3154820
CC-1974,3154864
CC-1974,3155620
CC-1974,3159273
CC-1974,3163802
CC-1974,3149574.0
CC-1975,3158023
CC-1975,3162883
CC-1975,3158023.0
CC-1976,3163897
CC-1976,3163897.0
CC-1977,3162476
CC-1977,3162476.0
CC-1978,3163746
CC-1978,3163746.0
CC-1979,3162984
CC-1979,3162984.0
CC-1980,3161277
CC-1980,3161277.0
CC-1981,3162747
CC-1981,3162747.0
CC-1982,3164194
CC-1983,3164023
CC-1983,3164032
CC-1983,3164023.0
CC-1984,3163084
CC-1984,3164247
CC-1984,3163084.0
CC-1985,3161314
CC-1985,3161314.0
CC-1986,3162507
CC-1986,3162507.0
CC-1987,3164142
CC-1987,3164142.0
CC-1988,3156417
CC-1988,3156523
CC-1988,3156936
CC-1988,3160172
CC-1988,3160762
CC-1988,3163265
CC-1988,3156417.0
CC-1989,3162662
CC-1989,3162662.0
CC-1990,3160147
CC-1990,3162292
CC-1990,3160147.0
CC-1991,3163853
CC-1991,3164004
CC-1991,3164010
CC-1991,3164019
CC-1991,3164024
CC-1991,3164038
CC-1991,3164040
CC-1991,3164043
CC-1991,3164060
CC-1991,3163853.0
CC-1992,3161675
CC-1992,3162768
CC-1992,3162778
CC-1992,3161675.0
CC-1993,3161532
CC-1993,3161532.0
CC-1994,3164528
CC-1994,3164563
CC-1994,3164528.0
CC-1995,3165178
CC-1995,3165430
CC-1995,3165178.0
CC-1996,3162051
CC-1996,3162051.0
CC-1997,3162490
CC-1997,3162693
CC-1997,3163499
CC-1997,3163627
CC-1997,3164086
CC-1997,3162490.0
CC-1998,3132472
CC-1998,3133952
CC-1998,3133978
CC-1998,3137836
CC-1998,3137952
CC-1998,3144791
CC-1998,3146770
CC-1998,3148146
CC-1998,3148163
CC-1998,3148172
CC-1998,3148192
CC-1998,3150470
CC-1998,3154255
CC-1998,3159991
CC-1998,3163866
CC-1998,3165279
CC-1998,3165403
CC-1998,3132472.0
CC-1999,3162961
CC-1999,3162961.0
CC-2000,3165342
CC-2000,3165342.0
CC-2001,3161276
CC-2001,3161283
CC-2001,3164262
CC-2001,3164315
CC-2001,3164317
CC-2001,3164351
CC-2001,3161276.0
CC-2002,3163683
CC-2002,3163683.0
CC-2003,3162664
CC-2003,3162735
CC-2003,3162664.0
CC-2004,3160201
CC-2004,3160244
CC-2004,3160245
CC-2004,3160311
CC-2004,3162022
CC-2004,3162318
CC-2004,3160201.0
CC-2005,3162998
CC-2005,3162998.0
CC-2006,3161726
CC-2006,3163251
CC-2006,3161726.0
CC-2007,3165811
CC-2008,3164209
CC-2008,3164209.0
CC-2009,3166100
CC-2009,3166100.0
CC-2010,3165848
CC-2010,3165870
CC-2010,3165888
CC-2010,3165848.0
CC-2011,3160680
CC-2011,3160797
CC-2011,3162138
CC-2011,3166054
CC-2011,3166257
CC-2011,3160680.0
CC-2012,3159269
CC-2012,3163407
CC-2012,3159269.0
CC-2013,3165411
CC-2013,3165411.0
CC-2014,3160188
CC-2014,3164658
CC-2014,3166724
CC-2014,3160188.0
CC-2015,3166213
CC-2015,3166333
CC-2015,3166213.0
CC-2016,3166890
CC-2016,3166890.0
CC-2017,3166565
CC-2018,3164843
CC-2018,3164843.0
CC-2019,3164152
CC-2019,3164152.0
CC-2020,3166711
CC-2021,3167217
CC-2022,3166391
CC-2022,3166391.0
CC-2023,3158039
CC-2023,3161848
CC-2023,3165151
CC-2023,3158039.0
CC-2024,3165388
CC-2024,3165388.0
CC-2025,3167194
CC-2025,3167194.0
CC-2026,3165789
CC-2026,3165789.0
CC-2027,3165345
CC-2027,3165345.0
CC-2028,3167069
CC-2028,3167069.0
CC-2029,3165381
CC-2029,3165381.0
CC-2030,3167763
CC-2030,3167763.0
CC-2031,3166681
CC-2031,3166681.0
CC-2032,3165625
CC-2032,3165625.0
CC-2033,3168295
CC-2033,3168295.0
CC-2034,3167348
CC-2034,3167348.0
CC-2035,3159155
CC-2035,3165139
CC-2035,3165211
CC-2035,3159155.0
CC-2036,3167191
CC-2036,3167191.0
CC-2037,3167933
CC-2038,3167953
CC-2038,3167953.0
CC-2039,3164761
CC-2039,3167048
CC-2039,3164761.0
CC-2040,3166062
CC-2040,3166062.0
CC-2041,3168795
CC-2042,3168658
CC-2043,3166065
CC-2043,3166065.0
CC-2044,3166708
CC-2044,3166708.0
CC-2045,3163858
CC-2045,3165225
CC-2045,3163858.0
CC-2046,3167963
CC-2046,3167963.0
CC-2047,3165559
CC-2047,3165559.0
CC-2048,3166435
CC-2048,3168471
CC-2048,3166435.0
CC-2049,3169232
CC-2049,3169304
CC-2049,3169232.0
CC-2050,3151358
CC-2050,3151453
CC-2050,3152319
CC-2050,3154939
CC-2050,3160673
CC-2050,3161308
CC-2050,3161316
CC-2050,3162060
CC-2050,3166701
CC-2050,3166741
CC-2050,3168364
CC-2050,3168390
CC-2050,3168628
CC-2050,3168659
CC-2050,3168801
CC-2050,3151358.0
CC-2051,3156759
CC-2051,3162346
CC-2051,3164475
CC-2051,3166541
CC-2051,3166621
CC-2051,3156759.0
CC-2052,3169714
CC-2053,3159535
CC-2053,3162629
CC-2053,3164151
CC-2053,3168459
CC-2053,3159535.0
CC-2054,3168865
CC-2054,3168865.0
CC-2055,3168723
CC-2055,3168723.0
CC-2056,3169831
CC-2057,3123327
CC-2057,3127092
CC-2057,3127147
CC-2057,3127173
CC-2057,3128049
CC-2057,3128910
CC-2057,3128917
CC-2057,3128931
CC-2057,3128954
CC-2057,3129079
CC-2057,3129186
CC-2057,3130554
CC-2057,3135049
CC-2057,3137274
CC-2057,3140794
CC-2057,3142113
CC-2057,3144940
CC-2057,3150345
CC-2057,3154021
CC-2057,3154061
CC-2057,3156069
CC-2057,3156709
CC-2057,3157207
CC-2057,3158065
CC-2057,3158910
CC-2057,3159057
CC-2057,3159469
CC-2057,3159545
CC-2057,3160709
CC-2057,3161012
CC-2057,3161170
CC-2057,3161180
CC-2057,3161253
CC-2057,3161258
CC-2057,3161261
CC-2057,3161272
CC-2057,3161868
CC-2057,3161890
CC-2057,3161964
CC-2057,3161983
CC-2057,3162354
CC-2057,3164207
CC-2057,3164480
CC-2057,3164625
CC-2057,3165249
CC-2057,3165298
CC-2057,3167314
CC-2057,3169603
CC-2057,3123327.0
CC-2058,3169657
CC-2059,3165986
CC-2059,3169541
CC-2059,3169544
CC-2059,3169583
CC-2059,3165986.0
CC-2060,3169879
CC-2060,3169884
CC-2060,3169879.0
CC-2061,3168781
CC-2061,3168781.0
CC-2062,3168846
CC-2062,3168901
CC-2062,3168846.0
CC-2063,3165849
CC-2063,3169986
CC-2063,3165849.0
CC-2064,3158276
CC-2064,3163994
CC-2064,3166201
CC-2064,3169811
CC-2064,3158276.0
CC-2065,3169874
CC-2065,3169874.0
CC-2066,3168839
CC-2066,3168839.0
CC-2067,3167915
CC-2067,3167915.0
CC-2068,3167862
CC-2068,3167862.0
CC-2069,3154612
CC-2069,3154627
CC-2069,3160225
CC-2069,3161290
CC-2069,3161296
CC-2069,3165543
CC-2069,3165649
CC-2069,3169256
CC-2069,3169289
CC-2069,3169781
CC-2069,3154612.0
CC-2070,3168916
CC-2070,3168916.0
CC-2071,3170590
CC-2071,3170590.0
CC-2072,3170730
CC-2072,3170730.0
CC-2073,3170002
CC-2073,3170005
CC-2073,3170002.0
CC-2074,3170418
CC-2074,3170418.0
CC-2075,3167837
CC-2075,3167837.0
CC-2076,3167796
CC-2076,3167796.0
CC-2077,3170523
CC-2078,3170136
CC-2079,3168544
CC-2079,3168544.0
CC-2080,3168180
CC-2080,3168180.0
CC-2081,3168395
CC-2081,3168395.0
CC-2082,3169877
CC-2082,3169877.0
CC-2083,3162316
CC-2083,3162336
CC-2083,3167835
CC-2083,3167962
CC-2083,3167983
CC-2083,3170344
CC-2083,3170355
CC-2083,3162316.0
CC-2084,3170919
CC-2084,3170932
CC-2084,3170919.0
CC-2085,3150053
CC-2085,3154631
CC-2085,3156105
CC-2085,3158077
CC-2085,3158081
CC-2085,3159798
CC-2085,3165707
CC-2085,3167586
CC-2085,3167860
CC-2085,3167893
CC-2085,3167929
CC-2085,3150053.0
CC-2086,3158827
CC-2086,3161839
CC-2086,3163115
CC-2086,3167839
CC-2086,3167881
CC-2086,3167910
CC-2086,3167919
CC-2086,3168009
CC-2086,3168014
CC-2086,3168176
CC-2086,3168198
CC-2086,3168965
CC-2086,3169039
CC-2086,3170130
CC-2086,3158827.0
CC-2087,3171000
CC-2088,3170017
CC-2088,3170017.0
CC-2089,3171494
CC-2090,3170864
CC-2090,3170864.0
CC-2091,3170944
CC-2092,3172092
CC-2092,3172092.0
CC-2093,3169896
CC-2093,3169896.0
CC-2094,3170468
CC-2094,3170468.0
CC-2095,3171762
CC-2096,3172573
CC-2097,3171876
CC-2097,3171876.0
CC-2098,3171480
CC-2098,3171480.0
CC-2099,3164722
CC-2099,3169626
CC-2099,3164722.0
CC-2100,3172151
CC-2101,3170785
CC-2101,3170785.0
CC-2102,3172116
CC-2102,3172116.0
CC-2103,3172519
CC-2103,3172519.0
CC-2104,3169637
CC-2104,3171985
CC-2104,3169637.0
CC-2105,3172693
CC-2106,3166788
CC-2106,3171422
CC-2106,3166788.0
CC-2107,3172479
CC-2107,3172479.0
CC-2108,3171743
CC-2108,3171743.0
CC-2109,3172738
CC-2109,3172738.0
CC-2110,3167713
CC-2110,3171982
CC-2110,3167713.0
CC-2111,3170821
CC-2111,3170821.0
CC-2112,3170996
CC-2112,3170996.0
CC-2113,3164398
CC-2113,3170111
CC-2113,3164398.0
CC-2114,3172838
CC-2114,3172838.0
CC-2115,3171730
CC-2115,3173039
CC-2115,3171730.0
CC-2116,3170060
CC-2116,3170060.0
CC-2117,3170485
CC-2117,3170485.0
CC-2118,3171551
CC-2118,3171551.0
CC-2119,3172857
CC-2119,3172857.0
CC-2120,3171209
CC-2120,3171209.0
CC-2121,3172456
CC-2121,3172456.0
CC-2122,3172483
CC-2122,3172483.0
CC-2123,3171899
CC-2123,3171899.0
CC-2124,3171563
CC-2124,3171563.0
CC-2125,3163799
CC-2125,3166038
CC-2125,3168245
CC-2125,3168745
CC-2125,3168880
CC-2125,3172759
CC-2125,3163799.0
CC-2126,3172220
CC-2126,3172220.0
CC-2127,3173735
CC-2127,3173735.0
CC-2128,3171763
CC-2128,3171763.0
CC-2129,3174653
CC-2130,3172035
CC-2130,3172035.0
CC-2131,3174360
CC-2131,3174360.0
CC-2132,3174090
CC-2133,3174111
CC-2133,3174165
CC-2133,3174111.0
CC-2134,3169112
CC-2134,3174210
CC-2134,3169112.0
CC-2135,3172920
CC-2135,3172920.0
CC-2136,3175220
CC-2137,3173967
CC-2137,3173967.0
CC-2138,3174789
CC-2139,3173594
CC-2139,3173594.0
CC-2140,3172438
CC-2140,3173085
CC-2140,3173103
CC-2140,3173839
CC-2140,3173920
CC-2140,3174064
CC-2140,3174079
CC-2140,3174099
CC-2140,3174102
CC-2140,3174621
CC-2140,3174713
CC-2140,3172438.0
CC-2141,3174816
CC-2141,3174816.0
CC-2142,3173021
CC-2142,3173021.0
CC-2143,3175394
CC-2143,3175394.0
CC-2144,3173216
CC-2144,3173216.0
CC-2145,3168565
CC-2145,3169628
CC-2145,3170621
CC-2145,3170943
CC-2145,3171335
CC-2145,3172119
CC-2145,3172192
CC-2145,3174646
CC-2145,3174661
CC-2145,3168565.0
CC-2146,3175121
CC-2146,3175121.0
CC-2147,3175451
CC-2148,3174959
CC-2148,3174959.0
CC-2149,3175785
CC-2149,3175785.0
CC-2150,3170511
CC-2150,3170758
CC-2150,3170788
CC-2150,3170791
CC-2150,3170808
CC-2150,3170811
CC-2150,3170822
CC-2150,3170827
CC-2150,3175221
CC-2150,3170511.0
CC-2151,3172297
CC-2151,3173548
CC-2151,3172297.0
CC-2152,3173913
CC-2152,3173931
CC-2152,3173913.0
CC-2153,3175515
CC-2153,3175515.0
CC-2154,3149743
CC-2154,3152326
CC-2154,3152338
CC-2154,3158109
CC-2154,3162454
CC-2154,3166312
CC-2154,3167873
CC-2154,3167886
CC-2154,3172978
CC-2154,3172979
CC-2154,3174190
CC-2154,3149743.0
CC-2155,3174467
CC-2155,3174467.0
CC-2156,3172935
CC-2156,3172935.0
CC-2157,3174976
CC-2157,3174976.0
CC-2158,3175508
CC-2158,3175595
CC-2158,3175598
CC-2158,3175612
CC-2158,3175508.0
CC-2159,3173705
CC-2159,3173717
CC-2159,3173760
CC-2159,3173705.0
CC-2160,3173376
CC-2160,3173376.0
CC-2161,3173494
CC-2161,3173507
CC-2161,3173542
CC-2161,3173494.0
CC-2162,3175234
CC-2162,3175296
CC-2162,3175234.0
CC-2163,3174145
CC-2163,3174145.0
CC-2164,3175703
CC-2164,3175703.0
CC-2165,3172178
CC-2165,3175847
CC-2165,3172178.0
CC-2166,3130268
CC-2166,3133170
CC-2166,3137705
CC-2166,3142382
CC-2166,3144962
CC-2166,3147954
CC-2166,3151086
CC-2166,3156005
CC-2166,3158961
CC-2166,3160787
CC-2166,3163044
CC-2166,3163083
CC-2166,3163183
CC-2166,3165327
CC-2166,3165338
CC-2166,3165362
CC-2166,3165374
CC-2166,3165445
CC-2166,3170398
CC-2166,3170408
CC-2166,3170726
CC-2166,3170748
CC-2166,3172457
CC-2166,3173997
CC-2166,3130268.0
CC-2167,3171067
CC-2167,3175748
CC-2167,3176201
CC-2167,3171067.0
CC-2168,3176019
CC-2168,3176019.0
CC-2169,3174904
CC-2169,3174904.0
CC-2170,3173643
CC-2170,3173643.0
CC-2171,3174609
CC-2171,3174609.0
CC-2172,3176267
CC-2172,3176267.0
CC-2173,3171417
CC-2173,3174013
CC-2173,3171417.0
CC-2174,3177538
CC-2174,3177538.0
CC-2175,3175483
CC-2175,3177210
CC-2175,3175483.0
CC-2176,3174232
CC-2176,3174232.0
CC-2177,3177710
CC-2177,3177710.0
CC-2178,3178032
CC-2178,3178032.0
CC-2179,3176473
CC-2179,3176473.0
CC-2180,3178084
CC-2180,3178101
CC-2180,3178084.0
CC-2181,3175067
CC-2181,3175067.0
CC-2182,3175189
CC-2182,3175189.0
CC-2183,3175798
CC-2183,3175827
CC-2183,3175798.0
CC-2184,3175681
CC-2184,3175681.0
CC-2185,3149603
CC-2185,3149651
CC-2185,3149659
CC-2185,3152197
CC-2185,3152239
CC-2185,3153123
CC-2185,3158410
CC-2185,3160394
CC-2185,3160437
CC-2185,3160444
CC-2185,3161378
CC-2185,3163596
CC-2185,3164586
CC-2185,3164624
CC-2185,3165837
CC-2185,3167917
CC-2185,3168265
CC-2185,3170712
CC-2185,3170764
CC-2185,3170831
CC-2185,3170859
CC-2185,3170877
CC-2185,3171084
CC-2185,3171099
CC-2185,3176910
CC-2185,3176937
CC-2185,3149603.0
CC-2186,3175796
CC-2186,3175796.0
CC-2187,3174390
CC-2187,3175364
CC-2187,3175980
CC-2187,3174390.0
CC-2188,3176670
CC-2188,3176670.0
CC-2189,3176448
CC-2189,3176448.0
CC-2190,3176839
CC-2190,3176839.0
CC-2191,3171600
CC-2191,3172543
CC-2191,3173012
CC-2191,3177110
CC-2191,3177147
CC-2191,3177168
CC-2191,3177177
CC-2191,3171600.0
CC-2192,3176972
CC-2192,3176972.0
CC-2193,3176766
CC-2193,3176766.0
CC-2194,3174427
CC-2194,3176156
CC-2194,3176598
CC-2194,3174427.0
CC-2195,3176352
CC-2195,3176591
CC-2195,3176597
CC-2195,3176601
CC-2195,3176352.0
CC-2196,3177828
CC-2196,3177828.0
CC-2197,3178889
CC-2198,3175825
CC-2198,3176573
CC-2198,3175825.0
CC-2199,3170086
CC-2199,3173146
CC-2199,3173163
CC-2199,3175906
CC-2199,3170086.0
CC-2200,3177290
CC-2200,3177290.0
CC-2201,3178820
CC-2201,3178825
CC-2201,3178830
CC-2201,3178820.0
CC-2202,3177426
CC-2202,3177820
CC-2202,3177919
CC-2202,3178034
CC-2202,3177426.0
CC-2203,3176791
CC-2203,3176791.0
CC-2204,3169169
CC-2204,3171509
CC-2204,3173949
CC-2204,3173961
CC-2204,3175157
CC-2204,3177503
CC-2204,3169169.0
CC-2205,3179422
CC-2205,3179422.0
CC-2206,3179056
CC-2207,3179579
CC-2208,3168029
CC-2208,3171005
CC-2208,3176094
CC-2208,3168029.0
CC-2209,3178484
CC-2209,3178484.0
CC-2210,3173791
CC-2210,3176526
CC-2210,3173791.0
CC-2211,3171920
CC-2211,3175912
CC-2211,3178880
CC-2211,3178883
CC-2211,3171920.0
CC-2212,3176499
CC-2212,3176499.0
CC-2213,3177374
CC-2213,3177683
CC-2213,3178237
CC-2213,3177374.0
CC-2214,3180131
CC-2214,3180131.0
CC-2215,3180388
CC-2215,3180388.0
CC-2216,3178016
CC-2216,3178016.0
CC-2217,3173837
CC-2217,3176840
CC-2217,3176853
CC-2217,3177375
CC-2217,3173837.0
CC-2218,3179305
CC-2218,3179305.0
CC-2219,3178805
CC-2219,3178808
CC-2219,3178805.0
CC-2220,3180106
CC-2220,3180166
CC-2220,3180106.0
CC-2221,3179925
CC-2222,3178846
CC-2222,3178846.0
CC-2223,3177948
CC-2223,3177948.0
CC-2224,3173438
CC-2224,3173443
CC-2224,3174443
CC-2224,3174453
CC-2224,3178951
CC-2224,3173438.0
CC-2225,3179628
CC-2225,3179628.0
CC-2226,3178855
CC-2226,3178863
CC-2226,3178855.0
CC-2227,3174006
CC-2227,3178767
CC-2227,3174006.0
CC-2228,3178814
CC-2228,3178814.0
CC-2229,3172751
CC-2229,3172769
CC-2229,3177575
CC-2229,3177677
CC-2229,3181413
CC-2229,3181445
CC-2229,3172751.0
CC-2230,3178330
CC-2230,3178330.0
CC-2231,3180081
CC-2231,3180081.0
CC-2232,3177860
CC-2232,3178041
CC-2232,3178055
CC-2232,3177860.0
CC-2233,3181200
CC-2233,3181200.0
CC-2234,3181504
CC-2234,3181504.0
CC-2235,3179976
CC-2235,3179976.0
CC-2236,3180492
CC-2236,3180492.0
CC-2237,3181551
CC-2238,3181302
CC-2239,3175354
CC-2239,3180318
CC-2239,3175354.0
CC-2240,3175993
CC-2240,3180114
CC-2240,3175993.0
CC-2241,3181375
CC-2241,3181375.0
CC-2242,3179215
CC-2242,3179226
CC-2242,3179215.0
CC-2243,3181745
CC-2243,3181745.0
CC-2244,3180292
CC-2244,3180292.0
CC-2245,3175715
CC-2245,3175740
CC-2245,3175954
CC-2245,3178217
CC-2245,3178241
CC-2245,3179754
CC-2245,3179858
CC-2245,3175715.0
CC-2246,3178816
CC-2246,3178816.0
CC-2247,3103128
CC-2247,3103840
CC-2247,3105307
CC-2247,3107103
CC-2247,3107222
CC-2247,3107272
CC-2247,3108201
CC-2247,3110562
CC-2247,3112024
CC-2247,3112443
CC-2247,3112469
CC-2247,3112492
CC-2247,3112619
CC-2247,3112633
CC-2247,3115350
CC-2247,3115368
CC-2247,3115540
CC-2247,3115541
CC-2247,3115556
CC-2247,3116598
CC-2247,3116633
CC-2247,3120105
CC-2247,3120848
CC-2247,3122525
CC-2247,3122913
CC-2247,3122940
CC-2247,3123793
CC-2247,3124057
CC-2247,3124062
CC-2247,3126430
CC-2247,3126462
CC-2247,3126630
CC-2247,3127810
CC-2247,3127879
CC-2247,3129905
CC-2247,3131142
CC-2247,3135973
CC-2247,3136623
CC-2247,3136967
CC-2247,3136983
CC-2247,3137009
CC-2247,3137056
CC-2247,3139688
CC-2247,3142913
CC-2247,3145228
CC-2247,3145244
CC-2247,3147966
CC-2247,3148124
CC-2247,3149626
CC-2247,3149704
CC-2247,3152296
CC-2247,3154589
CC-2247,3154618
CC-2247,3154621
CC-2247,3154637
CC-2247,3154869
CC-2247,3155100
CC-2247,3156116
CC-2247,3156137
CC-2247,3156171
CC-2247,3158070
CC-2247,3163015
CC-2247,3164850
CC-2247,3167028
CC-2247,3167097
CC-2247,3169089
CC-2247,3169102
CC-2247,3169155
CC-2247,3169159
CC-2247,3174243
CC-2247,3179879
CC-2247,3103128.0
CC-2248,3060719
CC-2248,3067350
CC-2248,3076344
CC-2248,3082329
CC-2248,3090432
CC-2248,3090438
CC-2248,3092305
CC-2248,3093503
CC-2248,3095708
CC-2248,3101433
CC-2248,3101836
CC-2248,3110921
CC-2248,3116156
CC-2248,3118589
CC-2248,3118866
CC-2248,3119767
CC-2248,3119775
CC-2248,3123751
CC-2248,3127764
CC-2248,3129562
CC-2248,3130502
CC-2248,3131984
CC-2248,3133428
CC-2248,3134439
CC-2248,3137607
CC-2248,3137820
CC-2248,3141393
CC-2248,3144971
CC-2248,3146746
CC-2248,3151217
CC-2248,3151489
CC-2248,3151499
CC-2248,3151562
CC-2248,3151564
CC-2248,3151566
CC-2248,3151568
CC-2248,3151570
CC-2248,3152213
CC-2248,3152276
CC-2248,3152977
CC-2248,3157233
CC-2248,3158226
CC-2248,3158243
CC-2248,3158452
CC-2248,3161185
CC-2248,3162447
CC-2248,3164290
CC-2248,3164295
CC-2248,3164296
CC-2248,3164297
CC-2248,3164301
CC-2248,3164303
CC-2248,3164305
CC-2248,3166935
CC-2248,3168129
CC-2248,3169847
CC-2248,3169864
CC-2248,3172916
CC-2248,3174531
CC-2248,3175745
CC-2248,3177090
CC-2248,3178420
CC-2248,3178483
CC-2248,3178641
CC-2248,3181275
CC-2248,3060719.0
CC-2249,3178937
CC-2249,3179353
CC-2249,3179381
CC-2249,3178937.0
CC-2250,3180434
CC-2250,3180443
CC-2250,3180434.0
CC-2251,3180721
CC-2251,3182005
CC-2251,3180721.0
CC-2252,3181976
CC-2253,3178854
CC-2253,3178854.0
CC-2254,3181135
CC-2254,3181135.0
CC-2255,3180096
CC-2255,3180096.0
CC-2256,3176309
CC-2256,3179385
CC-2256,3179391
CC-2256,3179404
CC-2256,3176309.0
CC-2257,3181696
CC-2257,3181696.0
CC-2258,3179539
CC-2258,3179539.0
CC-2259,3182129
CC-2259,3182129.0
CC-2260,3182157
CC-2260,3182157.0
CC-2261,3182354
CC-2262,3182644
CC-2262,3182644.0
CC-2263,3181820
CC-2263,3181820.0
CC-2264,3182158
CC-2264,3182158.0
CC-2265,3180606
CC-2265,3180606.0
CC-2266,3179790
CC-2266,3180082
CC-2266,3179790.0
CC-2267,3159795
CC-2267,3163248
CC-2267,3163343
CC-2267,3164136
CC-2267,3165162
CC-2267,3167908
CC-2267,3167972
CC-2267,3167976
CC-2267,3168736
CC-2267,3169130
CC-2267,3169194
CC-2267,3174633
CC-2267,3177511
CC-2267,3178253
CC-2267,3178343
CC-2267,3179043
CC-2267,3179088
CC-2267,3179102
CC-2267,3181464
CC-2267,3181507
CC-2267,3182351
CC-2267,3182374
CC-2267,3159795.0
CC-2268,3182906
CC-2268,3182906.0
CC-2269,3183582
CC-2269,3183582.0
CC-2270,3181731
CC-2270,3181735
CC-2270,3182040
CC-2270,3182298
CC-2270,3181731.0
CC-2271,3120691
CC-2271,3120795
CC-2271,3126867
CC-2271,3127542
CC-2271,3127624
CC-2271,3127744
CC-2271,3132046
CC-2271,3138368
CC-2271,3139273
CC-2271,3141174
CC-2271,3141210
CC-2271,3141512
CC-2271,3141954
CC-2271,3141965
CC-2271,3145539
CC-2271,3145586
CC-2271,3147361
CC-2271,3148064
CC-2271,3148270
CC-2271,3151294
CC-2271,3155740
CC-2271,3157002
CC-2271,3157861
CC-2271,3159265
CC-2271,3159426
CC-2271,3163464
CC-2271,3165339
CC-2271,3165423
CC-2271,3167182
CC-2271,3169484
CC-2271,3171227
CC-2271,3172049
CC-2271,3172057
CC-2271,3172334
CC-2271,3172336
CC-2271,3172377
CC-2271,3172380
CC-2271,3177787
CC-2271,3177880
CC-2271,3177887
CC-2271,3177945
CC-2271,3181247
CC-2271,3120691.0
CC-2272,3182561
CC-2272,3182561.0
CC-2273,3182392
CC-2273,3182392.0
CC-2274,3181191
CC-2274,3181191.0
CC-2275,3180672
CC-2275,3180672.0
CC-2276,3176908
CC-2276,3181529
CC-2276,3181576
CC-2276,3176908.0
CC-2277,3182252
CC-2277,3182252.0
CC-2278,3183436
CC-2278,3183659
CC-2278,3183436.0
CC-2279,3182096
CC-2279,3182096.0
CC-2280,3175334
CC-2280,3175387
CC-2280,3179688
CC-2280,3179690
CC-2280,3179808
CC-2280,3182775
CC-2280,3184167
CC-2280,3184192
CC-2280,3184529
CC-2280,3175334.0
CC-2281,3182857
CC-2281,3182857.0
CC-2282,3178562
CC-2282,3178567
CC-2282,3179750
CC-2282,3182280
CC-2282,3178562.0
CC-2283,3184038
CC-2284,3182848
CC-2284,3183074
CC-2284,3182848.0
CC-2285,3184457
CC-2286,3177429
CC-2286,3181720
CC-2286,3177429.0
CC-2287,3182913
CC-2287,3184654
CC-2287,3182913.0
CC-2288,3182170
CC-2288,3182170.0
CC-2289,3182365
CC-2289,3182365.0
CC-2290,3182573
CC-2290,3182589
CC-2290,3182573.0
CC-2291,3181875
CC-2291,3181875.0
CC-2292,3175909
CC-2292,3179725
CC-2292,3180004
CC-2292,3184583
CC-2292,3184598
CC-2292,3184602
CC-2292,3175909.0
CC-2293,3179395
CC-2293,3182339
CC-2293,3179395.0
CC-2294,3184524
CC-2294,3184524.0
CC-2295,3181501
CC-2295,3182647
CC-2295,3182699
CC-2295,3181501.0
CC-2296,3185238
CC-2296,3185294
CC-2296,3185238.0
CC-2297,3183791
CC-2297,3183942
CC-2297,3183791.0
CC-2298,3181705
CC-2298,3182714
CC-2298,3182724
CC-2298,3181705.0
CC-2299,3179209
CC-2299,3183400
CC-2299,3179209.0
CC-2300,3180308
CC-2300,3181676
CC-2300,3182376
CC-2300,3180308.0
CC-2301,3181813
CC-2301,3182600
CC-2301,3181813.0
CC-2302,3184790
CC-2302,3184790.0
CC-2303,3183998
CC-2303,3183998.0
CC-2304,3183834
CC-2304,3183872
CC-2304,3183834.0
CC-2305,3183077
CC-2305,3183366
CC-2305,3183077.0
CC-2306,3184780
CC-2306,3184780.0
CC-2307,3185318
CC-2307,3185318.0
CC-2308,3184260
CC-2308,3184260.0
CC-2309,3183927
CC-2309,3183927.0
CC-2310,3175278
CC-2310,3177440
CC-2310,3179099
CC-2310,3180231
CC-2310,3185334
CC-2310,3185347
CC-2310,3185472
CC-2310,3175278.0
CC-2311,3185325
CC-2312,3182843
CC-2312,3182843.0
CC-2313,3183433
CC-2313,3183433.0
CC-2314,3186203
CC-2314,3186255
CC-2314,3186203.0
CC-2315,3186490
CC-2316,3185416
CC-2316,3185416.0
CC-2317,3180028
CC-2317,3185795
CC-2317,3180028.0
CC-2318,3186524
CC-2318,3186524.0
CC-2319,3181759
CC-2319,3184686
CC-2319,3181759.0
CC-2320,3184293
CC-2320,3184293.0
CC-2321,3183759
CC-2321,3183854
CC-2321,3183759.0
CC-2322,3185587
CC-2322,3185993
CC-2322,3185587.0
CC-2323,3187154
CC-2324,3185636
CC-2324,3185636.0
CC-2325,3185709
CC-2325,3185709.0
CC-2326,3187409
CC-2326,3187461
CC-2326,3187409.0
CC-2327,3179594
CC-2327,3182656
CC-2327,3186016
CC-2327,3179594.0
CC-2328,3185677
CC-2328,3185677.0
CC-2329,3184243
CC-2329,3184243.0
CC-2330,3186171
CC-2330,3186171.0
CC-2331,3186809
CC-2331,3186829
CC-2331,3186809.0
CC-2332,3185737
CC-2332,3185737.0
CC-2333,3187616
CC-2333,3187616.0
CC-2334,3184668
CC-2334,3184668.0
CC-2335,3184705
CC-2335,3184705.0
CC-2336,3155503
CC-2336,3156175
CC-2336,3158597
CC-2336,3158598
CC-2336,3158651
CC-2336,3161249
CC-2336,3164474
CC-2336,3164482
CC-2336,3164498
CC-2336,3168255
CC-2336,3170576
CC-2336,3170702
CC-2336,3170908
CC-2336,3175903
CC-2336,3178477
CC-2336,3178505
CC-2336,3179488
CC-2336,3182729
CC-2336,3182861
CC-2336,3182893
CC-2336,3185711
CC-2336,3185791
CC-2336,3185885
CC-2336,3155503.0
CC-2337,3187036
CC-2337,3187036.0
CC-2338,3184786
CC-2338,3184786.0
CC-2339,3186920
CC-2339,3186920.0
CC-2340,3186335
CC-2340,3186335.0
CC-2341,3185613
CC-2341,3185613.0
CC-2342,3185724
CC-2342,3185728
CC-2342,3185724.0
CC-2343,3185947
CC-2343,3185947.0
CC-2344,3187961
CC-2344,3187961.0
CC-2345,3183191
CC-2345,3183259
CC-2345,3183334
CC-2345,3183348
CC-2345,3186374
CC-2345,3186477
CC-2345,3183191.0
CC-2346,3187479
CC-2346,3187510
CC-2346,3187479.0
CC-2347,3186289
CC-2347,3186658
CC-2347,3186728
CC-2347,3186289.0
CC-2348,3184722
CC-2348,3184726
CC-2348,3187988
CC-2348,3184722.0
CC-2349,3186352
CC-2349,3186352.0
CC-2350,3185489
CC-2350,3185489.0
CC-2351,3187649
CC-2351,3187649.0
CC-2352,3185546
CC-2352,3185546.0
CC-2353,3187280
CC-2353,3187280.0
CC-2354,3188346
CC-2355,3187872
CC-2356,3186358
CC-2356,3186362
CC-2356,3186387
CC-2356,3186412
CC-2356,3186790
CC-2356,3186358.0
CC-2357,3187246
CC-2357,3187246.0
CC-2358,3179875
CC-2358,3180116
CC-2358,3180531
CC-2358,3180687
CC-2358,3180797
CC-2358,3181368
CC-2358,3183349
CC-2358,3183731
CC-2358,3184472
CC-2358,3184494
CC-2358,3184980
CC-2358,3186194
CC-2358,3186632
CC-2358,3186716
CC-2358,3179875.0
CC-2359,3180026
CC-2359,3180229
CC-2359,3184626
CC-2359,3185338
CC-2359,3185405
CC-2359,3187288
CC-2359,3187290
CC-2359,3187837
CC-2359,3180026.0
CC-2360,3188177
CC-2361,3187772
CC-2361,3187772.0
CC-2362,3189169
CC-2363,3178674
CC-2363,3178698
CC-2363,3179175
CC-2363,3179191
CC-2363,3179230
CC-2363,3181296
CC-2363,3184024
CC-2363,3186750
CC-2363,3178674.0
CC-2364,3186388
CC-2364,3187955
CC-2364,3187969
CC-2364,3188016
CC-2364,3188925
CC-2364,3186388.0
CC-2365,3189189
CC-2365,3189189.0
CC-2366,3187570
CC-2366,3187570.0
CC-2367,3190006
CC-2368,3186630
CC-2368,3186708
CC-2368,3187535
CC-2368,3187551
CC-2368,3187557
CC-2368,3186630.0
CC-2369,3189543
CC-2369,3189573
CC-2369,3189598
CC-2369,3189611
CC-2369,3189543.0
CC-2370,3188990
CC-2370,3189081
CC-2370,3188990.0
CC-2371,3187681
CC-2371,3187681.0
CC-2372,3188456
CC-2372,3188514
CC-2372,3188456.0
CC-2373,3186901
CC-2373,3186901.0
CC-2374,3188181
CC-2374,3188181.0
CC-2375,3190136
CC-2375,3190136.0
CC-2376,3188314
CC-2376,3188314.0
CC-2377,3188698
CC-2377,3188748
CC-2377,3188866
CC-2377,3188698.0
CC-2378,3188872
CC-2378,3188872.0
CC-2379,3188741
CC-2379,3188741.0
CC-2380,3190184
CC-2380,3190184.0
CC-2381,3189724
CC-2381,3189724.0
CC-2382,3187644
CC-2382,3187644.0
CC-2383,3178932
CC-2383,3178945
CC-2383,3182998
CC-2383,3184783
CC-2383,3188595
CC-2383,3178932.0
CC-2384,3190297
CC-2384,3190297.0
CC-2385,3186969
CC-2385,3187529
CC-2385,3187544
CC-2385,3187547
CC-2385,3187562
CC-2385,3187564
CC-2385,3187569
CC-2385,3189580
CC-2385,3189625
CC-2385,3189780
CC-2385,3186969.0
CC-2386,3188586
CC-2386,3188622
CC-2386,3188586.0
CC-2387,3188964
CC-2387,3188964.0
CC-2388,3190131
CC-2388,3190131.0
CC-2389,3189458
CC-2389,3190582
CC-2389,3189458.0
CC-2390,3177370
CC-2390,3178481
CC-2390,3180540
CC-2390,3180621
CC-2390,3181467
CC-2390,3181593
CC-2390,3181615
CC-2390,3183553
CC-2390,3184344
CC-2390,3188159
CC-2390,3189017
CC-2390,3190124
CC-2390,3190210
CC-2390,3190238
CC-2390,3190337
CC-2390,3190338
CC-2390,3190342
CC-2390,3190348
CC-2390,3177370.0
CC-2391,3188517
CC-2391,3188517.0
CC-2392,3189847
CC-2392,3189847.0
CC-2393,3188260
CC-2393,3188277
CC-2393,3188359
CC-2393,3188260.0
CC-2394,3128855
CC-2394,3129757
CC-2394,3136012
CC-2394,3140826
CC-2394,3140857
CC-2394,3140882
CC-2394,3141204
CC-2394,3141288
CC-2394,3141298
CC-2394,3141852
CC-2394,3143144
CC-2394,3143769
CC-2394,3143833
CC-2394,3144645
CC-2394,3144670
CC-2394,3144710
CC-2394,3144771
CC-2394,3144775
CC-2394,3144825
CC-2394,3144846
CC-2394,3144857
CC-2394,3144908
CC-2394,3144911
CC-2394,3144956
CC-2394,3144966
CC-2394,3145373
CC-2394,3145640
CC-2394,3145643
CC-2394,3146947
CC-2394,3147936
CC-2394,3151224
CC-2394,3156076
CC-2394,3157612
CC-2394,3157627
CC-2394,3160413
CC-2394,3163830
CC-2394,3166596
CC-2394,3166633
CC-2394,3166713
CC-2394,3166755
CC-2394,3169442
CC-2394,3169448
CC-2394,3171083
CC-2394,3171139
CC-2394,3172051
CC-2394,3172504
CC-2394,3173804
CC-2394,3173983
CC-2394,3174981
CC-2394,3177419
CC-2394,3177519
CC-2394,3180234
CC-2394,3180577
CC-2394,3180896
CC-2394,3181018
CC-2394,3181272
CC-2394,3182425
CC-2394,3183671
CC-2394,3183695
CC-2394,3185708
CC-2394,3185796
CC-2394,3187679
CC-2394,3188424
CC-2394,3190311
CC-2394,3191105
CC-2394,3128855.0
CC-2395,3188432
CC-2395,3190224
CC-2395,3190443
CC-2395,3188432.0
CC-2396,3188339
CC-2396,3188339.0
CC-2397,3188620
CC-2397,3188620.0
CC-2398,3190455
CC-2398,3190455.0
CC-2399,3189330
CC-2399,3189330.0
CC-2400,3185646
CC-2400,3188244
CC-2400,3188252
CC-2400,3185646.0
CC-2401,3190969
CC-2402,3191716
CC-2402,3191716.0
CC-2403,3191176
CC-2404,3189386
CC-2404,3189386.0
CC-2405,3189677
CC-2405,3189677.0
CC-2406,3191215
CC-2406,3191296
CC-2406,3191215.0
CC-2407,3190981
CC-2407,3190981.0
CC-2408,3189378
CC-2408,3189460
CC-2408,3189378.0
CC-2409,3163036
CC-2409,3163053
CC-2409,3164653
CC-2409,3166011
CC-2409,3169205
CC-2409,3169750
CC-2409,3169753
CC-2409,3169765
CC-2409,3171006
CC-2409,3171057
CC-2409,3171058
CC-2409,3171924
CC-2409,3176820
CC-2409,3177337
CC-2409,3178788
CC-2409,3178792
CC-2409,3181592
CC-2409,3184578
CC-2409,3184595
CC-2409,3184612
CC-2409,3184650
CC-2409,3184660
CC-2409,3185989
CC-2409,3186261
CC-2409,3190501
CC-2409,3190506
CC-2409,3190508
CC-2409,3190510
CC-2409,3190511
CC-2409,3190512
CC-2409,3190513
CC-2409,3190514
CC-2409,3190518
CC-2409,3190519
CC-2409,3190520
CC-2409,3191530
CC-2409,3163036.0
CC-2410,3189139
CC-2410,3189139.0
CC-2411,3189300
CC-2411,3189342
CC-2411,3189375
CC-2411,3189300.0
CC-2412,3191700
CC-2412,3191700.0
CC-2413,3178873
CC-2413,3184571
CC-2413,3189633
CC-2413,3189636
CC-2413,3189715
CC-2413,3178873.0
CC-2414,3190077
CC-2414,3190077.0
CC-2415,3192635
CC-2415,3192635.0
CC-2416,3187664
CC-2416,3192078
CC-2416,3192250
CC-2416,3187664.0
CC-2417,3190539
CC-2417,3190539.0
CC-2418,3191196
CC-2418,3191196.0
CC-2419,3189744
CC-2419,3189744.0
CC-2420,3192372
CC-2420,3192372.0
CC-2421,3191983
CC-2421,3192408
CC-2421,3191983.0
CC-2422,3192455
CC-2422,3192455.0
CC-2423,3190563
CC-2423,3190563.0
CC-2424,3189185
CC-2424,3189574
CC-2424,3189615
CC-2424,3189618
CC-2424,3189624
CC-2424,3189631
CC-2424,3189640
CC-2424,3189644
CC-2424,3189658
CC-2424,3189660
CC-2424,3189667
CC-2424,3189678
CC-2424,3189684
CC-2424,3189687
CC-2424,3189709
CC-2424,3189720
CC-2424,3190509
CC-2424,3189185.0
CC-2425,3193189
CC-2426,3190532
CC-2426,3190535
CC-2426,3190532.0
CC-2427,3191692
CC-2427,3191692.0
CC-2428,3186397
CC-2428,3186398
CC-2428,3186422
CC-2428,3191222
CC-2428,3186397.0
CC-2429,3192820
CC-2429,3192820.0
CC-2430,3193488
CC-2430,3193488.0
CC-2431,3193207
CC-2431,3193207.0
CC-2432,3190758
CC-2432,3191102
CC-2432,3190758.0
CC-2433,3193149
CC-2433,3193149.0
CC-2434,3194141
CC-2434,3194141.0
CC-2435,3194365
CC-2435,3194365.0
CC-2436,3192945
CC-2436,3192945.0
CC-2437,3166581
CC-2437,3169660
CC-2437,3174629
CC-2437,3175774
CC-2437,3177648
CC-2437,3177872
CC-2437,3177927
CC-2437,3178380
CC-2437,3179481
CC-2437,3179486
CC-2437,3179491
CC-2437,3180821
CC-2437,3180858
CC-2437,3186001
CC-2437,3186067
CC-2437,3186501
CC-2437,3188247
CC-2437,3191968
CC-2437,3192006
CC-2437,3166581.0
CC-2438,3191428
CC-2438,3191469
CC-2438,3191428.0
CC-2439,3191512
CC-2439,3191512.0
CC-2440,3192194
CC-2440,3192194.0
CC-2441,3194934
CC-2441,3195017
CC-2441,3194934.0
CC-2442,3191954
CC-2442,3191954.0
CC-2443,3195614
CC-2443,3195614.0
CC-2444,3195705
CC-2445,3195433
CC-2445,3195433.0
CC-2446,3190471
CC-2446,3190473
CC-2446,3190478
CC-2446,3193236
CC-2446,3190471.0
CC-2447,3193949
CC-2447,3193949.0
CC-2448,3195811
CC-2448,3195811.0
CC-2449,3193362
CC-2449,3193362.0
CC-2450,3194274
CC-2450,3194274.0
CC-2451,3194665
CC-2451,3194665.0
CC-2452,3195979
CC-2453,3193415
CC-2453,3193417
CC-2453,3193415.0
CC-2454,3190392
CC-2454,3190408
CC-2454,3194953
CC-2454,3190392.0
CC-2455,3195843
CC-2456,3194302
CC-2456,3194302.0
CC-2457,3192246
CC-2457,3192336
CC-2457,3192363
CC-2457,3194142
CC-2457,3192246.0
CC-2458,3186895
CC-2458,3188047
CC-2458,3191183
CC-2458,3193929
CC-2458,3193981
CC-2458,3186895.0
CC-2459,3193022
CC-2459,3193597
CC-2459,3193727
CC-2459,3193735
CC-2459,3193022.0
CC-2460,3188119
CC-2460,3188122
CC-2460,3188124
CC-2460,3188139
CC-2460,3188198
CC-2460,3188206
CC-2460,3193358
CC-2460,3188119.0
CC-2461,3193498
CC-2461,3193498.0
CC-2462,3196305
CC-2462,3196305.0
CC-2463,3187643
CC-2463,3187645
CC-2463,3192061
CC-2463,3194258
CC-2463,3187643.0
CC-2464,3196396
CC-2464,3196396.0
CC-2465,3195939
CC-2465,3196051
CC-2465,3195939.0
CC-2466,3185941
CC-2466,3187981
CC-2466,3190774
CC-2466,3190775
CC-2466,3193559
CC-2466,3193619
CC-2466,3185941.0
CC-2467,3193678
CC-2467,3193678.0
CC-2468,3194533
CC-2468,3194533.0
CC-2469,3196018
CC-2469,3196018.0
CC-2470,3193935
CC-2470,3193935.0
CC-2471,3195649
CC-2471,3195722
CC-2471,3195649.0
CC-2472,3196293
CC-2472,3196297
CC-2472,3196293.0
CC-2473,3191037
CC-2473,3194831
CC-2473,3191037.0
CC-2474,3192034
CC-2474,3192092
CC-2474,3195323
CC-2474,3192034.0
CC-2475,3195145
CC-2475,3196176
CC-2475,3195145.0
CC-2476,3196249
CC-2476,3196267
CC-2476,3196249.0
CC-2477,3195344
CC-2477,3195344.0
CC-2478,3196043
CC-2478,3196355
CC-2478,3196043.0
CC-2479,3196888
CC-2479,3196888.0
CC-2480,3195405
CC-2480,3195445
CC-2480,3195462
CC-2480,3195405.0
CC-2481,3182272
CC-2481,3183964
CC-2481,3187251
CC-2481,3187291
CC-2481,3187530
CC-2481,3189973
CC-2481,3193969
CC-2481,3194019
CC-2481,3196736
CC-2481,3182272.0
CC-2482,3196842
CC-2482,3196842.0
CC-2483,3177799
CC-2483,3181918
CC-2483,3181939
CC-2483,3184675
CC-2483,3187632
CC-2483,3190410
CC-2483,3192847
CC-2483,3194877
CC-2483,3194917
CC-2483,3194919
CC-2483,3194924
CC-2483,3177799.0
CC-2484,3196862
CC-2485,3196412
CC-2485,3196412.0
CC-2486,3197517
CC-2486,3197517.0
CC-2487,3197740
CC-2488,3196319
CC-2488,3196319.0
CC-2489,3186256
CC-2489,3188772
CC-2489,3189355
CC-2489,3189444
CC-2489,3193371
CC-2489,3195672
CC-2489,3196114
CC-2489,3196168
CC-2489,3197196
CC-2489,3186256.0
CC-2490,3196348
CC-2490,3196348.0
CC-2491,3194852
CC-2491,3194852.0
CC-2492,3194728
CC-2492,3194728.0
CC-2493,3192998
CC-2493,3196390
CC-2493,3196397
CC-2493,3192998.0
CC-2494,3196515
CC-2494,3196515.0
CC-2495,3196323
CC-2495,3196328
CC-2495,3196323.0
CC-2496,3196292
CC-2496,3196295
CC-2496,3196292.0
CC-2497,3195408
CC-2497,3195408.0
CC-2498,3199021
CC-2498,3199021.0
CC-2499,3198907
CC-2499,3198907.0
CC-2500,3199175
CC-2500,3199175.0
CC-2501,3196205
CC-2501,3196205.0
CC-2502,3199236
CC-2503,3190420
CC-2503,3190440
CC-2503,3192572
CC-2503,3196518
CC-2503,3190420.0
CC-2504,3196175
CC-2504,3196175.0
CC-2505,3192604
CC-2505,3193196
CC-2505,3194147
CC-2505,3196113
CC-2505,3197306
CC-2505,3192604.0
CC-2506,3197729
CC-2506,3197729.0
CC-2507,3197397
CC-2507,3197418
CC-2507,3197397.0
CC-2508,3196832
CC-2508,3198099
CC-2508,3196832.0
CC-2509,3198569
CC-2509,3198569.0
CC-2510,3197585
CC-2510,3197585.0
CC-2511,3177230
CC-2511,3179763
CC-2511,3183036
CC-2511,3185902
CC-2511,3185903
CC-2511,3186095
CC-2511,3188439
CC-2511,3191356
CC-2511,3194593
CC-2511,3196818
CC-2511,3197118
CC-2511,3177230.0
CC-2512,3196808
CC-2512,3196823
CC-2512,3196854
CC-2512,3196866
CC-2512,3196808.0
CC-2513,3198439
CC-2513,3198439.0
CC-2514,3199138
CC-2514,3199138.0
CC-2515,3197841
CC-2515,3197877
CC-2515,3197921
CC-2515,3197841.0
CC-2516,3198797
CC-2516,3198797.0
CC-2517,3196644
CC-2517,3196644.0
CC-2518,3199109
CC-2518,3199109.0
CC-2519,3198348
CC-2519,3198348.0
CC-2520,3186002
CC-2520,3190740
CC-2520,3193855
CC-2520,3193868
CC-2520,3196891
CC-2520,3186002.0
CC-2521,3197077
CC-2521,3197099
CC-2521,3197077.0
CC-2522,3198293
CC-2522,3198293.0
CC-2523,3199146
CC-2523,3199146.0
CC-2524,3192357
CC-2524,3195267
CC-2524,3198292
CC-2524,3192357.0
CC-2525,3197403
CC-2525,3197403.0
CC-2526,3194907
CC-2526,3196064
CC-2526,3198039
CC-2526,3198059
CC-2526,3194907.0
CC-2527,3200546
CC-2527,3200546.0
CC-2528,3188530
CC-2528,3188825
CC-2528,3188846
CC-2528,3191039
CC-2528,3191060
CC-2528,3195416
CC-2528,3195488
CC-2528,3197473
CC-2528,3197485
CC-2528,3200040
CC-2528,3188530.0
CC-2529,3199902
CC-2529,3199902.0
CC-2530,3201074
CC-2531,3198887
CC-2531,3198887.0
CC-2532,3198752
CC-2532,3199261
CC-2532,3198752.0
CC-2533,3201581
CC-2534,3200603
CC-2535,3200396
CC-2535,3200396.0
CC-2536,3198486
CC-2536,3198486.0
CC-2537,3201647
CC-2538,3198421
CC-2538,3199485
CC-2538,3198421.0
CC-2539,3199703
CC-2539,3199802
CC-2539,3199703.0
CC-2540,3199209
CC-2540,3199209.0
CC-2541,3198744
CC-2541,3198744.0
CC-2542,3199699
CC-2542,3199699.0
CC-2543,3194483
CC-2543,3197037
CC-2543,3197061
CC-2543,3199852
CC-2543,3194483.0
CC-2544,3199135
CC-2544,3199135.0
CC-2545,3201992
CC-2545,3202040
CC-2545,3201992.0
CC-2546,3200997
CC-2546,3201911
CC-2546,3200997.0
CC-2547,3199287
CC-2547,3199289
CC-2547,3199290
CC-2547,3199287.0
CC-2548,3200903
CC-2548,3200903.0
CC-2549,3200940
CC-2549,3200940.0
CC-2550,3200431
CC-2550,3200431.0
CC-2551,3201305
CC-2551,3201313
CC-2551,3201305.0
CC-2552,3198267
CC-2552,3199405
CC-2552,3198267.0
CC-2553,3199635
CC-2553,3199635.0
CC-2554,3202177
CC-2554,3202177.0
CC-2555,3200500
CC-2555,3200500.0
CC-2556,3187477
CC-2556,3188824
CC-2556,3188896
CC-2556,3189547
CC-2556,3192015
CC-2556,3192436
CC-2556,3193135
CC-2556,3194892
CC-2556,3195920
CC-2556,3196557
CC-2556,3197156
CC-2556,3198881
CC-2556,3201302
CC-2556,3201344
CC-2556,3187477.0
CC-2557,3193333
CC-2557,3193338
CC-2557,3198789
CC-2557,3200357
CC-2557,3193333.0
CC-2558,3202145
CC-2558,3202151
CC-2558,3202162
CC-2558,3202145.0
CC-2559,3200905
CC-2559,3200905.0
CC-2560,3198839
CC-2560,3199944
CC-2560,3199988
CC-2560,3200760
CC-2560,3200774
CC-2560,3200813
CC-2560,3198839.0
CC-2561,3197708
CC-2561,3202249
CC-2561,3197708.0
CC-2562,3200039
CC-2562,3200039.0
CC-2563,3200473
CC-2563,3200473.0
CC-2564,3200757
CC-2564,3200757.0
CC-2565,3189882
CC-2565,3195375
CC-2565,3196915
CC-2565,3197197
CC-2565,3197830
CC-2565,3200797
CC-2565,3189882.0
CC-2566,3199882
CC-2566,3200175
CC-2566,3199882.0
CC-2567,3200461
CC-2567,3200461.0
CC-2568,3200668
CC-2568,3200668.0
CC-2569,3200680
CC-2569,3200680.0
CC-2570,3201737
CC-2570,3201737.0
CC-2571,3200366
CC-2571,3200442
CC-2571,3200366.0
CC-2572,3199325
CC-2572,3204124
CC-2572,3199325.0
CC-2573,3201859
CC-2573,3201859.0
CC-2574,3201841
CC-2574,3201978
CC-2574,3201841.0
CC-2575,3202852
CC-2575,3202863
CC-2575,3202852.0
CC-2576,3202423
CC-2576,3202423.0
CC-2577,3204051
CC-2578,3201169
CC-2578,3201169.0
CC-2579,3204262
CC-2579,3204262.0
CC-2580,3202393
CC-2580,3202448
CC-2580,3202393.0
CC-2581,3202217
CC-2581,3202217.0
CC-2582,3204475
CC-2582,3204475.0
CC-2583,3195089
CC-2583,3198102
CC-2583,3202409
CC-2583,3202505
CC-2583,3195089.0
CC-2584,3202092
CC-2584,3202092.0
CC-2585,3201445
CC-2585,3202725
CC-2585,3202778
CC-2585,3201445.0
CC-2586,3203865
CC-2586,3203865.0
CC-2587,3202102
CC-2587,3202102.0
CC-2588,3190320
CC-2588,3190603
CC-2588,3191805
CC-2588,3191824
CC-2588,3192386
CC-2588,3192433
CC-2588,3193399
CC-2588,3193650
CC-2588,3193664
CC-2588,3193689
CC-2588,3194721
CC-2588,3194742
CC-2588,3194782
CC-2588,3194969
CC-2588,3196257
CC-2588,3196334
CC-2588,3196387
CC-2588,3198487
CC-2588,3198499
CC-2588,3200271
CC-2588,3200306
CC-2588,3201436
CC-2588,3201448
CC-2588,3201551
CC-2588,3201556
CC-2588,3202694
CC-2588,3202743
CC-2588,3202790
CC-2588,3202808
CC-2588,3190320.0
CC-2589,3203872
CC-2589,3203948
CC-2589,3203872.0
CC-2590,3197065
CC-2590,3197149
CC-2590,3197204
CC-2590,3197345
CC-2590,3197547
CC-2590,3197582
CC-2590,3199029
CC-2590,3199284
CC-2590,3201848
CC-2590,3204767
CC-2590,3197065.0
CC-2591,3204849
CC-2592,3204891
CC-2592,3204891.0
CC-2593,3204609
CC-2593,3204609.0
CC-2594,3205186
CC-2595,3199561
CC-2595,3204558
CC-2595,3199561.0
CC-2596,3203361
CC-2596,3203361.0
CC-2597,3203583
CC-2597,3203583.0
CC-2598,3202807
CC-2598,3202850
CC-2598,3202807.0
CC-2599,3203737
CC-2599,3203737.0
CC-2600,3202830
CC-2600,3202830.0
CC-2601,3204386
CC-2601,3204386.0
CC-2602,3199097
CC-2602,3204214
CC-2602,3199097.0
CC-2603,3198123
CC-2603,3198561
CC-2603,3203029
CC-2603,3198123.0
CC-2604,3202914
CC-2604,3202914.0
CC-2605,3204815
CC-2605,3205389
CC-2605,3204815.0
CC-2606,3205030
CC-2606,3205030.0
CC-2607,3204786
CC-2607,3206482
CC-2607,3204786.0
CC-2608,3206000
CC-2609,3203626
CC-2609,3203676
CC-2609,3203626.0
CC-2610,3206358
CC-2610,3206450
CC-2610,3207092
CC-2610,3206358.0
CC-2611,3203911
CC-2611,3203911.0
CC-2612,3191138
CC-2612,3192744
CC-2612,3192752
CC-2612,3192794
CC-2612,3192848
CC-2612,3193926
CC-2612,3195160
CC-2612,3197057
CC-2612,3197095
CC-2612,3197185
CC-2612,3200647
CC-2612,3200709
CC-2612,3200738
CC-2612,3202547
CC-2612,3206448
CC-2612,3191138.0
CC-2613,3206936
CC-2613,3207023
CC-2613,3206936.0
CC-2614,3205693
CC-2614,3205693.0
CC-2615,3197523
CC-2615,3202116
CC-2615,3202120
CC-2615,3202123
CC-2615,3203066
CC-2615,3206122
CC-2615,3197523.0
CC-2616,3207104
CC-2616,3207104.0
CC-2617,3205723
CC-2617,3205723.0
CC-2618,3207485
CC-2619,3206103
CC-2619,3206103.0
CC-2620,3206254
CC-2620,3206254.0
CC-2621,3200566
CC-2621,3205046
CC-2621,3200566.0
CC-2622,3183511
CC-2622,3185792
CC-2622,3189088
CC-2622,3189326
CC-2622,3189446
CC-2622,3193583
CC-2622,3193608
CC-2622,3198992
CC-2622,3199012
CC-2622,3201028
CC-2622,3201619
CC-2622,3205675
CC-2622,3207704
CC-2622,3183511.0
CC-2623,3206480
CC-2623,3206480.0
CC-2624,3205656
CC-2624,3205656.0
CC-2625,3204947
CC-2625,3206229
CC-2625,3204947.0
CC-2626,3207224
CC-2626,3207290
CC-2626,3207224.0
CC-2627,3207556
CC-2627,3207556.0
CC-2628,3205732
CC-2628,3205732.0
CC-2629,3202267
CC-2629,3205001
CC-2629,3202267.0
CC-2630,3205623
CC-2630,3205623.0
CC-2631,3205538
CC-2631,3205575
CC-2631,3205608
CC-2631,3205538.0
CC-2632,3206681
CC-2632,3206681.0
CC-2633,3194778
CC-2633,3199168
CC-2633,3203228
CC-2633,3203256
CC-2633,3207779
CC-2633,3207807
CC-2633,3207811
CC-2633,3194778.0
CC-2634,3206716
CC-2634,3207612
CC-2634,3206716.0
CC-2635,3195679
CC-2635,3197152
CC-2635,3197250
CC-2635,3197321
CC-2635,3197712
CC-2635,3198098
CC-2635,3198107
CC-2635,3199927
CC-2635,3204879
CC-2635,3205976
CC-2635,3195679.0
CC-2636,3206175
CC-2636,3206175.0
CC-2637,3203175
CC-2637,3206790
CC-2637,3203175.0
CC-2638,3208807
CC-2639,3208623
CC-2639,3208623.0
CC-2640,3199511
CC-2640,3201930
CC-2640,3202115
CC-2640,3202175
CC-2640,3205978
CC-2640,3207646
CC-2640,3199511.0
CC-2641,3208773
CC-2642,3206629
CC-2642,3206629.0
CC-2643,3194584
CC-2643,3198003
CC-2643,3198014
CC-2643,3198028
CC-2643,3198036
CC-2643,3198114
CC-2643,3198258
CC-2643,3198263
CC-2643,3198291
CC-2643,3198360
CC-2643,3201707
CC-2643,3206697
CC-2643,3194584.0
CC-2644,3207657
CC-2644,3207657.0
CC-2645,3207648
CC-2645,3207648.0
CC-2646,3204399
CC-2646,3206758
CC-2646,3207645
CC-2646,3208512
CC-2646,3204399.0
CC-2647,3207003
CC-2647,3207003.0
CC-2648,3207218
CC-2648,3207218.0
CC-2649,3207726
CC-2649,3193380
CC-2649,3183118
CC-2649,3207726.0
CC-2650,3203881
CC-2650,3203912
CC-2650,3204011
CC-2650,3208143
CC-2650,3209269
CC-2650,3203881.0
CC-2651,3207083
CC-2651,3207109
CC-2651,3207083.0
CC-2652,3207295
CC-2652,3207295.0
CC-2653,3207336
CC-2653,3207336.0
CC-2654,3206602
CC-2654,3207057
CC-2654,3206602.0
CC-2655,3210120
CC-2655,3210120.0
CC-2656,3202810
CC-2656,3204476
CC-2656,3204975
CC-2656,3208557
CC-2656,3208622
CC-2656,3208646
CC-2656,3208825
CC-2656,3209198
CC-2656,3202810.0
CC-2657,3208378
CC-2657,3208430
CC-2657,3208378.0
CC-2658,3207611
CC-2658,3207611.0
CC-2659,3206343
CC-2659,3208076
CC-2659,3208115
CC-2659,3206343.0
CC-2660,3205165
CC-2660,3207794
CC-2660,3208222
CC-2660,3205165.0
CC-2661,3209409
CC-2661,3209494
CC-2661,3209409.0
CC-2662,3209313
CC-2662,3209313.0
CC-2663,3209595
CC-2663,3209595.0
CC-2664,3208737
CC-2664,3208737.0
CC-2665,3209216
CC-2665,3209216.0
CC-2666,3209975
CC-2666,3209975.0
CC-2667,3208821
CC-2667,3208821.0
CC-2668,3210750
CC-2668,3210750.0
CC-2669,3210976
CC-2670,3208970
CC-2670,3208970.0
CC-2671,3208564
CC-2671,3208564.0
CC-2672,3206144
CC-2672,3206949
CC-2672,3209855
CC-2672,3206144.0
CC-2673,3186138
CC-2673,3186160
CC-2673,3186448
CC-2673,3187009
CC-2673,3187050
CC-2673,3188317
CC-2673,3188386
CC-2673,3189940
CC-2673,3193275
CC-2673,3194839
CC-2673,3194942
CC-2673,3196129
CC-2673,3196157
CC-2673,3196538
CC-2673,3196540
CC-2673,3196886
CC-2673,3198442
CC-2673,3198938
CC-2673,3199813
CC-2673,3199827
CC-2673,3199856
CC-2673,3200333
CC-2673,3200410
CC-2673,3204764
CC-2673,3207341
CC-2673,3207390
CC-2673,3208778
CC-2673,3209214
CC-2673,3209716
CC-2673,3209784
CC-2673,3210458
CC-2673,3210460
CC-2673,3210467
CC-2673,3186138.0
CC-2674,3209663
CC-2674,3209663.0
CC-2675,3210189
CC-2675,3210189.0
CC-2676,3210915
CC-2677,3208858
CC-2677,3210132
CC-2677,3208858.0
CC-2678,3207908
CC-2678,3207908.0
CC-2679,3199877
CC-2679,3199943
CC-2679,3203071
CC-2679,3205488
CC-2679,3209712
CC-2679,3199877.0
CC-2680,3209554
CC-2680,3209554.0
CC-2681,3211600
CC-2681,3211600.0
CC-2682,3211610
CC-2682,3211610.0
CC-2683,3209856
CC-2683,3209856.0
CC-2684,3211592
CC-2684,3211592.0
CC-2685,3211051
CC-2686,3210498
CC-2686,3210498.0
CC-2687,3209076
CC-2687,3209104
CC-2687,3209076.0
CC-2688,3209443
CC-2688,3209443.0
CC-2689,3210258
CC-2689,3210258.0
CC-2690,3212047
CC-2690,3212047.0
CC-2691,3202352
CC-2691,3207526
CC-2691,3207530
CC-2691,3207543
CC-2691,3209742
CC-2691,3210597
CC-2691,3202352.0
CC-2692,3212797
CC-2693,3209795
CC-2693,3209795.0
CC-2694,3188498
CC-2694,3190809
CC-2694,3196352
CC-2694,3202019
CC-2694,3206636
CC-2694,3207254
CC-2694,3207278
CC-2694,3207300
CC-2694,3207321
CC-2694,3207339
CC-2694,3209599
CC-2694,3188498.0
CC-2695,3212716
CC-2696,3209613
CC-2696,3209811
CC-2696,3212222
CC-2696,3209613.0
CC-2697,3211091
CC-2697,3211913
CC-2697,3211091.0
CC-2698,3209502
CC-2698,3212019
CC-2698,3209502.0
CC-2699,3204581
CC-2699,3204622
CC-2699,3205837
CC-2699,3205932
CC-2699,3206896
CC-2699,3210914
CC-2699,3210972
CC-2699,3212117
CC-2699,3212526
CC-2699,3212561
CC-2699,3212568
CC-2699,3212577
CC-2699,3204581.0
CC-2700,3212380
CC-2700,3212385
CC-2700,3212380.0
CC-2701,3212988
CC-2701,3212988.0
CC-2702,3210774
CC-2702,3210898
CC-2702,3210774.0
CC-2703,3213349
CC-2703,3213349.0
CC-2704,3208993
CC-2704,3212340
CC-2704,3212367
CC-2704,3208993.0
CC-2705,3210502
CC-2705,3210502.0
CC-2706,3210895
CC-2706,3210948
CC-2706,3210895.0
CC-2707,3211977
CC-2707,3211977.0
CC-2708,3204350
CC-2708,3209368
CC-2708,3210930
CC-2708,3210991
CC-2708,3211005
CC-2708,3204350.0
CC-2709,3210852
CC-2709,3210852.0
CC-2710,3213383
CC-2710,3213383.0
CC-2711,3208634
CC-2711,3211302
CC-2711,3212494
CC-2711,3212497
CC-2711,3208634.0
CC-2712,3212020
CC-2712,3212323
CC-2712,3212020.0
CC-2713,3194745
CC-2713,3196079
CC-2713,3196389
CC-2713,3198032
CC-2713,3199126
CC-2713,3199140
CC-2713,3199142
CC-2713,3199170
CC-2713,3202297
CC-2713,3206101
CC-2713,3206257
CC-2713,3208067
CC-2713,3212907
CC-2713,3212951
CC-2713,3212972
CC-2713,3194745.0
CC-2714,3202668
CC-2714,3206333
CC-2714,3211157
CC-2714,3211219
CC-2714,3212219
CC-2714,3212233
CC-2714,3202668.0
CC-2715,3213465
CC-2715,3213485
CC-2715,3213465.0
CC-2716,3203970
CC-2716,3206378
CC-2716,3207930
CC-2716,3208000
CC-2716,3209774
CC-2716,3213038
CC-2716,3203970.0
CC-2717,3205296
CC-2717,3205317
CC-2717,3210098
CC-2717,3211111
CC-2717,3211443
CC-2717,3211509
CC-2717,3205296.0
CC-2718,3212950
CC-2718,3212950.0
CC-2719,3206190
CC-2719,3206705
CC-2719,3206911
CC-2719,3208554
CC-2719,3208660
CC-2719,3208693
CC-2719,3211788
CC-2719,3206190.0
CC-2720,3211618
CC-2720,3211618.0
CC-2721,3210212
CC-2721,3210727
CC-2721,3210212.0
CC-2722,3206871
CC-2722,3211552
CC-2722,3211581
CC-2722,3206871.0
CC-2723,3213993
CC-2723,3214083
CC-2723,3213993.0
CC-2724,3214012
CC-2724,3214037
CC-2724,3214012.0
CC-2725,3211465
CC-2725,3212556
CC-2725,3211465.0
CC-2726,3212805
CC-2726,3212805.0
CC-2727,3213371
CC-2727,3213768
CC-2727,3213371.0
CC-2728,3213536
CC-2728,3213546
CC-2728,3213536.0
CC-2729,3212861
CC-2729,3212890
CC-2729,3212963
CC-2729,3212968
CC-2729,3212861.0
CC-2730,3213980
CC-2730,3213980.0
CC-2731,3212422
CC-2731,3212422.0
CC-2732,3210430
CC-2732,3215089
CC-2732,3210430.0
CC-2733,3213122
CC-2733,3213122.0
CC-2734,3200119
CC-2734,3204389
CC-2734,3204405
CC-2734,3205578
CC-2734,3205915
CC-2734,3205927
CC-2734,3211061
CC-2734,3211080
CC-2734,3211133
CC-2734,3211196
CC-2734,3211208
CC-2734,3211306
CC-2734,3211323
CC-2734,3211853
CC-2734,3211868
CC-2734,3200119.0
CC-2735,3214993
CC-2735,3215132
CC-2735,3215187
CC-2735,3214993.0
CC-2736,3214669
CC-2736,3214673
CC-2736,3214669.0
CC-2737,3212351
CC-2737,3212351.0
CC-2738,3212387
CC-2738,3212393
CC-2738,3212387.0
CC-2739,3212397
CC-2739,3212397.0
CC-2740,3216036
CC-2741,3214936
CC-2742,3215618
CC-2743,3215668
CC-2744,3209442
CC-2744,3213085
CC-2744,3213102
CC-2744,3209442.0
CC-2745,3215039
CC-2745,3215039.0
CC-2746,3212394
CC-2746,3215104
CC-2746,3215194
CC-2746,3215210
CC-2746,3215274
CC-2746,3215281
CC-2746,3212394.0
CC-2747,3214226
CC-2747,3214241
CC-2747,3214226.0
CC-2748,3213308
CC-2748,3213308.0
CC-2749,3215667
CC-2750,3213352
CC-2750,3213358
CC-2750,3213352.0
CC-2751,3213816
CC-2751,3213816.0
CC-2752,3214250
CC-2752,3214250.0
CC-2753,3208719
CC-2753,3210934
CC-2753,3214156
CC-2753,3208719.0
CC-2754,3215223
CC-2754,3215223.0
CC-2755,3216281
CC-2756,3214648
CC-2756,3214648.0
CC-2757,3215351
CC-2757,3215351.0
CC-2758,3216412
CC-2758,3216470
CC-2758,3216412.0
CC-2759,3213901
CC-2759,3213901.0
CC-2760,3207282
CC-2760,3211115
CC-2760,3211382
CC-2760,3211498
CC-2760,3215321
CC-2760,3207282.0
CC-2761,3207631
CC-2761,3207635
CC-2761,3207641
CC-2761,3208022
CC-2761,3209391
CC-2761,3209394
CC-2761,3209411
CC-2761,3209414
CC-2761,3209425
CC-2761,3209444
CC-2761,3209450
CC-2761,3209499
CC-2761,3209501
CC-2761,3209506
CC-2761,3209507
CC-2761,3209530
CC-2761,3209536
CC-2761,3209564
CC-2761,3209566
CC-2761,3209573
CC-2761,3209577
CC-2761,3209578
CC-2761,3209582
CC-2761,3209593
CC-2761,3209604
CC-2761,3211703
CC-2761,3212112
CC-2761,3212911
CC-2761,3212958
CC-2761,3212962
CC-2761,3212976
CC-2761,3212997
CC-2761,3213005
CC-2761,3213015
CC-2761,3213026
CC-2761,3213028
CC-2761,3213048
CC-2761,3213058
CC-2761,3216727
CC-2761,3216729
CC-2761,3216752
CC-2761,3216824
CC-2761,3216886
CC-2761,3207631.0
CC-2762,3204865
CC-2762,3208580
CC-2762,3210180
CC-2762,3211074
CC-2762,3212363
CC-2762,3212416
CC-2762,3212468
CC-2762,3217083
CC-2762,3204865.0
CC-2763,3217108
CC-2764,3218322
CC-2765,3215995
CC-2765,3215995.0
CC-2766,3218223
CC-2766,3218223.0
CC-2767,3217122
CC-2767,3217128
CC-2767,3217122.0
CC-2768,3215459
CC-2768,3215459.0
CC-2769,3218544
CC-2769,3218544.0
CC-2770,3218462
CC-2771,3210224
CC-2771,3215449
CC-2771,3217641
CC-2771,3217687
CC-2771,3210224.0
CC-2772,3217262
CC-2772,3217281
CC-2772,3217262.0
CC-2773,3218668
CC-2774,3218786
CC-2774,3218786.0
CC-2775,3218272
CC-2775,3218272.0
CC-2776,3217253
CC-2776,3217253.0
CC-2777,3215334
CC-2777,3215334.0
CC-2778,3217743
CC-2778,3217743.0
CC-2779,3211650
CC-2779,3211680
CC-2779,3216865
CC-2779,3211650.0
CC-2780,3218303
CC-2780,3218303.0
CC-2781,3216815
CC-2781,3216815.0
CC-2782,3218780
CC-2782,3218780.0
CC-2783,3218605
CC-2783,3218605.0
CC-2784,3210379
CC-2784,3216105
CC-2784,3210379.0
CC-2785,3213100
CC-2785,3216280
CC-2785,3213100.0
CC-2786,3217570
CC-2786,3217570.0
CC-2787,3203403
CC-2787,3208559
CC-2787,3211720
CC-2787,3214542
CC-2787,3218351
CC-2787,3218404
CC-2787,3203403.0
CC-2788,3219020
CC-2789,3218333
CC-2789,3218333.0
CC-2790,3219160
CC-2790,3219160.0
CC-2791,3218784
CC-2791,3218784.0
CC-2792,3218697
CC-2792,3218697.0
CC-2793,3217398
CC-2793,3217398.0
CC-2794,3218105
CC-2794,3218105.0
CC-2795,3217766
CC-2795,3217766.0
CC-2796,3218331
CC-2796,3218331.0
CC-2797,3216655
CC-2797,3216655.0
CC-2798,3219254
CC-2798,3219572
CC-2798,3219254.0
CC-2799,3216701
CC-2799,3218551
CC-2799,3216701.0
CC-2800,3051659
CC-2800,3053895
CC-2800,3058838
CC-2800,3058898
CC-2800,3063160
CC-2800,3068320
CC-2800,3068430
CC-2800,3073301
CC-2800,3074834
CC-2800,3074898
CC-2800,3076284
CC-2800,3077635
CC-2800,3080477
CC-2800,3081490
CC-2800,3081646
CC-2800,3083820
CC-2800,3086869
CC-2800,3086972
CC-2800,3093185
CC-2800,3093275
CC-2800,3096999
CC-2800,3097056
CC-2800,3101535
CC-2800,3103225
CC-2800,3103793
CC-2800,3103861
CC-2800,3103888
CC-2800,3105524
CC-2800,3105533
CC-2800,3105976
CC-2800,3110852
CC-2800,3115014
CC-2800,3120673
CC-2800,3123084
CC-2800,3123203
CC-2800,3125028
CC-2800,3125345
CC-2800,3125350
CC-2800,3125358
CC-2800,3126810
CC-2800,3132043
CC-2800,3136212
CC-2800,3136247
CC-2800,3136340
CC-2800,3136388
CC-2800,3136424
CC-2800,3136862
CC-2800,3141029
CC-2800,3143796
CC-2800,3147331
CC-2800,3148126
CC-2800,3148190
CC-2800,3148410
CC-2800,3148419
CC-2800,3149164
CC-2800,3150480
CC-2800,3151316
CC-2800,3151354
CC-2800,3154159
CC-2800,3158046
CC-2800,3162976
CC-2800,3163957
CC-2800,3164221
CC-2800,3165866
CC-2800,3167757
CC-2800,3168797
CC-2800,3170024
CC-2800,3172640
CC-2800,3172647
CC-2800,3173788
CC-2800,3173834
CC-2800,3176578
CC-2800,3180422
CC-2800,3182459
CC-2800,3184898
CC-2800,3185910
CC-2800,3185926
CC-2800,3187059
CC-2800,3187635
CC-2800,3187780
CC-2800,3190707
CC-2800,3190771
CC-2800,3190857
CC-2800,3191160
CC-2800,3193145
CC-2800,3193391
CC-2800,3194044
CC-2800,3196702
CC-2800,3196705
CC-2800,3196709
CC-2800,3196809
CC-2800,3197038
CC-2800,3197054
CC-2800,3197084
CC-2800,3197090
CC-2800,3197126
CC-2800,3197128
CC-2800,3197135
CC-2800,3200557
CC-2800,3202169
CC-2800,3202670
CC-2800,3203057
CC-2800,3205168
CC-2800,3209650
CC-2800,3209744
CC-2800,3210411
CC-2800,3210452
CC-2800,3210456
CC-2800,3213511
CC-2800,3214754
CC-2800,3214772
CC-2800,3214799
CC-2800,3218737
CC-2800,3219641
CC-2800,3219661
CC-2800,3051659.0
CC-2801,3215751
CC-2801,3217749
CC-2801,3215751.0
CC-2802,3220097
CC-2803,3218300
CC-2803,3219716
CC-2803,3219764
CC-2803,3218300.0
CC-2804,3219906
CC-2804,3219928
CC-2804,3220003
CC-2804,3219906.0
CC-2805,3218354
CC-2805,3218354.0
CC-2806,3219127
CC-2806,3219127.0
CC-2807,3217969
CC-2807,3220664
CC-2807,3220853
CC-2807,3217969.0
CC-2808,3217815
CC-2808,3217821
CC-2808,3217815.0
CC-2809,3220727
CC-2809,3220727.0
CC-2810,3220240
CC-2811,3220242
CC-2811,3220242.0
CC-2812,3206650
CC-2812,3207673
CC-2812,3210968
CC-2812,3213359
CC-2812,3213360
CC-2812,3213365
CC-2812,3213370
CC-2812,3215208
CC-2812,3215317
CC-2812,3215571
CC-2812,3215630
CC-2812,3215687
CC-2812,3216319
CC-2812,3218763
CC-2812,3206650.0
CC-2813,3215904
CC-2813,3215934
CC-2813,3216014
CC-2813,3216024
CC-2813,3218308
CC-2813,3218329
CC-2813,3218381
CC-2813,3215904.0
CC-2814,3221222
CC-2814,3221222.0
CC-2815,3220996
CC-2815,3221236
CC-2815,3220996.0
CC-2816,3220631
CC-2816,3220631.0
CC-2817,3220442
CC-2817,3220442.0
CC-2818,3219619
CC-2818,3219632
CC-2818,3219619.0
CC-2819,3218723
CC-2819,3218723.0
CC-2820,3218880
CC-2820,3218880.0
CC-2821,3218260
CC-2821,3218260.0
CC-2822,3220750
CC-2822,3220750.0
CC-2823,3218225
CC-2823,3218225.0
CC-2824,3221574
CC-2825,3218553
CC-2825,3218617
CC-2825,3218908
CC-2825,3218935
CC-2825,3218943
CC-2825,3218962
CC-2825,3218553.0
CC-2826,3221001
CC-2826,3221001.0
CC-2827,3221528
CC-2827,3221528.0
CC-2828,3221318
CC-2828,3221325
CC-2828,3221318.0
CC-2829,3217867
CC-2829,3219932
CC-2829,3217867.0
CC-2830,3219102
CC-2830,3219102.0
CC-2831,3221338
CC-2831,3221378
CC-2831,3221338.0
CC-2832,3220322
CC-2832,3220322.0
CC-2833,3220544
CC-2833,3220544.0
CC-2834,3215295
CC-2834,3215680
CC-2834,3218944
CC-2834,3220136
CC-2834,3215295.0
CC-2835,3214566
CC-2835,3217029
CC-2835,3219759
CC-2835,3219796
CC-2835,3214566.0
CC-2836,3219326
CC-2836,3219339
CC-2836,3219326.0
CC-2837,3221210
CC-2837,3221210.0
CC-2838,3221261
CC-2838,3221261.0
CC-2839,3221284
CC-2839,3221284.0
CC-2840,3219968
CC-2840,3219968.0
CC-2841,3195594
CC-2841,3200032
CC-2841,3203709
CC-2841,3206875
CC-2841,3208756
CC-2841,3208770
CC-2841,3209258
CC-2841,3209707
CC-2841,3212298
CC-2841,3212330
CC-2841,3214300
CC-2841,3214901
CC-2841,3215212
CC-2841,3215222
CC-2841,3217658
CC-2841,3221717
CC-2841,3195594.0
CC-2842,3221993
CC-2842,3221993.0
CC-2843,3220519
CC-2843,3220519.0
CC-2844,3208124
CC-2844,3212337
CC-2844,3212471
CC-2844,3215182
CC-2844,3218756
CC-2844,3219972
CC-2844,3208124.0
CC-2845,3215285
CC-2845,3215342
CC-2845,3220580
CC-2845,3215285.0
CC-2846,3222505
CC-2846,3222505.0
CC-2847,3220324
CC-2847,3220324.0
CC-2848,3222449
CC-2848,3222449.0
CC-2849,3219107
CC-2849,3222490
CC-2849,3219107.0
CC-2850,3222954
CC-2851,3220937
CC-2851,3220937.0
CC-2852,3217459
CC-2852,3221995
CC-2852,3222545
CC-2852,3217459.0
CC-2853,3191163
CC-2853,3191166
CC-2853,3191178
CC-2853,3191235
CC-2853,3192367
CC-2853,3192460
CC-2853,3192494
CC-2853,3195038
CC-2853,3195055
CC-2853,3196279
CC-2853,3196287
CC-2853,3198972
CC-2853,3203051
CC-2853,3204729
CC-2853,3204734
CC-2853,3204807
CC-2853,3206514
CC-2853,3206631
CC-2853,3206923
CC-2853,3206982
CC-2853,3207605
CC-2853,3207617
CC-2853,3210274
CC-2853,3211937
CC-2853,3212938
CC-2853,3214954
CC-2853,3215058
CC-2853,3217394
CC-2853,3217480
CC-2853,3220889
CC-2853,3220948
CC-2853,3191163.0
CC-2854,3220566
CC-2854,3220584
CC-2854,3220566.0
CC-2855,3221230
CC-2855,3221230.0
CC-2856,3216749
CC-2856,3220602
CC-2856,3216749.0
CC-2857,3220814
CC-2857,3220870
CC-2857,3220814.0
CC-2858,3222517
CC-2858,3222517.0
CC-2859,3221588
CC-2859,3221864
CC-2859,3221588.0
CC-2860,3222220
CC-2860,3222220.0
CC-2861,3223238
CC-2861,3223238.0
CC-2862,3216268
CC-2862,3217130
CC-2862,3221219
CC-2862,3216268.0
CC-2863,3220751
CC-2863,3220856
CC-2863,3220751.0
CC-2864,3222073
CC-2864,3222073.0
CC-2865,3223053
CC-2865,3223053.0
CC-2866,3222910
CC-2867,3221974
CC-2867,3221974.0
CC-2868,3222144
CC-2868,3222144.0
CC-2869,3223483
CC-2869,3223520
CC-2869,3224021
CC-2869,3224041
CC-2869,3223483.0
CC-2870,3218465
CC-2870,3220848
CC-2870,3218465.0
CC-2871,3222367
CC-2871,3222367.0
CC-2872,3220907
CC-2872,3221011
CC-2872,3221029
CC-2872,3221032
CC-2872,3221110
CC-2872,3221132
CC-2872,3220907.0
CC-2873,3221136
CC-2873,3221136.0
CC-2874,3215769
CC-2874,3220427
CC-2874,3222386
CC-2874,3215769.0
CC-2875,3221784
CC-2875,3221784.0
CC-2876,3221255
CC-2876,3221255.0
CC-2877,3221763
CC-2877,3221766
CC-2877,3221798
CC-2877,3221763.0
CC-2878,3221617
CC-2878,3221617.0
CC-2879,3221576
CC-2879,3221663
CC-2879,3222076
CC-2879,3221576.0
CC-2880,3224125
CC-2881,3222455
CC-2881,3222455.0
CC-2882,3222616
CC-2882,3222616.0
CC-2883,3213607
CC-2883,3213645
CC-2883,3214977
CC-2883,3218515
CC-2883,3222637
CC-2883,3213607.0
CC-2884,3222660
CC-2884,3222660.0
CC-2885,3224702
CC-2885,3224702.0
CC-2886,3224436
CC-2886,3224442
CC-2886,3224436.0
CC-2887,3214890
CC-2887,3214891
CC-2887,3215365
CC-2887,3215385
CC-2887,3215387
CC-2887,3215405
CC-2887,3215490
CC-2887,3215627
CC-2887,3215789
CC-2887,3215801
CC-2887,3215852
CC-2887,3217869
CC-2887,3223349
CC-2887,3214890.0
CC-2888,3224899
CC-2888,3224900
CC-2888,3224903
CC-2888,3224906
CC-2888,3224907
CC-2888,3224899.0
CC-2889,3217982
CC-2889,3218168
CC-2889,3223451
CC-2889,3223693
CC-2889,3217982.0
CC-2890,3221965
CC-2890,3221968
CC-2890,3223864
CC-2890,3221965.0
CC-2891,3224578
CC-2891,3224578.0
CC-2892,3224795
CC-2892,3224795.0
CC-2893,3220756
CC-2893,3223327
CC-2893,3223331
CC-2893,3223372
CC-2893,3220756.0
CC-2894,3223857
CC-2894,3224005
CC-2894,3223857.0
CC-2895,3225311
CC-2895,3225311.0
CC-2896,3225557
CC-2896,3225557.0
CC-2897,3220640
CC-2897,3220665
CC-2897,3224301
CC-2897,3224371
CC-2897,3220640.0
CC-2898,3206164
CC-2898,3209209
CC-2898,3213767
CC-2898,3217996
CC-2898,3218034
CC-2898,3221057
CC-2898,3223022
CC-2898,3206164.0
CC-2899,3225554
CC-2899,3225599
CC-2899,3225554.0
CC-2900,3224537
CC-2900,3225306
CC-2900,3224537.0
CC-2901,3224223
CC-2901,3224223.0
CC-2902,3224089
CC-2902,3224089.0
CC-2903,3224107
CC-2903,3224107.0
CC-2904,3224077
CC-2904,3224077.0
CC-2905,3222494
CC-2905,3222509
CC-2905,3222601
CC-2905,3222742
CC-2905,3222494.0
CC-2906,3223826
CC-2906,3223826.0
CC-2907,3226254
CC-2908,3224070
CC-2908,3224070.0
CC-2909,3225551
CC-2909,3225551.0
CC-2910,3224320
CC-2910,3224977
CC-2910,3224320.0
CC-2911,3225520
CC-2912,3226319
CC-2912,3226319.0
CC-2913,3225691
CC-2913,3225691.0
CC-2914,3225454
CC-2914,3225454.0
CC-2915,3206499
CC-2915,3206925
CC-2915,3210689
CC-2915,3213324
CC-2915,3214880
CC-2915,3214940
CC-2915,3216251
CC-2915,3216797
CC-2915,3216836
CC-2915,3220947
CC-2915,3220966
CC-2915,3225230
CC-2915,3225231
CC-2915,3225291
CC-2915,3206499.0
CC-2916,3225481
CC-2916,3225481.0
CC-2917,3225515
CC-2917,3225515.0
CC-2918,3224683
CC-2918,3224683.0
CC-2919,3223032
CC-2919,3224590
CC-2919,3223032.0
CC-2920,3226826
CC-2920,3226826.0
CC-2921,3223803
CC-2921,3223923
CC-2921,3223926
CC-2921,3224012
CC-2921,3224389
CC-2921,3225166
CC-2921,3225174
CC-2921,3223803.0
CC-2922,3225585
CC-2922,3225711
CC-2922,3225736
CC-2922,3225585.0
CC-2923,3223936
CC-2923,3223936.0
CC-2924,3226033
CC-2924,3226033.0
CC-2925,3223979
CC-2925,3223979.0
CC-2926,3222112
CC-2926,3225912
CC-2926,3222112.0
CC-2927,3227124
CC-2927,3227124.0
CC-2928,3226616
CC-2928,3226616.0
CC-2929,3226022
CC-2929,3226022.0
CC-2930,3226564
CC-2930,3227032
CC-2930,3226564.0
CC-2931,3224850
CC-2931,3224850.0
CC-2932,3226470
CC-2932,3226470.0
CC-2933,3225767
CC-2933,3225767.0
CC-2934,3227368
CC-2934,3227368.0
CC-2935,3227871
CC-2935,3227895
CC-2935,3227871.0
CC-2936,3225559
CC-2936,3225562
CC-2936,3225559.0
CC-2937,3227523
CC-2938,3226590
CC-2938,3226590.0
CC-2939,3224835
CC-2939,3224835.0
CC-2940,3221121
CC-2940,3225649
CC-2940,3221121.0
CC-2941,3224292
CC-2941,3225362
CC-2941,3224292.0
CC-2942,3223200
CC-2942,3223226
CC-2942,3224870
CC-2942,3224875
CC-2942,3226798
CC-2942,3223200.0
CC-2943,3227142
CC-2943,3227147
CC-2943,3227142.0
CC-2944,3225692
CC-2944,3225692.0
CC-2945,3217954
CC-2945,3218174
CC-2945,3218194
CC-2945,3220313
CC-2945,3220336
CC-2945,3221525
CC-2945,3222281
CC-2945,3222287
CC-2945,3222353
CC-2945,3223572
CC-2945,3225878
CC-2945,3226916
CC-2945,3217954.0
CC-2946,3223135
CC-2946,3227500
CC-2946,3223135.0
CC-2947,3222820
CC-2947,3222847
CC-2947,3222865
CC-2947,3224968
CC-2947,3222820.0
CC-2948,3224912
CC-2948,3224915
CC-2948,3224916
CC-2948,3224917
CC-2948,3224912.0
CC-2949,3226863
CC-2949,3226933
CC-2949,3226934
CC-2949,3226863.0
CC-2950,3226289
CC-2950,3226289.0
CC-2951,3222799
CC-2951,3222808
CC-2951,3222829
CC-2951,3224187
CC-2951,3225399
CC-2951,3222799.0
CC-2952,3229047
CC-2953,3226021
CC-2953,3226021.0
CC-2954,3227532
CC-2954,3227532.0
CC-2955,3220473
CC-2955,3220482
CC-2955,3220490
CC-2955,3223940
CC-2955,3226763
CC-2955,3227106
CC-2955,3229000
CC-2955,3220473.0
CC-2956,3229414
CC-2957,3225796
CC-2957,3225796.0
CC-2958,3229562
CC-2958,3229562.0
CC-2959,3226807
CC-2959,3226807.0
CC-2960,3227904
CC-2960,3227904.0
CC-2961,3227327
CC-2961,3227403
CC-2961,3227835
CC-2961,3228743
CC-2961,3228785
CC-2961,3228798
CC-2961,3228852
CC-2961,3229095
CC-2961,3229473
CC-2961,3229693
CC-2961,3227327.0
CC-2962,3227169
CC-2962,3227169.0
CC-2963,3228905
CC-2963,3229011
CC-2963,3228905.0
CC-2964,3226855
CC-2964,3226855.0
CC-2965,3205789
CC-2965,3206250
CC-2965,3211630
CC-2965,3211679
CC-2965,3211692
CC-2965,3214231
CC-2965,3215303
CC-2965,3216459
CC-2965,3221703
CC-2965,3225459
CC-2965,3226499
CC-2965,3227024
CC-2965,3227069
CC-2965,3229751
CC-2965,3205789.0
CC-2966,3229794
CC-2966,3229794.0
CC-2967,3230434
CC-2967,3230473
CC-2967,3230608
CC-2967,3230434.0
CC-2968,3230654
CC-2968,3230654.0
CC-2969,3229432
CC-2970,3227353
CC-2970,3227380
CC-2970,3227673
CC-2970,3227738
CC-2970,3229257
CC-2970,3229353
CC-2970,3229395
CC-2970,3229440
CC-2970,3229741
CC-2970,3230015
CC-2970,3230689
CC-2970,3227353.0
CC-2971,3207649
CC-2971,3229520
CC-2971,3207649.0
CC-2972,3231007
CC-2972,3231023
CC-2972,3231036
CC-2972,3231094
CC-2972,3231007.0
CC-2973,3227554
CC-2973,3227554.0
CC-2974,3228200
CC-2974,3228205
CC-2974,3228200.0
CC-2975,3228060
CC-2975,3228060.0
CC-2976,3210665
CC-2976,3213425
CC-2976,3213433
CC-2976,3213441
CC-2976,3213461
CC-2976,3213470
CC-2976,3213623
CC-2976,3216509
CC-2976,3220882
CC-2976,3221519
CC-2976,3221585
CC-2976,3225110
CC-2976,3229622
CC-2976,3229717
CC-2976,3210665.0
CC-2977,3221389
CC-2977,3223393
CC-2977,3223529
CC-2977,3228159
CC-2977,3221389.0
CC-2978,3230391
CC-2978,3230391.0
CC-2979,3229972
CC-2979,3229972.0
CC-2980,3227913
CC-2980,3227913.0
CC-2981,3230715
CC-2981,3230715.0
CC-2982,3229261
CC-2982,3229261.0
CC-2983,3230322
CC-2983,3230322.0
CC-2984,3222916
CC-2984,3223230
CC-2984,3228836
CC-2984,3222916.0
CC-2985,3181760
CC-2985,3231674
CC-2985,3183441
CC-2985,3181760.0
CC-2986,3230964
CC-2986,3230964.0
CC-2987,3230853
CC-2987,3230853.0
CC-2988,3229112
CC-2988,3229112.0
CC-2989,3228093
CC-2989,3228114
CC-2989,3228120
CC-2989,3228148
CC-2989,3231695
CC-2989,3231697
CC-2989,3231698
CC-2989,3231702
CC-2989,3231705
CC-2989,3228093.0
CC-2990,3229238
CC-2990,3229238.0
CC-2991,3228828
CC-2991,3228828.0
CC-2992,3228502
CC-2992,3228599
CC-2992,3228502.0
CC-2993,3228300
CC-2993,3228300.0
CC-2994,3230597
CC-2994,3230597.0
CC-2995,3228480
CC-2995,3228580
CC-2995,3228620
CC-2995,3228480.0
CC-2996,3223316
CC-2996,3223732
CC-2996,3226945
CC-2996,3231469
CC-2996,3223316.0
CC-2997,3227605
CC-2997,3227894
CC-2997,3230419
CC-2997,3227605.0
CC-2998,3227780
CC-2998,3227848
CC-2998,3229568
CC-2998,3230118
CC-2998,3231489
CC-2998,3231491
CC-2998,3227780.0
CC-2999,3231574
CC-2999,3231574.0
CC-3000,3223891
CC-3000,3229466
CC-3000,3229503
CC-3000,3223891.0
CC-3001,3229121
CC-3001,3229121.0
CC-3002,3230160
CC-3002,3230160.0
CC-3003,3231977
CC-3003,3231977.0
CC-3004,3230666
CC-3004,3230666.0
CC-3005,3231266
CC-3005,3231266.0
CC-3006,3232052
CC-3006,3232052.0
CC-3007,3232960
CC-3007,3232960.0
CC-3008,3224677
CC-3008,3224722
CC-3008,3224813
CC-3008,3228695
CC-3008,3224677.0
CC-3009,3231565
CC-3009,3231565.0
CC-3010,3232941
CC-3011,3232503
CC-3011,3232503.0
CC-3012,3231551
CC-3012,3231551.0
CC-3013,3227860
CC-3013,3229420
CC-3013,3227860.0
CC-3014,3231022
CC-3014,3231022.0
CC-3015,3224133
CC-3015,3229316
CC-3015,3224133.0
CC-3016,3229369
CC-3016,3229369.0
CC-3017,3232618
CC-3017,3232618.0
CC-3018,3230847
CC-3018,3230847.0
CC-3019,3233298
CC-3019,3233298.0
CC-3020,3233131
CC-3021,3234417
CC-3021,3234417.0
CC-3022,3232536
CC-3022,3232536.0
CC-3023,3233718
CC-3023,3233781
CC-3023,3233718.0
CC-3024,3228855
CC-3024,3234241
CC-3024,3228855.0
CC-3025,3230803
CC-3025,3232515
CC-3025,3232522
CC-3025,3230803.0
CC-3026,3234877
CC-3026,3234877.0
CC-3027,3233244
CC-3027,3233244.0
CC-3028,3232946
CC-3028,3232946.0
CC-3029,3230435
CC-3029,3234966
CC-3029,3230435.0
CC-3030,3234296
CC-3030,3234296.0
CC-3031,3230945
CC-3031,3233454
CC-3031,3233554
CC-3031,3233556
CC-3031,3230945.0
CC-3032,3232590
CC-3032,3232590.0
CC-3033,3235195
CC-3033,3235195.0
CC-3034,3228584
CC-3034,3230251
CC-3034,3232305
CC-3034,3228584.0
CC-3035,3233612
CC-3035,3233968
CC-3035,3233612.0
CC-3036,3234569
CC-3036,3234569.0
CC-3037,3234760
CC-3037,3234760.0
CC-3038,3232535
CC-3038,3232535.0
CC-3039,3227364
CC-3039,3228001
CC-3039,3229286
CC-3039,3231610
CC-3039,3231612
CC-3039,3232900
CC-3039,3233820
CC-3039,3234600
CC-3039,3227364.0
CC-3040,3230425
CC-3040,3232057
CC-3040,3230425.0
CC-3041,3225428
CC-3041,3226477
CC-3041,3226528
CC-3041,3228923
CC-3041,3228989
CC-3041,3229427
CC-3041,3229542
CC-3041,3235780
CC-3041,3235840
CC-3041,3225428.0
CC-3042,3230952
CC-3042,3232403
CC-3042,3230952.0
CC-3043,3233520
CC-3043,3233520.0
CC-3044,3234677
CC-3044,3235624
CC-3044,3234677.0
CC-3045,3235382
CC-3045,3236092
CC-3045,3235382.0
CC-3046,3235034
CC-3046,3235034.0
CC-3047,3223360
CC-3047,3225928
CC-3047,3225944
CC-3047,3225954
CC-3047,3226055
CC-3047,3226067
CC-3047,3226189
CC-3047,3226237
CC-3047,3228355
CC-3047,3233680
CC-3047,3223360.0
CC-3048,3235627
CC-3048,3235627.0
CC-3049,3235099
CC-3049,3235099.0
CC-3050,3235943
CC-3051,3234870
CC-3051,3234870.0
CC-3052,3236182
CC-3052,3236212
CC-3052,3236316
CC-3052,3236182.0
CC-3053,3234469
CC-3053,3234469.0
CC-3054,3220455
CC-3054,3224110
CC-3054,3226545
CC-3054,3226572
CC-3054,3226594
CC-3054,3226681
CC-3054,3227173
CC-3054,3229029
CC-3054,3230889
CC-3054,3231274
CC-3054,3231495
CC-3054,3232363
CC-3054,3232431
CC-3054,3232527
CC-3054,3220455.0
CC-3055,3227262
CC-3055,3234025
CC-3055,3234033
CC-3055,3227262.0
CC-3056,3232828
CC-3056,3232828.0
CC-3057,3218930
CC-3057,3220076
CC-3057,3221830
CC-3057,3222476
CC-3057,3225925
CC-3057,3226020
CC-3057,3229636
CC-3057,3229649
CC-3057,3232759
CC-3057,3232842
CC-3057,3233129
CC-3057,3233315
CC-3057,3234979
CC-3057,3235207
CC-3057,3235210
CC-3057,3218930.0
CC-3058,3232585
CC-3058,3232585.0
CC-3059,3235851
CC-3059,3235851.0
CC-3060,3232657
CC-3060,3232657.0
CC-3061,3233124
CC-3061,3233124.0
CC-3062,3233386
CC-3062,3233386.0
CC-3063,3230180
CC-3063,3233570
CC-3063,3236393
CC-3063,3230180.0
CC-3064,3236213
CC-3064,3236213.0
CC-3065,3236548
CC-3065,3236548.0
CC-3066,3226585
CC-3066,3227379
CC-3066,3234183
CC-3066,3226585.0
CC-3067,3230530
CC-3067,3232593
CC-3067,3233130
CC-3067,3233174
CC-3067,3234003
CC-3067,3230530.0
CC-3068,3236601
CC-3068,3236601.0
CC-3069,3235283
CC-3069,3235283.0
CC-3070,3236330
CC-3070,3236330.0
CC-3071,3220291
CC-3071,3221959
CC-3071,3221962
CC-3071,3224747
CC-3071,3224755
CC-3071,3226069
CC-3071,3226074
CC-3071,3226123
CC-3071,3226597
CC-3071,3227888
CC-3071,3227898
CC-3071,3232488
CC-3071,3232508
CC-3071,3236238
CC-3071,3236258
CC-3071,3236403
CC-3071,3220291.0
CC-3072,3235087
CC-3072,3235087.0
CC-3073,3235092
CC-3073,3235092.0
CC-3074,3232418
CC-3074,3235230
CC-3074,3232418.0
CC-3075,3226170
CC-3075,3229385
CC-3075,3229415
CC-3075,3229493
CC-3075,3230963
CC-3075,3231510
CC-3075,3231628
CC-3075,3231631
CC-3075,3232344
CC-3075,3232638
CC-3075,3232662
CC-3075,3232682
CC-3075,3233508
CC-3075,3234340
CC-3075,3234380
CC-3075,3226170.0
CC-3076,3234703
CC-3076,3234764
CC-3076,3234703.0
CC-3077,3231534
CC-3077,3236477
CC-3077,3236543
CC-3077,3236551
CC-3077,3231534.0
CC-3078,3235228
CC-3078,3235228.0
CC-3079,3224407
CC-3079,3224421
CC-3079,3227395
CC-3079,3228738
CC-3079,3228873
CC-3079,3228910
CC-3079,3228965
CC-3079,3229170
CC-3079,3229528
CC-3079,3233879
CC-3079,3234059
CC-3079,3234250
CC-3079,3234576
CC-3079,3236595
CC-3079,3224407.0
CC-3080,3237506
CC-3080,3237506.0
CC-3081,3237089
CC-3081,3237089.0
CC-3082,3236646
CC-3082,3236646.0
CC-3083,3234549
CC-3083,3234564
CC-3083,3234646
CC-3083,3235284
CC-3083,3235289
CC-3083,3234549.0
CC-3084,3238074
CC-3084,3238089
CC-3084,3238074.0
CC-3085,3231738
CC-3085,3231751
CC-3085,3231776
CC-3085,3237600
CC-3085,3237671
CC-3085,3237694
CC-3085,3231738.0
CC-3086,3238080
CC-3086,3238102
CC-3086,3238111
CC-3086,3238139
CC-3086,3238080.0
CC-3087,3235260
CC-3087,3235260.0
CC-3088,3234955
CC-3088,3236380
CC-3088,3234955.0
CC-3089,3237993
CC-3089,3237993.0
CC-3090,3238528
CC-3090,3238528.0
CC-3091,3238551
CC-3091,3238562
CC-3091,3238551.0
CC-3092,3239092
CC-3093,3155135
CC-3093,3155596
CC-3093,3155744
CC-3093,3155776
CC-3093,3156525
CC-3093,3156555
CC-3093,3156710
CC-3093,3158657
CC-3093,3159097
CC-3093,3161565
CC-3093,3162409
CC-3093,3164056
CC-3093,3164147
CC-3093,3165245
CC-3093,3165278
CC-3093,3165312
CC-3093,3165365
CC-3093,3165700
CC-3093,3166299
CC-3093,3168104
CC-3093,3171366
CC-3093,3173102
CC-3093,3173242
CC-3093,3173274
CC-3093,3176024
CC-3093,3178605
CC-3093,3178634
CC-3093,3180342
CC-3093,3180529
CC-3093,3181771
CC-3093,3181815
CC-3093,3182471
CC-3093,3182668
CC-3093,3182795
CC-3093,3182959
CC-3093,3183297
CC-3093,3183424
CC-3093,3183946
CC-3093,3184857
CC-3093,3184860
CC-3093,3185449
CC-3093,3187858
CC-3093,3188109
CC-3093,3188118
CC-3093,3188972
CC-3093,3189285
CC-3093,3191029
CC-3093,3191045
CC-3093,3191061
CC-3093,3191079
CC-3093,3191230
CC-3093,3191346
CC-3093,3191391
CC-3093,3191500
CC-3093,3192688
CC-3093,3195124
CC-3093,3195704
CC-3093,3197478
CC-3093,3197939
CC-3093,3199399
CC-3093,3199410
CC-3093,3199541
CC-3093,3199542
CC-3093,3202700
CC-3093,3203849
CC-3093,3204735
CC-3093,3204757
CC-3093,3206002
CC-3093,3206029
CC-3093,3206036
CC-3093,3206168
CC-3093,3206225
CC-3093,3206356
CC-3093,3206434
CC-3093,3206495
CC-3093,3208182
CC-3093,3208208
CC-3093,3210021
CC-3093,3210087
CC-3093,3210106
CC-3093,3210415
CC-3093,3212396
CC-3093,3214960
CC-3093,3215287
CC-3093,3215301
CC-3093,3221112
CC-3093,3221836
CC-3093,3222190
CC-3093,3223148
CC-3093,3223203
CC-3093,3228440
CC-3093,3228479
CC-3093,3233180
CC-3093,3237753
CC-3093,3239331
CC-3093,3239579
CC-3093,3155135.0
CC-3094,3231690
CC-3094,3236186
CC-3094,3231690.0
CC-3095,3234395
CC-3095,3234405
CC-3095,3237997
CC-3095,3234395.0
CC-3096,3240088
CC-3097,3236497
CC-3097,3236497.0
CC-3098,3238397
CC-3098,3238397.0
CC-3099,3237954
CC-3099,3237954.0
CC-3100,3236636
CC-3100,3236636.0
CC-3101,3233693
CC-3101,3236320
CC-3101,3236587
CC-3101,3236950
CC-3101,3239401
CC-3101,3239418
CC-3101,3239454
CC-3101,3233693.0
CC-3102,3236984
CC-3102,3236984.0
CC-3103,3240209
CC-3104,3237015
CC-3104,3237015.0
CC-3105,3241264
CC-3106,3239388
CC-3106,3239388.0
CC-3107,3241425
CC-3108,3200804
CC-3108,3200942
CC-3108,3200983
CC-3108,3201222
CC-3108,3201250
CC-3108,3204422
CC-3108,3205406
CC-3108,3206152
CC-3108,3208116
CC-3108,3211758
CC-3108,3213838
CC-3108,3214610
CC-3108,3216638
CC-3108,3217369
CC-3108,3217452
CC-3108,3222409
CC-3108,3223775
CC-3108,3226500
CC-3108,3233011
CC-3108,3239850
CC-3108,3200804.0
CC-3109,3240608
CC-3109,3240608.0
CC-3110,3230642
CC-3110,3230738
CC-3110,3230749
CC-3110,3234912
CC-3110,3234945
CC-3110,3238532
CC-3110,3230642.0
CC-3111,3235926
CC-3111,3237958
CC-3111,3238477
CC-3111,3239950
CC-3111,3240698
CC-3111,3241155
CC-3111,3241321
CC-3111,3235926.0
CC-3112,3237874
CC-3112,3237874.0
CC-3113,3232198
CC-3113,3233758
CC-3113,3238751
CC-3113,3232198.0
CC-3114,3241757
CC-3115,3239598
CC-3115,3239598.0
CC-3116,3238850
CC-3116,3238850.0
CC-3117,3230080
CC-3117,3232228
CC-3117,3233668
CC-3117,3234606
CC-3117,3234690
CC-3117,3237938
CC-3117,3237947
CC-3117,3230080.0
CC-3118,3238164
CC-3118,3238164.0
CC-3119,3225407
CC-3119,3229456
CC-3119,3229553
CC-3119,3229577
CC-3119,3236632
CC-3119,3236640
CC-3119,3236835
CC-3119,3236876
CC-3119,3236897
CC-3119,3236936
CC-3119,3236986
CC-3119,3237006
CC-3119,3240323
CC-3119,3240366
CC-3119,3240415
CC-3119,3240417
CC-3119,3240450
CC-3119,3225407.0
CC-3120,3239367
CC-3120,3239452
CC-3120,3242052
CC-3120,3242057
CC-3120,3239367.0
CC-3121,3239694
CC-3121,3239694.0
CC-3122,3240514
CC-3122,3240514.0
CC-3123,3227861
CC-3123,3227939
CC-3123,3234781
CC-3123,3240546
CC-3123,3227861.0
CC-3124,3241442
CC-3124,3241515
CC-3124,3241442.0
CC-3125,3239924
CC-3125,3241988
CC-3125,3239924.0
CC-3126,3242095
CC-3126,3242095.0
CC-3127,3239858
CC-3127,3240203
CC-3127,3240205
CC-3127,3240252
CC-3127,3240359
CC-3127,3239858.0
CC-3128,3239659
CC-3128,3239659.0
CC-3129,3241820
CC-3129,3241854
CC-3129,3241820.0
CC-3130,3241752
CC-3130,3241752.0
CC-3131,3242009
CC-3131,3242009.0
CC-3132,3242648
CC-3133,3233709
CC-3133,3237862
CC-3133,3239978
CC-3133,3233709.0
CC-3134,3236581
CC-3134,3239280
CC-3134,3236581.0
CC-3135,3242213
CC-3135,3242213.0
CC-3136,3241674
CC-3136,3241674.0
CC-3137,3234615
CC-3137,3235809
CC-3137,3235933
CC-3137,3238116
CC-3137,3238344
CC-3137,3238357
CC-3137,3241686
CC-3137,3241710
CC-3137,3241719
CC-3137,3241736
CC-3137,3234615.0
CC-3138,3229102
CC-3138,3229207
CC-3138,3232017
CC-3138,3237761
CC-3138,3241073
CC-3138,3241098
CC-3138,3229102.0
CC-3139,3241987
CC-3139,3242008
CC-3139,3241987.0
CC-3140,3239032
CC-3140,3239032.0
CC-3141,3239544
CC-3141,3239946
CC-3141,3239544.0
CC-3142,3240008
CC-3142,3240051
CC-3142,3240008.0
CC-3143,3240322
CC-3143,3240800
CC-3143,3240322.0
CC-3144,3240616
CC-3144,3240616.0
CC-3145,3243781
CC-3145,3243781.0
CC-3146,3241363
CC-3146,3241363.0
CC-3147,3243775
CC-3147,3243775.0
CC-3148,3244028
CC-3149,3241815
CC-3149,3242003
CC-3149,3242007
CC-3149,3241815.0
CC-3150,3236514
CC-3150,3239245
CC-3150,3241013
CC-3150,3241091
CC-3150,3241097
CC-3150,3241117
CC-3150,3241120
CC-3150,3241132
CC-3150,3241149
CC-3150,3236514.0
CC-3151,3241974
CC-3151,3241974.0
CC-3152,3240936
CC-3152,3243262
CC-3152,3240936.0
CC-3153,3242085
CC-3153,3242085.0
CC-3154,3244996
CC-3154,3244996.0
CC-3155,3239603
CC-3155,3239744
CC-3155,3240711
CC-3155,3240766
CC-3155,3241472
CC-3155,3239603.0
CC-3156,3243172
CC-3156,3243172.0
CC-3157,3241928
CC-3157,3243223
CC-3157,3241928.0
CC-3158,3243011
CC-3158,3243011.0
CC-3159,3241570
CC-3159,3241570.0
CC-3160,3245143
CC-3160,3245143.0
CC-3161,3245080
CC-3161,3245080.0
CC-3162,3220592
CC-3162,3225317
CC-3162,3229523
CC-3162,3232735
CC-3162,3232782
CC-3162,3233364
CC-3162,3233381
CC-3162,3233385
CC-3162,3233841
CC-3162,3238350
CC-3162,3239119
CC-3162,3242916
CC-3162,3220592.0
CC-3163,3241960
CC-3163,3243198
CC-3163,3241960.0
CC-3164,3232703
CC-3164,3237611
CC-3164,3243240
CC-3164,3232703.0
CC-3165,3245181
CC-3165,3245181.0
CC-3166,3243494
CC-3166,3243494.0
CC-3167,3244645
CC-3167,3244645.0
CC-3168,3245153
CC-3169,3242783
CC-3169,3242783.0
CC-3170,3243525
CC-3170,3243590
CC-3170,3243596
CC-3170,3243525.0
CC-3171,3243065
CC-3171,3243065.0
CC-3172,3240011
CC-3172,3242995
CC-3172,3243062
CC-3172,3243087
CC-3172,3243112
CC-3172,3244452
CC-3172,3240011.0
CC-3173,3244451
CC-3173,3244451.0
CC-3174,3245255
CC-3174,3245255.0
CC-3175,3233450
CC-3175,3235234
CC-3175,3235246
CC-3175,3241530
CC-3175,3241677
CC-3175,3242547
CC-3175,3233450.0
CC-3176,3237308
CC-3176,3242718
CC-3176,3242987
CC-3176,3237308.0
CC-3177,3245467
CC-3178,3235136
CC-3178,3240210
CC-3178,3244484
CC-3178,3235136.0
CC-3179,3243471
CC-3179,3243471.0
CC-3180,3243726
CC-3180,3243726.0
CC-3181,3239639
CC-3181,3239642
CC-3181,3241631
CC-3181,3244678
CC-3181,3239639.0
CC-3182,3245574
CC-3183,3233119
CC-3183,3235354
CC-3183,3235398
CC-3183,3238281
CC-3183,3243185
CC-3183,3233119.0
CC-3184,3246386
CC-3185,3245667
CC-3185,3245667.0
CC-3186,3242539
CC-3186,3242539.0
CC-3187,3244213
CC-3187,3244213.0
CC-3188,3244508
CC-3188,3244508.0
CC-3189,3241148
CC-3189,3244115
CC-3189,3244457
CC-3189,3245798
CC-3189,3241148.0
CC-3190,3245243
CC-3190,3245243.0
CC-3191,3244000
CC-3191,3244053
CC-3191,3244000.0
CC-3192,3245314
CC-3192,3246894
CC-3192,3246929
CC-3192,3245314.0
CC-3193,3245361
CC-3193,3245361.0
CC-3194,3247295
CC-3195,3246554
CC-3195,3246554.0
CC-3196,3239169
CC-3196,3239658
CC-3196,3244957
CC-3196,3239169.0
CC-3197,3239730
CC-3197,3244109
CC-3197,3244273
CC-3197,3244397
CC-3197,3244730
CC-3197,3247697
CC-3197,3239730.0
CC-3198,3247536
CC-3198,3247536.0
CC-3199,3248153
CC-3200,3246422
CC-3200,3246422.0
CC-3201,3246302
CC-3201,3246302.0
CC-3202,3237757
CC-3202,3238990
CC-3202,3243602
CC-3202,3244789
CC-3202,3244832
CC-3202,3246702
CC-3202,3237757.0
CC-3203,3246030
CC-3203,3246030.0
CC-3204,3247737
CC-3204,3247781
CC-3204,3247737.0
CC-3205,3245217
CC-3205,3245238
CC-3205,3245265
CC-3205,3245272
CC-3205,3245217.0
CC-3206,3243592
CC-3206,3247856
CC-3206,3247862
CC-3206,3243592.0
CC-3207,3227924
CC-3207,3228040
CC-3207,3228354
CC-3207,3228542
CC-3207,3229021
CC-3207,3229108
CC-3207,3230457
CC-3207,3231744
CC-3207,3231808
CC-3207,3232315
CC-3207,3233615
CC-3207,3237881
CC-3207,3237893
CC-3207,3241878
CC-3207,3243605
CC-3207,3243613
CC-3207,3246005
CC-3207,3246017
CC-3207,3246024
CC-3207,3246035
CC-3207,3246116
CC-3207,3246666
CC-3207,3227924.0
CC-3208,3246096
CC-3208,3246620
CC-3208,3246096.0
CC-3209,3248202
CC-3209,3248223
CC-3209,3248225
CC-3209,3248202.0
CC-3210,3248240
CC-3210,3248251
CC-3210,3248256
CC-3210,3248257
CC-3210,3248258
CC-3210,3248240.0
CC-3211,3248012
CC-3211,3248012.0
CC-3212,3218233
CC-3212,3220092
CC-3212,3222899
CC-3212,3228808
CC-3212,3229324
CC-3212,3229950
CC-3212,3231832
CC-3212,3232074
CC-3212,3232075
CC-3212,3232127
CC-3212,3237268
CC-3212,3243004
CC-3212,3243017
CC-3212,3246063
CC-3212,3246084
CC-3212,3218233.0
CC-3213,3247889
CC-3213,3247889.0
CC-3214,3235293
CC-3214,3238180
CC-3214,3238221
CC-3214,3238287
CC-3214,3238307
CC-3214,3238362
CC-3214,3238404
CC-3214,3239567
CC-3214,3239605
CC-3214,3242077
CC-3214,3247786
CC-3214,3235293.0
CC-3215,3245994
CC-3215,3245994.0
CC-3216,3247646
CC-3216,3247679
CC-3216,3247726
CC-3216,3247646.0
CC-3217,3247423
CC-3217,3247423.0
CC-3218,3246417
CC-3218,3246417.0
CC-3219,3244422
CC-3219,3245741
CC-3219,3247840
CC-3219,3244422.0
CC-3220,3247904
CC-3220,3247904.0
CC-3221,3009568
CC-3221,3009587
CC-3221,3009592
CC-3221,3009630
CC-3221,3009659
CC-3221,3009663
CC-3221,3009667
CC-3221,3014473
CC-3221,3014522
CC-3221,3015271
CC-3221,3016062
CC-3221,3016084
CC-3221,3016137
CC-3221,3017258
CC-3221,3017266
CC-3221,3017350
CC-3221,3017390
CC-3221,3017413
CC-3221,3022229
CC-3221,3022239
CC-3221,3026905
CC-3221,3027721
CC-3221,3028676
CC-3221,3028702
CC-3221,3028717
CC-3221,3028719
CC-3221,3029795
CC-3221,3029808
CC-3221,3029841
CC-3221,3030085
CC-3221,3032539
CC-3221,3035354
CC-3221,3035475
CC-3221,3035537
CC-3221,3041263
CC-3221,3045627
CC-3221,3046077
CC-3221,3046352
CC-3221,3046974
CC-3221,3048069
CC-3221,3048347
CC-3221,3048549
CC-3221,3049240
CC-3221,3050674
CC-3221,3051543
CC-3221,3053176
CC-3221,3053549
CC-3221,3053821
CC-3221,3054905
CC-3221,3054937
CC-3221,3055790
CC-3221,3056164
CC-3221,3056211
CC-3221,3057810
CC-3221,3058905
CC-3221,3058974
CC-3221,3058991
CC-3221,3059013
CC-3221,3059049
CC-3221,3059849
CC-3221,3060359
CC-3221,3060497
CC-3221,3060792
CC-3221,3060845
CC-3221,3060944
CC-3221,3061010
CC-3221,3061837
CC-3221,3061838
CC-3221,3061846
CC-3221,3061849
CC-3221,3061853
CC-3221,3061854
CC-3221,3061877
CC-3221,3061879
CC-3221,3061887
CC-3221,3061888
CC-3221,3061890
CC-3221,3061891
CC-3221,3061899
CC-3221,3061900
CC-3221,3061907
CC-3221,3061967
CC-3221,3061980
CC-3221,3061982
CC-3221,3062097
CC-3221,3062100
CC-3221,3062528
CC-3221,3062584
CC-3221,3062621
CC-3221,3062852
CC-3221,3062907
CC-3221,3062947
CC-3221,3062960
CC-3221,3063059
CC-3221,3063105
CC-3221,3067047
CC-3221,3071198
CC-3221,3071518
CC-3221,3073770
CC-3221,3073778
CC-3221,3073975
CC-3221,3078241
CC-3221,3078348
CC-3221,3078379
CC-3221,3078491
CC-3221,3079202
CC-3221,3079607
CC-3221,3079751
CC-3221,3079789
CC-3221,3079862
CC-3221,3079969
CC-3221,3079987
CC-3221,3080049
CC-3221,3080404
CC-3221,3080471
CC-3221,3080792
CC-3221,3080854
CC-3221,3082185
CC-3221,3082394
CC-3221,3082461
CC-3221,3086013
CC-3221,3086220
CC-3221,3086536
CC-3221,3087204
CC-3221,3087251
CC-3221,3088528
CC-3221,3088586
CC-3221,3088588
CC-3221,3088611
CC-3221,3088660
CC-3221,3090447
CC-3221,3090493
CC-3221,3093202
CC-3221,3093871
CC-3221,3093935
CC-3221,3095608
CC-3221,3096900
CC-3221,3098584
CC-3221,3098632
CC-3221,3099388
CC-3221,3102203
CC-3221,3102256
CC-3221,3103602
CC-3221,3103714
CC-3221,3104040
CC-3221,3104369
CC-3221,3106898
CC-3221,3106920
CC-3221,3108971
CC-3221,3110499
CC-3221,3110811
CC-3221,3117226
CC-3221,3117352
CC-3221,3118067
CC-3221,3122048
CC-3221,3122777
CC-3221,3122797
CC-3221,3122828
CC-3221,3123785
CC-3221,3123815
CC-3221,3125043
CC-3221,3126387
CC-3221,3127106
CC-3221,3127697
CC-3221,3130505
CC-3221,3130551
CC-3221,3130584
CC-3221,3130607
CC-3221,3130618
CC-3221,3130637
CC-3221,3130683
CC-3221,3131065
CC-3221,3132259
CC-3221,3132802
CC-3221,3132811
CC-3221,3132896
CC-3221,3132909
CC-3221,3133337
CC-3221,3133443
CC-3221,3133602
CC-3221,3134154
CC-3221,3134188
CC-3221,3134189
CC-3221,3134362
CC-3221,3134370
CC-3221,3134393
CC-3221,3134452
CC-3221,3134982
CC-3221,3135181
CC-3221,3136484
CC-3221,3137178
CC-3221,3137787
CC-3221,3137847
CC-3221,3137859
CC-3221,3137945
CC-3221,3137948
CC-3221,3138635
CC-3221,3138898
CC-3221,3139891
CC-3221,3139926
CC-3221,3140043
CC-3221,3140069
CC-3221,3142569
CC-3221,3144485
CC-3221,3144744
CC-3221,3144752
CC-3221,3144760
CC-3221,3144787
CC-3221,3144793
CC-3221,3144818
CC-3221,3148229
CC-3221,3148271
CC-3221,3148274
CC-3221,3148276
CC-3221,3148277
CC-3221,3148280
CC-3221,3148281
CC-3221,3148283
CC-3221,3148884
CC-3221,3148903
CC-3221,3148936
CC-3221,3151361
CC-3221,3151476
CC-3221,3151483
CC-3221,3152982
CC-3221,3152992
CC-3221,3153473
CC-3221,3155002
CC-3221,3155011
CC-3221,3156169
CC-3221,3156178
CC-3221,3156184
CC-3221,3156263
CC-3221,3157761
CC-3221,3157780
CC-3221,3157796
CC-3221,3157798
CC-3221,3157807
CC-3221,3157831
CC-3221,3157884
CC-3221,3159853
CC-3221,3159877
CC-3221,3159889
CC-3221,3159923
CC-3221,3159941
CC-3221,3161135
CC-3221,3161151
CC-3221,3161189
CC-3221,3161614
CC-3221,3161698
CC-3221,3161744
CC-3221,3163835
CC-3221,3163854
CC-3221,3163901
CC-3221,3164794
CC-3221,3164805
CC-3221,3164821
CC-3221,3165223
CC-3221,3165317
CC-3221,3166163
CC-3221,3166269
CC-3221,3166722
CC-3221,3166792
CC-3221,3166806
CC-3221,3167093
CC-3221,3167098
CC-3221,3168004
CC-3221,3168038
CC-3221,3168052
CC-3221,3171612
CC-3221,3172868
CC-3221,3175000
CC-3221,3175326
CC-3221,3175372
CC-3221,3175378
CC-3221,3175694
CC-3221,3175696
CC-3221,3175702
CC-3221,3176892
CC-3221,3176905
CC-3221,3176940
CC-3221,3176947
CC-3221,3176962
CC-3221,3181040
CC-3221,3181803
CC-3221,3183039
CC-3221,3183040
CC-3221,3183549
CC-3221,3183550
CC-3221,3185296
CC-3221,3185512
CC-3221,3185517
CC-3221,3185521
CC-3221,3185537
CC-3221,3185538
CC-3221,3185548
CC-3221,3185619
CC-3221,3185939
CC-3221,3189407
CC-3221,3192244
CC-3221,3192265
CC-3221,3192295
CC-3221,3192299
CC-3221,3194583
CC-3221,3194619
CC-3221,3197147
CC-3221,3197166
CC-3221,3198675
CC-3221,3199260
CC-3221,3200810
CC-3221,3200854
CC-3221,3202042
CC-3221,3202054
CC-3221,3202466
CC-3221,3203696
CC-3221,3207137
CC-3221,3207149
CC-3221,3210328
CC-3221,3212923
CC-3221,3218180
CC-3221,3218262
CC-3221,3219103
CC-3221,3219109
CC-3221,3222486
CC-3221,3223488
CC-3221,3223773
CC-3221,3224567
CC-3221,3224725
CC-3221,3225961
CC-3221,3225962
CC-3221,3230946
CC-3221,3230976
CC-3221,3230987
CC-3221,3231020
CC-3221,3231032
CC-3221,3231047
CC-3221,3231049
CC-3221,3231054
CC-3221,3231075
CC-3221,3231078
CC-3221,3231083
CC-3221,3231102
CC-3221,3231106
CC-3221,3231111
CC-3221,3231121
CC-3221,3231144
CC-3221,3231477
CC-3221,3233091
CC-3221,3233153
CC-3221,3233796
CC-3221,3238608
CC-3221,3239693
CC-3221,3241090
CC-3221,3243986
CC-3221,3244960
CC-3221,3248165
CC-3221,3009568.0
CC-3222,3246519
CC-3222,3246536
CC-3222,3246595
CC-3222,3246665
CC-3222,3246519.0
CC-3223,3246231
CC-3223,3246231.0
CC-3224,3240400
CC-3224,3241231
CC-3224,3242620
CC-3224,3247185
CC-3224,3247256
CC-3224,3240400.0
CC-3225,3248295
CC-3225,3248295.0
CC-3226,3245161
CC-3226,3247421
CC-3226,3245161.0
CC-3227,3246173
CC-3227,3246173.0
CC-3228,3247863
CC-3228,3247916
CC-3228,3247863.0
CC-3229,3245944
CC-3229,3245944.0
CC-3230,3247990
CC-3230,3247990.0
CC-3231,3248454
CC-3232,3247210
CC-3232,3247210.0
CC-3233,3248971
CC-3233,3248971.0
CC-3234,3248331
CC-3234,3248331.0
CC-3235,3246223
CC-3235,3246223.0
CC-3236,3241893
CC-3236,3242100
CC-3236,3242103
CC-3236,3243302
CC-3236,3247676
CC-3236,3247722
CC-3236,3248696
CC-3236,3241893.0
CC-3237,3244445
CC-3237,3246320
CC-3237,3244445.0
CC-3238,3248001
CC-3238,3248001.0
CC-3239,3248340
CC-3239,3248341
CC-3239,3248343
CC-3239,3248340.0
CC-3240,3249384
CC-3240,3249392
CC-3240,3249476
CC-3240,3249384.0
CC-3241,3248935
CC-3241,3248935.0
CC-3242,3240951
CC-3242,3244288
CC-3242,3248854
CC-3242,3248941
CC-3242,3248993
CC-3242,3240951.0
CC-3243,3246622
CC-3243,3246622.0
CC-3244,3249341
CC-3244,3249341.0
CC-3245,3249361
CC-3246,3245781
CC-3246,3245824
CC-3246,3245829
CC-3246,3250153
CC-3246,3245781.0
CC-3247,3247429
CC-3247,3247429.0
CC-3248,3205572
CC-3248,3205616
CC-3248,3205973
CC-3248,3208897
CC-3248,3213486
CC-3248,3213508
CC-3248,3213825
CC-3248,3216952
CC-3248,3217016
CC-3248,3217264
CC-3248,3219737
CC-3248,3222140
CC-3248,3223262
CC-3248,3225388
CC-3248,3227884
CC-3248,3229590
CC-3248,3229652
CC-3248,3229661
CC-3248,3233970
CC-3248,3238420
CC-3248,3238431
CC-3248,3238599
CC-3248,3238607
CC-3248,3239042
CC-3248,3239189
CC-3248,3239276
CC-3248,3241115
CC-3248,3241953
CC-3248,3242072
CC-3248,3244965
CC-3248,3246261
CC-3248,3248203
CC-3248,3205572.0
CC-3249,3247791
CC-3249,3247791.0
CC-3250,3241114
CC-3250,3241138
CC-3250,3241145
CC-3250,3241182
CC-3250,3241978
CC-3250,3243219
CC-3250,3243271
CC-3250,3243281
CC-3250,3244658
CC-3250,3245848
CC-3250,3245914
CC-3250,3245983
CC-3250,3245985
CC-3250,3245989
CC-3250,3246441
CC-3250,3246881
CC-3250,3247453
CC-3250,3247511
CC-3250,3248304
CC-3250,3241114.0
CC-3251,3250206
CC-3251,3250721
CC-3251,3250206.0
CC-3252,3248061
CC-3252,3248061.0
CC-3253,3249976
CC-3253,3249976.0
CC-3254,3248574
CC-3254,3248604
CC-3254,3248574.0
CC-3255,3247907
CC-3255,3247907.0
CC-3256,3248070
CC-3256,3248070.0
CC-3257,3249592
CC-3257,3249592.0
CC-3258,3248494
CC-3258,3248494.0
CC-3259,3250073
CC-3259,3250073.0
CC-3260,3249581
CC-3260,3249581.0
CC-3261,3248376
CC-3261,3248389
CC-3261,3248376.0
CC-3262,3234930
CC-3262,3241348
CC-3262,3241805
CC-3262,3241824
CC-3262,3241829
CC-3262,3241851
CC-3262,3241989
CC-3262,3242002
CC-3262,3247444
CC-3262,3249673
CC-3262,3234930.0
CC-3263,3249953
CC-3263,3249953.0
CC-3264,3248320
CC-3264,3248320.0
CC-3265,3240857
CC-3265,3245452
CC-3265,3245471
CC-3265,3245472
CC-3265,3245501
CC-3265,3249293
CC-3265,3249304
CC-3265,3249347
CC-3265,3240857.0
CC-3266,3249945
CC-3266,3249945.0
CC-3267,3249122
CC-3267,3249122.0
CC-3268,3250266
CC-3268,3250266.0
CC-3269,3249629
CC-3269,3249629.0
CC-3270,3251258
CC-3271,3231140
CC-3271,3236645
CC-3271,3236697
CC-3271,3239262
CC-3271,3244751
CC-3271,3244926
CC-3271,3244959
CC-3271,3244997
CC-3271,3249182
CC-3271,3249194
CC-3271,3249201
CC-3271,3249207
CC-3271,3249216
CC-3271,3249222
CC-3271,3249259
CC-3271,3249270
CC-3271,3231140.0
CC-3272,3250641
CC-3272,3250669
CC-3272,3250641.0
CC-3273,3249108
CC-3273,3249669
CC-3273,3249108.0
CC-3274,3251507
CC-3274,3251507.0
CC-3275,3248818
CC-3275,3248818.0
CC-3276,3249789
CC-3276,3249789.0
CC-3277,3239818
CC-3277,3239830
CC-3277,3239848
CC-3277,3242094
CC-3277,3243242
CC-3277,3248109
CC-3277,3250676
CC-3277,3239818.0
CC-3278,3248870
CC-3278,3248870.0
CC-3279,3251854
CC-3279,3251854.0
CC-3280,3251277
CC-3280,3251277.0
CC-3281,3251822
CC-3282,3250944
CC-3282,3251742
CC-3282,3251752
CC-3282,3250944.0
CC-3283,3249296
CC-3283,3249296.0
CC-3284,3249200
CC-3284,3249262
CC-3284,3249200.0
CC-3285,3251040
CC-3285,3252188
CC-3285,3252241
CC-3285,3251040.0
CC-3286,3249412
CC-3286,3249985
CC-3286,3249412.0
CC-3287,3249593
CC-3287,3250047
CC-3287,3249593.0
CC-3288,3233885
CC-3288,3240016
CC-3288,3241946
CC-3288,3242701
CC-3288,3245263
CC-3288,3245274
CC-3288,3251100
CC-3288,3251112
CC-3288,3233885.0
CC-3289,3253029
CC-3289,3253029.0
CC-3290,3250559
CC-3290,3250951
CC-3290,3250559.0
CC-3291,3252340
CC-3291,3252340.0
CC-3292,3250993
CC-3292,3250993.0
CC-3293,3251917
CC-3293,3252011
CC-3293,3251917.0
CC-3294,3251232
CC-3294,3251232.0
CC-3295,3250925
CC-3295,3250925.0
CC-3296,3253862
CC-3297,3248488
CC-3297,3251893
CC-3297,3248488.0
CC-3298,3251912
CC-3298,3251912.0
CC-3299,3252843
CC-3299,3252843.0
CC-3300,3252587
CC-3300,3252587.0
CC-3301,3251616
CC-3301,3251616.0
CC-3302,3250693
CC-3302,3252120
CC-3302,3250693.0
CC-3303,3253351
CC-3303,3253351.0
CC-3304,3253380
CC-3304,3253380.0
CC-3305,3253770
CC-3305,3253770.0
CC-3306,3254196
CC-3306,3254196.0
CC-3307,3245749
CC-3307,3251351
CC-3307,3245749.0
CC-3308,3253543
CC-3308,3253543.0
CC-3309,3244031
CC-3309,3244037
CC-3309,3244073
CC-3309,3244095
CC-3309,3244100
CC-3309,3246829
CC-3309,3246909
CC-3309,3252707
CC-3309,3253110
CC-3309,3244031.0
CC-3310,3238182
CC-3310,3242252
CC-3310,3246569
CC-3310,3252394
CC-3310,3254539
CC-3310,3238182.0
CC-3311,3253729
CC-3311,3253729.0
CC-3312,3250260
CC-3312,3250324
CC-3312,3252767
CC-3312,3250260.0
CC-3313,3235722
CC-3313,3239389
CC-3313,3239430
CC-3313,3245451
CC-3313,3250448
CC-3313,3254380
CC-3313,3235722.0
CC-3314,3252859
CC-3314,3252882
CC-3314,3252859.0
CC-3315,3254177
CC-3315,3254180
CC-3315,3254177.0
CC-3316,3255775
CC-3317,3252839
CC-3317,3252839.0
CC-3318,3254551
CC-3318,3254551.0
CC-3319,3227040
CC-3319,3227056
CC-3319,3230571
CC-3319,3230714
CC-3319,3235464
CC-3319,3236013
CC-3319,3236017
CC-3319,3236395
CC-3319,3236442
CC-3319,3236484
CC-3319,3239504
CC-3319,3239540
CC-3319,3239802
CC-3319,3240934
CC-3319,3240946
CC-3319,3245146
CC-3319,3250452
CC-3319,3250519
CC-3319,3252658
CC-3319,3252758
CC-3319,3253306
CC-3319,3227040.0
CC-3320,3255359
CC-3320,3255359.0
CC-3321,3253836
CC-3321,3253836.0
CC-3322,3253847
CC-3322,3253870
CC-3322,3254310
CC-3322,3254327
CC-3322,3254328
CC-3322,3253847.0
CC-3323,3254826
CC-3323,3255684
CC-3323,3254826.0
CC-3324,3255246
CC-3324,3255246.0
CC-3325,3253701
CC-3325,3253783
CC-3325,3253701.0
CC-3326,3240298
CC-3326,3241922
CC-3326,3241973
CC-3326,3241996
CC-3326,3245558
CC-3326,3245617
CC-3326,3248561
CC-3326,3251772
CC-3326,3251802
CC-3326,3254415
CC-3326,3240298.0
CC-3327,3252324
CC-3327,3252393
CC-3327,3254075
CC-3327,3252324.0
CC-3328,3255582
CC-3328,3255582.0
CC-3329,3255743
CC-3329,3255743.0
CC-3330,3254817
CC-3330,3254856
CC-3330,3254817.0
CC-3331,3248584
CC-3331,3248585
CC-3331,3248787
CC-3331,3254461
CC-3331,3255004
CC-3331,3248584.0
CC-3332,3256842
CC-3333,3252478
CC-3333,3252771
CC-3333,3252822
CC-3333,3252942
CC-3333,3253182
CC-3333,3254706
CC-3333,3252478.0
CC-3334,3256472
CC-3334,3256472.0
CC-3335,3255847
CC-3335,3255847.0
CC-3336,3254099
CC-3336,3254117
CC-3336,3254125
CC-3336,3254128
CC-3336,3254129
CC-3336,3254099.0
CC-3337,3250956
CC-3337,3256799
CC-3337,3250956.0
CC-3338,3254192
CC-3338,3254192.0
CC-3339,3256855
CC-3339,3256855.0
CC-3340,3254015
CC-3340,3254015.0
CC-3341,3257008
CC-3341,3257008.0
CC-3342,3254661
CC-3342,3254661.0
CC-3343,3255594
CC-3343,3255594.0
CC-3344,3256094
CC-3344,3256094.0
CC-3345,3256847
CC-3345,3256847.0
CC-3346,3254515
CC-3346,3254515.0
CC-3347,3249268
CC-3347,3249306
CC-3347,3252292
CC-3347,3253796
CC-3347,3254787
CC-3347,3254794
CC-3347,3249268.0
CC-3348,3256497
CC-3348,3256497.0
CC-3349,3256688
CC-3349,3256688.0
CC-3350,3254832
CC-3350,3254832.0
CC-3351,3255207
CC-3351,3255857
CC-3351,3255872
CC-3351,3255207.0
CC-3352,3257285
CC-3352,3257285.0
CC-3353,3256999
CC-3353,3256999.0
CC-3354,3257195
CC-3355,3234995
CC-3355,3235710
CC-3355,3241150
CC-3355,3241400
CC-3355,3241403
CC-3355,3241418
CC-3355,3241427
CC-3355,3242739
CC-3355,3242747
CC-3355,3243749
CC-3355,3243799
CC-3355,3244323
CC-3355,3246563
CC-3355,3248836
CC-3355,3249192
CC-3355,3249695
CC-3355,3249716
CC-3355,3251986
CC-3355,3252021
CC-3355,3252052
CC-3355,3252075
CC-3355,3252102
CC-3355,3252109
CC-3355,3254505
CC-3355,3254538
CC-3355,3234995.0
CC-3356,3255355
CC-3356,3255355.0
CC-3357,3253250
CC-3357,3256643
CC-3357,3253250.0
CC-3358,3247877
CC-3358,3247908
CC-3358,3249385
CC-3358,3252879
CC-3358,3255352
CC-3358,3257003
CC-3358,3257096
CC-3358,3247877.0
CC-3359,3257019
CC-3359,3257046
CC-3359,3257019.0
CC-3360,3257822
CC-3361,3255448
CC-3361,3257179
CC-3361,3255448.0
CC-3362,3257984
CC-3363,3255602
CC-3363,3255602.0
CC-3364,3251151
CC-3364,3256055
CC-3364,3251151.0
CC-3365,3257164
CC-3365,3257173
CC-3365,3257164.0
CC-3366,3257733
CC-3367,3256966
CC-3367,3256966.0
CC-3368,3258257
CC-3368,3258257.0
CC-3369,3254844
CC-3369,3254904
CC-3369,3254844.0
CC-3370,3256793
CC-3370,3257167
CC-3370,3257170
CC-3370,3256793.0
CC-3371,3256208
CC-3371,3256257
CC-3371,3256269
CC-3371,3256208.0
CC-3372,3255645
CC-3372,3255645.0
CC-3373,3252894
CC-3373,3252922
CC-3373,3252924
CC-3373,3252958
CC-3373,3252990
CC-3373,3255877
CC-3373,3252894.0
CC-3374,3256142
CC-3374,3256835
CC-3374,3256142.0
CC-3375,3257492
CC-3375,3257492.0
CC-3376,3255288
CC-3376,3255312
CC-3376,3255288.0
CC-3377,3258749
CC-3377,3258749.0
CC-3378,3257041
CC-3378,3258162
CC-3378,3257041.0
CC-3379,3259407
CC-3380,3258550
CC-3380,3258589
CC-3380,3258550.0
CC-3381,3259250
CC-3381,3259250.0
CC-3382,3252291
CC-3382,3252837
CC-3382,3252852
CC-3382,3252856
CC-3382,3258432
CC-3382,3258444
CC-3382,3252291.0
CC-3383,3256135
CC-3383,3256146
CC-3383,3256156
CC-3383,3256164
CC-3383,3256135.0
CC-3384,3259723
CC-3384,3259723.0
CC-3385,3259275
CC-3386,3256931
CC-3386,3256961
CC-3386,3256931.0
CC-3387,3259580
CC-3388,3258366
CC-3388,3258694
CC-3388,3258366.0
CC-3389,3259077
CC-3389,3259077.0
CC-3390,3259932
CC-3390,3259932.0
CC-3391,3257375
CC-3391,3257375.0
CC-3392,3258051
CC-3392,3258051.0
CC-3393,3259762
CC-3393,3259762.0
CC-3394,3259209
CC-3394,3259416
CC-3394,3259424
CC-3394,3259514
CC-3394,3259519
CC-3394,3259209.0
CC-3395,3258551
CC-3395,3258582
CC-3395,3258653
CC-3395,3258551.0
CC-3396,3259757
CC-3396,3259757.0
CC-3397,3259915
CC-3397,3259915.0
CC-3398,3258127
CC-3398,3258127.0
CC-3399,3257288
CC-3399,3257288.0
CC-3400,3259249
CC-3400,3259249.0
CC-3401,3257151
CC-3401,3257157
CC-3401,3257165
CC-3401,3259034
CC-3401,3257151.0
CC-3402,3258460
CC-3402,3258460.0
CC-3403,3255591
CC-3403,3260270
CC-3403,3260282
CC-3403,3255591.0
CC-3404,3259904
CC-3404,3259904.0
CC-3405,3251835
CC-3405,3252746
CC-3405,3253546
CC-3405,3254209
CC-3405,3254210
CC-3405,3254211
CC-3405,3257185
CC-3405,3259693
CC-3405,3260042
CC-3405,3251835.0
CC-3406,3260055
CC-3407,3261147
CC-3408,3252606
CC-3408,3252717
CC-3408,3252863
CC-3408,3252968
CC-3408,3256660
CC-3408,3261137
CC-3408,3252606.0
CC-3409,3259220
CC-3409,3259220.0
CC-3410,3259695
CC-3410,3259718
CC-3410,3259695.0
CC-3411,3261611
CC-3412,3261557
CC-3413,3261536
CC-3414,3262008
CC-3414,3262008.0
CC-3415,3262576
CC-3415,3262576.0
CC-3416,3262756
CC-3417,3260655
CC-3417,3260655.0
CC-3418,3256209
CC-3418,3257662
CC-3418,3261055
CC-3418,3256209.0
CC-3419,3244570
CC-3419,3249495
CC-3419,3249559
CC-3419,3249617
CC-3419,3249785
CC-3419,3249786
CC-3419,3253549
CC-3419,3255908
CC-3419,3255955
CC-3419,3258823
CC-3419,3261298
CC-3419,3244570.0
CC-3420,3262126
CC-3420,3262126.0
CC-3421,3259737
CC-3421,3259737.0
CC-3422,3262531
CC-3422,3262544
CC-3422,3262531.0
CC-3423,3260634
CC-3423,3260634.0
CC-3424,3262013
CC-3424,3262013.0
CC-3425,3262785
CC-3425,3262785.0
CC-3426,3258676
CC-3426,3261993
CC-3426,3258676.0
CC-3427,3261965
CC-3427,3261965.0
CC-3428,3260024
CC-3428,3260024.0
CC-3429,3261334
CC-3429,3261334.0
CC-3430,3260058
CC-3430,3260058.0
CC-3431,3262711
CC-3431,3262711.0
CC-3432,3255341
CC-3432,3255442
CC-3432,3255461
CC-3432,3255612
CC-3432,3259644
CC-3432,3260979
CC-3432,3261017
CC-3432,3261794
CC-3432,3261823
CC-3432,3262995
CC-3432,3255341.0
CC-3433,3260900
CC-3433,3260900.0
CC-3434,3257628
CC-3434,3257634
CC-3434,3261102
CC-3434,3262200
CC-3434,3257628.0
CC-3435,3263142
CC-3436,3259287
CC-3436,3259316
CC-3436,3260033
CC-3436,3260034
CC-3436,3260037
CC-3436,3260038
CC-3436,3260040
CC-3436,3260481
CC-3436,3260548
CC-3436,3259287.0
CC-3437,3262974
CC-3437,3262974.0
CC-3438,3263742
CC-3438,3263742.0
CC-3439,3255549
CC-3439,3256630
CC-3439,3262275
CC-3439,3255549.0
CC-3440,3259942
CC-3440,3259967
CC-3440,3263881
CC-3440,3259942.0
CC-3441,3261977
CC-3441,3262147
CC-3441,3261977.0
CC-3442,3262415
CC-3442,3262415.0
CC-3443,3260574
CC-3443,3260632
CC-3443,3260574.0
CC-3444,3261843
CC-3444,3261926
CC-3444,3261843.0
CC-3445,3261299
CC-3445,3261299.0
CC-3446,3264686
CC-3446,3264752
CC-3446,3264765
CC-3446,3264771
CC-3446,3264686.0
CC-3447,3258704
CC-3447,3263086
CC-3447,3258704.0
CC-3448,3259142
CC-3448,3259550
CC-3448,3259902
CC-3448,3259912
CC-3448,3260969
CC-3448,3261062
CC-3448,3261427
CC-3448,3261659
CC-3448,3262597
CC-3448,3262641
CC-3448,3259142.0
CC-3449,3258427
CC-3449,3261107
CC-3449,3261740
CC-3449,3261862
CC-3449,3261903
CC-3449,3258427.0
CC-3450,3256420
CC-3450,3257050
CC-3450,3257127
CC-3450,3258808
CC-3450,3259216
CC-3450,3261962
CC-3450,3256420.0
CC-3451,3265265
CC-3451,3265265.0
CC-3452,3262604
CC-3452,3262663
CC-3452,3262682
CC-3452,3262604.0
CC-3453,3261550
CC-3453,3261550.0
CC-3454,3264140
CC-3454,3264140.0
CC-3455,3264570
CC-3455,3264570.0
CC-3456,3263485
CC-3456,3263485.0
CC-3457,3263855
CC-3457,3263910
CC-3457,3263855.0
CC-3458,3265193
CC-3459,3265023
CC-3459,3265259
CC-3459,3265023.0
CC-3460,3264288
CC-3460,3265627
CC-3460,3264288.0
CC-3461,3246719
CC-3461,3247246
CC-3461,3250307
CC-3461,3250436
CC-3461,3253925
CC-3461,3254002
CC-3461,3256649
CC-3461,3256783
CC-3461,3256823
CC-3461,3259977
CC-3461,3259978
CC-3461,3259979
CC-3461,3262897
CC-3461,3262960
CC-3461,3262973
CC-3461,3262981
CC-3461,3265827
CC-3461,3246719.0
CC-3462,3263337
CC-3462,3263337.0
CC-3463,3265897
CC-3464,3264087
CC-3464,3264104
CC-3464,3264087.0
CC-3465,3265715
CC-3466,3263274
CC-3466,3263274.0
CC-3467,3265865
CC-3467,3265877
CC-3467,3265865.0
CC-3468,3265506
CC-3468,3265506.0
CC-3469,3258722
CC-3469,3261816
CC-3469,3262401
CC-3469,3263336
CC-3469,3258722.0
CC-3470,3249046
CC-3470,3251528
CC-3470,3251549
CC-3470,3251558
CC-3470,3251604
CC-3470,3251739
CC-3470,3252168
CC-3470,3256066
CC-3470,3257560
CC-3470,3259298
CC-3470,3260312
CC-3470,3263452
CC-3470,3249046.0
CC-3471,3262962
CC-3471,3262965
CC-3471,3262966
CC-3471,3262970
CC-3471,3262971
CC-3471,3262962.0
CC-3472,3264551
CC-3472,3264551.0
CC-3473,3263004
CC-3473,3263004.0
CC-3474,3263147
CC-3474,3263147.0
CC-3475,3266298
CC-3476,3262255
CC-3476,3262926
CC-3476,3263026
CC-3476,3262255.0
CC-3477,3262969
CC-3477,3263534
CC-3477,3263814
CC-3477,3263825
CC-3477,3262969.0
CC-3478,3265472
CC-3478,3265472.0
CC-3479,3265629
CC-3479,3265629.0
CC-3480,3264631
CC-3480,3264631.0
CC-3481,3265578
CC-3481,3265578.0
CC-3482,3266180
CC-3483,3264780
CC-3483,3264780.0
CC-3484,3267451
CC-3485,3264672
CC-3485,3264672.0
CC-3486,3264837
CC-3486,3267189
CC-3486,3264837.0
CC-3487,3265486
CC-3487,3265486.0
CC-3488,3266778
CC-3488,3266778.0
CC-3489,3264406
CC-3489,3265371
CC-3489,3266460
CC-3489,3264406.0
CC-3490,3266655
CC-3490,3266665
CC-3490,3266696
CC-3490,3266655.0
CC-3491,3214820
CC-3491,3216948
CC-3491,3220299
CC-3491,3221822
CC-3491,3222780
CC-3491,3224562
CC-3491,3224595
CC-3491,3224744
CC-3491,3225422
CC-3491,3225676
CC-3491,3227098
CC-3491,3227120
CC-3491,3227129
CC-3491,3228463
CC-3491,3232345
CC-3491,3232845
CC-3491,3234219
CC-3491,3234352
CC-3491,3237108
CC-3491,3237199
CC-3491,3237616
CC-3491,3237634
CC-3491,3237685
CC-3491,3242723
CC-3491,3243754
CC-3491,3245294
CC-3491,3247593
CC-3491,3250640
CC-3491,3251153
CC-3491,3251158
CC-3491,3252310
CC-3491,3252336
CC-3491,3253510
CC-3491,3255378
CC-3491,3255422
CC-3491,3255452
CC-3491,3255453
CC-3491,3255458
CC-3491,3255465
CC-3491,3255494
CC-3491,3255608
CC-3491,3258564
CC-3491,3258871
CC-3491,3259821
CC-3491,3262703
CC-3491,3262742
CC-3491,3262751
CC-3491,3262759
CC-3491,3263976
CC-3491,3264522
CC-3491,3264991
CC-3491,3214820.0
CC-3492,3267591
CC-3492,3267591.0
CC-3493,3267360
CC-3493,3268095
CC-3493,3267360.0
CC-3494,3258857
CC-3494,3258993
CC-3494,3264410
CC-3494,3258857.0
CC-3495,3264611
CC-3495,3264611.0
CC-3496,3265041
CC-3496,3265041.0
CC-3497,3265878
CC-3497,3265878.0
CC-3498,3268128
CC-3499,3265862
CC-3499,3265862.0
CC-3500,3264571
CC-3500,3264571.0
CC-3501,3268057
CC-3501,3268067
CC-3501,3268092
CC-3501,3268100
CC-3501,3268339
CC-3501,3268371
CC-3501,3268057.0
CC-3502,3268050
CC-3502,3268050.0
CC-3503,3265722
CC-3503,3265722.0
CC-3504,3268812
CC-3504,3268812.0
CC-3505,3266171
CC-3505,3266171.0
CC-3506,3268591
CC-3507,3266012
CC-3507,3266012.0
CC-3508,3262989
CC-3508,3262992
CC-3508,3264171
CC-3508,3265924
CC-3508,3262989.0
CC-3509,3267154
CC-3509,3267154.0
CC-3510,3266983
CC-3510,3266983.0
CC-3511,3263006
CC-3511,3263009
CC-3511,3265920
CC-3511,3265923
CC-3511,3267505
CC-3511,3268846
CC-3511,3268854
CC-3511,3268874
CC-3511,3268882
CC-3511,3268894
CC-3511,3268907
CC-3511,3268979
CC-3511,3268984
CC-3511,3268985
CC-3511,3263006.0
CC-3512,3268687
CC-3512,3268687.0
CC-3513,3266150
CC-3513,3266150.0
CC-3514,3237064
CC-3514,3238616
CC-3514,3238625
CC-3514,3238673
CC-3514,3238851
CC-3514,3238880
CC-3514,3242235
CC-3514,3242247
CC-3514,3242275
CC-3514,3242340
CC-3514,3248396
CC-3514,3249282
CC-3514,3251707
CC-3514,3251872
CC-3514,3251892
CC-3514,3251996
CC-3514,3252175
CC-3514,3253071
CC-3514,3257908
CC-3514,3257951
CC-3514,3257999
CC-3514,3260964
CC-3514,3261424
CC-3514,3266565
CC-3514,3237064.0
CC-3515,3269193
CC-3516,3268900
CC-3516,3268900.0
CC-3517,3266918
CC-3517,3266918.0
CC-3518,3269043
CC-3518,3269043.0
CC-3519,3268800
CC-3519,3268800.0
CC-3520,3269528
CC-3521,3269749
CC-3522,3268958
CC-3522,3268969
CC-3522,3268958.0
CC-3523,3267608
CC-3523,3267608.0
CC-3524,3256942
CC-3524,3262289
CC-3524,3265116
CC-3524,3265759
CC-3524,3266890
CC-3524,3268212
CC-3524,3268310
CC-3524,3268960
CC-3524,3269018
CC-3524,3256942.0
CC-3525,3267764
CC-3525,3267764.0
CC-3526,3269147
CC-3526,3269152
CC-3526,3269147.0
CC-3527,3266566
CC-3527,3266566.0
CC-3528,3205413
CC-3528,3207317
CC-3528,3211637
CC-3528,3211709
CC-3528,3211989
CC-3528,3212773
CC-3528,3214359
CC-3528,3214528
CC-3528,3214569
CC-3528,3214593
CC-3528,3214595
CC-3528,3214607
CC-3528,3214677
CC-3528,3214680
CC-3528,3214712
CC-3528,3215035
CC-3528,3215101
CC-3528,3215197
CC-3528,3215242
CC-3528,3215336
CC-3528,3215396
CC-3528,3215556
CC-3528,3215855
CC-3528,3215872
CC-3528,3215993
CC-3528,3216038
CC-3528,3216055
CC-3528,3217660
CC-3528,3217668
CC-3528,3218349
CC-3528,3218500
CC-3528,3218958
CC-3528,3218983
CC-3528,3220078
CC-3528,3220216
CC-3528,3220227
CC-3528,3220729
CC-3528,3220782
CC-3528,3221902
CC-3528,3222384
CC-3528,3222429
CC-3528,3223273
CC-3528,3223340
CC-3528,3223387
CC-3528,3223413
CC-3528,3223462
CC-3528,3224078
CC-3528,3224086
CC-3528,3224417
CC-3528,3224583
CC-3528,3224681
CC-3528,3224718
CC-3528,3224764
CC-3528,3224863
CC-3528,3224864
CC-3528,3225097
CC-3528,3225125
CC-3528,3225206
CC-3528,3225753
CC-3528,3225793
CC-3528,3226185
CC-3528,3226211
CC-3528,3226287
CC-3528,3226292
CC-3528,3226507
CC-3528,3226686
CC-3528,3226739
CC-3528,3227727
CC-3528,3227767
CC-3528,3227771
CC-3528,3227800
CC-3528,3228018
CC-3528,3228168
CC-3528,3228386
CC-3528,3228395
CC-3528,3228406
CC-3528,3228568
CC-3528,3229960
CC-3528,3230014
CC-3528,3230021
CC-3528,3231373
CC-3528,3231420
CC-3528,3231439
CC-3528,3231448
CC-3528,3231457
CC-3528,3231478
CC-3528,3231488
CC-3528,3231507
CC-3528,3231529
CC-3528,3231552
CC-3528,3231563
CC-3528,3231582
CC-3528,3231619
CC-3528,3231622
CC-3528,3231645
CC-3528,3231648
CC-3528,3231672
CC-3528,3232652
CC-3528,3232671
CC-3528,3232763
CC-3528,3232798
CC-3528,3232825
CC-3528,3234266
CC-3528,3234402
CC-3528,3234452
CC-3528,3238654
CC-3528,3238692
CC-3528,3239573
CC-3528,3239707
CC-3528,3239833
CC-3528,3239975
CC-3528,3240191
CC-3528,3240193
CC-3528,3240211
CC-3528,3240334
CC-3528,3240372
CC-3528,3240481
CC-3528,3240508
CC-3528,3240666
CC-3528,3242033
CC-3528,3242045
CC-3528,3242059
CC-3528,3242065
CC-3528,3243444
CC-3528,3243900
CC-3528,3243917
CC-3528,3243941
CC-3528,3245322
CC-3528,3246134
CC-3528,3246375
CC-3528,3246921
CC-3528,3246924
CC-3528,3248586
CC-3528,3248708
CC-3528,3248712
CC-3528,3248713
CC-3528,3248794
CC-3528,3248865
CC-3528,3248882
CC-3528,3248977
CC-3528,3249305
CC-3528,3249373
CC-3528,3249377
CC-3528,3249529
CC-3528,3249571
CC-3528,3249619
CC-3528,3249735
CC-3528,3249746
CC-3528,3249846
CC-3528,3249856
CC-3528,3249902
CC-3528,3249981
CC-3528,3250121
CC-3528,3250281
CC-3528,3250750
CC-3528,3250878
CC-3528,3251147
CC-3528,3251150
CC-3528,3251170
CC-3528,3251183
CC-3528,3251212
CC-3528,3251214
CC-3528,3251215
CC-3528,3252197
CC-3528,3252313
CC-3528,3252428
CC-3528,3252455
CC-3528,3252565
CC-3528,3252730
CC-3528,3253014
CC-3528,3253069
CC-3528,3253205
CC-3528,3253339
CC-3528,3253394
CC-3528,3255641
CC-3528,3255673
CC-3528,3255687
CC-3528,3255749
CC-3528,3255765
CC-3528,3255800
CC-3528,3256262
CC-3528,3256304
CC-3528,3256406
CC-3528,3256816
CC-3528,3256858
CC-3528,3257024
CC-3528,3258059
CC-3528,3259989
CC-3528,3260004
CC-3528,3260178
CC-3528,3261063
CC-3528,3261082
CC-3528,3261150
CC-3528,3261155
CC-3528,3261277
CC-3528,3261287
CC-3528,3261335
CC-3528,3261454
CC-3528,3261608
CC-3528,3261647
CC-3528,3262690
CC-3528,3262768
CC-3528,3262864
CC-3528,3262869
CC-3528,3262886
CC-3528,3262893
CC-3528,3262920
CC-3528,3262929
CC-3528,3264138
CC-3528,3267213
CC-3528,3267343
CC-3528,3205413.0
CC-3529,3266892
CC-3529,3266892.0
CC-3530,3267624
CC-3530,3267624.0
CC-3531,3268388
CC-3531,3268388.0
CC-3532,3267053
CC-3532,3267078
CC-3532,3267087
CC-3532,3267120
CC-3532,3267053.0
CC-3533,3268736
CC-3533,3268736.0
CC-3534,3269166
CC-3534,3269166.0
CC-3535,3255880
CC-3535,3257462
CC-3535,3260887
CC-3535,3260962
CC-3535,3265199
CC-3535,3266669
CC-3535,3270690
CC-3535,3255880.0
CC-3536,3269425
CC-3536,3269446
CC-3536,3269425.0
CC-3537,3263436
CC-3537,3268025
CC-3537,3263436.0
CC-3538,3258499
CC-3538,3258937
CC-3538,3258955
CC-3538,3259021
CC-3538,3259042
CC-3538,3259126
CC-3538,3259191
CC-3538,3259946
CC-3538,3260070
CC-3538,3260301
CC-3538,3262043
CC-3538,3263774
CC-3538,3264071
CC-3538,3264330
CC-3538,3264905
CC-3538,3264906
CC-3538,3265963
CC-3538,3268949
CC-3538,3258499.0
CC-3539,3270999
CC-3539,3270999.0
CC-3540,3271384
CC-3541,3268739
CC-3541,3268739.0
CC-3542,3262014
CC-3542,3263874
CC-3542,3267516
CC-3542,3270102
CC-3542,3270232
CC-3542,3270640
CC-3542,3262014.0
CC-3543,3271054
CC-3543,3271054.0
CC-3544,3270698
CC-3545,3270112
CC-3545,3270112.0
CC-3546,3269190
CC-3546,3270115
CC-3546,3269190.0
CC-3547,3271192
CC-3548,3252126
CC-3548,3252757
CC-3548,3255692
CC-3548,3255762
CC-3548,3257575
CC-3548,3260267
CC-3548,3260468
CC-3548,3260902
CC-3548,3260952
CC-3548,3263933
CC-3548,3264336
CC-3548,3267074
CC-3548,3270014
CC-3548,3270040
CC-3548,3252126.0
CC-3549,3269971
CC-3549,3270521
CC-3549,3270536
CC-3549,3269971.0
CC-3550,3265870
CC-3550,3271850
CC-3550,3265870.0
CC-3551,3227158
CC-3551,3227256
CC-3551,3232406
CC-3551,3233169
CC-3551,3237085
CC-3551,3237181
CC-3551,3238558
CC-3551,3238566
CC-3551,3241537
CC-3551,3241581
CC-3551,3241618
CC-3551,3241713
CC-3551,3246227
CC-3551,3251901
CC-3551,3251968
CC-3551,3253812
CC-3551,3253853
CC-3551,3258971
CC-3551,3259048
CC-3551,3261405
CC-3551,3263497
CC-3551,3268524
CC-3551,3268613
CC-3551,3271484
CC-3551,3227158.0
CC-3552,3269116
CC-3552,3269116.0
CC-3553,3254109
CC-3553,3254130
CC-3553,3254133
CC-3553,3259776
CC-3553,3259779
CC-3553,3259795
CC-3553,3260383
CC-3553,3260425
CC-3553,3261531
CC-3553,3261918
CC-3553,3264404
CC-3553,3268304
CC-3553,3268913
CC-3553,3268981
CC-3553,3268993
CC-3553,3254109.0
CC-3554,3270198
CC-3554,3270198.0
CC-3555,3267651
CC-3555,3267688
CC-3555,3267706
CC-3555,3267829
CC-3555,3270081
CC-3555,3270104
CC-3555,3270254
CC-3555,3270271
CC-3555,3270289
CC-3555,3270347
CC-3555,3270385
CC-3555,3270387
CC-3555,3267651.0
CC-3556,3269478
CC-3556,3269478.0
CC-3557,3271960
CC-3557,3271960.0
CC-3558,3271979
CC-3558,3271979.0
CC-3559,3271522
CC-3559,3271522.0
CC-3560,3270664
CC-3560,3270700
CC-3560,3270664.0
CC-3561,3271167
CC-3561,3271167.0
CC-3562,3262097
CC-3562,3265102
CC-3562,3265280
CC-3562,3267414
CC-3562,3268139
CC-3562,3270949
CC-3562,3271015
CC-3562,3271418
CC-3562,3262097.0
CC-3563,3271858
CC-3563,3271858.0
CC-3564,3262237
CC-3564,3262755
CC-3564,3262774
CC-3564,3263990
CC-3564,3264002
CC-3564,3264882
CC-3564,3268200
CC-3564,3268239
CC-3564,3271757
CC-3564,3271767
CC-3564,3262237.0
CC-3565,3264875
CC-3565,3267136
CC-3565,3267150
CC-3565,3267177
CC-3565,3267179
CC-3565,3270791
CC-3565,3270797
CC-3565,3264875.0
CC-3566,3270963
CC-3566,3271098
CC-3566,3270963.0
CC-3567,3272511
CC-3567,3272511.0
CC-3568,3268510
CC-3568,3268518
CC-3568,3268675
CC-3568,3272761
CC-3568,3268510.0
CC-3569,3269730
CC-3569,3269791
CC-3569,3269730.0
CC-3570,3272614
CC-3571,3268512
CC-3571,3270296
CC-3571,3268512.0
CC-3572,3270426
CC-3572,3270426.0
CC-3573,3270065
CC-3573,3270065.0
CC-3574,3270282
CC-3574,3270282.0
CC-3575,3271099
CC-3575,3271099.0
CC-3576,3268966
CC-3576,3268976
CC-3576,3271957
CC-3576,3268966.0
CC-3577,3266524
CC-3577,3272042
CC-3577,3266524.0
CC-3578,3269655
CC-3578,3273450
CC-3578,3273470
CC-3578,3273485
CC-3578,3269655.0
CC-3579,3272615
CC-3580,3272335
CC-3580,3272335.0
CC-3581,3273386
CC-3581,3273386.0
CC-3582,3271778
CC-3582,3272209
CC-3582,3272385
CC-3582,3271778.0
CC-3583,3271179
CC-3583,3271179.0
CC-3584,3271793
CC-3584,3271835
CC-3584,3272864
CC-3584,3273901
CC-3584,3274072
CC-3584,3274142
CC-3584,3271793.0
CC-3585,3274083
CC-3585,3274083.0
CC-3586,3273973
CC-3586,3273973.0
CC-3587,3271314
CC-3587,3271314.0
CC-3588,3273153
CC-3588,3273153.0
CC-3589,3273390
CC-3589,3273390.0
CC-3590,3273728
CC-3591,3274380
CC-3592,3269753
CC-3592,3271309
CC-3592,3269753.0
CC-3593,3272406
CC-3593,3272406.0
CC-3594,3270636
CC-3594,3270677
CC-3594,3271948
CC-3594,3270636.0
CC-3595,3260473
CC-3595,3260546
CC-3595,3264453
CC-3595,3264456
CC-3595,3264660
CC-3595,3266390
CC-3595,3269133
CC-3595,3272029
CC-3595,3260473.0
CC-3596,3272660
CC-3596,3272660.0
CC-3597,3268941
CC-3597,3268964
CC-3597,3269811
CC-3597,3270413
CC-3597,3270418
CC-3597,3270422
CC-3597,3270440
CC-3597,3272906
CC-3597,3268941.0
CC-3598,3267070
CC-3598,3267448
CC-3598,3267485
CC-3598,3269000
CC-3598,3269288
CC-3598,3269306
CC-3598,3269313
CC-3598,3269620
CC-3598,3269703
CC-3598,3270770
CC-3598,3270800
CC-3598,3272249
CC-3598,3272265
CC-3598,3267070.0
CC-3599,3274855
CC-3599,3274855.0
CC-3600,3272843
CC-3600,3272883
CC-3600,3272843.0
CC-3601,3273147
CC-3601,3273147.0
CC-3602,3274837
CC-3603,3273749
CC-3603,3273749.0
CC-3604,3273345
CC-3604,3273363
CC-3604,3273345.0
CC-3605,3274986
CC-3605,3274986.0
CC-3606,3273306
CC-3606,3273306.0
CC-3607,3253238
CC-3607,3253293
CC-3607,3253302
CC-3607,3253819
CC-3607,3253901
CC-3607,3253905
CC-3607,3255583
CC-3607,3255598
CC-3607,3257189
CC-3607,3259448
CC-3607,3260352
CC-3607,3264352
CC-3607,3264457
CC-3607,3266311
CC-3607,3267331
CC-3607,3269237
CC-3607,3270130
CC-3607,3271411
CC-3607,3272947
CC-3607,3272948
CC-3607,3273465
CC-3607,3274365
CC-3607,3253238.0
CC-3608,3272922
CC-3608,3272922.0
CC-3609,3272737
CC-3609,3272737.0
CC-3610,3273191
CC-3610,3273191.0
CC-3611,3274270
CC-3611,3274270.0
CC-3612,3275183
CC-3613,3275189
CC-3613,3275189.0
CC-3614,3271159
CC-3614,3271171
CC-3614,3272774
CC-3614,3272821
CC-3614,3272837
CC-3614,3271159.0
CC-3615,3273118
CC-3615,3273118.0
CC-3616,3275487
CC-3617,3274353
CC-3617,3274353.0
CC-3618,3276128
CC-3618,3276128.0
CC-3619,3275368
CC-3619,3275368.0
CC-3620,3275378
CC-3621,3274147
CC-3621,3274147.0
CC-3622,3276679
CC-3622,3276711
CC-3622,3276679.0
CC-3623,3268906
CC-3623,3270078
CC-3623,3273856
CC-3623,3273962
CC-3623,3268906.0
CC-3624,3270788
CC-3624,3273228
CC-3624,3270788.0
CC-3625,3276829
CC-3626,3273977
CC-3626,3273977.0
CC-3627,3276479
CC-3627,3276479.0
CC-3628,3273780
CC-3628,3273780.0
CC-3629,3276995
CC-3630,3275634
CC-3630,3275634.0
CC-3631,3268992
CC-3631,3269004
CC-3631,3273308
CC-3631,3277254
CC-3631,3268992.0
CC-3632,3264520
CC-3632,3270029
CC-3632,3271365
CC-3632,3272298
CC-3632,3272327
CC-3632,3272987
CC-3632,3274040
CC-3632,3274191
CC-3632,3275465
CC-3632,3264520.0
CC-3633,3271847
CC-3633,3277106
CC-3633,3271847.0
CC-3634,3274919
CC-3634,3274919.0
CC-3635,3277622
CC-3636,3277167
CC-3636,3277167.0
CC-3637,3271737
CC-3637,3275051
CC-3637,3275070
CC-3637,3275120
CC-3637,3275359
CC-3637,3276656
CC-3637,3271737.0
CC-3638,3261651
CC-3638,3265543
CC-3638,3265555
CC-3638,3265594
CC-3638,3268760
CC-3638,3270625
CC-3638,3270655
CC-3638,3270721
CC-3638,3270736
CC-3638,3270851
CC-3638,3276274
CC-3638,3277449
CC-3638,3261651.0
CC-3639,3277318
CC-3640,3277371
CC-3641,3277836
CC-3641,3277836.0
CC-3642,3277820
CC-3642,3277820.0
CC-3643,3275337
CC-3643,3275337.0
CC-3644,3273550
CC-3644,3275770
CC-3644,3275831
CC-3644,3275838
CC-3644,3273550.0
CC-3645,3277720
CC-3646,3275318
CC-3646,3275318.0
CC-3647,3270837
CC-3647,3275335
CC-3647,3270837.0
CC-3648,3275778
CC-3648,3275778.0
CC-3649,3277226
CC-3649,3277226.0
CC-3650,3274562
CC-3650,3275733
CC-3650,3276147
CC-3650,3276235
CC-3650,3276239
CC-3650,3276254
CC-3650,3276270
CC-3650,3276317
CC-3650,3276377
CC-3650,3276805
CC-3650,3276807
CC-3650,3276994
CC-3650,3277061
CC-3650,3277156
CC-3650,3277158
CC-3650,3277400
CC-3650,3274562.0
CC-3651,3275526
CC-3651,3275526.0
CC-3652,3277766
CC-3652,3277766.0
CC-3653,3259393
CC-3653,3259450
CC-3653,3259666
CC-3653,3263868
CC-3653,3263892
CC-3653,3264507
CC-3653,3268930
CC-3653,3268959
CC-3653,3273893
CC-3653,3275689
CC-3653,3277686
CC-3653,3259393.0
CC-3654,3276325
CC-3654,3276325.0
CC-3655,3276689
CC-3655,3278062
CC-3655,3278063
CC-3655,3278068
CC-3655,3278077
CC-3655,3278093
CC-3655,3278125
CC-3655,3278267
CC-3655,3278275
CC-3655,3278303
CC-3655,3276689.0
CC-3656,3276183
CC-3656,3276183.0
CC-3657,3271953
CC-3657,3271954
CC-3657,3273188
CC-3657,3274823
CC-3657,3276122
CC-3657,3276197
CC-3657,3276919
CC-3657,3271953.0
CC-3658,3276562
CC-3658,3276562.0
CC-3659,3276392
CC-3659,3276392.0
CC-3660,3277741
CC-3660,3277741.0
CC-3661,3275502
CC-3661,3275502.0
CC-3662,3276077
CC-3662,3276077.0
CC-3663,3277272
CC-3663,3277272.0
CC-3664,3278490
CC-3664,3278490.0
CC-3665,3276419
CC-3665,3276419.0
CC-3666,3276348
CC-3666,3276348.0
CC-3667,3276647
CC-3667,3276647.0
CC-3668,3276722
CC-3668,3276722.0
CC-3669,3277825
CC-3669,3277825.0
CC-3670,3278839
CC-3671,3278746
CC-3671,3278746.0
CC-3672,3280084
CC-3672,3280084.0
CC-3673,3277052
CC-3673,3277052.0
CC-3674,3278152
CC-3674,3278152.0
CC-3675,3280184
CC-3675,3280205
CC-3675,3280184.0
CC-3676,3277269
CC-3676,3277269.0
CC-3677,3277028
CC-3677,3277028.0
CC-3678,3271830
CC-3678,3271844
CC-3678,3277551
CC-3678,3277712
CC-3678,3271830.0
CC-3679,3277855
CC-3679,3277855.0
CC-3680,3278268
CC-3680,3278268.0
CC-3681,3280758
CC-3681,3280758.0
CC-3682,3275452
CC-3682,3280670
CC-3682,3275452.0
CC-3683,3278843
CC-3683,3278843.0
CC-3684,3278015
CC-3684,3278032
CC-3684,3278015.0
CC-3685,3274252
CC-3685,3274286
CC-3685,3274305
CC-3685,3274312
CC-3685,3274318
CC-3685,3274345
CC-3685,3274944
CC-3685,3274970
CC-3685,3278657
CC-3685,3274252.0
CC-3686,3280828
CC-3686,3280828.0
CC-3687,3278719
CC-3687,3278719.0
CC-3688,3279818
CC-3688,3279840
CC-3688,3279818.0
CC-3689,3278410
CC-3689,3278410.0
CC-3690,3280764
CC-3690,3280764.0
CC-3691,3278820
CC-3691,3278820.0
CC-3692,3276667
CC-3692,3279094
CC-3692,3276667.0
CC-3693,3279954
CC-3693,3279954.0
CC-3694,3277886
CC-3694,3277886.0
CC-3695,3278121
CC-3695,3278145
CC-3695,3278173
CC-3695,3278175
CC-3695,3278184
CC-3695,3278188
CC-3695,3278220
CC-3695,3278121.0
CC-3696,3280715
CC-3696,3280715.0
CC-3697,3279716
CC-3697,3279716.0
CC-3698,3279272
CC-3698,3279294
CC-3698,3279272.0
CC-3699,3279028
CC-3699,3279028.0
CC-3700,3278285
CC-3700,3278285.0
CC-3701,3280625
CC-3701,3280625.0
CC-3702,3280342
CC-3702,3280342.0
CC-3703,3281077
CC-3704,3281424
CC-3704,3281553
CC-3704,3281424.0
CC-3705,3280859
CC-3705,3280859.0
CC-3706,3280320
CC-3706,3280320.0
CC-3707,3279604
CC-3707,3279621
CC-3707,3279604.0
CC-3708,3278827
CC-3708,3278827.0
CC-3709,3282011
CC-3710,3279110
CC-3710,3279110.0
CC-3711,3281371
CC-3711,3281371.0
CC-3712,3277783
CC-3712,3279150
CC-3712,3279232
CC-3712,3277783.0
CC-3713,3268686
CC-3713,3271788
CC-3713,3274920
CC-3713,3280455
CC-3713,3268686.0
CC-3714,3270261
CC-3714,3276060
CC-3714,3281221
CC-3714,3270261.0
CC-3715,3278602
CC-3715,3282849
CC-3715,3278602.0
CC-3716,3276074
CC-3716,3280800
CC-3716,3276074.0
CC-3717,3279880
CC-3717,3279880.0
CC-3718,3278144
CC-3718,3279862
CC-3718,3278144.0
CC-3719,3279569
CC-3719,3279569.0
CC-3720,3280396
CC-3720,3280396.0
CC-3721,3279956
CC-3721,3279956.0
CC-3722,3282462
CC-3722,3282462.0
CC-3723,3283010
CC-3723,3283010.0
CC-3724,3282687
CC-3724,3282687.0
CC-3725,3280694
CC-3725,3280717
CC-3725,3280694.0
CC-3726,3282111
CC-3726,3282111.0
CC-3727,3275290
CC-3727,3277185
CC-3727,3280152
CC-3727,3280195
CC-3727,3282349
CC-3727,3275290.0
CC-3728,3280741
CC-3728,3281211
CC-3728,3283227
CC-3728,3280741.0
CC-3729,3281495
CC-3729,3281495.0
CC-3730,3281988
CC-3730,3283738
CC-3730,3281988.0
CC-3731,3281104
CC-3731,3281104.0
CC-3732,3278369
CC-3732,3278386
CC-3732,3279538
CC-3732,3282630
CC-3732,3278369.0
CC-3733,3282035
CC-3733,3282035.0
CC-3734,3283628
CC-3735,3281802
CC-3735,3281930
CC-3735,3281802.0
CC-3736,3283659
CC-3736,3283668
CC-3736,3283659.0
CC-3737,3281556
CC-3737,3281556.0
CC-3738,3283585
CC-3738,3283585.0
CC-3739,3282566
CC-3739,3282643
CC-3739,3282666
CC-3739,3283345
CC-3739,3283389
CC-3739,3283395
CC-3739,3283429
CC-3739,3282566.0
CC-3740,3278076
CC-3740,3279352
CC-3740,3279901
CC-3740,3281066
CC-3740,3282057
CC-3740,3282079
CC-3740,3282488
CC-3740,3282517
CC-3740,3282601
CC-3740,3282613
CC-3740,3282631
CC-3740,3282633
CC-3740,3278076.0
CC-3741,3283709
CC-3741,3283709.0
CC-3742,3280889
CC-3742,3282684
CC-3742,3282689
CC-3742,3280889.0
CC-3743,3281960
CC-3743,3282059
CC-3743,3282105
CC-3743,3282203
CC-3743,3282255
CC-3743,3281960.0
CC-3744,3281964
CC-3744,3282650
CC-3744,3282905
CC-3744,3282941
CC-3744,3281964.0
CC-3745,3283747
CC-3745,3283747.0
CC-3746,3277037
CC-3746,3279384
CC-3746,3283575
CC-3746,3277037.0
CC-3747,3282389
CC-3747,3282389.0
CC-3748,3284089
CC-3748,3284119
CC-3748,3284143
CC-3748,3284161
CC-3748,3284089.0
CC-3749,3238472
CC-3749,3239988
CC-3749,3240162
CC-3749,3245672
CC-3749,3245724
CC-3749,3246585
CC-3749,3248278
CC-3749,3248403
CC-3749,3250017
CC-3749,3250333
CC-3749,3250561
CC-3749,3251098
CC-3749,3256859
CC-3749,3262624
CC-3749,3267449
CC-3749,3267528
CC-3749,3267559
CC-3749,3267627
CC-3749,3272453
CC-3749,3272564
CC-3749,3272612
CC-3749,3274662
CC-3749,3274809
CC-3749,3274895
CC-3749,3274938
CC-3749,3277447
CC-3749,3279945
CC-3749,3279992
CC-3749,3280456
CC-3749,3281293
CC-3749,3238472.0
CC-3750,3276400
CC-3750,3277003
CC-3750,3278738
CC-3750,3280611
CC-3750,3280641
CC-3750,3280928
CC-3750,3281460
CC-3750,3281472
CC-3750,3281480
CC-3750,3281487
CC-3750,3284489
CC-3750,3284809
CC-3750,3276400.0
CC-3751,3284100
CC-3752,3284251
CC-3752,3284251.0
CC-3753,3284982
CC-3753,3285019
CC-3753,3284982.0
CC-3754,3276732
CC-3754,3277911
CC-3754,3281921
CC-3754,3281945
CC-3754,3281992
CC-3754,3282006
CC-3754,3276732.0
CC-3755,3281973
CC-3755,3281973.0
CC-3756,3276571
CC-3756,3281981
CC-3756,3282010
CC-3756,3276571.0
CC-3757,3265420
CC-3757,3265716
CC-3757,3265734
CC-3757,3267112
CC-3757,3268897
CC-3757,3270032
CC-3757,3270036
CC-3757,3270133
CC-3757,3272380
CC-3757,3272398
CC-3757,3272426
CC-3757,3275527
CC-3757,3275587
CC-3757,3275593
CC-3757,3277915
CC-3757,3277929
CC-3757,3279345
CC-3757,3279435
CC-3757,3284699
CC-3757,3265420.0
CC-3758,3282797
CC-3758,3282797.0
CC-3759,3285678
CC-3759,3285678.0
CC-3760,3281106
CC-3760,3283181
CC-3760,3283182
CC-3760,3283376
CC-3760,3281106.0
CC-3761,3285920
CC-3762,3283272
CC-3762,3283272.0
CC-3763,3283599
CC-3763,3283599.0
CC-3764,3278869
CC-3764,3280339
CC-3764,3285126
CC-3764,3278869.0
CC-3765,3260617
CC-3765,3261207
CC-3765,3262513
CC-3765,3262796
CC-3765,3265349
CC-3765,3266120
CC-3765,3267633
CC-3765,3268155
CC-3765,3268977
CC-3765,3270804
CC-3765,3271028
CC-3765,3271810
CC-3765,3271853
CC-3765,3271876
CC-3765,3274863
CC-3765,3274872
CC-3765,3277788
CC-3765,3277802
CC-3765,3281566
CC-3765,3282674
CC-3765,3282697
CC-3765,3282915
CC-3765,3282939
CC-3765,3283728
CC-3765,3283737
CC-3765,3283739
CC-3765,3260617.0
CC-3766,3282908
CC-3766,3282931
CC-3766,3282964
CC-3766,3282984
CC-3766,3282992
CC-3766,3283105
CC-3766,3283208
CC-3766,3284969
CC-3766,3285035
CC-3766,3282908.0
CC-3767,3276314
CC-3767,3276373
CC-3767,3280851
CC-3767,3280856
CC-3767,3283764
CC-3767,3283770
CC-3767,3276314.0
CC-3768,3277880
CC-3768,3279077
CC-3768,3279225
CC-3768,3284094
CC-3768,3277880.0
CC-3769,3285824
CC-3769,3285824.0
CC-3770,3284613
CC-3770,3284644
CC-3770,3284613.0
CC-3771,3286321
CC-3771,3286385
CC-3771,3286321.0
CC-3772,3282991
CC-3772,3282991.0
CC-3773,3272375
CC-3773,3276013
CC-3773,3276071
CC-3773,3279135
CC-3773,3284491
CC-3773,3272375.0
CC-3774,3283666
CC-3774,3283666.0
CC-3775,3278708
CC-3775,3278731
CC-3775,3279671
CC-3775,3279696
CC-3775,3283808
CC-3775,3278708.0
CC-3776,3284422
CC-3776,3284422.0
CC-3777,3284785
CC-3777,3284785.0
CC-3778,3285800
CC-3778,3285800.0
CC-3779,3285996
CC-3779,3285996.0
CC-3780,3286619
CC-3780,3286620
CC-3780,3286619.0
CC-3781,3284088
CC-3781,3284088.0
CC-3782,3286605
CC-3782,3286605.0
CC-3783,3275806
CC-3783,3275816
CC-3783,3279381
CC-3783,3279401
CC-3783,3281919
CC-3783,3282722
CC-3783,3282757
CC-3783,3282926
CC-3783,3284108
CC-3783,3284216
CC-3783,3275806.0
CC-3784,3279069
CC-3784,3282795
CC-3784,3282834
CC-3784,3282892
CC-3784,3283947
CC-3784,3279069.0
CC-3785,3284840
CC-3785,3284840.0
CC-3786,3286812
CC-3786,3286812.0
CC-3787,3286604
CC-3787,3286604.0
CC-3788,3286522
CC-3788,3286522.0
CC-3789,3287169
CC-3789,3287169.0
CC-3790,3286885
CC-3791,3129815
CC-3791,3130091
CC-3791,3131666
CC-3791,3131703
CC-3791,3131761
CC-3791,3134587
CC-3791,3134599
CC-3791,3136755
CC-3791,3139532
CC-3791,3141336
CC-3791,3143571
CC-3791,3144327
CC-3791,3146472
CC-3791,3147587
CC-3791,3147631
CC-3791,3148949
CC-3791,3149048
CC-3791,3149090
CC-3791,3149647
CC-3791,3151721
CC-3791,3153132
CC-3791,3153269
CC-3791,3153556
CC-3791,3156432
CC-3791,3158197
CC-3791,3158271
CC-3791,3158881
CC-3791,3159890
CC-3791,3162100
CC-3791,3162792
CC-3791,3166886
CC-3791,3169196
CC-3791,3169760
CC-3791,3171202
CC-3791,3172987
CC-3791,3173379
CC-3791,3175432
CC-3791,3176521
CC-3791,3176615
CC-3791,3177405
CC-3791,3179148
CC-3791,3179166
CC-3791,3179171
CC-3791,3179709
CC-3791,3182303
CC-3791,3182389
CC-3791,3182391
CC-3791,3183529
CC-3791,3183822
CC-3791,3183857
CC-3791,3183873
CC-3791,3183887
CC-3791,3185614
CC-3791,3185678
CC-3791,3186113
CC-3791,3189151
CC-3791,3189186
CC-3791,3189601
CC-3791,3191480
CC-3791,3195119
CC-3791,3195173
CC-3791,3195554
CC-3791,3195592
CC-3791,3197170
CC-3791,3198679
CC-3791,3200186
CC-3791,3200959
CC-3791,3201043
CC-3791,3203088
CC-3791,3204867
CC-3791,3205308
CC-3791,3205786
CC-3791,3208689
CC-3791,3209071
CC-3791,3209648
CC-3791,3209722
CC-3791,3210131
CC-3791,3210845
CC-3791,3210926
CC-3791,3211128
CC-3791,3211593
CC-3791,3211615
CC-3791,3212481
CC-3791,3212550
CC-3791,3212613
CC-3791,3215926
CC-3791,3215942
CC-3791,3216543
CC-3791,3219162
CC-3791,3223132
CC-3791,3226284
CC-3791,3226725
CC-3791,3226734
CC-3791,3231434
CC-3791,3233173
CC-3791,3233228
CC-3791,3235559
CC-3791,3236631
CC-3791,3236647
CC-3791,3236665
CC-3791,3236668
CC-3791,3237972
CC-3791,3238533
CC-3791,3238621
CC-3791,3238623
CC-3791,3239518
CC-3791,3240516
CC-3791,3240921
CC-3791,3240957
CC-3791,3240960
CC-3791,3241005
CC-3791,3241049
CC-3791,3241218
CC-3791,3241262
CC-3791,3241272
CC-3791,3242180
CC-3791,3242793
CC-3791,3243108
CC-3791,3244089
CC-3791,3244728
CC-3791,3244818
CC-3791,3245054
CC-3791,3246465
CC-3791,3246735
CC-3791,3246761
CC-3791,3246809
CC-3791,3247094
CC-3791,3247549
CC-3791,3247561
CC-3791,3247778
CC-3791,3249944
CC-3791,3250164
CC-3791,3250434
CC-3791,3250824
CC-3791,3254238
CC-3791,3255084
CC-3791,3255377
CC-3791,3258069
CC-3791,3260115
CC-3791,3261197
CC-3791,3262382
CC-3791,3263880
CC-3791,3265413
CC-3791,3268438
CC-3791,3274303
CC-3791,3274347
CC-3791,3276249
CC-3791,3277369
CC-3791,3277381
CC-3791,3278497
CC-3791,3278530
CC-3791,3278707
CC-3791,3278841
CC-3791,3280154
CC-3791,3280363
CC-3791,3281130
CC-3791,3281149
CC-3791,3281881
CC-3791,3282380
CC-3791,3285046
CC-3791,3129815.0
CC-3792,3285608
CC-3792,3285616
CC-3792,3285608.0
CC-3793,3287200
CC-3794,3286895
CC-3795,3286509
CC-3795,3286509.0
CC-3796,3280397
CC-3796,3280811
CC-3796,3280879
CC-3796,3284358
CC-3796,3284393
CC-3796,3284503
CC-3796,3284506
CC-3796,3284549
CC-3796,3286577
CC-3796,3286582
CC-3796,3280397.0
CC-3797,3287475
CC-3797,3287475.0
CC-3798,3286392
CC-3798,3286392.0
CC-3799,3283803
CC-3799,3284842
CC-3799,3283803.0
CC-3800,3286806
CC-3800,3286806.0
CC-3801,3286039
CC-3801,3286039.0
CC-3802,3286712
CC-3802,3286712.0
CC-3803,3286617
CC-3803,3286617.0
CC-3804,3288517
CC-3805,3288342
CC-3805,3288342.0
CC-3806,3274736
CC-3806,3276362
CC-3806,3278393
CC-3806,3280523
CC-3806,3283755
CC-3806,3286913
CC-3806,3274736.0
CC-3807,3276043
CC-3807,3280761
CC-3807,3285588
CC-3807,3276043.0
CC-3808,3288505
CC-3808,3288505.0
CC-3809,3280981
CC-3809,3281509
CC-3809,3283672
CC-3809,3288200
CC-3809,3280981.0
CC-3810,3279942
CC-3810,3282827
CC-3810,3282857
CC-3810,3284622
CC-3810,3286076
CC-3810,3279942.0
CC-3811,3288919
CC-3811,3288959
CC-3811,3288979
CC-3811,3288919.0
CC-3812,3274942
CC-3812,3277276
CC-3812,3277576
CC-3812,3282655
CC-3812,3288091
CC-3812,3274942.0
CC-3813,3286546
CC-3813,3286547
CC-3813,3286546.0
CC-3814,3286398
CC-3814,3286398.0
CC-3815,3289126
CC-3815,3289126.0
CC-3816,3289065
CC-3816,3289065.0
CC-3817,3286615
CC-3817,3286615.0
CC-3818,3286642
CC-3818,3286642.0
CC-3819,3289205
CC-3819,3289220
CC-3819,3289205.0
CC-3820,3287661
CC-3820,3287661.0
CC-3821,3274830
CC-3821,3277847
CC-3821,3277850
CC-3821,3279313
CC-3821,3284741
CC-3821,3288463
CC-3821,3274830.0
CC-3822,3287891
CC-3822,3287933
CC-3822,3287969
CC-3822,3287990
CC-3822,3287891.0
CC-3823,3284371
CC-3823,3286804
CC-3823,3284371.0
CC-3824,3288235
CC-3824,3288235.0
CC-3825,3288475
CC-3825,3288475.0
CC-3826,3288513
CC-3826,3288513.0
CC-3827,3277580
CC-3827,3280667
CC-3827,3281949
CC-3827,3287337
CC-3827,3288172
CC-3827,3288926
CC-3827,3277580.0
CC-3828,3288329
CC-3828,3288334
CC-3828,3288329.0
CC-3829,3288726
CC-3829,3288726.0
CC-3830,3289293
CC-3830,3289293.0
CC-3831,3289233
CC-3831,3289233.0
CC-3832,3286893
CC-3832,3286893.0
CC-3833,3289637
CC-3833,3289637.0
CC-3834,3290087
CC-3834,3290087.0
CC-3835,3290132
CC-3835,3290138
CC-3835,3290132.0
CC-3836,3256822
CC-3836,3258217
CC-3836,3258243
CC-3836,3258247
CC-3836,3261842
CC-3836,3261883
CC-3836,3265497
CC-3836,3265631
CC-3836,3265783
CC-3836,3271573
CC-3836,3272302
CC-3836,3274523
CC-3836,3274552
CC-3836,3277429
CC-3836,3280777
CC-3836,3283690
CC-3836,3289141
CC-3836,3256822.0
CC-3837,3289884
CC-3838,3279348
CC-3838,3282077
CC-3838,3287391
CC-3838,3287442
CC-3838,3279348.0
CC-3839,3286667
CC-3839,3287338
CC-3839,3286667.0
CC-3840,3284957
CC-3840,3287994
CC-3840,3284957.0
CC-3841,3287951
CC-3841,3287980
CC-3841,3288030
CC-3841,3288033
CC-3841,3287951.0
CC-3842,3285721
CC-3842,3288796
CC-3842,3285721.0
CC-3843,3291284
CC-3843,3291284.0
CC-3844,3284164
CC-3844,3288101
CC-3844,3288118
CC-3844,3288237
CC-3844,3288267
CC-3844,3288281
CC-3844,3290166
CC-3844,3284164.0
CC-3845,3289911
CC-3845,3289911.0
CC-3846,3288978
CC-3846,3289190
CC-3846,3288978.0
CC-3847,3276475
CC-3847,3278661
CC-3847,3278706
CC-3847,3278720
CC-3847,3278904
CC-3847,3280215
CC-3847,3280382
CC-3847,3280497
CC-3847,3282182
CC-3847,3282266
CC-3847,3282913
CC-3847,3283368
CC-3847,3285683
CC-3847,3290175
CC-3847,3276475.0
CC-3848,3289357
CC-3848,3289361
CC-3848,3289363
CC-3848,3289357.0
CC-3849,3291643
CC-3849,3291643.0
CC-3850,3289318
CC-3850,3289318.0
CC-3851,3291600
CC-3851,3291600.0
CC-3852,3290499
CC-3852,3290499.0
CC-3853,3289324
CC-3853,3289324.0
CC-3854,3289333
CC-3854,3289333.0
CC-3855,3284482
CC-3855,3286364
CC-3855,3287611
CC-3855,3287679
CC-3855,3288283
CC-3855,3288460
CC-3855,3289311
CC-3855,3284482.0
CC-3856,3290346
CC-3856,3290346.0
CC-3857,3292102
CC-3857,3292102.0
CC-3858,3288773
CC-3858,3291595
CC-3858,3288773.0
CC-3859,3269996
CC-3859,3274535
CC-3859,3276381
CC-3859,3276407
CC-3859,3279861
CC-3859,3282394
CC-3859,3282443
CC-3859,3286598
CC-3859,3289657
CC-3859,3291146
CC-3859,3291566
CC-3859,3269996.0
CC-3860,3291089
CC-3860,3291089.0
CC-3861,3288092
CC-3861,3289581
CC-3861,3292085
CC-3861,3288092.0
CC-3862,3292933
CC-3863,3289301
CC-3863,3289690
CC-3863,3289994
CC-3863,3290073
CC-3863,3291082
CC-3863,3289301.0
CC-3864,3291032
CC-3864,3291501
CC-3864,3291516
CC-3864,3291032.0
CC-3865,3290512
CC-3865,3290512.0
CC-3866,3290105
CC-3866,3290140
CC-3866,3290105.0
CC-3867,3293053
CC-3867,3293098
CC-3867,3293053.0
CC-3868,3283427
CC-3868,3288156
CC-3868,3289998
CC-3868,3290230
CC-3868,3283427.0
CC-3869,3290287
CC-3869,3290363
CC-3869,3290287.0
CC-3870,3290690
CC-3870,3290690.0
CC-3871,3292914
CC-3871,3292914.0
CC-3872,3292241
CC-3872,3292275
CC-3872,3292241.0
CC-3873,3294265
CC-3874,3292054
CC-3874,3292054.0
CC-3875,3292539
CC-3875,3292551
CC-3875,3292539.0
CC-3876,3291893
CC-3876,3291893.0
CC-3877,3291581
CC-3877,3292179
CC-3877,3292187
CC-3877,3291581.0
CC-3878,3291113
CC-3878,3291113.0
CC-3879,3294010
CC-3879,3294010.0
CC-3880,3291954
CC-3880,3291964
CC-3880,3291954.0
CC-3881,3292777
CC-3881,3292777.0
CC-3882,3286887
CC-3882,3291739
CC-3882,3286887.0
CC-3883,3294006
CC-3883,3294500
CC-3883,3294006.0
CC-3884,3292805
CC-3884,3292805.0
CC-3885,3294553
CC-3885,3294553.0
CC-3886,3292070
CC-3886,3292070.0
CC-3887,3293463
CC-3887,3293519
CC-3887,3293463.0
CC-3888,3294806
CC-3889,3292113
CC-3889,3292113.0
CC-3890,3292311
CC-3890,3292320
CC-3890,3292331
CC-3890,3292381
CC-3890,3292390
CC-3890,3292391
CC-3890,3292432
CC-3890,3292434
CC-3890,3292452
CC-3890,3292482
CC-3890,3292311.0
CC-3891,3293652
CC-3891,3293719
CC-3891,3293652.0
CC-3892,3293263
CC-3892,3293263.0
CC-3893,3294808
CC-3893,3294808.0
CC-3894,3291473
CC-3894,3291475
CC-3894,3292332
CC-3894,3292356
CC-3894,3291473.0
CC-3895,3289906
CC-3895,3294924
CC-3895,3289906.0
CC-3896,3295030
CC-3896,3295030.0
CC-3897,3292562
CC-3897,3292562.0
CC-3898,3295004
CC-3898,3295004.0
CC-3899,3287842
CC-3899,3291285
CC-3899,3294069
CC-3899,3294310
CC-3899,3294923
CC-3899,3294932
CC-3899,3287842.0
CC-3900,3288357
CC-3900,3291054
CC-3900,3291088
CC-3900,3293774
CC-3900,3293830
CC-3900,3293844
CC-3900,3288357.0
CC-3901,3295263
CC-3902,3295978
CC-3902,3295992
CC-3902,3296012
CC-3902,3295978.0
CC-3903,3293644
CC-3903,3293971
CC-3903,3294003
CC-3903,3293644.0
CC-3904,3295387
CC-3904,3295387.0
CC-3905,3257020
CC-3905,3257030
CC-3905,3257080
CC-3905,3257121
CC-3905,3257584
CC-3905,3257647
CC-3905,3259674
CC-3905,3263403
CC-3905,3263419
CC-3905,3264289
CC-3905,3266394
CC-3905,3269346
CC-3905,3270045
CC-3905,3271281
CC-3905,3271291
CC-3905,3273531
CC-3905,3274038
CC-3905,3274582
CC-3905,3276134
CC-3905,3276895
CC-3905,3276960
CC-3905,3277868
CC-3905,3280771
CC-3905,3281699
CC-3905,3281735
CC-3905,3283597
CC-3905,3289024
CC-3905,3289315
CC-3905,3289316
CC-3905,3289319
CC-3905,3289322
CC-3905,3289323
CC-3905,3289325
CC-3905,3289328
CC-3905,3289753
CC-3905,3289762
CC-3905,3289809
CC-3905,3289966
CC-3905,3289991
CC-3905,3290047
CC-3905,3292106
CC-3905,3292107
CC-3905,3292108
CC-3905,3293317
CC-3905,3257020.0
CC-3906,3293805
CC-3906,3294333
CC-3906,3293805.0
CC-3907,3295041
CC-3907,3295045
CC-3907,3295052
CC-3907,3295051
CC-3907,3295041.0
CC-3908,3295075
CC-3908,3295082
CC-3908,3295083
CC-3908,3295085
CC-3908,3295088
CC-3908,3295075.0
CC-3909,3294977
CC-3909,3294977.0
CC-3910,3296477
CC-3910,3296480
CC-3910,3296477.0
CC-3911,3293840
CC-3911,3293997
CC-3911,3294185
CC-3911,3293840.0
CC-3912,3296708
CC-3912,3296708.0
CC-3913,3295519
CC-3913,3295519.0
CC-3914,3295293
CC-3914,3295293.0
CC-3915,3295029
CC-3915,3295029.0
CC-3916,3296335
CC-3916,3296335.0
CC-3917,3297613
CC-3918,3294981
CC-3918,3294981.0
CC-3919,3292928
CC-3919,3294404
CC-3919,3292928.0
CC-3920,3289320
CC-3920,3291239
CC-3920,3294038
CC-3920,3289320.0
CC-3921,3286325
CC-3921,3290280
CC-3921,3293081
CC-3921,3293091
CC-3921,3293497
CC-3921,3293521
CC-3921,3297227
CC-3921,3297230
CC-3921,3286325.0
CC-3922,3297525
CC-3922,3297525.0
CC-3923,3290585
CC-3923,3290595
CC-3923,3292521
CC-3923,3292580
CC-3923,3292594
CC-3923,3292610
CC-3923,3292823
CC-3923,3292930
CC-3923,3292932
CC-3923,3293383
CC-3923,3293575
CC-3923,3293999
CC-3923,3290585.0
CC-3924,3296194
CC-3924,3296194.0
CC-3925,3294556
CC-3925,3297421
CC-3925,3294556.0
CC-3926,3296513
CC-3926,3296513.0
CC-3927,3297559
CC-3928,3288848
CC-3928,3293885
CC-3928,3294390
CC-3928,3295001
CC-3928,3288848.0
CC-3929,3295028
CC-3929,3295028.0
CC-3930,3287612
CC-3930,3290851
CC-3930,3293933
CC-3930,3294009
CC-3930,3295346
CC-3930,3287612.0
CC-3931,3297155
CC-3932,3297529
CC-3932,3297529.0
CC-3933,3287532
CC-3933,3288286
CC-3933,3292088
CC-3933,3294903
CC-3933,3294914
CC-3933,3294947
CC-3933,3294950
CC-3933,3287532.0
CC-3934,3295048
CC-3934,3295048.0
CC-3935,3297399
CC-3935,3297501
CC-3935,3297399.0
CC-3936,3296046
CC-3936,3296046.0
CC-3937,3295049
CC-3937,3295049.0
CC-3938,3297180
CC-3938,3297181
CC-3938,3297180.0
CC-3939,3295155
CC-3939,3296631
CC-3939,3296641
CC-3939,3296923
CC-3939,3295155.0
CC-3940,3293850
CC-3940,3295243
CC-3940,3293850.0
CC-3941,3298081
CC-3941,3298081.0
CC-3942,3295013
CC-3942,3298549
CC-3942,3295013.0
CC-3943,3295941
CC-3943,3295941.0
CC-3944,3297061
CC-3944,3297061.0
CC-3945,3295839
CC-3945,3295839.0
CC-3946,3297548
CC-3946,3297548.0
CC-3947,3298712
CC-3947,3298712.0
CC-3948,3298197
CC-3948,3298197.0
CC-3949,3295620
CC-3949,3295620.0
CC-3950,3295672
CC-3950,3295672.0
CC-3951,3295881
CC-3951,3297196
CC-3951,3295881.0
CC-3952,3298557
CC-3952,3298615
CC-3952,3298557.0
CC-3953,3288548
CC-3953,3289307
CC-3953,3292077
CC-3953,3292080
CC-3953,3292081
CC-3953,3292084
CC-3953,3292086
CC-3953,3293149
CC-3953,3293962
CC-3953,3294651
CC-3953,3296582
CC-3953,3296657
CC-3953,3297029
CC-3953,3297040
CC-3953,3298349
CC-3953,3288548.0
CC-3954,3298577
CC-3954,3298577.0
CC-3955,3297406
CC-3955,3297456
CC-3955,3297406.0
CC-3956,3296104
CC-3956,3296104.0
CC-3957,3295054
CC-3957,3295064
CC-3957,3297556
CC-3957,3295054.0
CC-3958,3297305
CC-3958,3297305.0
CC-3959,3299751
CC-3959,3299782
CC-3959,3299816
CC-3959,3299751.0
CC-3960,3297830
CC-3960,3297830.0
CC-3961,3291201
CC-3961,3291812
CC-3961,3296616
CC-3961,3296915
CC-3961,3297159
CC-3961,3297781
CC-3961,3299608
CC-3961,3299724
CC-3961,3291201.0
CC-3962,3287866
CC-3962,3291713
CC-3962,3294916
CC-3962,3296428
CC-3962,3287866.0
CC-3963,3296433
CC-3963,3296442
CC-3963,3296433.0
CC-3964,3299772
CC-3964,3299845
CC-3964,3299772.0
CC-3965,3297244
CC-3965,3297244.0
CC-3966,3300574
CC-3967,3296758
CC-3967,3296758.0
CC-3968,3280002
CC-3968,3280221
CC-3968,3280514
CC-3968,3282165
CC-3968,3282945
CC-3968,3285567
CC-3968,3287550
CC-3968,3290362
CC-3968,3292092
CC-3968,3297330
CC-3968,3280002.0
CC-3969,3300100
CC-3969,3300106
CC-3969,3300100.0
CC-3970,3299437
CC-3970,3299480
CC-3970,3299519
CC-3970,3299437.0
CC-3971,3300570
CC-3971,3300570.0
CC-3972,3300647
CC-3973,3300273
CC-3973,3300273.0
CC-3974,3299463
CC-3974,3299473
CC-3974,3299463.0
CC-3975,3300949
CC-3975,3300949.0
CC-3976,3298007
CC-3976,3298010
CC-3976,3299527
CC-3976,3299905
CC-3976,3299948
CC-3976,3299987
CC-3976,3298007.0
CC-3977,3289230
CC-3977,3290926
CC-3977,3294345
CC-3977,3294599
CC-3977,3294623
CC-3977,3294998
CC-3977,3295007
CC-3977,3296488
CC-3977,3296502
CC-3977,3296530
CC-3977,3296566
CC-3977,3296654
CC-3977,3298473
CC-3977,3289230.0
CC-3978,3298319
CC-3978,3298319.0
CC-3979,3291798
CC-3979,3291903
CC-3979,3293034
CC-3979,3293495
CC-3979,3295057
CC-3979,3295758
CC-3979,3296668
CC-3979,3299590
CC-3979,3299594
CC-3979,3299754
CC-3979,3291798.0
CC-3980,3299383
CC-3980,3299383.0
CC-3981,3295790
CC-3981,3298762
CC-3981,3295790.0
CC-3982,3293884
CC-3982,3297234
CC-3982,3298988
CC-3982,3299044
CC-3982,3299267
CC-3982,3299356
CC-3982,3299395
CC-3982,3299478
CC-3982,3299506
CC-3982,3293884.0
CC-3983,3299163
CC-3983,3299188
CC-3983,3299221
CC-3983,3299163.0
CC-3984,3301016
CC-3984,3301016.0
CC-3985,3296961
CC-3985,3298456
CC-3985,3298459
CC-3985,3296961.0
CC-3986,3298535
CC-3986,3298574
CC-3986,3298535.0
CC-3987,3295394
CC-3987,3300413
CC-3987,3295394.0
CC-3988,3290319
CC-3988,3290374
CC-3988,3292416
CC-3988,3293347
CC-3988,3298793
CC-3988,3290319.0
CC-3989,3299050
CC-3989,3299050.0
CC-3990,3298505
CC-3990,3298505.0
CC-3991,3301292
CC-3992,3298486
CC-3992,3298486.0
CC-3993,3298493
CC-3993,3298493.0
CC-3994,3299277
CC-3994,3299335
CC-3994,3299277.0
CC-3995,3299803
CC-3995,3299812
CC-3995,3299803.0
CC-3996,3301448
CC-3996,3301448.0
CC-3997,3300788
CC-3997,3300791
CC-3997,3300788.0
CC-3998,3299324
CC-3998,3299324.0
CC-3999,3301740
CC-3999,3301740.0
CC-4000,3302493
CC-4001,3292537
CC-4001,3295098
CC-4001,3297156
CC-4001,3297166
CC-4001,3302550
CC-4001,3302597
CC-4001,3292537.0
CC-4002,3299840
CC-4002,3299840.0
CC-4003,3295463
CC-4003,3301459
CC-4003,3295463.0
CC-4004,3301813
CC-4005,3301000
CC-4005,3301000.0
CC-4006,3300469
CC-4006,3300469.0
CC-4007,3300380
CC-4007,3300502
CC-4007,3300380.0
CC-4008,3300543
CC-4008,3300543.0
CC-4009,3300993
CC-4009,3300993.0
CC-4010,3301358
CC-4010,3301358.0
CC-4011,3299555
CC-4011,3299555.0
CC-4012,3299408
CC-4012,3299408.0
CC-4013,3302070
CC-4014,3300752
CC-4014,3300866
CC-4014,3300900
CC-4014,3300752.0
CC-4015,3303437
CC-4016,3300249
CC-4016,3300266
CC-4016,3300296
CC-4016,3300249.0
CC-4017,3302887
CC-4018,3301642
CC-4018,3301654
CC-4018,3301642.0
CC-4019,3302560
CC-4019,3302560.0
CC-4020,3302195
CC-4020,3302195.0
CC-4021,3304005
CC-4022,3302065
CC-4022,3302065.0
CC-4023,3300582
CC-4023,3300617
CC-4023,3301347
CC-4023,3300582.0
CC-4024,3300560
CC-4024,3300560.0
CC-4025,3304043
CC-4025,3304043.0
CC-4026,3301009
CC-4026,3301014
CC-4026,3301009.0
CC-4027,3303310
CC-4028,3300226
CC-4028,3300658
CC-4028,3300226.0
CC-4029,3297982
CC-4029,3297992
CC-4029,3301057
CC-4029,3297982.0
CC-4030,3303629
CC-4030,3303629.0
CC-4031,3301786
CC-4031,3301920
CC-4031,3301786.0
CC-4032,3301955
CC-4032,3301955.0
CC-4033,3295011
CC-4033,3300995
CC-4033,3301013
CC-4033,3304061
CC-4033,3304067
CC-4033,3295011.0
CC-4034,3299884
CC-4034,3300651
CC-4034,3299884.0
CC-4035,3302013
CC-4035,3302100
CC-4035,3302013.0
CC-4036,3303816
CC-4036,3303816.0
CC-4037,3302187
CC-4037,3302187.0
CC-4038,3302089
CC-4038,3302089.0
CC-4039,3301024
CC-4039,3302778
CC-4039,3302790
CC-4039,3302838
CC-4039,3301024.0
CC-4040,3303829
CC-4040,3303829.0
CC-4041,3304132
CC-4041,3304135
CC-4041,3304144
CC-4041,3304132.0
CC-4042,3303220
CC-4042,3303220.0
CC-4043,3302914
CC-4043,3302914.0
CC-4044,3302110
CC-4044,3302110.0
CC-4045,3304296
CC-4045,3304297
CC-4045,3304296.0
CC-4046,3304230
CC-4047,3300887
CC-4047,3301641
CC-4047,3301676
CC-4047,3302894
CC-4047,3300887.0
CC-4048,3299393
CC-4048,3299800
CC-4048,3299941
CC-4048,3303570
CC-4048,3299393.0
CC-4049,3305122
CC-4049,3305122.0
CC-4050,3302888
CC-4050,3302888.0
CC-4051,3303554
CC-4051,3303590
CC-4051,3303554.0
CC-4052,3302989
CC-4052,3302998
CC-4052,3303034
CC-4052,3303048
CC-4052,3302989.0
CC-4053,3299857
CC-4053,3299961
CC-4053,3305005
CC-4053,3299857.0
CC-4054,3305206
CC-4054,3305206.0
CC-4055,3304569
CC-4055,3304569.0
CC-4056,3304173
CC-4056,3304173.0
CC-4057,3299074
CC-4057,3302315
CC-4057,3302453
CC-4057,3299074.0
CC-4058,3292064
CC-4058,3293335
CC-4058,3293701
CC-4058,3293989
CC-4058,3294045
CC-4058,3295903
CC-4058,3295953
CC-4058,3295964
CC-4058,3295993
CC-4058,3299703
CC-4058,3300634
CC-4058,3304161
CC-4058,3304743
CC-4058,3292064.0
CC-4059,3296072
CC-4059,3297930
CC-4059,3299406
CC-4059,3300355
CC-4059,3302537
CC-4059,3302546
CC-4059,3302557
CC-4059,3302576
CC-4059,3302617
CC-4059,3303972
CC-4059,3303976
CC-4059,3296072.0
CC-4060,3304916
CC-4060,3304916.0
CC-4061,3290619
CC-4061,3291053
CC-4061,3291155
CC-4061,3292226
CC-4061,3295487
CC-4061,3298099
CC-4061,3301306
CC-4061,3303568
CC-4061,3303604
CC-4061,3305033
CC-4061,3305034
CC-4061,3305072
CC-4061,3305092
CC-4061,3306002
CC-4061,3290619.0
CC-4062,3305835
CC-4062,3305835.0
CC-4063,3301452
CC-4063,3302982
CC-4063,3303057
CC-4063,3301452.0
CC-4064,3304843
CC-4064,3304854
CC-4064,3304843.0
CC-4065,3297776
CC-4065,3297799
CC-4065,3297815
CC-4065,3299077
CC-4065,3300785
CC-4065,3300786
CC-4065,3301032
CC-4065,3301047
CC-4065,3301058
CC-4065,3301061
CC-4065,3303106
CC-4065,3304306
CC-4065,3297776.0
CC-4066,3275379
CC-4066,3278531
CC-4066,3279617
CC-4066,3280570
CC-4066,3281611
CC-4066,3283961
CC-4066,3283983
CC-4066,3283990
CC-4066,3284008
CC-4066,3284034
CC-4066,3284237
CC-4066,3284664
CC-4066,3285065
CC-4066,3285657
CC-4066,3285718
CC-4066,3286939
CC-4066,3288494
CC-4066,3289327
CC-4066,3289336
CC-4066,3291038
CC-4066,3291099
CC-4066,3293539
CC-4066,3293705
CC-4066,3295227
CC-4066,3295559
CC-4066,3295636
CC-4066,3295642
CC-4066,3295954
CC-4066,3296403
CC-4066,3296548
CC-4066,3296597
CC-4066,3297966
CC-4066,3299297
CC-4066,3299299
CC-4066,3299615
CC-4066,3302789
CC-4066,3302801
CC-4066,3303442
CC-4066,3303452
CC-4066,3303460
CC-4066,3303514
CC-4066,3303535
CC-4066,3303551
CC-4066,3304488
CC-4066,3304518
CC-4066,3275379.0
CC-4067,3305765
CC-4067,3305765.0
CC-4068,3306941
CC-4068,3306941.0
CC-4069,3307130
CC-4069,3307130.0
CC-4070,3301381
CC-4070,3301771
CC-4070,3304460
CC-4070,3301381.0
CC-4071,3305166
CC-4071,3305166.0
CC-4072,3290360
CC-4072,3290424
CC-4072,3291243
CC-4072,3291249
CC-4072,3291535
CC-4072,3291551
CC-4072,3292920
CC-4072,3294372
CC-4072,3299295
CC-4072,3299301
CC-4072,3299345
CC-4072,3301313
CC-4072,3301644
CC-4072,3303578
CC-4072,3305404
CC-4072,3290360.0
CC-4073,3301865
CC-4073,3302163
CC-4073,3302342
CC-4073,3304616
CC-4073,3301865.0
CC-4074,3306561
CC-4074,3306561.0
CC-4075,3305827
CC-4075,3306122
CC-4075,3305827.0
CC-4076,3306154
CC-4076,3306154.0
CC-4077,3304423
CC-4077,3304423.0
CC-4078,3306528
CC-4078,3306528.0
CC-4079,3305323
CC-4079,3305502
CC-4079,3305323.0
CC-4080,3305699
CC-4080,3305699.0
CC-4081,3305251
CC-4081,3305251.0
CC-4082,3307322
CC-4082,3307322.0
CC-4083,3301528
CC-4083,3301985
CC-4083,3302024
CC-4083,3302149
CC-4083,3302532
CC-4083,3302844
CC-4083,3304495
CC-4083,3304532
CC-4083,3301528.0
CC-4084,3307363
CC-4084,3307363.0
CC-4085,3305332
CC-4085,3305352
CC-4085,3305355
CC-4085,3305381
CC-4085,3305395
CC-4085,3305332.0
CC-4086,3305526
CC-4086,3305559
CC-4086,3305579
CC-4086,3305646
CC-4086,3305526.0
CC-4087,3299211
CC-4087,3299551
CC-4087,3304511
CC-4087,3299211.0
CC-4088,3307881
CC-4089,3299485
CC-4089,3303910
CC-4089,3304330
CC-4089,3299485.0
CC-4090,3307859
CC-4090,3307859.0
CC-4091,3305648
CC-4091,3305648.0
CC-4092,3307284
CC-4092,3307284.0
CC-4093,3304855
CC-4093,3304855.0
CC-4094,3306171
CC-4094,3306171.0
CC-4095,3307464
CC-4096,3308592
CC-4096,3308606
CC-4096,3308592.0
CC-4097,3308050
CC-4097,3308319
CC-4097,3308050.0
CC-4098,3306853
CC-4098,3307375
CC-4098,3307380
CC-4098,3307383
CC-4098,3306853.0
CC-4099,3294733
CC-4099,3297975
CC-4099,3297979
CC-4099,3297984
CC-4099,3297990
CC-4099,3297994
CC-4099,3298031
CC-4099,3298757
CC-4099,3298763
CC-4099,3298764
CC-4099,3299679
CC-4099,3299692
CC-4099,3299785
CC-4099,3301180
CC-4099,3306712
CC-4099,3306778
CC-4099,3306807
CC-4099,3306871
CC-4099,3294733.0
CC-4100,3300506
CC-4100,3304531
CC-4100,3305419
CC-4100,3300506.0
CC-4101,3306615
CC-4101,3306944
CC-4101,3306615.0
CC-4102,3308628
CC-4102,3308628.0
CC-4103,3306767
CC-4103,3306784
CC-4103,3306842
CC-4103,3306860
CC-4103,3306866
CC-4103,3306767.0
CC-4104,3308170
CC-4104,3308170.0
CC-4105,3306600
CC-4105,3306630
CC-4105,3306600.0
CC-4106,3305644
CC-4106,3305644.0
CC-4107,3306003
CC-4107,3306009
CC-4107,3307406
CC-4107,3306003.0
CC-4108,3304224
CC-4108,3309364
CC-4108,3304224.0
CC-4109,3309042
CC-4109,3309042.0
CC-4110,3307029
CC-4110,3307029.0
CC-4111,3308176
CC-4111,3308176.0
CC-4112,3308944
CC-4113,3306869
CC-4113,3306869.0
CC-4114,3308534
CC-4114,3308534.0
CC-4115,3305595
CC-4115,3305689
CC-4115,3309508
CC-4115,3305595.0
CC-4116,3303082
CC-4116,3307880
CC-4116,3303082.0
CC-4117,3307018
CC-4117,3310321
CC-4117,3307018.0
CC-4118,3309711
CC-4119,3307433
CC-4119,3309232
CC-4119,3309824
CC-4119,3309848
CC-4119,3309867
CC-4119,3307433.0
CC-4120,3307136
CC-4120,3307136.0
CC-4121,3308465
CC-4121,3308465.0
CC-4122,3307403
CC-4122,3307403.0
CC-4123,3307936
CC-4123,3307936.0
CC-4124,3307384
CC-4124,3307388
CC-4124,3307389
CC-4124,3307392
CC-4124,3307384.0
CC-4125,3307695
CC-4125,3308122
CC-4125,3308172
CC-4125,3308184
CC-4125,3307695.0
CC-4126,3307820
CC-4126,3307820.0
CC-4127,3302282
CC-4127,3302362
CC-4127,3304498
CC-4127,3309365
CC-4127,3302282.0
CC-4128,3308844
CC-4128,3308844.0
CC-4129,3308852
CC-4129,3308852.0
CC-4130,3309083
CC-4130,3309083.0
CC-4131,3308578
CC-4131,3308578.0
CC-4132,3308587
CC-4132,3308587.0
CC-4133,3311300
CC-4133,3311300.0
CC-4134,3307914
CC-4134,3307946
CC-4134,3307954
CC-4134,3307914.0
CC-4135,3310982
CC-4135,3310982.0
CC-4136,3302175
CC-4136,3302196
CC-4136,3302288
CC-4136,3302961
CC-4136,3303086
CC-4136,3303112
CC-4136,3303129
CC-4136,3303134
CC-4136,3303147
CC-4136,3303193
CC-4136,3303240
CC-4136,3303312
CC-4136,3303313
CC-4136,3303349
CC-4136,3303422
CC-4136,3303468
CC-4136,3303599
CC-4136,3303753
CC-4136,3303763
CC-4136,3306756
CC-4136,3306766
CC-4136,3307149
CC-4136,3307151
CC-4136,3307186
CC-4136,3307275
CC-4136,3307289
CC-4136,3307903
CC-4136,3307926
CC-4136,3309036
CC-4136,3309063
CC-4136,3309220
CC-4136,3309293
CC-4136,3309442
CC-4136,3309558
CC-4136,3302175.0
CC-4137,3308471
CC-4137,3308484
CC-4137,3308471.0
CC-4138,3307741
CC-4138,3307794
CC-4138,3307741.0
CC-4139,3311542
CC-4139,3311542.0
CC-4140,3309323
CC-4140,3309332
CC-4140,3309323.0
CC-4141,3311375
CC-4141,3311375.0
CC-4142,3305678
CC-4142,3309960
CC-4142,3305678.0
CC-4143,3310570
CC-4143,3310570.0
CC-4144,3308938
CC-4144,3308963
CC-4144,3309014
CC-4144,3309025
CC-4144,3308938.0
CC-4145,3311511
CC-4145,3311511.0
CC-4146,3310974
CC-4146,3310974.0
CC-4147,3311813
CC-4147,3311813.0
CC-4148,3312629
CC-4149,3309273
CC-4149,3311356
CC-4149,3309273.0
CC-4150,3302477
CC-4150,3306800
CC-4150,3306873
CC-4150,3310880
CC-4150,3302477.0
CC-4151,3309058
CC-4151,3311076
CC-4151,3309058.0
CC-4152,3311445
CC-4152,3311458
CC-4152,3311445.0
CC-4153,3311311
CC-4153,3311311.0
CC-4154,3310141
CC-4154,3313916
CC-4154,3310141.0
CC-4155,3312429
CC-4155,3312429.0
CC-4156,3303851
CC-4156,3307349
CC-4156,3307352
CC-4156,3307432
CC-4156,3309428
CC-4156,3309480
CC-4156,3311206
CC-4156,3303851.0
CC-4157,3313760
CC-4157,3313760.0
CC-4158,3313830
CC-4159,3311841
CC-4159,3311841.0
CC-4160,3311844
CC-4160,3311844.0
CC-4161,3311983
CC-4161,3311983.0
CC-4162,3312262
CC-4162,3312262.0
CC-4163,3302372
CC-4163,3305687
CC-4163,3306629
CC-4163,3308640
CC-4163,3308682
CC-4163,3309941
CC-4163,3312546
CC-4163,3302372.0
CC-4164,3312835
CC-4164,3312835.0
CC-4165,3311096
CC-4165,3311096.0
CC-4166,3311315
CC-4166,3311364
CC-4166,3311315.0
CC-4167,3312358
CC-4167,3312745
CC-4167,3312746
CC-4167,3312825
CC-4167,3312358.0
CC-4168,3312710
CC-4168,3312880
CC-4168,3312710.0
CC-4169,3312832
CC-4169,3312832.0
CC-4170,3305098
CC-4170,3308116
CC-4170,3311416
CC-4170,3311493
CC-4170,3305098.0
CC-4171,3314207
CC-4171,3314219
CC-4171,3314207.0
CC-4172,3313014
CC-4172,3314235
CC-4172,3313014.0
CC-4173,3314530
CC-4174,3313624
CC-4174,3313624.0
CC-4175,3312758
CC-4175,3312758.0
CC-4176,3294043
CC-4176,3299114
CC-4176,3299441
CC-4176,3303611
CC-4176,3305290
CC-4176,3311690
CC-4176,3312356
CC-4176,3294043.0
CC-4177,3303804
CC-4177,3305641
CC-4177,3305684
CC-4177,3309744
CC-4177,3310080
CC-4177,3312579
CC-4177,3303804.0
CC-4178,3310128
CC-4178,3312676
CC-4178,3310128.0
CC-4179,3312202
CC-4179,3312202.0
CC-4180,3314842
CC-4181,3311088
CC-4181,3311088.0
CC-4182,3312222
CC-4182,3312222.0
CC-4183,3313970
CC-4183,3313970.0
CC-4184,3313660
CC-4184,3313660.0
CC-4185,3311984
CC-4185,3314073
CC-4185,3311984.0
CC-4186,3313343
CC-4186,3313343.0
CC-4187,3311884
CC-4187,3314285
CC-4187,3311884.0
CC-4188,3313086
CC-4188,3313101
CC-4188,3313086.0
CC-4189,3313702
CC-4189,3313702.0
CC-4190,3312794
CC-4190,3312794.0
CC-4191,3313031
CC-4191,3313051
CC-4191,3313105
CC-4191,3313031.0
CC-4192,3312166
CC-4192,3312166.0
CC-4193,3313474
CC-4193,3313474.0
CC-4194,3306442
CC-4194,3307013
CC-4194,3307058
CC-4194,3307957
CC-4194,3307992
CC-4194,3308248
CC-4194,3308258
CC-4194,3308285
CC-4194,3308291
CC-4194,3308297
CC-4194,3312715
CC-4194,3306442.0
CC-4195,3303284
CC-4195,3303443
CC-4195,3305868
CC-4195,3311703
CC-4195,3303284.0
CC-4196,3304612
CC-4196,3304615
CC-4196,3309664
CC-4196,3312264
CC-4196,3304612.0
CC-4197,3315344
CC-4198,3309537
CC-4198,3309604
CC-4198,3310334
CC-4198,3310336
CC-4198,3310340
CC-4198,3310367
CC-4198,3310372
CC-4198,3310541
CC-4198,3315626
CC-4198,3309537.0
CC-4199,3315932
CC-4200,3314222
CC-4200,3314223
CC-4200,3314222.0
CC-4201,3309094
CC-4201,3309168
CC-4201,3312866
CC-4201,3312915
CC-4201,3309094.0
CC-4202,3315057
CC-4202,3315057.0
CC-4203,3314108
CC-4203,3314324
CC-4203,3314329
CC-4203,3314342
CC-4203,3314108.0
CC-4204,3312349
CC-4204,3312937
CC-4204,3312954
CC-4204,3313038
CC-4204,3313966
CC-4204,3313976
CC-4204,3316389
CC-4204,3312349.0
CC-4205,3317234
CC-4206,3317008
CC-4207,3317394
CC-4207,3317394.0
CC-4208,3317496
CC-4209,3313861
CC-4209,3316586
CC-4209,3313861.0
CC-4210,3312732
CC-4210,3317413
CC-4210,3312732.0
CC-4211,3316707
CC-4211,3316707.0
CC-4212,3314561
CC-4212,3314561.0
CC-4213,3316912
CC-4213,3316912.0
CC-4214,3314621
CC-4214,3314621.0
CC-4215,3301627
CC-4215,3302020
CC-4215,3302033
CC-4215,3302464
CC-4215,3304331
CC-4215,3306204
CC-4215,3307553
CC-4215,3310664
CC-4215,3314441
CC-4215,3314541
CC-4215,3301627.0
CC-4216,3310148
CC-4216,3310558
CC-4216,3310564
CC-4216,3310574
CC-4216,3314139
CC-4216,3314150
CC-4216,3310148.0
CC-4217,3317718
CC-4218,3307619
CC-4218,3309979
CC-4218,3310495
CC-4218,3317437
CC-4218,3307619.0
CC-4219,3317596
CC-4219,3317596.0
CC-4220,3307311
CC-4220,3311294
CC-4220,3311320
CC-4220,3311332
CC-4220,3311344
CC-4220,3311350
CC-4220,3311370
CC-4220,3311373
CC-4220,3311398
CC-4220,3311430
CC-4220,3314486
CC-4220,3314581
CC-4220,3314710
CC-4220,3314828
CC-4220,3314924
CC-4220,3307311.0
CC-4221,3315239
CC-4221,3315239.0
CC-4222,3315013
CC-4222,3315013.0
CC-4223,3317204
CC-4223,3317204.0
CC-4224,3316650
CC-4224,3316796
CC-4224,3316650.0
CC-4225,3300796
CC-4225,3303046
CC-4225,3304083
CC-4225,3304136
CC-4225,3304163
CC-4225,3304166
CC-4225,3304201
CC-4225,3308539
CC-4225,3308553
CC-4225,3311054
CC-4225,3318029
CC-4225,3318059
CC-4225,3318061
CC-4225,3300796.0
CC-4226,3313047
CC-4226,3316617
CC-4226,3313047.0
CC-4227,3314572
CC-4227,3314572.0
CC-4228,3315769
CC-4228,3318527
CC-4228,3315769.0
CC-4229,3317121
CC-4229,3317988
CC-4229,3317121.0
CC-4230,3318851
CC-4231,3290118
CC-4231,3290716
CC-4231,3291428
CC-4231,3293499
CC-4231,3293906
CC-4231,3295564
CC-4231,3296276
CC-4231,3297379
CC-4231,3298697
CC-4231,3299431
CC-4231,3300603
CC-4231,3302134
CC-4231,3305186
CC-4231,3306621
CC-4231,3307394
CC-4231,3309317
CC-4231,3312199
CC-4231,3313445
CC-4231,3315422
CC-4231,3316046
CC-4231,3316880
CC-4231,3290118.0
CC-4232,3318287
CC-4232,3318287.0
CC-4233,3315916
CC-4233,3315916.0
CC-4234,3296937
CC-4234,3299764
CC-4234,3300878
CC-4234,3303880
CC-4234,3303886
CC-4234,3303920
CC-4234,3305058
CC-4234,3305805
CC-4234,3305870
CC-4234,3305949
CC-4234,3311080
CC-4234,3311753
CC-4234,3317535
CC-4234,3296937.0
CC-4235,3318872
CC-4236,3319001
CC-4237,3318351
CC-4238,3317901
CC-4238,3317901.0
CC-4239,3319499
CC-4239,3319499.0
CC-4240,3316117
CC-4240,3316176
CC-4240,3316117.0
CC-4241,3317966
CC-4241,3317966.0
CC-4242,3321206
CC-4242,3321206.0
CC-4243,3318044
CC-4243,3318044.0
CC-4244,3318115
CC-4244,3318115.0
CC-4245,3318194
CC-4245,3318194.0
CC-4246,3317746
CC-4246,3317772
CC-4246,3317746.0
CC-4247,3317646
CC-4247,3317646.0
CC-4248,3317576
CC-4248,3317576.0
CC-4249,3321719
CC-4250,3317644
CC-4250,3317644.0
CC-4251,3317950
CC-4251,3317960
CC-4251,3317963
CC-4251,3317950.0
CC-4252,3319854
CC-4252,3320028
CC-4252,3319854.0
CC-4253,3320080
CC-4253,3320177
CC-4253,3320284
CC-4253,3320334
CC-4253,3321106
CC-4253,3320080.0
CC-4254,3315436
CC-4254,3321987
CC-4254,3315436.0
CC-4255,3321844
CC-4255,3321844.0
CC-4256,3319049
CC-4256,3319049.0
CC-4257,3320310
CC-4257,3320310.0
CC-4258,3319150
CC-4258,3319150.0
CC-4259,3322391
CC-4260,3318269
CC-4260,3318269.0
CC-4261,3322315
CC-4261,3322315.0
CC-4262,3322140
CC-4262,3322147
CC-4262,3322140.0
CC-4263,3307303
CC-4263,3307315
CC-4263,3310289
CC-4263,3313034
CC-4263,3314019
CC-4263,3315089
CC-4263,3315155
CC-4263,3319841
CC-4263,3307303.0
CC-4264,3320997
CC-4264,3320997.0
CC-4265,3318497
CC-4265,3318497.0
CC-4266,3322482
CC-4266,3322482.0
CC-4267,3316211
CC-4267,3316228
CC-4267,3322528
CC-4267,3316211.0
CC-4268,3322283
CC-4268,3322283.0
CC-4269,3321398
CC-4269,3321398.0
CC-4270,3314420
CC-4270,3319463
CC-4270,3319472
CC-4270,3322444
CC-4270,3322460
CC-4270,3314420.0
CC-4271,3319821
CC-4271,3319821.0
CC-4272,3313084
CC-4272,3318984
CC-4272,3320322
CC-4272,3323671
CC-4272,3313084.0
CC-4273,3311763
CC-4273,3313733
CC-4273,3319621
CC-4273,3319671
CC-4273,3324257
CC-4273,3311763.0
CC-4274,3310210
CC-4274,3310498
CC-4274,3317386
CC-4274,3317665
CC-4274,3321787
CC-4274,3322231
CC-4274,3310210.0
CC-4275,3321373
CC-4275,3321373.0
CC-4276,3324776
CC-4276,3324776.0
CC-4277,3322706
CC-4277,3322706.0
CC-4278,3322023
CC-4278,3322023.0
CC-4279,3321675
CC-4279,3321675.0
CC-4280,3319155
CC-4280,3320468
CC-4280,3319155.0
CC-4281,3322702
CC-4281,3322702.0
CC-4282,3325219
CC-4283,3318937
CC-4283,3319211
CC-4283,3321850
CC-4283,3318937.0
CC-4284,3311830
CC-4284,3311995
CC-4284,3312040
CC-4284,3317598
CC-4284,3324574
CC-4284,3311830.0
CC-4285,3321465
CC-4285,3321494
CC-4285,3321465.0
CC-4286,3322351
CC-4286,3322438
CC-4286,3322351.0
CC-4287,3312124
CC-4287,3314914
CC-4287,3322442
CC-4287,3312124.0
CC-4288,3321872
CC-4288,3321872.0
CC-4289,3324501
CC-4289,3324501.0
CC-4290,3322089
CC-4290,3322089.0
CC-4291,3320778
CC-4291,3324611
CC-4291,3320778.0
CC-4292,3322048
CC-4292,3322048.0
CC-4293,3322313
CC-4293,3322313.0
CC-4294,3320387
CC-4294,3324796
CC-4294,3320387.0
CC-4295,3325852
CC-4295,3325858
CC-4295,3325852.0
CC-4296,3325562
CC-4296,3325642
CC-4296,3325562.0
CC-4297,3314319
CC-4297,3321910
CC-4297,3325430
CC-4297,3314319.0
CC-4298,3322926
CC-4298,3322926.0
CC-4299,3307457
CC-4299,3313995
CC-4299,3314028
CC-4299,3314036
CC-4299,3316818
CC-4299,3316839
CC-4299,3316846
CC-4299,3318163
CC-4299,3322541
CC-4299,3324476
CC-4299,3324585
CC-4299,3326279
CC-4299,3307457.0
CC-4300,3326372
CC-4300,3326380
CC-4300,3326372.0
CC-4301,3325099
CC-4301,3325099.0
CC-4302,3323879
CC-4302,3323879.0
CC-4303,3323899
CC-4303,3323899.0
CC-4304,3322522
CC-4304,3322522.0
CC-4305,3326531
CC-4305,3326531.0
CC-4306,3316875
CC-4306,3323693
CC-4306,3323729
CC-4306,3324375
CC-4306,3316875.0
CC-4307,3323402
CC-4307,3323402.0
CC-4308,3326776
CC-4308,3326776.0
CC-4309,3323554
CC-4309,3326283
CC-4309,3323554.0
CC-4310,3313590
CC-4310,3313604
CC-4310,3313608
CC-4310,3313649
CC-4310,3313651
CC-4310,3313692
CC-4310,3313751
CC-4310,3313839
CC-4310,3314205
CC-4310,3317783
CC-4310,3320919
CC-4310,3320953
CC-4310,3321272
CC-4310,3323125
CC-4310,3324677
CC-4310,3313590.0
CC-4311,3322549
CC-4311,3322555
CC-4311,3322549.0
CC-4312,3321510
CC-4312,3321657
CC-4312,3326349
CC-4312,3326351
CC-4312,3321510.0
CC-4313,3325524
CC-4313,3325529
CC-4313,3325573
CC-4313,3325524.0
CC-4314,3326163
CC-4314,3326163.0
CC-4315,3324502
CC-4315,3324610
CC-4315,3324502.0
CC-4316,3327888
CC-4317,3325383
CC-4317,3325383.0
CC-4318,3327415
CC-4318,3327534
CC-4318,3327574
CC-4318,3327415.0
CC-4319,3325584
CC-4319,3325584.0
CC-4320,3327347
CC-4320,3327347.0
CC-4321,3322798
CC-4321,3324915
CC-4321,3322798.0
CC-4322,3328777
CC-4323,3327312
CC-4323,3327312.0
CC-4324,3328498
CC-4325,3327136
CC-4325,3327136.0
CC-4326,3324622
CC-4326,3324622.0
CC-4327,3324558
CC-4327,3324558.0
CC-4328,3326886
CC-4328,3326886.0
CC-4329,3328688
CC-4330,3319512
CC-4330,3325721
CC-4330,3319512.0
CC-4331,3329515
CC-4331,3329515.0
CC-4332,3328759
CC-4332,3328759.0
CC-4333,3328887
CC-4333,3328887.0
CC-4334,3324580
CC-4334,3324580.0
CC-4335,3324593
CC-4335,3324593.0
CC-4336,3329228
CC-4336,3329228.0
CC-4337,3321769
CC-4337,3324718
CC-4337,3321769.0
CC-4338,3329175
CC-4338,3329175.0
CC-4339,3328977
CC-4340,3308576
CC-4340,3308602
CC-4340,3308952
CC-4340,3309955
CC-4340,3313372
CC-4340,3317206
CC-4340,3318042
CC-4340,3318052
CC-4340,3318913
CC-4340,3325302
CC-4340,3308576.0
CC-4341,3304833
CC-4341,3305210
CC-4341,3306269
CC-4341,3307973
CC-4341,3308257
CC-4341,3312426
CC-4341,3320278
CC-4341,3325060
CC-4341,3304833.0
CC-4342,3326404
CC-4342,3326404.0
CC-4343,3323009
CC-4343,3330119
CC-4343,3323009.0
CC-4344,3325411
CC-4344,3325411.0
CC-4345,3323008
CC-4345,3326852
CC-4345,3323008.0
CC-4346,3329864
CC-4347,3327335
CC-4347,3327360
CC-4347,3327335.0
CC-4348,3326979
CC-4348,3326979.0
CC-4349,3329913
CC-4350,3328656
CC-4350,3328656.0
CC-4351,3323073
CC-4351,3329815
CC-4351,3329858
CC-4351,3323073.0
CC-4352,3330068
CC-4353,3329398
CC-4353,3329398.0
CC-4354,3314112
CC-4354,3315470
CC-4354,3315566
CC-4354,3316103
CC-4354,3316165
CC-4354,3317914
CC-4354,3324634
CC-4354,3324733
CC-4354,3328637
CC-4354,3314112.0
CC-4355,3324268
CC-4355,3329117
CC-4355,3329136
CC-4355,3329452
CC-4355,3329481
CC-4355,3324268.0
CC-4356,3321053
CC-4356,3321750
CC-4356,3327496
CC-4356,3321053.0
CC-4357,3318905
CC-4357,3324526
CC-4357,3326857
CC-4357,3318905.0
CC-4358,3328628
CC-4358,3328628.0
CC-4359,3326652
CC-4359,3327237
CC-4359,3327511
CC-4359,3327551
CC-4359,3327561
CC-4359,3326652.0
CC-4360,3327985
CC-4360,3328144
CC-4360,3327985.0
CC-4361,3329105
CC-4361,3329105.0
CC-4362,3327873
CC-4362,3327873.0
CC-4363,3328072
CC-4363,3329475
CC-4363,3329606
CC-4363,3330092
CC-4363,3328072.0
CC-4364,3322359
CC-4364,3324438
CC-4364,3327673
CC-4364,3322359.0
CC-4365,3327356
CC-4365,3327741
CC-4365,3327356.0
CC-4366,3326627
CC-4366,3330433
CC-4366,3326627.0
CC-4367,3328749
CC-4367,3328749.0
CC-4368,3323005
CC-4368,3330373
CC-4368,3323005.0
CC-4369,3331685
CC-4369,3331685.0
CC-4370,3332069
CC-4370,3332069.0
CC-4371,3327215
CC-4371,3327215.0
CC-4372,3331967
CC-4372,3332122
CC-4372,3331967.0
CC-4373,3327773
CC-4373,3330049
CC-4373,3327773.0
CC-4374,3302983
CC-4374,3305048
CC-4374,3305275
CC-4374,3311708
CC-4374,3312981
CC-4374,3317459
CC-4374,3319830
CC-4374,3323756
CC-4374,3327181
CC-4374,3328738
CC-4374,3328751
CC-4374,3328791
CC-4374,3329417
CC-4374,3330011
CC-4374,3331175
CC-4374,3331560
CC-4374,3302983.0
CC-4375,3333342
CC-4376,3321298
CC-4376,3324665
CC-4376,3328469
CC-4376,3329365
CC-4376,3329487
CC-4376,3329497
CC-4376,3329516
CC-4376,3329572
CC-4376,3329693
CC-4376,3321298.0
CC-4377,3311060
CC-4377,3317306
CC-4377,3318169
CC-4377,3318172
CC-4377,3318241
CC-4377,3320479
CC-4377,3320527
CC-4377,3320547
CC-4377,3320713
CC-4377,3321066
CC-4377,3325332
CC-4377,3330136
CC-4377,3332380
CC-4377,3311060.0
CC-4378,3330002
CC-4378,3330002.0
CC-4379,3330004
CC-4379,3330050
CC-4379,3330004.0
CC-4380,3330711
CC-4380,3330711.0
CC-4381,3332608
CC-4382,3328452
CC-4382,3328452.0
CC-4383,3332089
CC-4384,3315582
CC-4384,3319157
CC-4384,3323189
CC-4384,3324084
CC-4384,3324283
CC-4384,3324803
CC-4384,3328536
CC-4384,3315582.0
CC-4385,3328353
CC-4385,3328558
CC-4385,3328717
CC-4385,3329458
CC-4385,3329807
CC-4385,3328353.0
CC-4386,3333293
CC-4386,3333293.0
CC-4387,3325199
CC-4387,3325216
CC-4387,3325473
CC-4387,3328922
CC-4387,3325199.0
CC-4388,3330843
CC-4388,3330843.0
CC-4389,3333298
CC-4390,3328080
CC-4390,3328849
CC-4390,3333650
CC-4390,3328080.0
CC-4391,3330218
CC-4391,3330218.0
CC-4392,3331620
CC-4392,3331663
CC-4392,3331709
CC-4392,3331620.0
CC-4393,3330937
CC-4393,3330937.0
CC-4394,3321776
CC-4394,3329583
CC-4394,3331200
CC-4394,3331216
CC-4394,3321776.0
CC-4395,3333708
CC-4396,3321880
CC-4396,3322352
CC-4396,3330337
CC-4396,3321880.0
CC-4397,3333630
CC-4398,3332822
CC-4398,3332822.0
CC-4399,3331184
CC-4399,3331184.0
CC-4400,3333360
CC-4400,3333360.0
CC-4401,3330717
CC-4401,3330717.0
CC-4402,3330476
CC-4402,3330476.0
CC-4403,3333255
CC-4403,3333255.0
CC-4404,3333832
CC-4404,3333847
CC-4404,3333832.0
CC-4405,3334287
CC-4406,3329165
CC-4406,3329314
CC-4406,3331127
CC-4406,3331252
CC-4406,3329165.0
CC-4407,3333568
CC-4407,3333568.0
CC-4408,3333973
CC-4408,3333973.0
CC-4409,3332029
CC-4409,3332029.0
CC-4410,3333054
CC-4410,3333146
CC-4410,3333054.0
CC-4411,3331408
CC-4411,3331481
CC-4411,3331485
CC-4411,3331408.0
CC-4412,3321812
CC-4412,3326439
CC-4412,3328193
CC-4412,3329709
CC-4412,3330456
CC-4412,3331615
CC-4412,3321812.0
CC-4413,3328772
CC-4413,3331313
CC-4413,3328772.0
CC-4414,3322696
CC-4414,3326310
CC-4414,3332019
CC-4414,3334081
CC-4414,3334097
CC-4414,3334104
CC-4414,3334134
CC-4414,3334497
CC-4414,3334527
CC-4414,3322696.0
CC-4415,3334584
CC-4415,3334584.0
CC-4416,3322014
CC-4416,3323679
CC-4416,3331495
CC-4416,3331591
CC-4416,3322014.0
CC-4417,3329884
CC-4417,3330431
CC-4417,3330440
CC-4417,3331535
CC-4417,3331536
CC-4417,3331607
CC-4417,3329884.0
CC-4418,3332867
CC-4418,3332867.0
CC-4419,3333090
CC-4419,3333090.0
CC-4420,3336587
CC-4420,3336591
CC-4420,3336587.0
CC-4421,3332580
CC-4421,3332580.0
CC-4422,3333400
CC-4422,3333400.0
CC-4423,3332825
CC-4423,3332825.0
CC-4424,3333102
CC-4424,3333102.0
CC-4425,3332357
CC-4425,3335462
CC-4425,3332357.0
CC-4426,3335172
CC-4426,3335172.0
CC-4427,3326453
CC-4427,3326461
CC-4427,3332684
CC-4427,3326453.0
CC-4428,3334631
CC-4428,3334631.0
CC-4429,3332065
CC-4429,3332364
CC-4429,3332065.0
CC-4430,3336341
CC-4431,3336231
CC-4431,3336231.0
CC-4432,3327622
CC-4432,3327644
CC-4432,3327686
CC-4432,3327689
CC-4432,3327728
CC-4432,3327797
CC-4432,3332252
CC-4432,3332922
CC-4432,3327622.0
CC-4433,3334284
CC-4433,3334284.0
CC-4434,3315513
CC-4434,3320944
CC-4434,3321103
CC-4434,3321133
CC-4434,3322300
CC-4434,3322301
CC-4434,3326137
CC-4434,3328648
CC-4434,3328766
CC-4434,3329182
CC-4434,3329626
CC-4434,3330784
CC-4434,3332988
CC-4434,3315513.0
CC-4435,3334217
CC-4435,3334226
CC-4435,3334233
CC-4435,3334217.0
CC-4436,3312421
CC-4436,3315718
CC-4436,3317329
CC-4436,3319554
CC-4436,3319560
CC-4436,3319878
CC-4436,3319906
CC-4436,3319933
CC-4436,3326388
CC-4436,3331248
CC-4436,3333448
CC-4436,3312421.0
CC-4437,3337258
CC-4438,3330106
CC-4438,3333709
CC-4438,3330106.0
CC-4439,3337751
CC-4440,3337485
CC-4441,3337405
CC-4441,3337405.0
CC-4442,3337956
CC-4443,3337634
CC-4444,3335957
CC-4444,3335957.0
CC-4445,3338064
CC-4445,3338090
CC-4445,3338064.0
CC-4446,3338108
CC-4446,3338108.0
CC-4447,3315128
CC-4447,3319369
CC-4447,3319818
CC-4447,3322538
CC-4447,3322539
CC-4447,3324377
CC-4447,3324446
CC-4447,3324659
CC-4447,3325094
CC-4447,3326997
CC-4447,3327801
CC-4447,3330771
CC-4447,3330807
CC-4447,3331788
CC-4447,3331798
CC-4447,3333057
CC-4447,3334045
CC-4447,3336911
CC-4447,3315128.0
CC-4448,3320603
CC-4448,3321166
CC-4448,3321241
CC-4448,3322495
CC-4448,3324566
CC-4448,3329179
CC-4448,3329243
CC-4448,3329305
CC-4448,3334474
CC-4448,3335985
CC-4448,3320603.0
CC-4449,3337089
CC-4449,3337094
CC-4449,3337112
CC-4449,3337125
CC-4449,3337140
CC-4449,3337160
CC-4449,3337089.0
CC-4450,3336150
CC-4450,3336150.0
CC-4451,3327895
CC-4451,3329278
CC-4451,3335431
CC-4451,3327895.0
CC-4452,3322429
CC-4452,3322510
CC-4452,3329593
CC-4452,3329698
CC-4452,3329903
CC-4452,3333934
CC-4452,3333953
CC-4452,3335209
CC-4452,3335248
CC-4452,3322429.0
CC-4453,3332749
CC-4453,3332916
CC-4453,3333022
CC-4453,3334165
CC-4453,3334517
CC-4453,3332749.0
CC-4454,3325164
CC-4454,3331893
CC-4454,3332021
CC-4454,3332078
CC-4454,3333353
CC-4454,3335444
CC-4454,3325164.0
CC-4455,3332883
CC-4455,3335227
CC-4455,3335240
CC-4455,3332883.0
CC-4456,3329137
CC-4456,3335413
CC-4456,3335642
CC-4456,3337438
CC-4456,3329137.0
CC-4457,3338026
CC-4457,3338048
CC-4457,3338026.0
CC-4458,3328285
CC-4458,3330437
CC-4458,3335075
CC-4458,3335100
CC-4458,3336305
CC-4458,3328285.0
CC-4459,3325320
CC-4459,3332366
CC-4459,3335174
CC-4459,3325320.0
CC-4460,3336306
CC-4460,3336306.0
CC-4461,3337249
CC-4461,3338163
CC-4461,3338466
CC-4461,3337249.0
CC-4462,3338194
CC-4462,3338194.0
CC-4463,3333872
CC-4463,3334548
CC-4463,3334570
CC-4463,3333872.0
CC-4464,3329438
CC-4464,3329512
CC-4464,3335165
CC-4464,3335200
CC-4464,3335211
CC-4464,3335254
CC-4464,3329438.0
CC-4465,3337117
CC-4465,3337158
CC-4465,3337117.0
CC-4466,3339479
CC-4466,3339688
CC-4466,3339479.0
CC-4467,3338137
CC-4467,3338142
CC-4467,3338137.0
CC-4468,3336167
CC-4468,3336167.0
CC-4469,3321198
CC-4469,3325378
CC-4469,3327613
CC-4469,3328181
CC-4469,3330150
CC-4469,3330678
CC-4469,3330820
CC-4469,3331895
CC-4469,3334961
CC-4469,3336798
CC-4469,3321198.0
CC-4470,3339182
CC-4470,3339182.0
CC-4471,3335972
CC-4471,3335972.0
CC-4472,3332511
CC-4472,3337162
CC-4472,3332511.0
CC-4473,3340799
CC-4474,3316312
CC-4474,3316332
CC-4474,3319395
CC-4474,3322766
CC-4474,3324520
CC-4474,3328896
CC-4474,3330916
CC-4474,3332801
CC-4474,3337204
CC-4474,3339682
CC-4474,3316312.0
CC-4475,3339243
CC-4476,3340061
CC-4476,3340061.0
CC-4477,3323372
CC-4477,3323377
CC-4477,3323637
CC-4477,3329295
CC-4477,3336208
CC-4477,3337025
CC-4477,3337151
CC-4477,3323372.0
CC-4478,3339886
CC-4478,3339886.0
CC-4479,3316288
CC-4479,3321146
CC-4479,3321456
CC-4479,3321774
CC-4479,3322350
CC-4479,3323753
CC-4479,3325604
CC-4479,3325670
CC-4479,3325679
CC-4479,3326378
CC-4479,3326379
CC-4479,3326390
CC-4479,3326395
CC-4479,3326398
CC-4479,3328142
CC-4479,3328230
CC-4479,3330487
CC-4479,3332540
CC-4479,3336765
CC-4479,3337946
CC-4479,3337960
CC-4479,3337963
CC-4479,3338005
CC-4479,3316288.0
CC-4480,3339277
CC-4480,3339325
CC-4480,3339556
CC-4480,3339277.0
CC-4481,3339130
CC-4481,3339130.0
CC-4482,3335721
CC-4482,3337325
CC-4482,3337344
CC-4482,3337442
CC-4482,3337468
CC-4482,3337515
CC-4482,3337577
CC-4482,3340646
CC-4482,3340743
CC-4482,3340793
CC-4482,3335721.0
CC-4483,3333262
CC-4483,3339166
CC-4483,3333262.0
CC-4484,3338070
CC-4484,3338073
CC-4484,3338075
CC-4484,3338077
CC-4484,3338070.0
CC-4485,3334243
CC-4485,3334245
CC-4485,3337712
CC-4485,3334243.0
CC-4486,3339816
CC-4486,3339816.0
CC-4487,3336860
CC-4487,3336949
CC-4487,3336860.0
CC-4488,3340853
CC-4489,3340031
CC-4489,3340031.0
CC-4490,3338253
CC-4490,3338253.0
CC-4491,3337997
CC-4491,3337997.0
CC-4492,3340393
CC-4493,3340466
CC-4493,3340554
CC-4493,3340466.0
CC-4494,3337921
CC-4494,3337921.0
CC-4495,3338587
CC-4495,3339926
CC-4495,3339950
CC-4495,3340112
CC-4495,3340235
CC-4495,3338587.0
CC-4496,3328884
CC-4496,3328916
CC-4496,3336023
CC-4496,3337853
CC-4496,3341129
CC-4496,3328884.0
CC-4497,3326423
CC-4497,3329621
CC-4497,3333444
CC-4497,3334878
CC-4497,3339432
CC-4497,3340421
CC-4497,3340462
CC-4497,3326423.0
CC-4498,3338079
CC-4498,3338084
CC-4498,3340707
CC-4498,3338079.0
CC-4499,3339974
CC-4499,3339974.0
CC-4500,3338696
CC-4500,3338762
CC-4500,3338696.0
CC-4501,3302336
CC-4501,3308522
CC-4501,3308562
CC-4501,3308616
CC-4501,3308868
CC-4501,3309553
CC-4501,3310510
CC-4501,3310512
CC-4501,3313166
CC-4501,3315275
CC-4501,3317939
CC-4501,3317948
CC-4501,3317954
CC-4501,3317956
CC-4501,3317959
CC-4501,3318049
CC-4501,3319832
CC-4501,3319913
CC-4501,3326416
CC-4501,3332442
CC-4501,3334086
CC-4501,3336192
CC-4501,3337324
CC-4501,3337374
CC-4501,3338428
CC-4501,3338446
CC-4501,3338472
CC-4501,3338475
CC-4501,3302336.0
CC-4502,3341413
CC-4502,3341413.0
CC-4503,3340397
CC-4503,3340397.0
CC-4504,3336039
CC-4504,3336063
CC-4504,3339968
CC-4504,3336039.0
CC-4505,3341437
CC-4506,3341274
CC-4506,3341274.0
CC-4507,3338533
CC-4507,3338533.0
CC-4508,3338751
CC-4508,3338751.0
CC-4509,3338336
CC-4509,3338359
CC-4509,3338376
CC-4509,3339222
CC-4509,3338336.0
CC-4510,3341320
CC-4510,3341320.0
CC-4511,3339364
CC-4511,3339374
CC-4511,3339364.0
CC-4512,3338100
CC-4512,3341406
CC-4512,3338100.0
CC-4513,3336216
CC-4513,3336677
CC-4513,3336735
CC-4513,3340129
CC-4513,3336216.0
CC-4514,3341027
CC-4514,3341027.0
CC-4515,3337810
CC-4515,3341271
CC-4515,3337810.0
CC-4516,3340737
CC-4516,3340750
CC-4516,3340737.0
CC-4517,3338614
CC-4517,3338674
CC-4517,3338703
CC-4517,3341632
CC-4517,3338614.0
CC-4518,3341809
CC-4518,3341851
CC-4518,3341869
CC-4518,3341809.0
CC-4519,3317835
CC-4519,3320557
CC-4519,3324254
CC-4519,3324474
CC-4519,3329803
CC-4519,3329887
CC-4519,3329889
CC-4519,3329917
CC-4519,3329920
CC-4519,3329938
CC-4519,3329940
CC-4519,3330412
CC-4519,3330453
CC-4519,3334215
CC-4519,3336868
CC-4519,3338833
CC-4519,3317835.0
CC-4520,3341189
CC-4520,3342122
CC-4520,3341189.0
CC-4521,3327591
CC-4521,3330835
CC-4521,3337808
CC-4521,3339300
CC-4521,3327591.0
CC-4522,3342492
CC-4522,3342492.0
CC-4523,3339991
CC-4523,3339991.0
CC-4524,3341957
CC-4524,3341957.0
CC-4525,3339649
CC-4525,3341156
CC-4525,3341182
CC-4525,3339649.0
CC-4526,3338435
CC-4526,3340860
CC-4526,3340945
CC-4526,3338435.0
CC-4527,3329306
CC-4527,3334330
CC-4527,3340110
CC-4527,3329306.0
CC-4528,3342218
CC-4528,3342230
CC-4528,3342283
CC-4528,3342218.0
CC-4529,3342747
CC-4530,3343082
CC-4530,3343119
CC-4530,3343160
CC-4530,3343082.0
CC-4531,3341265
CC-4531,3341265.0
CC-4532,3342052
CC-4532,3342052.0
CC-4533,3318080
CC-4533,3321576
CC-4533,3325220
CC-4533,3325514
CC-4533,3325568
CC-4533,3328944
CC-4533,3332933
CC-4533,3333191
CC-4533,3333796
CC-4533,3334285
CC-4533,3337927
CC-4533,3343018
CC-4533,3318080.0
CC-4534,3337509
CC-4534,3339691
CC-4534,3343169
CC-4534,3337509.0
CC-4535,3343305
CC-4535,3343305.0
CC-4536,3340611
CC-4536,3340611.0
CC-4537,3340009
CC-4537,3340009.0
CC-4538,3344545
CC-4539,3343099
CC-4539,3343099.0
CC-4540,3341999
CC-4540,3341999.0
CC-4541,3309973
CC-4541,3316770
CC-4541,3321751
CC-4541,3322845
CC-4541,3322866
CC-4541,3323433
CC-4541,3323434
CC-4541,3323764
CC-4541,3323770
CC-4541,3324964
CC-4541,3324979
CC-4541,3327280
CC-4541,3327634
CC-4541,3328562
CC-4541,3329772
CC-4541,3330321
CC-4541,3335936
CC-4541,3341161
CC-4541,3309973.0
CC-4542,3341317
CC-4542,3341317.0
CC-4543,3337908
CC-4543,3343613
CC-4543,3343621
CC-4543,3337908.0
CC-4544,3343104
CC-4544,3343104.0
CC-4545,3342991
CC-4545,3342991.0
CC-4546,3341244
CC-4546,3343207
CC-4546,3343258
CC-4546,3341244.0
CC-4547,3344503
CC-4547,3344503.0
CC-4548,3313593
CC-4548,3314147
CC-4548,3314211
CC-4548,3315552
CC-4548,3316268
CC-4548,3316277
CC-4548,3317899
CC-4548,3320294
CC-4548,3321216
CC-4548,3321982
CC-4548,3324893
CC-4548,3325246
CC-4548,3327023
CC-4548,3330618
CC-4548,3334114
CC-4548,3335465
CC-4548,3338045
CC-4548,3338049
CC-4548,3339001
CC-4548,3341731
CC-4548,3313593.0
CC-4549,3343148
CC-4549,3343148.0
CC-4550,3342456
CC-4550,3342456.0
CC-4551,3342461
CC-4551,3342461.0
CC-4552,3339400
CC-4552,3342045
CC-4552,3339400.0
CC-4553,3344808
CC-4554,3341584
CC-4554,3341584.0
CC-4555,3338121
CC-4555,3340478
CC-4555,3343750
CC-4555,3338121.0
CC-4556,3344403
CC-4556,3344403.0
CC-4557,3343136
CC-4557,3343136.0
CC-4558,3342916
CC-4558,3342916.0
CC-4559,3343799
CC-4559,3343799.0
CC-4560,3338195
CC-4560,3342592
CC-4560,3338195.0
CC-4561,3341950
CC-4561,3342038
CC-4561,3341950.0
CC-4562,3341883
CC-4562,3341883.0
CC-4563,3343797
CC-4563,3343797.0
CC-4564,3344683
CC-4564,3344683.0
CC-4565,3337600
CC-4565,3342200
CC-4565,3337600.0
CC-4566,3345068
CC-4567,3339144
CC-4567,3342430
CC-4567,3339144.0
CC-4568,3345745
CC-4568,3345755
CC-4568,3345745.0
CC-4569,3344220
CC-4569,3346230
CC-4569,3344220.0
CC-4570,3345181
CC-4571,3345429
CC-4571,3345429.0
CC-4572,3336993
CC-4572,3338477
CC-4572,3338515
CC-4572,3339022
CC-4572,3339264
CC-4572,3345500
CC-4572,3336993.0
CC-4573,3343681
CC-4573,3344701
CC-4573,3344702
CC-4573,3343681.0
CC-4574,3342804
CC-4574,3342804.0
CC-4575,3344865
CC-4575,3344865.0
CC-4576,3336771
CC-4576,3343329
CC-4576,3343346
CC-4576,3343386
CC-4576,3345538
CC-4576,3336771.0
CC-4577,3347152
CC-4578,3346473
CC-4578,3346473.0
CC-4579,3343827
CC-4579,3343827.0
CC-4580,3344276
CC-4580,3344276.0
CC-4581,3342304
CC-4581,3343890
CC-4581,3342304.0
CC-4582,3342937
CC-4582,3343377
CC-4582,3343416
CC-4582,3342937.0
CC-4583,3347055
CC-4583,3347055.0
CC-4584,3344704
CC-4584,3344792
CC-4584,3345524
CC-4584,3344704.0
CC-4585,3344860
CC-4585,3344860.0
CC-4586,3346817
CC-4586,3346817.0
CC-4587,3346433
CC-4587,3347388
CC-4587,3347395
CC-4587,3347457
CC-4587,3347468
CC-4587,3347475
CC-4587,3346433.0
CC-4588,3346342
CC-4588,3346342.0
CC-4589,3347456
CC-4590,3347241
CC-4591,3347077
CC-4592,3347632
CC-4593,3345018
CC-4593,3345036
CC-4593,3345018.0
CC-4594,3347008
CC-4594,3347008.0
CC-4595,3345385
CC-4595,3345385.0
CC-4596,3347508
CC-4597,3347174
CC-4597,3347174.0
CC-4598,3344891
CC-4598,3344891.0
CC-4599,3337916
CC-4599,3342740
CC-4599,3347339
CC-4599,3347396
CC-4599,3337916.0
CC-4600,3345475
CC-4600,3345503
CC-4600,3345511
CC-4600,3345475.0
CC-4601,3344995
CC-4601,3344995.0
CC-4602,3341344
CC-4602,3342239
CC-4602,3345813
CC-4602,3341344.0
CC-4603,3297179
CC-4603,3297720
CC-4603,3301466
CC-4603,3301608
CC-4603,3302338
CC-4603,3305227
CC-4603,3306763
CC-4603,3309302
CC-4603,3316561
CC-4603,3317470
CC-4603,3321273
CC-4603,3321321
CC-4603,3321336
CC-4603,3322292
CC-4603,3323584
CC-4603,3323601
CC-4603,3323641
CC-4603,3331063
CC-4603,3331132
CC-4603,3331186
CC-4603,3331290
CC-4603,3338633
CC-4603,3338765
CC-4603,3344584
CC-4603,3344611
CC-4603,3344621
CC-4603,3344644
CC-4603,3345219
CC-4603,3297179.0
CC-4604,3341468
CC-4604,3345890
CC-4604,3345918
CC-4604,3345975
CC-4604,3346261
CC-4604,3347231
CC-4604,3347958
CC-4604,3341468.0
CC-4605,3344945
CC-4605,3344945.0
CC-4606,3345790
CC-4606,3345790.0
CC-4607,3347971
CC-4607,3347993
CC-4607,3347971.0
CC-4608,3347746
CC-4608,3347761
CC-4608,3347746.0
CC-4609,3345687
CC-4609,3345687.0
CC-4610,3345264
CC-4610,3345264.0
CC-4611,3348023
CC-4611,3348049
CC-4611,3348023.0
CC-4612,3347864
CC-4612,3347864.0
CC-4613,3345191
CC-4613,3345191.0
CC-4614,3347877
CC-4614,3347877.0
CC-4615,3345026
CC-4615,3345026.0
CC-4616,3347891
CC-4616,3347891.0
CC-4617,3346441
CC-4617,3346508
CC-4617,3346441.0
CC-4618,3348744
CC-4618,3348744.0
CC-4619,3344931
CC-4619,3345035
CC-4619,3344931.0
CC-4620,3346681
CC-4620,3346757
CC-4620,3347349
CC-4620,3346681.0
CC-4621,3345845
CC-4621,3345845.0
CC-4622,3345866
CC-4622,3345866.0
CC-4623,3344625
CC-4623,3346506
CC-4623,3344625.0
CC-4624,3347804
CC-4624,3347816
CC-4624,3347804.0
CC-4625,3347014
CC-4625,3347014.0
CC-4626,3346375
CC-4626,3346375.0
CC-4627,3347865
CC-4627,3347865.0
CC-4628,3346515
CC-4628,3349188
CC-4628,3349328
CC-4628,3346515.0
CC-4629,3336625
CC-4629,3338505
CC-4629,3338897
CC-4629,3339666
CC-4629,3340173
CC-4629,3340262
CC-4629,3341932
CC-4629,3347274
CC-4629,3347728
CC-4629,3347737
CC-4629,3336625.0
CC-4630,3344784
CC-4630,3344992
CC-4630,3347277
CC-4630,3347428
CC-4630,3344784.0
CC-4631,3349348
CC-4631,3349348.0
CC-4632,3345534
CC-4632,3347166
CC-4632,3345534.0
CC-4633,3347962
CC-4633,3347967
CC-4633,3347970
CC-4633,3347962.0
CC-4634,3349676
CC-4634,3349676.0
CC-4635,3346383
CC-4635,3346383.0
CC-4636,3343963
CC-4636,3344857
CC-4636,3348175
CC-4636,3348196
CC-4636,3348203
CC-4636,3348253
CC-4636,3343963.0
CC-4637,3350138
CC-4638,3349100
CC-4638,3349100.0
CC-4639,3348653
CC-4639,3348720
CC-4639,3348653.0
CC-4640,3337759
CC-4640,3341219
CC-4640,3342568
CC-4640,3347995
CC-4640,3337759.0
CC-4641,3350502
CC-4641,3350502.0
CC-4642,3349884
CC-4643,3350578
CC-4644,3345022
CC-4644,3350298
CC-4644,3345022.0
CC-4645,3349584
CC-4645,3349584.0
CC-4646,3350800
CC-4646,3350800.0
CC-4647,3348225
CC-4647,3348225.0
CC-4648,3349861
CC-4648,3349934
CC-4648,3349861.0
CC-4649,3350583
CC-4649,3350583.0
CC-4650,3348562
CC-4650,3348562.0
CC-4651,3350952
CC-4651,3350952.0
CC-4652,3349723
CC-4652,3349723.0
CC-4653,3348952
CC-4653,3348952.0
CC-4654,3348627
CC-4654,3348627.0
CC-4655,3348582
CC-4655,3348582.0
CC-4656,3348664
CC-4656,3348675
CC-4656,3348664.0
CC-4657,3348991
CC-4657,3348991.0
CC-4658,3350965
CC-4658,3350965.0
CC-4659,3349474
CC-4659,3349474.0
CC-4660,3346700
CC-4660,3347644
CC-4660,3349949
CC-4660,3346700.0
CC-4661,3350918
CC-4661,3350918.0
CC-4662,3350701
CC-4662,3350701.0
CC-4663,3344757
CC-4663,3344770
CC-4663,3349465
CC-4663,3349481
CC-4663,3349516
CC-4663,3349523
CC-4663,3344757.0
CC-4664,3349134
CC-4664,3349134.0
CC-4665,3348324
CC-4665,3348324.0
CC-4666,3349364
CC-4666,3349364.0
CC-4667,3348003
CC-4667,3348003.0
CC-4668,3350112
CC-4668,3350112.0
CC-4669,3349572
CC-4669,3349572.0
CC-4670,3351367
CC-4670,3351367.0
CC-4671,3349284
CC-4671,3349284.0
CC-4672,3330816
CC-4672,3333983
CC-4672,3336196
CC-4672,3336245
CC-4672,3341938
CC-4672,3347158
CC-4672,3347285
CC-4672,3349832
CC-4672,3330816.0
CC-4673,3349393
CC-4673,3349393.0
CC-4674,3348567
CC-4674,3348567.0
CC-4675,3350423
CC-4675,3350487
CC-4675,3350423.0
CC-4676,3351537
CC-4676,3352249
CC-4676,3352313
CC-4676,3351537.0
CC-4677,3350302
CC-4677,3350302.0
CC-4678,3340245
CC-4678,3342958
CC-4678,3346344
CC-4678,3349034
CC-4678,3340245.0
CC-4679,3349509
CC-4679,3349509.0
CC-4680,3351608
CC-4680,3351608.0
CC-4681,3352777
CC-4682,3351779
CC-4682,3351779.0
CC-4683,3351314
CC-4683,3351397
CC-4683,3351414
CC-4683,3351314.0
CC-4684,3349295
CC-4684,3349295.0
CC-4685,3351929
CC-4686,3351235
CC-4686,3351303
CC-4686,3351235.0
CC-4687,3350916
CC-4687,3350916.0
CC-4688,3350856
CC-4688,3350856.0
CC-4689,3350721
CC-4689,3350748
CC-4689,3350758
CC-4689,3350803
CC-4689,3350721.0
CC-4690,3351564
CC-4690,3351564.0
CC-4691,3353924
CC-4692,3353994
CC-4692,3353994.0
CC-4693,3342815
CC-4693,3342830
CC-4693,3345326
CC-4693,3345744
CC-4693,3345746
CC-4693,3345782
CC-4693,3345815
CC-4693,3348421
CC-4693,3352078
CC-4693,3342815.0
CC-4694,3349171
CC-4694,3350043
CC-4694,3350591
CC-4694,3350613
CC-4694,3349171.0
CC-4695,3353513
CC-4695,3353513.0
CC-4696,3350728
CC-4696,3353199
CC-4696,3350728.0
CC-4697,3354070
CC-4698,3351660
CC-4698,3351660.0
CC-4699,3352802
CC-4699,3352802.0
CC-4700,3354105
CC-4700,3354105.0
CC-4701,3352270
CC-4701,3352270.0
CC-4702,3352846
CC-4702,3352846.0
CC-4703,3351736
CC-4703,3351736.0
CC-4704,3353561
CC-4704,3353561.0
CC-4705,3352955
CC-4705,3353026
CC-4705,3353180
CC-4705,3352955.0
CC-4706,3352056
CC-4706,3352056.0
CC-4707,3343011
CC-4707,3347906
CC-4707,3347910
CC-4707,3352310
CC-4707,3343011.0
CC-4708,3354397
CC-4709,3353331
CC-4709,3353331.0
CC-4710,3346349
CC-4710,3346540
CC-4710,3347094
CC-4710,3348161
CC-4710,3348205
CC-4710,3348219
CC-4710,3348244
CC-4710,3348248
CC-4710,3349624
CC-4710,3351343
CC-4710,3351366
CC-4710,3352239
CC-4710,3346349.0
CC-4711,3351361
CC-4711,3351361.0
CC-4712,3354019
CC-4712,3354052
CC-4712,3354472
CC-4712,3354019.0
CC-4713,3353512
CC-4713,3353512.0
CC-4714,3354262
CC-4714,3354262.0
CC-4715,3343125
CC-4715,3345921
CC-4715,3350604
CC-4715,3354843
CC-4715,3343125.0
CC-4716,3349173
CC-4716,3349221
CC-4716,3349223
CC-4716,3349231
CC-4716,3349242
CC-4716,3349260
CC-4716,3351499
CC-4716,3349173.0
CC-4717,3349177
CC-4717,3352174
CC-4717,3352177
CC-4717,3352183
CC-4717,3352202
CC-4717,3352233
CC-4717,3352247
CC-4717,3352248
CC-4717,3349177.0
CC-4718,3352728
CC-4718,3352728.0
CC-4719,3354258
CC-4719,3354258.0
CC-4720,3353875
CC-4720,3353912
CC-4720,3353875.0
CC-4721,3341425
CC-4721,3341430
CC-4721,3341438
CC-4721,3342644
CC-4721,3345735
CC-4721,3345816
CC-4721,3347393
CC-4721,3349859
CC-4721,3349993
CC-4721,3351986
CC-4721,3341425.0
CC-4722,3351646
CC-4722,3355431
CC-4722,3351646.0
CC-4723,3351136
CC-4723,3352677
CC-4723,3351136.0
CC-4724,3352958
CC-4724,3352958.0
CC-4725,3350996
CC-4725,3355238
CC-4725,3350996.0
CC-4726,3356191
CC-4726,3356191.0
CC-4727,3355963
CC-4727,3356393
CC-4727,3356463
CC-4727,3356464
CC-4727,3355963.0
CC-4728,3347134
CC-4728,3353343
CC-4728,3347134.0
CC-4729,3354788
CC-4729,3354788.0
CC-4730,3356845
CC-4731,3353579
CC-4731,3353579.0
CC-4732,3352994
CC-4732,3352994.0
CC-4733,3352495
CC-4733,3352499
CC-4733,3354194
CC-4733,3352495.0
CC-4734,3357010
CC-4735,3356221
CC-4736,3355853
CC-4736,3355853.0
CC-4737,3356570
CC-4737,3356570.0
CC-4738,3350402
CC-4738,3355450
CC-4738,3350402.0
CC-4739,3348691
CC-4739,3353400
CC-4739,3355816
CC-4739,3348691.0
CC-4740,3356268
CC-4740,3356343
CC-4740,3356350
CC-4740,3356383
CC-4740,3357224
CC-4740,3356268.0
CC-4741,3354590
CC-4741,3354596
CC-4741,3354603
CC-4741,3354619
CC-4741,3354663
CC-4741,3354590.0
CC-4742,3354054
CC-4742,3354054.0
CC-4743,3357080
CC-4744,3355110
CC-4744,3355110.0
CC-4745,3357147
CC-4745,3357149
CC-4745,3357147.0
CC-4746,3348544
CC-4746,3350570
CC-4746,3354201
CC-4746,3354210
CC-4746,3348544.0
CC-4747,3355216
CC-4747,3355298
CC-4747,3355641
CC-4747,3355216.0
CC-4748,3355432
CC-4748,3355432.0
CC-4749,3354246
CC-4749,3354247
CC-4749,3354246.0
CC-4750,3356525
CC-4750,3356549
CC-4750,3356525.0
CC-4751,3356707
CC-4751,3356707.0
CC-4752,3354920
CC-4752,3356454
CC-4752,3356512
CC-4752,3356538
CC-4752,3356591
CC-4752,3354920.0
CC-4753,3357564
CC-4754,3356494
CC-4754,3356557
CC-4754,3356494.0
CC-4755,3356488
CC-4755,3356488.0
CC-4756,3358041
CC-4756,3358041.0
CC-4757,3357470
CC-4757,3357592
CC-4757,3357647
CC-4757,3357747
CC-4757,3357963
CC-4757,3358135
CC-4757,3358778
CC-4757,3358831
CC-4757,3357470.0
CC-4758,3339201
CC-4758,3344656
CC-4758,3349593
CC-4758,3350980
CC-4758,3350985
CC-4758,3350998
CC-4758,3351606
CC-4758,3354580
CC-4758,3354647
CC-4758,3354964
CC-4758,3339201.0
CC-4759,3355217
CC-4759,3355217.0
CC-4760,3356947
CC-4760,3356947.0
CC-4761,3351011
CC-4761,3353535
CC-4761,3354219
CC-4761,3357362
CC-4761,3351011.0
CC-4762,3358205
CC-4762,3358205.0
CC-4763,3349840
CC-4763,3349869
CC-4763,3353007
CC-4763,3353604
CC-4763,3357361
CC-4763,3349840.0
CC-4764,3358477
CC-4764,3358658
CC-4764,3358477.0
CC-4765,3351955
CC-4765,3357569
CC-4765,3351955.0
CC-4766,3358570
CC-4766,3358570.0
CC-4767,3359375
CC-4767,3359576
CC-4767,3359375.0
CC-4768,3358731
CC-4768,3358731.0
CC-4769,3356398
CC-4769,3356398.0
CC-4770,3345769
CC-4770,3347063
CC-4770,3351821
CC-4770,3351835
CC-4770,3355536
CC-4770,3358383
CC-4770,3345769.0
CC-4771,3357259
CC-4771,3357259.0
CC-4772,3348416
CC-4772,3350959
CC-4772,3353547
CC-4772,3354980
CC-4772,3356833
CC-4772,3348416.0
CC-4773,3357732
CC-4773,3358649
CC-4773,3359884
CC-4773,3357732.0
CC-4774,3353360
CC-4774,3357264
CC-4774,3358058
CC-4774,3353360.0
CC-4775,3357405
CC-4775,3357405.0
CC-4776,3357717
CC-4776,3357744
CC-4776,3357717.0
CC-4777,3355484
CC-4777,3357275
CC-4777,3355484.0
CC-4778,3360129
CC-4779,3359875
CC-4779,3359875.0
CC-4780,3356741
CC-4780,3359757
CC-4780,3356741.0
CC-4781,3350994
CC-4781,3351167
CC-4781,3356356
CC-4781,3357733
CC-4781,3350994.0
CC-4782,3359496
CC-4782,3359496.0
CC-4783,3360141
CC-4784,3360325
CC-4784,3360325.0
CC-4785,3354831
CC-4785,3359090
CC-4785,3354831.0
CC-4786,3358959
CC-4786,3359008
CC-4786,3358959.0
CC-4787,3356275
CC-4787,3356926
CC-4787,3357004
CC-4787,3358442
CC-4787,3356275.0
CC-4788,3360219
CC-4788,3360219.0
CC-4789,3359691
CC-4789,3359691.0
CC-4790,3358424
CC-4790,3358424.0
CC-4791,3359880
CC-4791,3359880.0
CC-4792,3360384
CC-4792,3360384.0
CC-4793,3360587
CC-4793,3360587.0
CC-4794,3359191
CC-4794,3359301
CC-4794,3359359
CC-4794,3359191.0
CC-4795,3354369
CC-4795,3357176
CC-4795,3357191
CC-4795,3357297
CC-4795,3358651
CC-4795,3359236
CC-4795,3354369.0
CC-4796,3357781
CC-4796,3358023
CC-4796,3359221
CC-4796,3360360
CC-4796,3360361
CC-4796,3357781.0
CC-4797,3360719
CC-4797,3360751
CC-4797,3360755
CC-4797,3360719.0
CC-4798,3358327
CC-4798,3358327.0
CC-4799,3358630
CC-4799,3358630.0
CC-4800,3319053
CC-4800,3326005
CC-4800,3326034
CC-4800,3326269
CC-4800,3326943
CC-4800,3326983
CC-4800,3326995
CC-4800,3327161
CC-4800,3334630
CC-4800,3334660
CC-4800,3334724
CC-4800,3334759
CC-4800,3337966
CC-4800,3343039
CC-4800,3343044
CC-4800,3343077
CC-4800,3343218
CC-4800,3347846
CC-4800,3347850
CC-4800,3347869
CC-4800,3351845
CC-4800,3351852
CC-4800,3351911
CC-4800,3352966
CC-4800,3353012
CC-4800,3354167
CC-4800,3354515
CC-4800,3354516
CC-4800,3356682
CC-4800,3357813
CC-4800,3319053.0
CC-4801,3359976
CC-4801,3359976.0
CC-4802,3360973
CC-4802,3360973.0
CC-4803,3358274
CC-4803,3358485
CC-4803,3358526
CC-4803,3358274.0
CC-4804,3352066
CC-4804,3357322
CC-4804,3360910
CC-4804,3361056
CC-4804,3361077
CC-4804,3352066.0
CC-4805,3360079
CC-4805,3360079.0
CC-4806,3359936
CC-4806,3359965
CC-4806,3359936.0
CC-4807,3355465
CC-4807,3358501
CC-4807,3355465.0
CC-4808,3360602
CC-4808,3360602.0
CC-4809,3361852
CC-4809,3361852.0
CC-4810,3358812
CC-4810,3358812.0
CC-4811,3356923
CC-4811,3359339
CC-4811,3356923.0
CC-4812,3361114
CC-4812,3361114.0
CC-4813,3361884
CC-4814,3361773
CC-4814,3361773.0
CC-4815,3359712
CC-4815,3359712.0
CC-4816,3363136
CC-4817,3361378
CC-4817,3361620
CC-4817,3361652
CC-4817,3361710
CC-4817,3361755
CC-4817,3361378.0
CC-4818,3361283
CC-4818,3361283.0
CC-4819,3363087
CC-4820,3352296
CC-4820,3356261
CC-4820,3359219
CC-4820,3361323
CC-4820,3362979
CC-4820,3362989
CC-4820,3352296.0
CC-4821,3362003
CC-4821,3362008
CC-4821,3362003.0
CC-4822,3362243
CC-4822,3362243.0
CC-4823,3360312
CC-4823,3360312.0
CC-4824,3362268
CC-4824,3362268.0
CC-4825,3362334
CC-4825,3362564
CC-4825,3362334.0
CC-4826,3327450
CC-4826,3327922
CC-4826,3333275
CC-4826,3335578
CC-4826,3341308
CC-4826,3346715
CC-4826,3350703
CC-4826,3351854
CC-4826,3354320
CC-4826,3354357
CC-4826,3354387
CC-4826,3359253
CC-4826,3359486
CC-4826,3360446
CC-4826,3361682
CC-4826,3327450.0
CC-4827,3363303
CC-4827,3363303.0
CC-4828,3360808
CC-4828,3360808.0
CC-4829,3359271
CC-4829,3359356
CC-4829,3359381
CC-4829,3359619
CC-4829,3362329
CC-4829,3362417
CC-4829,3362430
CC-4829,3359271.0
CC-4830,3363456
CC-4830,3363456.0
CC-4831,3363250
CC-4831,3363250.0
CC-4832,3355839
CC-4832,3355855
CC-4832,3355876
CC-4832,3360728
CC-4832,3362960
CC-4832,3355839.0
CC-4833,3363693
CC-4833,3363731
CC-4833,3363693.0
CC-4834,3364434
CC-4835,3362484
CC-4835,3362484.0
CC-4836,3363730
CC-4836,3363730.0
CC-4837,3362118
CC-4837,3362118.0
CC-4838,3360028
CC-4838,3360071
CC-4838,3363286
CC-4838,3360028.0
CC-4839,3361046
CC-4839,3361046.0
CC-4840,3359845
CC-4840,3361566
CC-4840,3359845.0
CC-4841,3362109
CC-4841,3362109.0
CC-4842,3358089
CC-4842,3358092
CC-4842,3363769
CC-4842,3358089.0
CC-4843,3363186
CC-4843,3363657
CC-4843,3363186.0
CC-4844,3365356
CC-4845,3364124
CC-4845,3364124.0
CC-4846,3361855
CC-4846,3361855.0
CC-4847,3364517
CC-4847,3364517.0
CC-4848,3365712
CC-4848,3365727
CC-4848,3365740
CC-4848,3365751
CC-4848,3365712.0
CC-4849,3363230
CC-4849,3363240
CC-4849,3364825
CC-4849,3363230.0
CC-4850,3364055
CC-4850,3364055.0
CC-4851,3362489
CC-4851,3362489.0
CC-4852,3365905
CC-4852,3365921
CC-4852,3365905.0
CC-4853,3365242
CC-4853,3365242.0
CC-4854,3362619
CC-4854,3362676
CC-4854,3362619.0
CC-4855,3358645
CC-4855,3362571
CC-4855,3364342
CC-4855,3358645.0
CC-4856,3361875
CC-4856,3363222
CC-4856,3361875.0
CC-4857,3363279
CC-4857,3363279.0
CC-4858,3365832
CC-4858,3365832.0
CC-4859,3365002
CC-4859,3365110
CC-4859,3365002.0
CC-4860,3364135
CC-4860,3364135.0
CC-4861,3365520
CC-4861,3365791
CC-4861,3365827
CC-4861,3365520.0
CC-4862,3364012
CC-4862,3364088
CC-4862,3364012.0
CC-4863,3364656
CC-4863,3364656.0
CC-4864,3359953
CC-4864,3360018
CC-4864,3364579
CC-4864,3364585
CC-4864,3364658
CC-4864,3359953.0
CC-4865,3365325
CC-4865,3365325.0
CC-4866,3365308
CC-4866,3365308.0
CC-4867,3365227
CC-4867,3365227.0
CC-4868,3366259
CC-4868,3366259.0
CC-4869,3364600
CC-4869,3364600.0
CC-4870,3364568
CC-4870,3364568.0
CC-4871,3366264
CC-4871,3366264.0
CC-4872,3365385
CC-4872,3365385.0
CC-4873,3365854
CC-4873,3365872
CC-4873,3365854.0
CC-4874,3359903
CC-4874,3364299
CC-4874,3364315
CC-4874,3359903.0
CC-4875,3366593
CC-4875,3366593.0
CC-4876,3362942
CC-4876,3366335
CC-4876,3362942.0
CC-4877,3348403
CC-4877,3348453
CC-4877,3353713
CC-4877,3353719
CC-4877,3359144
CC-4877,3362066
CC-4877,3366149
CC-4877,3348403.0
CC-4878,3364906
CC-4878,3364910
CC-4878,3364939
CC-4878,3364979
CC-4878,3364986
CC-4878,3364906.0
CC-4879,3321717
CC-4879,3321718
CC-4879,3321728
CC-4879,3325579
CC-4879,3326015
CC-4879,3329934
CC-4879,3330207
CC-4879,3333665
CC-4879,3333740
CC-4879,3336892
CC-4879,3336925
CC-4879,3337203
CC-4879,3337395
CC-4879,3340683
CC-4879,3340721
CC-4879,3341943
CC-4879,3347916
CC-4879,3349471
CC-4879,3350343
CC-4879,3355799
CC-4879,3358787
CC-4879,3358907
CC-4879,3358971
CC-4879,3363235
CC-4879,3366227
CC-4879,3321717.0
CC-4880,3364208
CC-4880,3367592
CC-4880,3364208.0
CC-4881,3364590
CC-4881,3364590.0
CC-4882,3368350
CC-4883,3367069
CC-4883,3367129
CC-4883,3367069.0
CC-4884,3368512
CC-4884,3368512.0
CC-4885,3368551
CC-4886,3367719
CC-4886,3367719.0
CC-4887,3368870
CC-4887,3368870.0
CC-4888,3366249
CC-4888,3366249.0
CC-4889,3368356
CC-4889,3368415
CC-4889,3368356.0
CC-4890,3367680
CC-4890,3367707
CC-4890,3367680.0
CC-4891,3365779
CC-4891,3365794
CC-4891,3365809
CC-4891,3365811
CC-4891,3365829
CC-4891,3365779.0
CC-4892,3367893
CC-4892,3367893.0
CC-4893,3364382
CC-4893,3367176
CC-4893,3367518
CC-4893,3364382.0
CC-4894,3368197
CC-4894,3368197.0
CC-4895,3360974
CC-4895,3366289
CC-4895,3360974.0
CC-4896,3368771
CC-4896,3368771.0
CC-4897,3368205
CC-4897,3368205.0
CC-4898,3369223
CC-4899,3369068
CC-4900,3368232
CC-4900,3368232.0
CC-4901,3360748
CC-4901,3366284
CC-4901,3366891
CC-4901,3360748.0
CC-4902,3367813
CC-4902,3367813.0
CC-4903,3368456
CC-4903,3368456.0
CC-4904,3355033
CC-4904,3357212
CC-4904,3357890
CC-4904,3358402
CC-4904,3358603
CC-4904,3359204
CC-4904,3359250
CC-4904,3359841
CC-4904,3360113
CC-4904,3361138
CC-4904,3364625
CC-4904,3365337
CC-4904,3366326
CC-4904,3355033.0
CC-4905,3366451
CC-4905,3366451.0
CC-4906,3367422
CC-4906,3367498
CC-4906,3367508
CC-4906,3367422.0
CC-4907,3368367
CC-4907,3368367.0
CC-4908,3366523
CC-4908,3368741
CC-4908,3366523.0
CC-4909,3354180
CC-4909,3355704
CC-4909,3361435
CC-4909,3366614
CC-4909,3367806
CC-4909,3367862
CC-4909,3370009
CC-4909,3354180.0
CC-4910,3369180
CC-4910,3369180.0
CC-4911,3367739
CC-4911,3367818
CC-4911,3367739.0
CC-4912,3369232
CC-4912,3369232.0
CC-4913,3367194
CC-4913,3367207
CC-4913,3369228
CC-4913,3369234
CC-4913,3367194.0
CC-4914,3367373
CC-4914,3367373.0
CC-4915,3368701
CC-4915,3368701.0
CC-4916,3369533
CC-4917,3367653
CC-4917,3367653.0
CC-4918,3368903
CC-4918,3368930
CC-4918,3368937
CC-4918,3368903.0
CC-4919,3368248
CC-4919,3368248.0
CC-4920,3369956
CC-4920,3369956.0
CC-4921,3368440
CC-4921,3368440.0
CC-4922,3369230
CC-4922,3370472
CC-4922,3369230.0
CC-4923,3369240
CC-4923,3369241
CC-4923,3369240.0
CC-4924,3368052
CC-4924,3368363
CC-4924,3368824
CC-4924,3368052.0
CC-4925,3368250
CC-4925,3368250.0
CC-4926,3369265
CC-4926,3369265.0
CC-4927,3358625
CC-4927,3361880
CC-4927,3362461
CC-4927,3363432
CC-4927,3365661
CC-4927,3368754
CC-4927,3358625.0
CC-4928,3371411
CC-4928,3371421
CC-4928,3371456
CC-4928,3371473
CC-4928,3371507
CC-4928,3371411.0
CC-4929,3370090
CC-4929,3370090.0
CC-4930,3367747
CC-4930,3371653
CC-4930,3367747.0
CC-4931,3371962
CC-4932,3371763
CC-4933,3364668
CC-4933,3369220
CC-4933,3369221
CC-4933,3369226
CC-4933,3369229
CC-4933,3369599
CC-4933,3364668.0
CC-4934,3371375
CC-4934,3371375.0
CC-4935,3361176
CC-4935,3367043
CC-4935,3367423
CC-4935,3370167
CC-4935,3370206
CC-4935,3371238
CC-4935,3361176.0
CC-4936,3369198
CC-4936,3369204
CC-4936,3371929
CC-4936,3371941
CC-4936,3371960
CC-4936,3369198.0
CC-4937,3367470
CC-4937,3369175
CC-4937,3370396
CC-4937,3371045
CC-4937,3367470.0
CC-4938,3371782
CC-4938,3371782.0
CC-4939,3370647
CC-4939,3370647.0
CC-4940,3366168
CC-4940,3371098
CC-4940,3371138
CC-4940,3366168.0
CC-4941,3371621
CC-4941,3371621.0
CC-4942,3362805
CC-4942,3364912
CC-4942,3366319
CC-4942,3370000
CC-4942,3370038
CC-4942,3362805.0
CC-4943,3369315
CC-4943,3372141
CC-4943,3369315.0
CC-4944,3368965
CC-4944,3368975
CC-4944,3370415
CC-4944,3370428
CC-4944,3368965.0
CC-4945,3370539
CC-4945,3370539.0
CC-4946,3372429
CC-4946,3372429.0
CC-4947,3371704
CC-4947,3371704.0
CC-4948,3372015
CC-4948,3372015.0
CC-4949,3369953
CC-4949,3369953.0
CC-4950,3365253
CC-4950,3368220
CC-4950,3369236
CC-4950,3370448
CC-4950,3370508
CC-4950,3370561
CC-4950,3365253.0
CC-4951,3370991
CC-4951,3371024
CC-4951,3370991.0
CC-4952,3373238
CC-4952,3373330
CC-4952,3373343
CC-4952,3373377
CC-4952,3373238.0
CC-4953,3371872
CC-4953,3371872.0
CC-4954,3371679
CC-4954,3371679.0
CC-4955,3372603
CC-4956,3368899
CC-4956,3373705
CC-4956,3368899.0
CC-4957,3371052
CC-4957,3371052.0
CC-4958,3372115
CC-4958,3373278
CC-4958,3372115.0
CC-4959,3364260
CC-4959,3369665
CC-4959,3372981
CC-4959,3364260.0
CC-4960,3371807
CC-4960,3371807.0
CC-4961,3368839
CC-4961,3368962
CC-4961,3371492
CC-4961,3368839.0
CC-4962,3372478
CC-4962,3372478.0
CC-4963,3374470
CC-4963,3374520
CC-4963,3374470.0
CC-4964,3347990
CC-4964,3349809
CC-4964,3349853
CC-4964,3352415
CC-4964,3354404
CC-4964,3355788
CC-4964,3357444
CC-4964,3362120
CC-4964,3362147
CC-4964,3362730
CC-4964,3364643
CC-4964,3366331
CC-4964,3366334
CC-4964,3366336
CC-4964,3366349
CC-4964,3370686
CC-4964,3372976
CC-4964,3373087
CC-4964,3347990.0
CC-4965,3374696
CC-4966,3371302
CC-4966,3371302.0
CC-4967,3374823
CC-4967,3374823.0
CC-4968,3374684
CC-4969,3374877
CC-4969,3374877.0
CC-4970,3374770
CC-4970,3374770.0
CC-4971,3374431
CC-4972,3359305
CC-4972,3362137
CC-4972,3362249
CC-4972,3364145
CC-4972,3364640
CC-4972,3365430
CC-4972,3365796
CC-4972,3366272
CC-4972,3368416
CC-4972,3373404
CC-4972,3359305.0
CC-4973,3374947
CC-4974,3374687
CC-4975,3374010
CC-4975,3374010.0
CC-4976,3370852
CC-4976,3372926
CC-4976,3373366
CC-4976,3373440
CC-4976,3370852.0
CC-4977,3373862
CC-4977,3373862.0
CC-4978,3367682
CC-4978,3367699
CC-4978,3367718
CC-4978,3367733
CC-4978,3373142
CC-4978,3367682.0
CC-4979,3371278
CC-4979,3374985
CC-4979,3371278.0
CC-4980,3373812
CC-4980,3373812.0
CC-4981,3373388
CC-4981,3373388.0
CC-4982,3360295
CC-4982,3360566
CC-4982,3360614
CC-4982,3364700
CC-4982,3365576
CC-4982,3365699
CC-4982,3366177
CC-4982,3366234
CC-4982,3371016
CC-4982,3371839
CC-4982,3371845
CC-4982,3371846
CC-4982,3371865
CC-4982,3373233
CC-4982,3373320
CC-4982,3373376
CC-4982,3373410
CC-4982,3373473
CC-4982,3373510
CC-4982,3373528
CC-4982,3373611
CC-4982,3373618
CC-4982,3375120
CC-4982,3375124
CC-4982,3375179
CC-4982,3375184
CC-4982,3360295.0
CC-4983,3372987
CC-4983,3372987.0
CC-4984,3374558
CC-4984,3374587
CC-4984,3374558.0
CC-4985,3365554
CC-4985,3369256
CC-4985,3372187
CC-4985,3365554.0
CC-4986,3374347
CC-4986,3374347.0
CC-4987,3373610
CC-4987,3373610.0
CC-4988,3375983
CC-4989,3375610
CC-4989,3375610.0
CC-4990,3373966
CC-4990,3374491
CC-4990,3373966.0
CC-4991,3375565
CC-4991,3375565.0
CC-4992,3363706
CC-4992,3363713
CC-4992,3366627
CC-4992,3366648
CC-4992,3366702
CC-4992,3369217
CC-4992,3372066
CC-4992,3375582
CC-4992,3363706.0
CC-4993,3374096
CC-4993,3374142
CC-4993,3374096.0
CC-4994,3375142
CC-4994,3375142.0
CC-4995,3374635
CC-4995,3374635.0
CC-4996,3366656
CC-4996,3367215
CC-4996,3367337
CC-4996,3367566
CC-4996,3367623
CC-4996,3369327
CC-4996,3369340
CC-4996,3370176
CC-4996,3370177
CC-4996,3370238
CC-4996,3371308
CC-4996,3371315
CC-4996,3373424
CC-4996,3366656.0
CC-4997,3373042
CC-4997,3373042.0
CC-4998,3363640
CC-4998,3366659
CC-4998,3366667
CC-4998,3370017
CC-4998,3372100
CC-4998,3375550
CC-4998,3363640.0
CC-4999,3376491
CC-4999,3376493
CC-4999,3376491.0
CC-5000,3367312
CC-5000,3372829
CC-5000,3372853
CC-5000,3373441
CC-5000,3367312.0
CC-5001,3376078
CC-5002,3373891
CC-5002,3373891.0
CC-5003,3373704
CC-5003,3373704.0
CC-5004,3372025
CC-5004,3375217
CC-5004,3372025.0
CC-5005,3374932
CC-5005,3374932.0
CC-5006,3376723
CC-5007,3373157
CC-5007,3374915
CC-5007,3374936
CC-5007,3373157.0
CC-5008,3377574
CC-5009,3370364
CC-5009,3373389
CC-5009,3373454
CC-5009,3376686
CC-5009,3370364.0
CC-5010,3355424
CC-5010,3356092
CC-5010,3358142
CC-5010,3359129
CC-5010,3361971
CC-5010,3363181
CC-5010,3363297
CC-5010,3365800
CC-5010,3365863
CC-5010,3366112
CC-5010,3366217
CC-5010,3366268
CC-5010,3366481
CC-5010,3368201
CC-5010,3373657
CC-5010,3375081
CC-5010,3375082
CC-5010,3355424.0
CC-5011,3377755
CC-5012,3377089
CC-5012,3377185
CC-5012,3377089.0
CC-5013,3376375
CC-5013,3376375.0
CC-5014,3377599
CC-5015,3371703
CC-5015,3375000
CC-5015,3371703.0
CC-5016,3374247
CC-5016,3374326
CC-5016,3374336
CC-5016,3374247.0
CC-5017,3376156
CC-5017,3376156.0
CC-5018,3377269
CC-5019,3377902
CC-5019,3377932
CC-5019,3377902.0
CC-5020,3376125
CC-5020,3376125.0
CC-5021,3376831
CC-5021,3376900
CC-5021,3376924
CC-5021,3376926
CC-5021,3376940
CC-5021,3376831.0
CC-5022,3375167
CC-5022,3375167.0
CC-5023,3369623
CC-5023,3369624
CC-5023,3375321
CC-5023,3375561
CC-5023,3375570
CC-5023,3375629
CC-5023,3375667
CC-5023,3369623.0
CC-5024,3375763
CC-5024,3375763.0
CC-5025,3374949
CC-5025,3374959
CC-5025,3375069
CC-5025,3374949.0
CC-5026,3376101
CC-5026,3376146
CC-5026,3376171
CC-5026,3376101.0
CC-5027,3371196
CC-5027,3376592
CC-5027,3371196.0
CC-5028,3378260
CC-5028,3378260.0
CC-5029,3363140
CC-5029,3365335
CC-5029,3366262
CC-5029,3366271
CC-5029,3367332
CC-5029,3367425
CC-5029,3370546
CC-5029,3370569
CC-5029,3371638
CC-5029,3375006
CC-5029,3377951
CC-5029,3363140.0
CC-5030,3375985
CC-5030,3375985.0
CC-5031,3375415
CC-5031,3375415.0
CC-5032,3374054
CC-5032,3374057
CC-5032,3375324
CC-5032,3375347
CC-5032,3376329
CC-5032,3378051
CC-5032,3378054
CC-5032,3378057
CC-5032,3378066
CC-5032,3378425
CC-5032,3378449
CC-5032,3374054.0
CC-5033,3376424
CC-5033,3376424.0
CC-5034,3376245
CC-5034,3376245.0
CC-5035,3378637
CC-5036,3375984
CC-5036,3377112
CC-5036,3375984.0
CC-5037,3376432
CC-5037,3376432.0
CC-5038,3378991
CC-5038,3378991.0
CC-5039,3377377
CC-5039,3377377.0
CC-5040,3376528
CC-5040,3376528.0
CC-5041,3376337
CC-5041,3376337.0
CC-5042,3377301
CC-5042,3377301.0
CC-5043,3378678
CC-5044,3376225
CC-5044,3376508
CC-5044,3376225.0
CC-5045,3378405
CC-5045,3378405.0
CC-5046,3376096
CC-5046,3376638
CC-5046,3378210
CC-5046,3376096.0
CC-5047,3379479
CC-5048,3376828
CC-5048,3376862
CC-5048,3376828.0
CC-5049,3379227
CC-5049,3379256
CC-5049,3379333
CC-5049,3379352
CC-5049,3379227.0
CC-5050,3369140
CC-5050,3372535
CC-5050,3374970
CC-5050,3380249
CC-5050,3369140.0
CC-5051,3379147
CC-5051,3379147.0
CC-5052,3379879
CC-5052,3379879.0
CC-5053,3376795
CC-5053,3376820
CC-5053,3377062
CC-5053,3376795.0
CC-5054,3365122
CC-5054,3369917
CC-5054,3370680
CC-5054,3370695
CC-5054,3373751
CC-5054,3373772
CC-5054,3373825
CC-5054,3378207
CC-5054,3378223
CC-5054,3365122.0
CC-5055,3379683
CC-5055,3379683.0
CC-5056,3379992
CC-5056,3379992.0
CC-5057,3379545
CC-5057,3380151
CC-5057,3379545.0
CC-5058,3377649
CC-5058,3377649.0
CC-5059,3379323
CC-5059,3379338
CC-5059,3379323.0
CC-5060,3348888
CC-5060,3354837
CC-5060,3356421
CC-5060,3357914
CC-5060,3357953
CC-5060,3361221
CC-5060,3364281
CC-5060,3367604
CC-5060,3371032
CC-5060,3374390
CC-5060,3379747
CC-5060,3348888.0
CC-5061,3377162
CC-5061,3377188
CC-5061,3379172
CC-5061,3377162.0
CC-5062,3380616
CC-5063,3379002
CC-5063,3379002.0
CC-5064,3380628
CC-5064,3380628.0
CC-5065,3379435
CC-5065,3379552
CC-5065,3379435.0
CC-5066,3379324
CC-5066,3379324.0
CC-5067,3379701
CC-5067,3379701.0
CC-5068,3380191
CC-5068,3380197
CC-5068,3380191.0
CC-5069,3378759
CC-5069,3378759.0
CC-5070,3379015
CC-5070,3379036
CC-5070,3379082
CC-5070,3379083
CC-5070,3379015.0
CC-5071,3376546
CC-5071,3378943
CC-5071,3376546.0
CC-5072,3380987
CC-5072,3380987.0
CC-5073,3378352
CC-5073,3378352.0
CC-5074,3379392
CC-5074,3379392.0
CC-5075,3375886
CC-5075,3376226
CC-5075,3379469
CC-5075,3375886.0
CC-5076,3380534
CC-5076,3380534.0
CC-5077,3381282
CC-5078,3381279
CC-5079,3376449
CC-5079,3380010
CC-5079,3376449.0
CC-5080,3380293
CC-5080,3380293.0
CC-5081,3381105
CC-5081,3381105.0
CC-5082,3379929
CC-5082,3380080
CC-5082,3381474
CC-5082,3381477
CC-5082,3381550
CC-5082,3379929.0
CC-5083,3381635
CC-5083,3381635.0
CC-5084,3380008
CC-5084,3380065
CC-5084,3380068
CC-5084,3380149
CC-5084,3380008.0
CC-5085,3365669
CC-5085,3366251
CC-5085,3370536
CC-5085,3371712
CC-5085,3371720
CC-5085,3371749
CC-5085,3374983
CC-5085,3377832
CC-5085,3379676
CC-5085,3365669.0
CC-5086,3379910
CC-5086,3380335
CC-5086,3379910.0
CC-5087,3382404
CC-5087,3382404.0
CC-5088,3383156
CC-5088,3383156.0
CC-5089,3377786
CC-5089,3381503
CC-5089,3377786.0
CC-5090,3368246
CC-5090,3372762
CC-5090,3374559
CC-5090,3378662
CC-5090,3381136
CC-5090,3381168
CC-5090,3381178
CC-5090,3368246.0
CC-5091,3380054
CC-5091,3380054.0
CC-5092,3375430
CC-5092,3380309
CC-5092,3382539
CC-5092,3375430.0
CC-5093,3380266
CC-5093,3380266.0
CC-5094,3375856
CC-5094,3375910
CC-5094,3379870
CC-5094,3379976
CC-5094,3375856.0
CC-5095,3383608
CC-5096,3382030
CC-5096,3382030.0
CC-5097,3381590
CC-5097,3381590.0
CC-5098,3381613
CC-5098,3381613.0
CC-5099,3383180
CC-5099,3383180.0
CC-5100,3381045
CC-5100,3381071
CC-5100,3381045.0
CC-5101,3382946
CC-5101,3382946.0
CC-5102,3382437
CC-5102,3382531
CC-5102,3382437.0
CC-5103,3382140
CC-5103,3382140.0
CC-5104,3380988
CC-5104,3380988.0
CC-5105,3383299
CC-5105,3383299.0
CC-5106,3383702
CC-5106,3383714
CC-5106,3383748
CC-5106,3383702.0
CC-5107,3383826
CC-5107,3383839
CC-5107,3383826.0
CC-5108,3382983
CC-5108,3382983.0
CC-5109,3373051
CC-5109,3377751
CC-5109,3383061
CC-5109,3373051.0
CC-5110,3382877
CC-5110,3382877.0
CC-5111,3383093
CC-5111,3383093.0
CC-5112,3376676
CC-5112,3377334
CC-5112,3377336
CC-5112,3381960
CC-5112,3376676.0
CC-5113,3382217
CC-5113,3382217.0
CC-5114,3384107
CC-5115,3382161
CC-5115,3382981
CC-5115,3383105
CC-5115,3383115
CC-5115,3384310
CC-5115,3384372
CC-5115,3382161.0
CC-5116,3382951
CC-5116,3383692
CC-5116,3383704
CC-5116,3383716
CC-5116,3384026
CC-5116,3384027
CC-5116,3384028
CC-5116,3384033
CC-5116,3382951.0
CC-5117,3382784
CC-5117,3382784.0
CC-5118,3383181
CC-5118,3383246
CC-5118,3383181.0
CC-5119,3382210
CC-5119,3382231
CC-5119,3382275
CC-5119,3382319
CC-5119,3382210.0
CC-5120,3380545
CC-5120,3384593
CC-5120,3384604
CC-5120,3384959
CC-5120,3384960
CC-5120,3384968
CC-5120,3380545.0
CC-5121,3377039
CC-5121,3377109
CC-5121,3377149
CC-5121,3383078
CC-5121,3383133
CC-5121,3377039.0
CC-5122,3381910
CC-5122,3382573
CC-5122,3382658
CC-5122,3382831
CC-5122,3383335
CC-5122,3383920
CC-5122,3384502
CC-5122,3381910.0
CC-5123,3382735
CC-5123,3382737
CC-5123,3382735.0
CC-5124,3375769
CC-5124,3375817
CC-5124,3376991
CC-5124,3377018
CC-5124,3377035
CC-5124,3377046
CC-5124,3377056
CC-5124,3377096
CC-5124,3382742
CC-5124,3375769.0
CC-5125,3385533
CC-5125,3385533.0
CC-5126,3384175
CC-5126,3384175.0
CC-5127,3384859
CC-5127,3384859.0
CC-5128,3364732
CC-5128,3368561
CC-5128,3373716
CC-5128,3377838
CC-5128,3379869
CC-5128,3383470
CC-5128,3364732.0
CC-5129,3386470
CC-5130,3383271
CC-5130,3383271.0
CC-5131,3386025
CC-5131,3386025.0
CC-5132,3386736
CC-5133,3386211
CC-5133,3386211.0
CC-5134,3386588
CC-5135,3379947
CC-5135,3382394
CC-5135,3384402
CC-5135,3379947.0
CC-5136,3375526
CC-5136,3379187
CC-5136,3379282
CC-5136,3383938
CC-5136,3383945
CC-5136,3375526.0
CC-5137,3386355
CC-5138,3384498
CC-5138,3384498.0
CC-5139,3383214
CC-5139,3385618
CC-5139,3385743
CC-5139,3383214.0
CC-5140,3378152
CC-5140,3379500
CC-5140,3379515
CC-5140,3379565
CC-5140,3380985
CC-5140,3380986
CC-5140,3380996
CC-5140,3381032
CC-5140,3385091
CC-5140,3385183
CC-5140,3386106
CC-5140,3386317
CC-5140,3386454
CC-5140,3378152.0
CC-5141,3383532
CC-5141,3385888
CC-5141,3383532.0
CC-5142,3386766
CC-5143,3385335
CC-5143,3385335.0
CC-5144,3384030
CC-5144,3385302
CC-5144,3385416
CC-5144,3385546
CC-5144,3385553
CC-5144,3384030.0
CC-5145,3370638
CC-5145,3370660
CC-5145,3373655
CC-5145,3373677
CC-5145,3378218
CC-5145,3378239
CC-5145,3381881
CC-5145,3385459
CC-5145,3370638.0
CC-5146,3386162
CC-5146,3386162.0
CC-5147,3385748
CC-5147,3385779
CC-5147,3385748.0
CC-5148,3386934
CC-5148,3386934.0
CC-5149,3383986
CC-5149,3383986.0
CC-5150,3384598
CC-5150,3384598.0
CC-5151,3385214
CC-5151,3385214.0
CC-5152,3386545
CC-5152,3386545.0
CC-5153,3387311
CC-5153,3387311.0
CC-5154,3387308
CC-5154,3387528
CC-5154,3387562
CC-5154,3387308.0
CC-5155,3378436
CC-5155,3378513
CC-5155,3383493
CC-5155,3385095
CC-5155,3385125
CC-5155,3385197
CC-5155,3385226
CC-5155,3378436.0
CC-5156,3386746
CC-5156,3386746.0
CC-5157,3381098
CC-5157,3386935
CC-5157,3386943
CC-5157,3381098.0
CC-5158,3385580
CC-5158,3385636
CC-5158,3387834
CC-5158,3387858
CC-5158,3387975
CC-5158,3385580.0
CC-5159,3386573
CC-5159,3386573.0
CC-5160,3386358
CC-5160,3387150
CC-5160,3386358.0
CC-5161,3387431
CC-5161,3387431.0
CC-5162,3388613
CC-5163,3388868
CC-5163,3388868.0
CC-5164,3388336
CC-5165,3387144
CC-5165,3387144.0
CC-5166,3388139
CC-5166,3388139.0
CC-5167,3388671
CC-5168,3389162
CC-5168,3389236
CC-5168,3389162.0
CC-5169,3388250
CC-5169,3388979
CC-5169,3389008
CC-5169,3388250.0
CC-5170,3387206
CC-5170,3387206.0
CC-5171,3386523
CC-5171,3386523.0
CC-5172,3389297
CC-5172,3389347
CC-5172,3389422
CC-5172,3389297.0
CC-5173,3385452
CC-5173,3385590
CC-5173,3386126
CC-5173,3387070
CC-5173,3387075
CC-5173,3387744
CC-5173,3387908
CC-5173,3387912
CC-5173,3388014
CC-5173,3389227
CC-5173,3385452.0
CC-5174,3388051
CC-5174,3388051.0
CC-5175,3389909
CC-5176,3389379
CC-5176,3389882
CC-5176,3389379.0
CC-5177,3388890
CC-5177,3388890.0
CC-5178,3387491
CC-5178,3387491.0
CC-5179,3389595
CC-5179,3389595.0
CC-5180,3387474
CC-5180,3387474.0
CC-5181,3389846
CC-5181,3389846.0
CC-5182,3386964
CC-5182,3386964.0
CC-5183,3384006
CC-5183,3387212
CC-5183,3384006.0
CC-5184,3387215
CC-5184,3387215.0
CC-5185,3381803
CC-5185,3386508
CC-5185,3389177
CC-5185,3381803.0
CC-5186,3388017
CC-5186,3388017.0
CC-5187,3330484
CC-5187,3330488
CC-5187,3333770
CC-5187,3333790
CC-5187,3333794
CC-5187,3334044
CC-5187,3334048
CC-5187,3337226
CC-5187,3338719
CC-5187,3344400
CC-5187,3344489
CC-5187,3344581
CC-5187,3344586
CC-5187,3344713
CC-5187,3347986
CC-5187,3348876
CC-5187,3352534
CC-5187,3352892
CC-5187,3352947
CC-5187,3352974
CC-5187,3359011
CC-5187,3360338
CC-5187,3366222
CC-5187,3369185
CC-5187,3369187
CC-5187,3369191
CC-5187,3373885
CC-5187,3373943
CC-5187,3374181
CC-5187,3378069
CC-5187,3383707
CC-5187,3385433
CC-5187,3385456
CC-5187,3388229
CC-5187,3389045
CC-5187,3389912
CC-5187,3389924
CC-5187,3330484.0
CC-5188,3388230
CC-5188,3388230.0
CC-5189,3389561
CC-5189,3389561.0
CC-5190,3376613
CC-5190,3378451
CC-5190,3381928
CC-5190,3386620
CC-5190,3389977
CC-5190,3376613.0
CC-5191,3388204
CC-5191,3388214
CC-5191,3388255
CC-5191,3388278
CC-5191,3388204.0
CC-5192,3374643
CC-5192,3375262
CC-5192,3375278
CC-5192,3375311
CC-5192,3375601
CC-5192,3375706
CC-5192,3378366
CC-5192,3378388
CC-5192,3381422
CC-5192,3381458
CC-5192,3381824
CC-5192,3382768
CC-5192,3382827
CC-5192,3382829
CC-5192,3387478
CC-5192,3389248
CC-5192,3374643.0
CC-5193,3390242
CC-5194,3389825
CC-5194,3389825.0
CC-5195,3389667
CC-5195,3389667.0
CC-5196,3388337
CC-5196,3388337.0
CC-5197,3388134
CC-5197,3388177
CC-5197,3388134.0
CC-5198,3389926
CC-5198,3389936
CC-5198,3389926.0
CC-5199,3390179
CC-5199,3390179.0
CC-5200,3390208
CC-5201,3390224
CC-5201,3390224.0
CC-5202,3385650
CC-5202,3386128
CC-5202,3386293
CC-5202,3386842
CC-5202,3387555
CC-5202,3388633
CC-5202,3385650.0
CC-5203,3391436
CC-5204,3387827
CC-5204,3387876
CC-5204,3387827.0
CC-5205,3389293
CC-5205,3389293.0
CC-5206,3389135
CC-5206,3389135.0
CC-5207,3388102
CC-5207,3388117
CC-5207,3388179
CC-5207,3388102.0
CC-5208,3388668
CC-5208,3388668.0
CC-5209,3385564
CC-5209,3389624
CC-5209,3385564.0
CC-5210,3389795
CC-5210,3389839
CC-5210,3389841
CC-5210,3389795.0
CC-5211,3391451
CC-5211,3391451.0
CC-5212,3389661
CC-5212,3389661.0
CC-5213,3390201
CC-5213,3390201.0
CC-5214,3388827
CC-5214,3388827.0
CC-5215,3385143
CC-5215,3388904
CC-5215,3389592
CC-5215,3385143.0
CC-5216,3390985
CC-5216,3391015
CC-5216,3390985.0
CC-5217,3389758
CC-5217,3389785
CC-5217,3391110
CC-5217,3391115
CC-5217,3391146
CC-5217,3389758.0
CC-5218,3373935
CC-5218,3373936
CC-5218,3378182
CC-5218,3383106
CC-5218,3383277
CC-5218,3387002
CC-5218,3387008
CC-5218,3389647
CC-5218,3373935.0
CC-5219,3377168
CC-5219,3379359
CC-5219,3381034
CC-5219,3381775
CC-5219,3381795
CC-5219,3381839
CC-5219,3385499
CC-5219,3388228
CC-5219,3389770
CC-5219,3377168.0
CC-5220,3389590
CC-5220,3389590.0
CC-5221,3391989
CC-5221,3391989.0
CC-5222,3367796
CC-5222,3368043
CC-5222,3368281
CC-5222,3368423
CC-5222,3372306
CC-5222,3372330
CC-5222,3372376
CC-5222,3372437
CC-5222,3372479
CC-5222,3375418
CC-5222,3375509
CC-5222,3377279
CC-5222,3377341
CC-5222,3377374
CC-5222,3378383
CC-5222,3379243
CC-5222,3380798
CC-5222,3382906
CC-5222,3382912
CC-5222,3384293
CC-5222,3384440
CC-5222,3384650
CC-5222,3387887
CC-5222,3388466
CC-5222,3391233
CC-5222,3391546
CC-5222,3367796.0
CC-5223,3376099
CC-5223,3376457
CC-5223,3376590
CC-5223,3376928
CC-5223,3377169
CC-5223,3377501
CC-5223,3377519
CC-5223,3378738
CC-5223,3378774
CC-5223,3378837
CC-5223,3379278
CC-5223,3381315
CC-5223,3384504
CC-5223,3384678
CC-5223,3386668
CC-5223,3389251
CC-5223,3376099.0
CC-5224,3392572
CC-5225,3389270
CC-5225,3389270.0
CC-5226,3383994
CC-5226,3386528
CC-5226,3389949
CC-5226,3391422
CC-5226,3383994.0
CC-5227,3392114
CC-5228,3391050
CC-5228,3391050.0
CC-5229,3391507
CC-5229,3391507.0
CC-5230,3386926
CC-5230,3387696
CC-5230,3387715
CC-5230,3388907
CC-5230,3391659
CC-5230,3386926.0
CC-5231,3392049
CC-5231,3392049.0
CC-5232,3392521
CC-5233,3382168
CC-5233,3387132
CC-5233,3387137
CC-5233,3387210
CC-5233,3387216
CC-5233,3387317
CC-5233,3387330
CC-5233,3388087
CC-5233,3388095
CC-5233,3389133
CC-5233,3391051
CC-5233,3391147
CC-5233,3391385
CC-5233,3382168.0
CC-5234,3392482
CC-5235,3390671
CC-5235,3390671.0
CC-5236,3392779
CC-5237,3392211
CC-5237,3392211.0
CC-5238,3389979
CC-5238,3389979.0
CC-5239,3391078
CC-5239,3391098
CC-5239,3391400
CC-5239,3391078.0
CC-5240,3391485
CC-5240,3391485.0
CC-5241,3390167
CC-5241,3390169
CC-5241,3391122
CC-5241,3391163
CC-5241,3390167.0
CC-5242,3390717
CC-5242,3390763
CC-5242,3390796
CC-5242,3390717.0
CC-5243,3393290
CC-5243,3393290.0
CC-5244,3391315
CC-5244,3391325
CC-5244,3391315.0
CC-5245,3392286
CC-5245,3392286.0
CC-5246,3390581
CC-5246,3390581.0
CC-5247,3388569
CC-5247,3390519
CC-5247,3388569.0
CC-5248,3373836
CC-5248,3375437
CC-5248,3379890
CC-5248,3382529
CC-5248,3386895
CC-5248,3386920
CC-5248,3391640
CC-5248,3391662
CC-5248,3391663
CC-5248,3392912
CC-5248,3373836.0
CC-5249,3393487
CC-5250,3384605
CC-5250,3390498
CC-5250,3384605.0
CC-5251,3392592
CC-5251,3392592.0
CC-5252,3393373
CC-5253,3390976
CC-5253,3391012
CC-5253,3390976.0
CC-5254,3394354
CC-5255,3394360
CC-5255,3394360.0
CC-5256,3393767
CC-5256,3393767.0
CC-5257,3392024
CC-5257,3392024.0
CC-5258,3391854
CC-5258,3391854.0
CC-5259,3395404
CC-5260,3394710
CC-5260,3394710.0
CC-5261,3392632
CC-5261,3392632.0
CC-5262,3395410
CC-5263,3392603
CC-5263,3392603.0
CC-5264,3392576
CC-5264,3392576.0
CC-5265,3392968
CC-5265,3392968.0
CC-5266,3391587
CC-5266,3392413
CC-5266,3394420
CC-5266,3395204
CC-5266,3391587.0
CC-5267,3392884
CC-5267,3392897
CC-5267,3392884.0
CC-5268,3395123
CC-5268,3395123.0
CC-5269,3377417
CC-5269,3381995
CC-5269,3386302
CC-5269,3387079
CC-5269,3387977
CC-5269,3390866
CC-5269,3391513
CC-5269,3393250
CC-5269,3394289
CC-5269,3377417.0
CC-5270,3395771
CC-5270,3395771.0
CC-5271,3394941
CC-5271,3394941.0
CC-5272,3392022
CC-5272,3392949
CC-5272,3392022.0
CC-5273,3396001
CC-5273,3396005
CC-5273,3396001.0
CC-5274,3395917
CC-5274,3395917.0
CC-5275,3392800
CC-5275,3392894
CC-5275,3392902
CC-5275,3392903
CC-5275,3392904
CC-5275,3394931
CC-5275,3392800.0
CC-5276,3395863
CC-5276,3395863.0
CC-5277,3389947
CC-5277,3393813
CC-5277,3389947.0
CC-5278,3395953
CC-5278,3395953.0
CC-5279,3387469
CC-5279,3393417
CC-5279,3387469.0
CC-5280,3387581
CC-5280,3391621
CC-5280,3393308
CC-5280,3387581.0
CC-5281,3396408
CC-5281,3396408.0
CC-5282,3389969
CC-5282,3394432
CC-5282,3389969.0
CC-5283,3395802
CC-5283,3395802.0
CC-5284,3396848
CC-5284,3396848.0
CC-5285,3384246
CC-5285,3384298
CC-5285,3389606
CC-5285,3391801
CC-5285,3396033
CC-5285,3396035
CC-5285,3396041
CC-5285,3384246.0
CC-5286,3394552
CC-5286,3394552.0
CC-5287,3393362
CC-5287,3393362.0
CC-5288,3394064
CC-5288,3394064.0
CC-5289,3397458
CC-5290,3396744
CC-5291,3375275
CC-5291,3378238
CC-5291,3378559
CC-5291,3384130
CC-5291,3386385
CC-5291,3386681
CC-5291,3386683
CC-5291,3388414
CC-5291,3388645
CC-5291,3389061
CC-5291,3389556
CC-5291,3389602
CC-5291,3389627
CC-5291,3390137
CC-5291,3393054
CC-5291,3393782
CC-5291,3393977
CC-5291,3394286
CC-5291,3397522
CC-5291,3397532
CC-5291,3397563
CC-5291,3375275.0
CC-5292,3396625
CC-5293,3391386
CC-5293,3394686
CC-5293,3391386.0
CC-5294,3395833
CC-5294,3395833.0
CC-5295,3394393
CC-5295,3394483
CC-5295,3394520
CC-5295,3394393.0
CC-5296,3397650
CC-5297,3396503
CC-5297,3396789
CC-5297,3397048
CC-5297,3396503.0
CC-5298,3397485
CC-5298,3397485.0
CC-5299,3397957
CC-5300,3397512
CC-5300,3397585
CC-5300,3397512.0
CC-5301,3389547
CC-5301,3390963
CC-5301,3391128
CC-5301,3391151
CC-5301,3395548
CC-5301,3389547.0
CC-5302,3398728
CC-5302,3398820
CC-5302,3398728.0
CC-5303,3397415
CC-5303,3397415.0
CC-5304,3392932
CC-5304,3398984
CC-5304,3392932.0
CC-5305,3397725
CC-5305,3397725.0
CC-5306,3397935
CC-5306,3397935.0
CC-5307,3398975
CC-5307,3398975.0
CC-5308,3398703
CC-5309,3397841
CC-5309,3397841.0
CC-5310,3392784
CC-5310,3392875
CC-5310,3395986
CC-5310,3392784.0
CC-5311,3392403
CC-5311,3392489
CC-5311,3392970
CC-5311,3394096
CC-5311,3398513
CC-5311,3398520
CC-5311,3398556
CC-5311,3398568
CC-5311,3398927
CC-5311,3398942
CC-5311,3398948
CC-5311,3392403.0
CC-5312,3397904
CC-5312,3397904.0
CC-5313,3392948
CC-5313,3395514
CC-5313,3395607
CC-5313,3395616
CC-5313,3396159
CC-5313,3396215
CC-5313,3392948.0
CC-5314,3398882
CC-5314,3398882.0
CC-5315,3397410
CC-5315,3397467
CC-5315,3397410.0
CC-5316,3396398
CC-5316,3396398.0
CC-5317,3397016
CC-5317,3397064
CC-5317,3397016.0
CC-5318,3397342
CC-5318,3397345
CC-5318,3397368
CC-5318,3397342.0
CC-5319,3396356
CC-5319,3396356.0
CC-5320,3395212
CC-5320,3397449
CC-5320,3395212.0
CC-5321,3394508
CC-5321,3397561
CC-5321,3394508.0
CC-5322,3397995
CC-5322,3397995.0
CC-5323,3397547
CC-5323,3398607
CC-5323,3397547.0
CC-5324,3399428
CC-5325,3398131
CC-5325,3398131.0
CC-5326,3399786
CC-5326,3399786.0
CC-5327,3397232
CC-5327,3397232.0
CC-5328,3387843
CC-5328,3391439
CC-5328,3397086
CC-5328,3400286
CC-5328,3387843.0
CC-5329,3399909
CC-5329,3399909.0
CC-5330,3398138
CC-5330,3398159
CC-5330,3398138.0
CC-5331,3401751
CC-5332,3398255
CC-5332,3398255.0
CC-5333,3395712
CC-5333,3399795
CC-5333,3395712.0
CC-5334,3400594
CC-5334,3400594.0
CC-5335,3390267
CC-5335,3393375
CC-5335,3397870
CC-5335,3397881
CC-5335,3397899
CC-5335,3398215
CC-5335,3399160
CC-5335,3399178
CC-5335,3399459
CC-5335,3399598
CC-5335,3399890
CC-5335,3390267.0
CC-5336,3398657
CC-5336,3398657.0
CC-5337,3398928
CC-5337,3398928.0
CC-5338,3400324
CC-5338,3400324.0
CC-5339,3326400
CC-5339,3328689
CC-5339,3332454
CC-5339,3334861
CC-5339,3336459
CC-5339,3340242
CC-5339,3345788
CC-5339,3345797
CC-5339,3346165
CC-5339,3346168
CC-5339,3346314
CC-5339,3347596
CC-5339,3347828
CC-5339,3347840
CC-5339,3348635
CC-5339,3350020
CC-5339,3350048
CC-5339,3350057
CC-5339,3350366
CC-5339,3350589
CC-5339,3350607
CC-5339,3351730
CC-5339,3353960
CC-5339,3353962
CC-5339,3359153
CC-5339,3359284
CC-5339,3359361
CC-5339,3360347
CC-5339,3362659
CC-5339,3365009
CC-5339,3369080
CC-5339,3369216
CC-5339,3369222
CC-5339,3370031
CC-5339,3370942
CC-5339,3371940
CC-5339,3373701
CC-5339,3373877
CC-5339,3374472
CC-5339,3374518
CC-5339,3374903
CC-5339,3375005
CC-5339,3376091
CC-5339,3376143
CC-5339,3376176
CC-5339,3376196
CC-5339,3377707
CC-5339,3378013
CC-5339,3379130
CC-5339,3379460
CC-5339,3379577
CC-5339,3379940
CC-5339,3380400
CC-5339,3383868
CC-5339,3383875
CC-5339,3383881
CC-5339,3384645
CC-5339,3386830
CC-5339,3386894
CC-5339,3390951
CC-5339,3392428
CC-5339,3392454
CC-5339,3392519
CC-5339,3392648
CC-5339,3392918
CC-5339,3396659
CC-5339,3396885
CC-5339,3399059
CC-5339,3326400.0
CC-5340,3399358
CC-5340,3401842
CC-5340,3399358.0
CC-5341,3392621
CC-5341,3396229
CC-5341,3397046
CC-5341,3397123
CC-5341,3397132
CC-5341,3401618
CC-5341,3392621.0
CC-5342,3401267
CC-5342,3401267.0
CC-5343,3394689
CC-5343,3394716
CC-5343,3394728
CC-5343,3394804
CC-5343,3394810
CC-5343,3395535
CC-5343,3400105
CC-5343,3394689.0
CC-5344,3400141
CC-5344,3400141.0
CC-5345,3398758
CC-5345,3398786
CC-5345,3401957
CC-5345,3401958
CC-5345,3398758.0
CC-5346,3397387
CC-5346,3400526
CC-5346,3397387.0
CC-5347,3394450
CC-5347,3396016
CC-5347,3400387
CC-5347,3394450.0
CC-5348,3395924
CC-5348,3395990
CC-5348,3396042
CC-5348,3397695
CC-5348,3398365
CC-5348,3398373
CC-5348,3399062
CC-5348,3400448
CC-5348,3395924.0
CC-5349,3400485
CC-5349,3400485.0
CC-5350,3402076
CC-5350,3402076.0
CC-5351,3390416
CC-5351,3391457
CC-5351,3394636
CC-5351,3394889
CC-5351,3395998
CC-5351,3396338
CC-5351,3396562
CC-5351,3396635
CC-5351,3396728
CC-5351,3396752
CC-5351,3399848
CC-5351,3400012
CC-5351,3390416.0
CC-5352,3402165
CC-5352,3402200
CC-5352,3402211
CC-5352,3402165.0
CC-5353,3397862
CC-5353,3402483
CC-5353,3397862.0
CC-5354,3392692
CC-5354,3393033
CC-5354,3393034
CC-5354,3397036
CC-5354,3398229
CC-5354,3399095
CC-5354,3399105
CC-5354,3401295
CC-5354,3401306
CC-5354,3401328
CC-5354,3392692.0
CC-5355,3401982
CC-5355,3401982.0
CC-5356,3402472
CC-5356,3402472.0
CC-5357,3400524
CC-5357,3400524.0
CC-5358,3400456
CC-5358,3400531
CC-5358,3400549
CC-5358,3400456.0
CC-5359,3398238
CC-5359,3398307
CC-5359,3399755
CC-5359,3400996
CC-5359,3398238.0
CC-5360,3402006
CC-5360,3402018
CC-5360,3402023
CC-5360,3402006.0
CC-5361,3388753
CC-5361,3390203
CC-5361,3393476
CC-5361,3396508
CC-5361,3399241
CC-5361,3399270
CC-5361,3388753.0
CC-5362,3403068
CC-5362,3403068.0
CC-5363,3377549
CC-5363,3379782
CC-5363,3382535
CC-5363,3383982
CC-5363,3384056
CC-5363,3384178
CC-5363,3384725
CC-5363,3384747
CC-5363,3384837
CC-5363,3384838
CC-5363,3387090
CC-5363,3390929
CC-5363,3394099
CC-5363,3395289
CC-5363,3397916
CC-5363,3398739
CC-5363,3399895
CC-5363,3399903
CC-5363,3377549.0
CC-5364,3402767
CC-5364,3402767.0
CC-5365,3402541
CC-5365,3402541.0
CC-5366,3401179
CC-5366,3401980
CC-5366,3401179.0
CC-5367,3400626
CC-5367,3400626.0
CC-5368,3404149
CC-5369,3402042
CC-5369,3402050
CC-5369,3402055
CC-5369,3402675
CC-5369,3402042.0
CC-5370,3367034
CC-5370,3367102
CC-5370,3368651
CC-5370,3371253
CC-5370,3372203
CC-5370,3376281
CC-5370,3377192
CC-5370,3377231
CC-5370,3377262
CC-5370,3377391
CC-5370,3378497
CC-5370,3382468
CC-5370,3385170
CC-5370,3385881
CC-5370,3390880
CC-5370,3394414
CC-5370,3394423
CC-5370,3396009
CC-5370,3397321
CC-5370,3399051
CC-5370,3400341
CC-5370,3400509
CC-5370,3400532
CC-5370,3367034.0
CC-5371,3403375
CC-5372,3396190
CC-5372,3401913
CC-5372,3396190.0
CC-5373,3388993
CC-5373,3389055
CC-5373,3389067
CC-5373,3389698
CC-5373,3389711
CC-5373,3393376
CC-5373,3393387
CC-5373,3393421
CC-5373,3397208
CC-5373,3397249
CC-5373,3402113
CC-5373,3402125
CC-5373,3388993.0
CC-5374,3402857
CC-5374,3402857.0
CC-5375,3402934
CC-5375,3402934.0
CC-5376,3404078
CC-5377,3403293
CC-5377,3403293.0
CC-5378,3402041
CC-5378,3402041.0
CC-5379,3403897
CC-5379,3403897.0
CC-5380,3403088
CC-5380,3403088.0
CC-5381,3402310
CC-5381,3402310.0
CC-5382,3404074
CC-5382,3404369
CC-5382,3404436
CC-5382,3404442
CC-5382,3404074.0
CC-5383,3405175
CC-5383,3405175.0
CC-5384,3394764
CC-5384,3398258
CC-5384,3398320
CC-5384,3403090
CC-5384,3403129
CC-5384,3403941
CC-5384,3394764.0
CC-5385,3397598
CC-5385,3400133
CC-5385,3400380
CC-5385,3400440
CC-5385,3401630
CC-5385,3403156
CC-5385,3397598.0
CC-5386,3403912
CC-5386,3404328
CC-5386,3404345
CC-5386,3403912.0
CC-5387,3400729
CC-5387,3403186
CC-5387,3405363
CC-5387,3400729.0
CC-5388,3392691
CC-5388,3394665
CC-5388,3395390
CC-5388,3395418
CC-5388,3395468
CC-5388,3395908
CC-5388,3395927
CC-5388,3397406
CC-5388,3397795
CC-5388,3397828
CC-5388,3397832
CC-5388,3398837
CC-5388,3398847
CC-5388,3400723
CC-5388,3401101
CC-5388,3401108
CC-5388,3401567
CC-5388,3401961
CC-5388,3405151
CC-5388,3405158
CC-5388,3392691.0
CC-5389,3404481
CC-5389,3404481.0
CC-5390,3403425
CC-5390,3403425.0
CC-5391,3394181
CC-5391,3395889
CC-5391,3395960
CC-5391,3399296
CC-5391,3401846
CC-5391,3401904
CC-5391,3401918
CC-5391,3402600
CC-5391,3394181.0
CC-5392,3404579
CC-5392,3404579.0
CC-5393,3404781
CC-5393,3404781.0
CC-5394,3404106
CC-5394,3404106.0
CC-5395,3405740
CC-5395,3405740.0
CC-5396,3405057
CC-5396,3405078
CC-5396,3405091
CC-5396,3405057.0
CC-5397,3405757
CC-5397,3405757.0
CC-5398,3405182
CC-5398,3405182.0
CC-5399,3405152
CC-5399,3405152.0
CC-5400,3400502
CC-5400,3402904
CC-5400,3400502.0
CC-5401,3405877
CC-5402,3405951
CC-5402,3405951.0
CC-5403,3404093
CC-5403,3404093.0
CC-5404,3405144
CC-5404,3405171
CC-5404,3405144.0
CC-5405,3400366
CC-5405,3401463
CC-5405,3404339
CC-5405,3400366.0
CC-5406,3402838
CC-5406,3402838.0
CC-5407,3403069
CC-5407,3403069.0
CC-5408,3404017
CC-5408,3404017.0
CC-5409,3404511
CC-5409,3404511.0
CC-5410,3397255
CC-5410,3399110
CC-5410,3405036
CC-5410,3405067
CC-5410,3397255.0
CC-5411,3406545
CC-5412,3406347
CC-5412,3406347.0
CC-5413,3406458
CC-5414,3406468
CC-5414,3406755
CC-5414,3406468.0
CC-5415,3404850
CC-5415,3404850.0
CC-5416,3406585
CC-5416,3406585.0
CC-5417,3400191
CC-5417,3403229
CC-5417,3404975
CC-5417,3400191.0
CC-5418,3399060
CC-5418,3399064
CC-5418,3400853
CC-5418,3404498
CC-5418,3399060.0
CC-5419,3403819
CC-5419,3403830
CC-5419,3403872
CC-5419,3404053
CC-5419,3404068
CC-5419,3403819.0
CC-5420,3405168
CC-5420,3405168.0
CC-5421,3406847
CC-5421,3407726
CC-5421,3407752
CC-5421,3406847.0
CC-5422,3405043
CC-5422,3405043.0
CC-5423,3403328
CC-5423,3403786
CC-5423,3407629
CC-5423,3407630
CC-5423,3403328.0
CC-5424,3407733
CC-5424,3407733.0
CC-5425,3406720
CC-5425,3406720.0
CC-5426,3402948
CC-5426,3406902
CC-5426,3402948.0
CC-5427,3405732
CC-5427,3405732.0
CC-5428,3408140
CC-5428,3408140.0
CC-5429,3407048
CC-5429,3407048.0
CC-5430,3404617
CC-5430,3405391
CC-5430,3406203
CC-5430,3406329
CC-5430,3406353
CC-5430,3404617.0
CC-5431,3379369
CC-5431,3380264
CC-5431,3381900
CC-5431,3382629
CC-5431,3384470
CC-5431,3387461
CC-5431,3389913
CC-5431,3390047
CC-5431,3390055
CC-5431,3395161
CC-5431,3398416
CC-5431,3400633
CC-5431,3402511
CC-5431,3406928
CC-5431,3379369.0
CC-5432,3405058
CC-5432,3405148
CC-5432,3405058.0
CC-5433,3407659
CC-5433,3407659.0
CC-5434,3383621
CC-5434,3383628
CC-5434,3386970
CC-5434,3389185
CC-5434,3391191
CC-5434,3391512
CC-5434,3392969
CC-5434,3395887
CC-5434,3400746
CC-5434,3400837
CC-5434,3401945
CC-5434,3403962
CC-5434,3405165
CC-5434,3406797
CC-5434,3407754
CC-5434,3383621.0
CC-5435,3407805
CC-5435,3407805.0
CC-5436,3407179
CC-5436,3407179.0
CC-5437,3405984
CC-5437,3405984.0
CC-5438,3406121
CC-5438,3406121.0
CC-5439,3405283
CC-5439,3405288
CC-5439,3405312
CC-5439,3405283.0
CC-5440,3406712
CC-5440,3406712.0
CC-5441,3376144
CC-5441,3377280
CC-5441,3377384
CC-5441,3378212
CC-5441,3384000
CC-5441,3384316
CC-5441,3385775
CC-5441,3386981
CC-5441,3386983
CC-5441,3388208
CC-5441,3389127
CC-5441,3389161
CC-5441,3389261
CC-5441,3395191
CC-5441,3399218
CC-5441,3404260
CC-5441,3406464
CC-5441,3406477
CC-5441,3407535
CC-5441,3376144.0
CC-5442,3399527
CC-5442,3399652
CC-5442,3405824
CC-5442,3399527.0
CC-5443,3405505
CC-5443,3406781
CC-5443,3405505.0
CC-5444,3408489
CC-5444,3408489.0
CC-5445,3405860
CC-5445,3405866
CC-5445,3405902
CC-5445,3405915
CC-5445,3405860.0
CC-5446,3405417
CC-5446,3405417.0
CC-5447,3400510
CC-5447,3405132
CC-5447,3409080
CC-5447,3409148
CC-5447,3400510.0
CC-5448,3408771
CC-5449,3407507
CC-5449,3407507.0
CC-5450,3406294
CC-5450,3406294.0
CC-5451,3407172
CC-5451,3407172.0
CC-5452,3407727
CC-5452,3407727.0
CC-5453,3403576
CC-5453,3406995
CC-5453,3407005
CC-5453,3403576.0
CC-5454,3408814
CC-5454,3408814.0
CC-5455,3407065
CC-5455,3407130
CC-5455,3407065.0
CC-5456,3408026
CC-5456,3408026.0
CC-5457,3406327
CC-5457,3406327.0
CC-5458,3408869
CC-5459,3408925
CC-5460,3409892
CC-5460,3409892.0
CC-5461,3394408
CC-5461,3397385
CC-5461,3401677
CC-5461,3401900
CC-5461,3405130
CC-5461,3405150
CC-5461,3406685
CC-5461,3406804
CC-5461,3409587
CC-5461,3394408.0
CC-5462,3410923
CC-5463,3411112
CC-5464,3407353
CC-5464,3407741
CC-5464,3407353.0
CC-5465,3409762
CC-5465,3409762.0
CC-5466,3404275
CC-5466,3410482
CC-5466,3404275.0
CC-5467,3409551
CC-5467,3409551.0
CC-5468,3410925
CC-5469,3408990
CC-5469,3409130
CC-5469,3409139
CC-5469,3408990.0
CC-5470,3408040
CC-5470,3408040.0
CC-5471,3410277
CC-5471,3410277.0
CC-5472,3409919
CC-5472,3409919.0
CC-5473,3410068
CC-5473,3410068.0
CC-5474,3409607
CC-5474,3409851
CC-5474,3409607.0
CC-5475,3402715
CC-5475,3402967
CC-5475,3409282
CC-5475,3409363
CC-5475,3402715.0
CC-5476,3406730
CC-5476,3408099
CC-5476,3406730.0
CC-5477,3407082
CC-5477,3407331
CC-5477,3407377
CC-5477,3409895
CC-5477,3407082.0
CC-5478,3407785
CC-5478,3408365
CC-5478,3407785.0
CC-5479,3410360
CC-5479,3410360.0
CC-5480,3410097
CC-5480,3410803
CC-5480,3410097.0
CC-5481,3408157
CC-5481,3408176
CC-5481,3410470
CC-5481,3408157.0
CC-5482,3410890
CC-5482,3410890.0
CC-5483,3408362
CC-5483,3408362.0
CC-5484,3411318
CC-5484,3411320
CC-5484,3411318.0
CC-5485,3411626
CC-5485,3411630
CC-5485,3411626.0
CC-5486,3411585
CC-5486,3411585.0
CC-5487,3409528
CC-5487,3409528.0
CC-5488,3410081
CC-5488,3410081.0
CC-5489,3411591
CC-5489,3412024
CC-5489,3412069
CC-5489,3411591.0
CC-5490,3394359
CC-5490,3395741
CC-5490,3396678
CC-5490,3398648
CC-5490,3400844
CC-5490,3401320
CC-5490,3401356
CC-5490,3401359
CC-5490,3401379
CC-5490,3402201
CC-5490,3402208
CC-5490,3402508
CC-5490,3402596
CC-5490,3402688
CC-5490,3404253
CC-5490,3404289
CC-5490,3404461
CC-5490,3404568
CC-5490,3404661
CC-5490,3404680
CC-5490,3404688
CC-5490,3405416
CC-5490,3405438
CC-5490,3405884
CC-5490,3407336
CC-5490,3407539
CC-5490,3407635
CC-5490,3407714
CC-5490,3407778
CC-5490,3410057
CC-5490,3410071
CC-5490,3410219
CC-5490,3394359.0
CC-5491,3411521
CC-5491,3411521.0
CC-5492,3412670
CC-5493,3411378
CC-5493,3411378.0
CC-5494,3409877
CC-5494,3409877.0
CC-5495,3410067
CC-5495,3410133
CC-5495,3410067.0
CC-5496,3412822
CC-5496,3412822.0
CC-5497,3410555
CC-5497,3410555.0
CC-5498,3412963
CC-5498,3412963.0
CC-5499,3413551
CC-5499,3413551.0
CC-5500,3410926
CC-5500,3410926.0
CC-5501,3410584
CC-5501,3410584.0
CC-5502,3409983
CC-5502,3411608
CC-5502,3409983.0
CC-5503,3411228
CC-5503,3411228.0
CC-5504,3414105
CC-5505,3394208
CC-5505,3394485
CC-5505,3394521
CC-5505,3397975
CC-5505,3399376
CC-5505,3399444
CC-5505,3399537
CC-5505,3402171
CC-5505,3404378
CC-5505,3405314
CC-5505,3411650
CC-5505,3394208.0
CC-5506,3411664
CC-5506,3411664.0
CC-5507,3411764
CC-5507,3411764.0
CC-5508,3411534
CC-5508,3411534.0
CC-5509,3414032
CC-5509,3414032.0
CC-5510,3413916
CC-5510,3413916.0
CC-5511,3413430
CC-5511,3413564
CC-5511,3413967
CC-5511,3413430.0
CC-5512,3414362
CC-5512,3414370
CC-5512,3414362.0
CC-5513,3414732
CC-5513,3414742
CC-5513,3414732.0
CC-5514,3414776
CC-5514,3414776.0
CC-5515,3409190
CC-5515,3409223
CC-5515,3409293
CC-5515,3413035
CC-5515,3409190.0
CC-5516,3411567
CC-5516,3411569
CC-5516,3411574
CC-5516,3411567.0
CC-5517,3412250
CC-5517,3412259
CC-5517,3412261
CC-5517,3412275
CC-5517,3412300
CC-5517,3412324
CC-5517,3412348
CC-5517,3412250.0
CC-5518,3411627
CC-5518,3411635
CC-5518,3411627.0
CC-5519,3414892
CC-5519,3414892.0
CC-5520,3414721
CC-5520,3414721.0
CC-5521,3392668
CC-5521,3395273
CC-5521,3397540
CC-5521,3402399
CC-5521,3408153
CC-5521,3408273
CC-5521,3410985
CC-5521,3411056
CC-5521,3413312
CC-5521,3392668.0
CC-5522,3413114
CC-5522,3413114.0
CC-5523,3412333
CC-5523,3412333.0
CC-5524,3413976
CC-5524,3413976.0
CC-5525,3414909
CC-5526,3413581
CC-5526,3413581.0
CC-5527,3412372
CC-5527,3412372.0
CC-5528,3412004
CC-5528,3412771
CC-5528,3412004.0
CC-5529,3410743
CC-5529,3410792
CC-5529,3414889
CC-5529,3410743.0
CC-5530,3408928
CC-5530,3414751
CC-5530,3414752
CC-5530,3408928.0
CC-5531,3412041
CC-5531,3412041.0
CC-5532,3412736
CC-5532,3412736.0
CC-5533,3412373
CC-5533,3412373.0
CC-5534,3412384
CC-5534,3412384.0
CC-5535,3414823
CC-5535,3414823.0
CC-5536,3397985
CC-5536,3403669
CC-5536,3407991
CC-5536,3411560
CC-5536,3413773
CC-5536,3397985.0
CC-5537,3415770
CC-5538,3416070
CC-5538,3416070.0
CC-5539,3388467
CC-5539,3388517
CC-5539,3388743
CC-5539,3389976
CC-5539,3391374
CC-5539,3392865
CC-5539,3396809
CC-5539,3396820
CC-5539,3396823
CC-5539,3401967
CC-5539,3401974
CC-5539,3408018
CC-5539,3408042
CC-5539,3411018
CC-5539,3411121
CC-5539,3411258
CC-5539,3411283
CC-5539,3411297
CC-5539,3411782
CC-5539,3414553
CC-5539,3388467.0
CC-5540,3413603
CC-5540,3413603.0
CC-5541,3392841
CC-5541,3398709
CC-5541,3400973
CC-5541,3400979
CC-5541,3402800
CC-5541,3404356
CC-5541,3407334
CC-5541,3408008
CC-5541,3410322
CC-5541,3411541
CC-5541,3416160
CC-5541,3392841.0
CC-5542,3414896
CC-5542,3414896.0
CC-5543,3415805
CC-5543,3416093
CC-5543,3415805.0
CC-5544,3416906
CC-5544,3416906.0
CC-5545,3411581
CC-5545,3411592
CC-5545,3413591
CC-5545,3411581.0
CC-5546,3414839
CC-5546,3414839.0
CC-5547,3411222
CC-5547,3413685
CC-5547,3413703
CC-5547,3414502
CC-5547,3411222.0
CC-5548,3417198
CC-5548,3417198.0
CC-5549,3415741
CC-5549,3415741.0
CC-5550,3416099
CC-5550,3416103
CC-5550,3416099.0
CC-5551,3416144
CC-5551,3416144.0
CC-5552,3412751
CC-5552,3415790
CC-5552,3412751.0
CC-5553,3412031
CC-5553,3414879
CC-5553,3412031.0
CC-5554,3414593
CC-5554,3414593.0
CC-5555,3416162
CC-5555,3416162.0
CC-5556,3417031
CC-5556,3417038
CC-5556,3417031.0
CC-5557,3415120
CC-5557,3415966
CC-5557,3415120.0
CC-5558,3417221
CC-5558,3417221.0
CC-5559,3416400
CC-5559,3417333
CC-5559,3416400.0
CC-5560,3416658
CC-5560,3416717
CC-5560,3416791
CC-5560,3416658.0
CC-5561,3417030
CC-5561,3417030.0
CC-5562,3411738
CC-5562,3411937
CC-5562,3413242
CC-5562,3414875
CC-5562,3416154
CC-5562,3416193
CC-5562,3416217
CC-5562,3411738.0
CC-5563,3402698
CC-5563,3403200
CC-5563,3404218
CC-5563,3404222
CC-5563,3404276
CC-5563,3406794
CC-5563,3409305
CC-5563,3411802
CC-5563,3412197
CC-5563,3412975
CC-5563,3413034
CC-5563,3415041
CC-5563,3417029
CC-5563,3402698.0
CC-5564,3417271
CC-5564,3417271.0
CC-5565,3417172
CC-5565,3417172.0
