card_id,customer_id
C00001-K1,C00001
C00002-K1,C00002
C00003-K1,C00003
C00004-K1,C00004
C00005-K1,C00005
C00006-K1,C00006
C00007-K1,C00007
C00008-K1,C00008
C00008-K2,C00008
C00009-K1,C00009
C00010-K1,C00010
C00011-K1,C00011
C00012-K1,C00012
C00013-K1,C00013
C00014-K1,C00014
C00015-K1,C00015
C00015-K2,C00015
C00016-K1,C00016
C00017-K1,C00017
C00018-K1,C00018
C00019-K1,C00019
C00020-K1,C00020
C00021-K1,C00021
C00022-K1,C00022
C00023-K1,C00023
C00024-K1,C00024
C00025-K1,C00025
C00026-K1,C00026
C00027-K1,C00027
C00028-K1,C00028
C00029-K1,C00029
C00030-K1,C00030
C00031-K1,C00031
C00031-K2,C00031
C00032-K1,C00032
C00033-K1,C00033
C00034-K1,C00034
C00035-K1,C00035
C00036-K1,C00036
C00037-K1,C00037
C00038-K1,C00038
C00039-K1,C00039
C00040-K1,C00040
C00041-K1,C00041
C00042-K1,C00042
C00043-K1,C00043
C00044-K1,C00044
C00045-K1,C00045
C00046-K1,C00046
C00047-K1,C00047
C00048-K1,C00048
C00049-K1,C00049
C00050-K1,C00050
C00051-K1,C00051
C00052-K1,C00052
C00053-K1,C00053
C00054-K1,C00054
C00055-K1,C00055
C00056-K1,C00056
C00057-K1,C00057
C00057-K2,C00057
C00058-K1,C00058
C00059-K1,C00059
C00059-K2,C00059
C00060-K1,C00060
C00061-K1,C00061
C00062-K1,C00062
C00063-K1,C00063
C00064-K1,C00064
C00065-K1,C00065
C00066-K1,C00066
C00067-K1,C00067
C00068-K1,C00068
C00069-K1,C00069
C00069-K2,C00069
C00070-K1,C00070
C00071-K1,C00071
C00072-K1,C00072
C00072-K2,C00072
C00073-K1,C00073
C00073-K2,C00073
C00074-K1,C00074
C00075-K1,C00075
C00076-K1,C00076
C00077-K1,C00077
C00078-K1,C00078
C00078-K2,C00078
C00079-K1,C00079
C00080-K1,C00080
C00081-K1,C00081
C00081-K2,C00081
C00082-K1,C00082
C00083-K1,C00083
C00084-K1,C00084
C00085-K1,C00085
C00086-K1,C00086
C00087-K1,C00087
C00088-K1,C00088
C00089-K1,C00089
C00090-K1,C00090
C00091-K1,C00091
C00092-K1,C00092
C00093-K1,C00093
C00094-K1,C00094
C00094-K2,C00094
C00094-K3,C00094
C00094-K4,C00094
C00095-K1,C00095
C00096-K1,C00096
C00097-K1,C00097
C00098-K1,C00098
C00099-K1,C00099
C00100-K1,C00100
C00101-K1,C00101
C00102-K1,C00102
C00103-K1,C00103
C00104-K1,C00104
C00105-K1,C00105
C00106-K1,C00106
C00107-K1,C00107
C00107-K2,C00107
C00108-K1,C00108
C00109-K1,C00109
C00110-K1,C00110
C00111-K1,C00111
C00112-K1,C00112
C00113-K1,C00113
C00114-K1,C00114
C00115-K1,C00115
C00116-K1,C00116
C00117-K1,C00117
C00118-K1,C00118
C00119-K1,C00119
C00120-K1,C00120
C00121-K1,C00121
C00122-K1,C00122
C00123-K1,C00123
C00124-K1,C00124
C00125-K1,C00125
C00126-K1,C00126
C00127-K1,C00127
C00128-K1,C00128
C00129-K1,C00129
C00129-K2,C00129
C00130-K1,C00130
C00131-K1,C00131
C00132-K1,C00132
C00133-K1,C00133
C00134-K1,C00134
C00135-K1,C00135
C00136-K1,C00136
C00137-K1,C00137
C00138-K1,C00138
C00139-K1,C00139
C00140-K1,C00140
C00141-K1,C00141
C00142-K1,C00142
C00143-K1,C00143
C00143-K2,C00143
C00144-K1,C00144
C00145-K1,C00145
C00146-K1,C00146
C00147-K1,C00147
C00148-K1,C00148
C00149-K1,C00149
C00150-K1,C00150
C00151-K1,C00151
C00152-K1,C00152
C00153-K1,C00153
C00154-K1,C00154
C00155-K1,C00155
C00156-K1,C00156
C00156-K2,C00156
C00157-K1,C00157
C00158-K1,C00158
C00159-K1,C00159
C00160-K1,C00160
C00161-K1,C00161
C00162-K1,C00162
C00163-K1,C00163
C00164-K1,C00164
C00164-K2,C00164
C00165-K1,C00165
C00166-K1,C00166
C00167-K1,C00167
C00168-K1,C00168
C00168-K2,C00168
C00169-K1,C00169
C00170-K1,C00170
C00171-K1,C00171
C00172-K1,C00172
C00173-K1,C00173
C00174-K1,C00174
C00175-K1,C00175
C00176-K1,C00176
C00177-K1,C00177
C00178-K1,C00178
C00179-K1,C00179
C00180-K1,C00180
C00181-K1,C00181
C00182-K1,C00182
C00183-K1,C00183
C00184-K1,C00184
C00185-K1,C00185
C00186-K1,C00186
C00187-K1,C00187
C00188-K1,C00188
C00189-K1,C00189
C00189-K2,C00189
C00190-K1,C00190
C00191-K1,C00191
C00192-K1,C00192
C00193-K1,C00193
C00194-K1,C00194
C00195-K1,C00195
C00196-K1,C00196
C00197-K1,C00197
C00198-K1,C00198
C00199-K1,C00199
C00200-K1,C00200
C00201-K1,C00201
C00202-K1,C00202
C00203-K1,C00203
C00204-K1,C00204
C00205-K1,C00205
C00206-K1,C00206
C00207-K1,C00207
C00208-K1,C00208
C00209-K1,C00209
C00210-K1,C00210
C00211-K1,C00211
C00212-K1,C00212
C00213-K1,C00213
C00214-K1,C00214
C00214-K2,C00214
C00215-K1,C00215
C00216-K1,C00216
C00217-K1,C00217
C00218-K1,C00218
C00219-K1,C00219
C00220-K1,C00220
C00221-K1,C00221
C00222-K1,C00222
C00223-K1,C00223
C00224-K1,C00224
C00225-K1,C00225
C00226-K1,C00226
C00227-K1,C00227
C00228-K1,C00228
C00229-K1,C00229
C00230-K1,C00230
C00231-K1,C00231
C00232-K1,C00232
C00232-K2,C00232
C00233-K1,C00233
C00234-K1,C00234
C00235-K1,C00235
C00235-K2,C00235
C00236-K1,C00236
C00237-K1,C00237
C00238-K1,C00238
C00239-K1,C00239
C00240-K1,C00240
C00241-K1,C00241
C00242-K1,C00242
C00243-K1,C00243
C00244-K1,C00244
C00245-K1,C00245
C00246-K1,C00246
C00247-K1,C00247
C00248-K1,C00248
C00249-K1,C00249
C00250-K1,C00250
C00251-K1,C00251
C00252-K1,C00252
C00253-K1,C00253
C00254-K1,C00254
C00255-K1,C00255
C00256-K1,C00256
C00257-K1,C00257
C00258-K1,C00258
C00259-K1,C00259
C00260-K1,C00260
C00261-K1,C00261
C00262-K1,C00262
C00263-K1,C00263
C00264-K1,C00264
C00265-K1,C00265
C00266-K1,C00266
C00267-K1,C00267
C00268-K1,C00268
C00269-K1,C00269
C00270-K1,C00270
C00271-K1,C00271
C00272-K1,C00272
C00273-K1,C00273
C00274-K1,C00274
C00275-K1,C00275
C00276-K1,C00276
C00277-K1,C00277
C00278-K1,C00278
C00279-K1,C00279
C00280-K1,C00280
C00280-K2,C00280
C00281-K1,C00281
C00282-K1,C00282
C00283-K1,C00283
C00284-K1,C00284
C00285-K1,C00285
C00286-K1,C00286
C00287-K1,C00287
C00288-K1,C00288
C00289-K1,C00289
C00290-K1,C00290
C00291-K1,C00291
C00292-K1,C00292
C00293-K1,C00293
C00294-K1,C00294
C00294-K2,C00294
C00295-K1,C00295
C00296-K1,C00296
C00297-K1,C00297
C00298-K1,C00298
C00299-K1,C00299
C00300-K1,C00300
C00301-K1,C00301
C00301-K2,C00301
C00302-K1,C00302
C00303-K1,C00303
C00304-K1,C00304
C00305-K1,C00305
C00306-K1,C00306
C00307-K1,C00307
C00308-K1,C00308
C00309-K1,C00309
C00310-K1,C00310
C00311-K1,C00311
C00312-K1,C00312
C00313-K1,C00313
C00314-K1,C00314
C00315-K1,C00315
C00315-K2,C00315
C00316-K1,C00316
C00317-K1,C00317
C00318-K1,C00318
C00319-K1,C00319
C00320-K1,C00320
C00321-K1,C00321
C00322-K1,C00322
C00323-K1,C00323
C00324-K1,C00324
C00325-K1,C00325
C00326-K1,C00326
C00327-K1,C00327
C00328-K1,C00328
C00329-K1,C00329
C00329-K2,C00329
C00330-K1,C00330
C00331-K1,C00331
C00332-K1,C00332
C00332-K2,C00332
C00333-K1,C00333
C00334-K1,C00334
C00335-K1,C00335
C00336-K1,C00336
C00337-K1,C00337
C00338-K1,C00338
C00339-K1,C00339
C00340-K1,C00340
C00341-K1,C00341
C00342-K1,C00342
C00343-K1,C00343
C00344-K1,C00344
C00345-K1,C00345
C00346-K1,C00346
C00347-K1,C00347
C00348-K1,C00348
C00349-K1,C00349
C00350-K1,C00350
C00351-K1,C00351
C00352-K1,C00352
C00353-K1,C00353
C00354-K1,C00354
C00355-K1,C00355
C00356-K1,C00356
C00357-K1,C00357
C00358-K1,C00358
C00359-K1,C00359
C00360-K1,C00360
C00361-K1,C00361
C00362-K1,C00362
C00363-K1,C00363
C00364-K1,C00364
C00365-K1,C00365
C00366-K1,C00366
C00367-K1,C00367
C00368-K1,C00368
C00369-K1,C00369
C00370-K1,C00370
C00370-K2,C00370
C00371-K1,C00371
C00372-K1,C00372
C00373-K1,C00373
C00374-K1,C00374
C00375-K1,C00375
C00376-K1,C00376
C00377-K1,C00377
C00378-K1,C00378
C00379-K1,C00379
C00380-K1,C00380
C00381-K1,C00381
C00382-K1,C00382
C00383-K1,C00383
C00384-K1,C00384
C00385-K1,C00385
C00386-K1,C00386
C00387-K1,C00387
C00388-K1,C00388
C00389-K1,C00389
C00390-K1,C00390
C00391-K1,C00391
C00392-K1,C00392
C00393-K1,C00393
C00394-K1,C00394
C00395-K1,C00395
C00396-K1,C00396
C00397-K1,C00397
C00398-K1,C00398
C00399-K1,C00399
C00400-K1,C00400
C00401-K1,C00401
C00402-K1,C00402
C00403-K1,C00403
C00404-K1,C00404
C00405-K1,C00405
C00406-K1,C00406
C00407-K1,C00407
C00408-K1,C00408
C00409-K1,C00409
C00410-K1,C00410
C00411-K1,C00411
C00412-K1,C00412
C00413-K1,C00413
C00414-K1,C00414
C00415-K1,C00415
C00416-K1,C00416
C00417-K1,C00417
C00418-K1,C00418
C00419-K1,C00419
C00419-K2,C00419
C00420-K1,C00420
C00421-K1,C00421
C00422-K1,C00422
C00423-K1,C00423
C00424-K1,C00424
C00425-K1,C00425
C00426-K1,C00426
C00426-K2,C00426
C00427-K1,C00427
C00428-K1,C00428
C00429-K1,C00429
C00430-K1,C00430
C00431-K1,C00431
C00432-K1,C00432
C00433-K1,C00433
C00434-K1,C00434
C00435-K1,C00435
C00436-K1,C00436
C00437-K1,C00437
C00438-K1,C00438
C00439-K1,C00439
C00440-K1,C00440
C00441-K1,C00441
C00442-K1,C00442
C00443-K1,C00443
C00444-K1,C00444
C00445-K1,C00445
C00446-K1,C00446
C00447-K1,C00447
C00448-K1,C00448
C00449-K1,C00449
C00450-K1,C00450
C00451-K1,C00451
C00452-K1,C00452
C00452-K2,C00452
C00453-K1,C00453
C00454-K1,C00454
C00455-K1,C00455
C00456-K1,C00456
C00457-K1,C00457
C00458-K1,C00458
C00459-K1,C00459
C00460-K1,C00460
C00461-K1,C00461
C00462-K1,C00462
C00463-K1,C00463
C00464-K1,C00464
C00465-K1,C00465
C00466-K1,C00466
C00467-K1,C00467
C00468-K1,C00468
C00469-K1,C00469
C00470-K1,C00470
C00471-K1,C00471
C00472-K1,C00472
C00473-K1,C00473
C00474-K1,C00474
C00475-K1,C00475
C00476-K1,C00476
C00477-K1,C00477
C00478-K1,C00478
C00479-K1,C00479
C00480-K1,C00480
C00481-K1,C00481
C00482-K1,C00482
C00483-K1,C00483
C00484-K1,C00484
C00485-K1,C00485
C00486-K1,C00486
C00487-K1,C00487
C00488-K1,C00488
C00489-K1,C00489
C00490-K1,C00490
C00491-K1,C00491
C00492-K1,C00492
C00493-K1,C00493
C00494-K1,C00494
C00495-K1,C00495
C00495-K2,C00495
C00496-K1,C00496
C00497-K1,C00497
C00498-K1,C00498
C00499-K1,C00499
C00500-K1,C00500
C00501-K1,C00501
C00502-K1,C00502
C00503-K1,C00503
C00504-K1,C00504
C00505-K1,C00505
C00506-K1,C00506
C00507-K1,C00507
C00508-K1,C00508
C00509-K1,C00509
C00510-K1,C00510
C00511-K1,C00511
C00512-K1,C00512
C00513-K1,C00513
C00514-K1,C00514
C00515-K1,C00515
C00516-K1,C00516
C00517-K1,C00517
C00518-K1,C00518
C00519-K1,C00519
C00520-K1,C00520
C00520-K2,C00520
C00521-K1,C00521
C00522-K1,C00522
C00523-K1,C00523
C00524-K1,C00524
C00525-K1,C00525
C00526-K1,C00526
C00527-K1,C00527
C00528-K1,C00528
C00529-K1,C00529
C00530-K1,C00530
C00531-K1,C00531
C00532-K1,C00532
C00533-K1,C00533
C00534-K1,C00534
C00534-K2,C00534
C00535-K1,C00535
C00536-K1,C00536
C00537-K1,C00537
C00538-K1,C00538
C00539-K1,C00539
C00540-K1,C00540
C00540-K2,C00540
C00541-K1,C00541
C00542-K1,C00542
C00543-K1,C00543
C00544-K1,C00544
C00545-K1,C00545
C00546-K1,C00546
C00547-K1,C00547
C00548-K1,C00548
C00549-K1,C00549
C00550-K1,C00550
C00551-K1,C00551
C00552-K1,C00552
C00553-K1,C00553
C00554-K1,C00554
C00555-K1,C00555
C00556-K1,C00556
C00557-K1,C00557
C00558-K1,C00558
C00559-K1,C00559
C00560-K1,C00560
C00561-K1,C00561
C00562-K1,C00562
C00563-K1,C00563
C00564-K1,C00564
C00565-K1,C00565
C00565-K2,C00565
C00566-K1,C00566
C00567-K1,C00567
C00568-K1,C00568
C00569-K1,C00569
C00570-K1,C00570
C00571-K1,C00571
C00572-K1,C00572
C00573-K1,C00573
C00574-K1,C00574
C00575-K1,C00575
C00576-K1,C00576
C00577-K1,C00577
C00578-K1,C00578
C00579-K1,C00579
C00580-K1,C00580
C00581-K1,C00581
C00582-K1,C00582
C00583-K1,C00583
C00584-K1,C00584
C00585-K1,C00585
C00586-K1,C00586
C00587-K1,C00587
C00588-K1,C00588
C00589-K1,C00589
C00590-K1,C00590
C00591-K1,C00591
C00592-K1,C00592
C00593-K1,C00593
C00594-K1,C00594
C00595-K1,C00595
C00596-K1,C00596
C00597-K1,C00597
C00598-K1,C00598
C00599-K1,C00599
C00599-K2,C00599
C00600-K1,C00600
C00601-K1,C00601
C00602-K1,C00602
C00603-K1,C00603
C00604-K1,C00604
C00605-K1,C00605
C00606-K1,C00606
C00607-K1,C00607
C00608-K1,C00608
C00609-K1,C00609
C00610-K1,C00610
C00611-K1,C00611
C00612-K1,C00612
C00613-K1,C00613
C00614-K1,C00614
C00614-K2,C00614
C00615-K1,C00615
C00616-K1,C00616
C00617-K1,C00617
C00618-K1,C00618
C00619-K1,C00619
C00620-K1,C00620
C00621-K1,C00621
C00621-K2,C00621
C00622-K1,C00622
C00623-K1,C00623
C00624-K1,C00624
C00625-K1,C00625
C00626-K1,C00626
C00627-K1,C00627
C00628-K1,C00628
C00629-K1,C00629
C00630-K1,C00630
C00631-K1,C00631
C00632-K1,C00632
C00633-K1,C00633
C00634-K1,C00634
C00635-K1,C00635
C00636-K1,C00636
C00637-K1,C00637
C00638-K1,C00638
C00639-K1,C00639
C00640-K1,C00640
C00641-K1,C00641
C00641-K2,C00641
C00642-K1,C00642
C00642-K2,C00642
C00643-K1,C00643
C00644-K1,C00644
C00645-K1,C00645
C00646-K1,C00646
C00647-K1,C00647
C00648-K1,C00648
C00649-K1,C00649
C00650-K1,C00650
C00651-K1,C00651
C00652-K1,C00652
C00653-K1,C00653
C00654-K1,C00654
C00655-K1,C00655
C00656-K1,C00656
C00657-K1,C00657
C00658-K1,C00658
C00659-K1,C00659
C00660-K1,C00660
C00661-K1,C00661
C00662-K1,C00662
C00663-K1,C00663
C00664-K1,C00664
C00665-K1,C00665
C00666-K1,C00666
C00667-K1,C00667
C00668-K1,C00668
C00669-K1,C00669
C00670-K1,C00670
C00671-K1,C00671
C00672-K1,C00672
C00673-K1,C00673
C00674-K1,C00674
C00675-K1,C00675
C00676-K1,C00676
C00677-K1,C00677
C00678-K1,C00678
C00679-K1,C00679
C00680-K1,C00680
C00681-K1,C00681
C00682-K1,C00682
C00683-K1,C00683
C00684-K1,C00684
C00685-K1,C00685
C00686-K1,C00686
C00687-K1,C00687
C00688-K1,C00688
C00689-K1,C00689
C00690-K1,C00690
C00691-K1,C00691
C00692-K1,C00692
C00693-K1,C00693
C00694-K1,C00694
C00695-K1,C00695
C00696-K1,C00696
C00697-K1,C00697
C00697-K2,C00697
C00698-K1,C00698
C00699-K1,C00699
C00700-K1,C00700
C00701-K1,C00701
C00702-K1,C00702
C00703-K1,C00703
C00704-K1,C00704
C00705-K1,C00705
C00706-K1,C00706
C00707-K1,C00707
C00708-K1,C00708
C00709-K1,C00709
C00710-K1,C00710
C00711-K1,C00711
C00712-K1,C00712
C00713-K1,C00713
C00714-K1,C00714
C00715-K1,C00715
C00716-K1,C00716
C00717-K1,C00717
C00718-K1,C00718
C00719-K1,C00719
C00720-K1,C00720
C00721-K1,C00721
C00722-K1,C00722
C00723-K1,C00723
C00723-K2,C00723
C00724-K1,C00724
C00725-K1,C00725
C00726-K1,C00726
C00727-K1,C00727
C00728-K1,C00728
C00728-K2,C00728
C00729-K1,C00729
C00730-K1,C00730
C00730-K2,C00730
C00731-K1,C00731
C00732-K1,C00732
C00733-K1,C00733
C00734-K1,C00734
C00735-K1,C00735
C00736-K1,C00736
C00737-K1,C00737
C00738-K1,C00738
C00739-K1,C00739
C00740-K1,C00740
C00741-K1,C00741
C00742-K1,C00742
C00743-K1,C00743
C00744-K1,C00744
C00745-K1,C00745
C00746-K1,C00746
C00747-K1,C00747
C00748-K1,C00748
C00749-K1,C00749
C00750-K1,C00750
C00750-K2,C00750
C00751-K1,C00751
C00752-K1,C00752
C00753-K1,C00753
C00754-K1,C00754
C00754-K2,C00754
C00755-K1,C00755
C00756-K1,C00756
C00757-K1,C00757
C00758-K1,C00758
C00759-K1,C00759
C00760-K1,C00760
C00761-K1,C00761
C00762-K1,C00762
C00763-K1,C00763
C00764-K1,C00764
C00765-K1,C00765
C00766-K1,C00766
C00767-K1,C00767
C00768-K1,C00768
C00768-K2,C00768
C00769-K1,C00769
C00770-K1,C00770
C00771-K1,C00771
C00772-K1,C00772
C00773-K1,C00773
C00773-K2,C00773
C00774-K1,C00774
C00775-K1,C00775
C00776-K1,C00776
C00777-K1,C00777
C00778-K1,C00778
C00779-K1,C00779
C00780-K1,C00780
C00781-K1,C00781
C00782-K1,C00782
C00783-K1,C00783
C00784-K1,C00784
C00785-K1,C00785
C00786-K1,C00786
C00787-K1,C00787
C00788-K1,C00788
C00789-K1,C00789
C00790-K1,C00790
C00791-K1,C00791
C00792-K1,C00792
C00793-K1,C00793
C00794-K1,C00794
C00795-K1,C00795
C00796-K1,C00796
C00797-K1,C00797
C00798-K1,C00798
C00799-K1,C00799
C00800-K1,C00800
C00801-K1,C00801
C00802-K1,C00802
C00803-K1,C00803
C00803-K2,C00803
C00804-K1,C00804
C00805-K1,C00805
C00806-K1,C00806
C00807-K1,C00807
C00808-K1,C00808
C00809-K1,C00809
C00810-K1,C00810
C00811-K1,C00811
C00812-K1,C00812
C00813-K1,C00813
C00814-K1,C00814
C00814-K2,C00814
C00815-K1,C00815
C00816-K1,C00816
C00817-K1,C00817
C00818-K1,C00818
C00819-K1,C00819
C00820-K1,C00820
C00821-K1,C00821
C00822-K1,C00822
C00823-K1,C00823
C00824-K1,C00824
C00825-K1,C00825
C00826-K1,C00826
C00827-K1,C00827
C00828-K1,C00828
C00829-K1,C00829
C00830-K1,C00830
C00831-K1,C00831
C00832-K1,C00832
C00833-K1,C00833
C00834-K1,C00834
C00834-K2,C00834
C00835-K1,C00835
C00836-K1,C00836
C00837-K1,C00837
C00838-K1,C00838
C00839-K1,C00839
C00840-K1,C00840
C00841-K1,C00841
C00842-K1,C00842
C00842-K2,C00842
C00843-K1,C00843
C00844-K1,C00844
C00845-K1,C00845
C00846-K1,C00846
C00847-K1,C00847
C00848-K1,C00848
C00849-K1,C00849
C00850-K1,C00850
C00851-K1,C00851
C00852-K1,C00852
C00853-K1,C00853
C00854-K1,C00854
C00854-K2,C00854
C00855-K1,C00855
C00856-K1,C00856
C00857-K1,C00857
C00858-K1,C00858
C00859-K1,C00859
C00860-K1,C00860
C00861-K1,C00861
C00862-K1,C00862
C00863-K1,C00863
C00864-K1,C00864
C00865-K1,C00865
C00866-K1,C00866
C00867-K1,C00867
C00868-K1,C00868
C00869-K1,C00869
C00870-K1,C00870
C00871-K1,C00871
C00872-K1,C00872
C00873-K1,C00873
C00874-K1,C00874
C00875-K1,C00875
C00875-K2,C00875
C00876-K1,C00876
C00877-K1,C00877
C00878-K1,C00878
C00879-K1,C00879
C00879-K2,C00879
C00880-K1,C00880
C00881-K1,C00881
C00882-K1,C00882
C00883-K1,C00883
C00884-K1,C00884
C00885-K1,C00885
C00886-K1,C00886
C00887-K1,C00887
C00888-K1,C00888
C00889-K1,C00889
C00889-K2,C00889
C00890-K1,C00890
C00891-K1,C00891
C00892-K1,C00892
C00893-K1,C00893
C00894-K1,C00894
C00895-K1,C00895
C00896-K1,C00896
C00897-K1,C00897
C00898-K1,C00898
C00899-K1,C00899
C00900-K1,C00900
C00901-K1,C00901
C00902-K1,C00902
C00903-K1,C00903
C00904-K1,C00904
C00905-K1,C00905
C00906-K1,C00906
C00907-K1,C00907
C00908-K1,C00908
C00909-K1,C00909
C00910-K1,C00910
C00911-K1,C00911
C00912-K1,C00912
C00913-K1,C00913
C00914-K1,C00914
C00915-K1,C00915
C00915-K2,C00915
C00916-K1,C00916
C00917-K1,C00917
C00918-K1,C00918
C00919-K1,C00919
C00920-K1,C00920
C00921-K1,C00921
C00922-K1,C00922
C00923-K1,C00923
C00924-K1,C00924
C00925-K1,C00925
C00926-K1,C00926
C00927-K1,C00927
C00928-K1,C00928
C00928-K2,C00928
C00929-K1,C00929
C00930-K1,C00930
C00931-K1,C00931
C00932-K1,C00932
C00933-K1,C00933
C00934-K1,C00934
C00935-K1,C00935
C00936-K1,C00936
C00937-K1,C00937
C00938-K1,C00938
C00939-K1,C00939
C00940-K1,C00940
C00941-K1,C00941
C00942-K1,C00942
C00942-K2,C00942
C00943-K1,C00943
C00944-K1,C00944
C00945-K1,C00945
C00946-K1,C00946
C00947-K1,C00947
C00948-K1,C00948
C00949-K1,C00949
C00950-K1,C00950
C00951-K1,C00951
C00952-K1,C00952
C00953-K1,C00953
C00954-K1,C00954
C00955-K1,C00955
C00956-K1,C00956
C00957-K1,C00957
C00958-K1,C00958
C00959-K1,C00959
C00960-K1,C00960
C00961-K1,C00961
C00962-K1,C00962
C00962-K2,C00962
C00963-K1,C00963
C00964-K1,C00964
C00965-K1,C00965
C00966-K1,C00966
C00967-K1,C00967
C00968-K1,C00968
C00969-K1,C00969
C00969-K2,C00969
C00970-K1,C00970
C00971-K1,C00971
C00972-K1,C00972
C00973-K1,C00973
C00974-K1,C00974
C00975-K1,C00975
C00976-K1,C00976
C00977-K1,C00977
C00978-K1,C00978
C00979-K1,C00979
C00980-K1,C00980
C00981-K1,C00981
C00982-K1,C00982
C00983-K1,C00983
C00984-K1,C00984
C00985-K1,C00985
C00986-K1,C00986
C00987-K1,C00987
C00988-K1,C00988
C00989-K1,C00989
C00990-K1,C00990
C00991-K1,C00991
C00992-K1,C00992
C00993-K1,C00993
C00994-K1,C00994
C00995-K1,C00995
C00996-K1,C00996
C00997-K1,C00997
C00998-K1,C00998
C00999-K1,C00999
C01000-K1,C01000
C01001-K1,C01001
C01002-K1,C01002
C01003-K1,C01003
C01004-K1,C01004
C01005-K1,C01005
C01006-K1,C01006
C01007-K1,C01007
C01008-K1,C01008
C01008-K2,C01008
C01009-K1,C01009
C01010-K1,C01010
C01011-K1,C01011
C01012-K1,C01012
C01013-K1,C01013
C01014-K1,C01014
C01015-K1,C01015
C01016-K1,C01016
C01017-K1,C01017
C01018-K1,C01018
C01019-K1,C01019
C01020-K1,C01020
C01021-K1,C01021
C01022-K1,C01022
C01023-K1,C01023
C01024-K1,C01024
C01025-K1,C01025
C01025-K2,C01025
C01026-K1,C01026
C01027-K1,C01027
C01028-K1,C01028
C01029-K1,C01029
C01030-K1,C01030
C01031-K1,C01031
C01032-K1,C01032
C01033-K1,C01033
C01034-K1,C01034
C01035-K1,C01035
C01036-K1,C01036
C01037-K1,C01037
C01038-K1,C01038
C01039-K1,C01039
C01040-K1,C01040
C01040-K2,C01040
C01041-K1,C01041
C01042-K1,C01042
C01043-K1,C01043
C01044-K1,C01044
C01045-K1,C01045
C01046-K1,C01046
C01047-K1,C01047
C01048-K1,C01048
C01048-K2,C01048
C01049-K1,C01049
C01050-K1,C01050
C01051-K1,C01051
C01052-K1,C01052
C01053-K1,C01053
C01054-K1,C01054
C01055-K1,C01055
C01056-K1,C01056
C01057-K1,C01057
C01057-K2,C01057
C01058-K1,C01058
C01059-K1,C01059
C01060-K1,C01060
C01061-K1,C01061
C01062-K1,C01062
C01063-K1,C01063
C01063-K2,C01063
C01064-K1,C01064
C01065-K1,C01065
C01066-K1,C01066
C01067-K1,C01067
C01068-K1,C01068
C01069-K1,C01069
C01070-K1,C01070
C01071-K1,C01071
C01072-K1,C01072
C01072-K2,C01072
C01073-K1,C01073
C01074-K1,C01074
C01075-K1,C01075
C01076-K1,C01076
C01077-K1,C01077
C01078-K1,C01078
C01079-K1,C01079
C01080-K1,C01080
C01081-K1,C01081
C01082-K1,C01082
C01083-K1,C01083
C01084-K1,C01084
C01085-K1,C01085
C01086-K1,C01086
C01087-K1,C01087
C01088-K1,C01088
C01089-K1,C01089
C01090-K1,C01090
C01091-K1,C01091
C01092-K1,C01092
C01093-K1,C01093
C01094-K1,C01094
C01095-K1,C01095
C01096-K1,C01096
C01097-K1,C01097
C01098-K1,C01098
C01099-K1,C01099
C01100-K1,C01100
C01101-K1,C01101
C01102-K1,C01102
C01103-K1,C01103
C01104-K1,C01104
C01104-K2,C01104
C01105-K1,C01105
C01106-K1,C01106
C01107-K1,C01107
C01108-K1,C01108
C01109-K1,C01109
C01109-K2,C01109
C01110-K1,C01110
C01111-K1,C01111
C01112-K1,C01112
C01113-K1,C01113
C01114-K1,C01114
C01115-K1,C01115
C01116-K1,C01116
C01116-K2,C01116
C01117-K1,C01117
C01118-K1,C01118
C01119-K1,C01119
C01119-K2,C01119
C01120-K1,C01120
C01121-K1,C01121
C01122-K1,C01122
C01123-K1,C01123
C01124-K1,C01124
C01125-K1,C01125
C01126-K1,C01126
C01127-K1,C01127
C01128-K1,C01128
C01128-K2,C01128
C01129-K1,C01129
C01130-K1,C01130
C01131-K1,C01131
C01132-K1,C01132
C01133-K1,C01133
C01134-K1,C01134
C01134-K2,C01134
C01135-K1,C01135
C01136-K1,C01136
C01137-K1,C01137
C01138-K1,C01138
C01138-K2,C01138
C01139-K1,C01139
C01140-K1,C01140
C01141-K1,C01141
C01142-K1,C01142
C01143-K1,C01143
C01144-K1,C01144
C01145-K1,C01145
C01146-K1,C01146
C01147-K1,C01147
C01148-K1,C01148
C01149-K1,C01149
C01150-K1,C01150
C01151-K1,C01151
C01152-K1,C01152
C01153-K1,C01153
C01154-K1,C01154
C01155-K1,C01155
C01155-K2,C01155
C01156-K1,C01156
C01157-K1,C01157
C01157-K2,C01157
C01158-K1,C01158
C01159-K1,C01159
C01160-K1,C01160
C01161-K1,C01161
C01162-K1,C01162
C01163-K1,C01163
C01163-K2,C01163
C01164-K1,C01164
C01165-K1,C01165
C01166-K1,C01166
C01167-K1,C01167
C01168-K1,C01168
C01169-K1,C01169
C01170-K1,C01170
C01171-K1,C01171
C01172-K1,C01172
C01173-K1,C01173
C01174-K1,C01174
C01175-K1,C01175
C01176-K1,C01176
C01177-K1,C01177
C01178-K1,C01178
C01179-K1,C01179
C01180-K1,C01180
C01181-K1,C01181
C01182-K1,C01182
C01183-K1,C01183
C01184-K1,C01184
C01185-K1,C01185
C01186-K1,C01186
C01187-K1,C01187
C01188-K1,C01188
C01189-K1,C01189
C01190-K1,C01190
C01191-K1,C01191
C01192-K1,C01192
C01193-K1,C01193
C01194-K1,C01194
C01195-K1,C01195
C01196-K1,C01196
C01197-K1,C01197
C01198-K1,C01198
C01199-K1,C01199
C01200-K1,C01200
C01201-K1,C01201
C01202-K1,C01202
C01203-K1,C01203
C01204-K1,C01204
C01205-K1,C01205
C01206-K1,C01206
C01207-K1,C01207
C01208-K1,C01208
C01209-K1,C01209
C01210-K1,C01210
C01211-K1,C01211
C01212-K1,C01212
C01213-K1,C01213
C01214-K1,C01214
C01215-K1,C01215
C01216-K1,C01216
C01217-K1,C01217
C01218-K1,C01218
C01219-K1,C01219
C01220-K1,C01220
C01221-K1,C01221
C01222-K1,C01222
C01223-K1,C01223
C01224-K1,C01224
C01225-K1,C01225
C01226-K1,C01226
C01227-K1,C01227
C01228-K1,C01228
C01229-K1,C01229
C01230-K1,C01230
C01231-K1,C01231
C01232-K1,C01232
C01233-K1,C01233
C01234-K1,C01234
C01235-K1,C01235
C01236-K1,C01236
C01237-K1,C01237
C01238-K1,C01238
C01239-K1,C01239
C01240-K1,C01240
C01241-K1,C01241
C01242-K1,C01242
C01243-K1,C01243
C01244-K1,C01244
C01245-K1,C01245
C01246-K1,C01246
C01247-K1,C01247
C01248-K1,C01248
C01249-K1,C01249
C01250-K1,C01250
C01251-K1,C01251
C01252-K1,C01252
C01253-K1,C01253
C01254-K1,C01254
C01255-K1,C01255
C01256-K1,C01256
C01257-K1,C01257
C01258-K1,C01258
C01259-K1,C01259
C01260-K1,C01260
C01261-K1,C01261
C01262-K1,C01262
C01263-K1,C01263
C01264-K1,C01264
C01265-K1,C01265
C01266-K1,C01266
C01267-K1,C01267
C01268-K1,C01268
C01269-K1,C01269
C01270-K1,C01270
C01271-K1,C01271
C01271-K2,C01271
C01272-K1,C01272
C01273-K1,C01273
C01274-K1,C01274
C01275-K1,C01275
C01276-K1,C01276
C01277-K1,C01277
C01278-K1,C01278
C01279-K1,C01279
C01280-K1,C01280
C01281-K1,C01281
C01282-K1,C01282
C01283-K1,C01283
C01284-K1,C01284
C01285-K1,C01285
C01286-K1,C01286
C01287-K1,C01287
C01288-K1,C01288
C01289-K1,C01289
C01289-K2,C01289
C01290-K1,C01290
C01291-K1,C01291
C01292-K1,C01292
C01293-K1,C01293
C01294-K1,C01294
C01295-K1,C01295
C01296-K1,C01296
C01297-K1,C01297
C01298-K1,C01298
C01299-K1,C01299
C01300-K1,C01300
C01300-K2,C01300
C01301-K1,C01301
C01302-K1,C01302
C01303-K1,C01303
C01304-K1,C01304
C01305-K1,C01305
C01306-K1,C01306
C01307-K1,C01307
C01308-K1,C01308
C01309-K1,C01309
C01310-K1,C01310
C01311-K1,C01311
C01312-K1,C01312
C01313-K1,C01313
C01314-K1,C01314
C01315-K1,C01315
C01315-K2,C01315
C01316-K1,C01316
C01317-K1,C01317
C01318-K1,C01318
C01319-K1,C01319
C01320-K1,C01320
C01320-K2,C01320
C01321-K1,C01321
C01322-K1,C01322
C01323-K1,C01323
C01324-K1,C01324
C01325-K1,C01325
C01326-K1,C01326
C01326-K2,C01326
C01327-K1,C01327
C01328-K1,C01328
C01329-K1,C01329
C01330-K1,C01330
C01331-K1,C01331
C01332-K1,C01332
C01333-K1,C01333
C01333-K2,C01333
C01334-K1,C01334
C01335-K1,C01335
C01336-K1,C01336
C01337-K1,C01337
C01337-K2,C01337
C01338-K1,C01338
C01339-K1,C01339
C01340-K1,C01340
C01341-K1,C01341
C01342-K1,C01342
C01342-K2,C01342
C01343-K1,C01343
C01344-K1,C01344
C01345-K1,C01345
C01346-K1,C01346
C01347-K1,C01347
C01347-K2,C01347
C01348-K1,C01348
C01349-K1,C01349
C01349-K2,C01349
C01350-K1,C01350
C01351-K1,C01351
C01352-K1,C01352
C01353-K1,C01353
C01354-K1,C01354
C01355-K1,C01355
C01356-K1,C01356
C01357-K1,C01357
C01358-K1,C01358
C01359-K1,C01359
C01360-K1,C01360
C01361-K1,C01361
C01362-K1,C01362
C01363-K1,C01363
C01364-K1,C01364
C01365-K1,C01365
C01365-K2,C01365
C01366-K1,C01366
C01367-K1,C01367
C01368-K1,C01368
C01369-K1,C01369
C01370-K1,C01370
C01371-K1,C01371
C01372-K1,C01372
C01372-K2,C01372
C01373-K1,C01373
C01374-K1,C01374
C01374-K2,C01374
C01375-K1,C01375
C01376-K1,C01376
C01377-K1,C01377
C01378-K1,C01378
C01379-K1,C01379
C01380-K1,C01380
C01381-K1,C01381
C01382-K1,C01382
C01383-K1,C01383
C01384-K1,C01384
C01385-K1,C01385
C01386-K1,C01386
C01387-K1,C01387
C01388-K1,C01388
C01389-K1,C01389
C01390-K1,C01390
C01391-K1,C01391
C01392-K1,C01392
C01393-K1,C01393
C01394-K1,C01394
C01395-K1,C01395
C01396-K1,C01396
C01397-K1,C01397
C01398-K1,C01398
C01399-K1,C01399
C01400-K1,C01400
C01401-K1,C01401
C01402-K1,C01402
C01403-K1,C01403
C01404-K1,C01404
C01405-K1,C01405
C01406-K1,C01406
C01407-K1,C01407
C01408-K1,C01408
C01409-K1,C01409
C01410-K1,C01410
C01411-K1,C01411
C01412-K1,C01412
C01413-K1,C01413
C01414-K1,C01414
C01415-K1,C01415
C01416-K1,C01416
C01417-K1,C01417
C01418-K1,C01418
C01419-K1,C01419
C01420-K1,C01420
C01421-K1,C01421
C01422-K1,C01422
C01423-K1,C01423
C01424-K1,C01424
C01425-K1,C01425
C01426-K1,C01426
C01427-K1,C01427
C01428-K1,C01428
C01429-K1,C01429
C01429-K2,C01429
C01430-K1,C01430
C01430-K2,C01430
C01431-K1,C01431
C01432-K1,C01432
C01433-K1,C01433
C01434-K1,C01434
C01435-K1,C01435
C01436-K1,C01436
C01437-K1,C01437
C01438-K1,C01438
C01439-K1,C01439
C01440-K1,C01440
C01441-K1,C01441
C01442-K1,C01442
C01443-K1,C01443
C01444-K1,C01444
C01445-K1,C01445
C01446-K1,C01446
C01447-K1,C01447
C01448-K1,C01448
C01449-K1,C01449
C01450-K1,C01450
C01451-K1,C01451
C01452-K1,C01452
C01453-K1,C01453
C01454-K1,C01454
C01455-K1,C01455
C01456-K1,C01456
C01457-K1,C01457
C01458-K1,C01458
C01459-K1,C01459
C01460-K1,C01460
C01461-K1,C01461
C01462-K1,C01462
C01463-K1,C01463
C01464-K1,C01464
C01465-K1,C01465
C01466-K1,C01466
C01467-K1,C01467
C01468-K1,C01468
C01469-K1,C01469
C01470-K1,C01470
C01471-K1,C01471
C01472-K1,C01472
C01473-K1,C01473
C01474-K1,C01474
C01475-K1,C01475
C01476-K1,C01476
C01477-K1,C01477
C01478-K1,C01478
C01479-K1,C01479
C01480-K1,C01480
C01481-K1,C01481
C01482-K1,C01482
C01483-K1,C01483
C01484-K1,C01484
C01485-K1,C01485
C01486-K1,C01486
C01487-K1,C01487
C01488-K1,C01488
C01488-K2,C01488
C01488-K3,C01488
C01489-K1,C01489
C01490-K1,C01490
C01491-K1,C01491
C01492-K1,C01492
C01493-K1,C01493
C01494-K1,C01494
C01495-K1,C01495
C01496-K1,C01496
C01497-K1,C01497
C01498-K1,C01498
C01499-K1,C01499
C01500-K1,C01500
C01501-K1,C01501
C01502-K1,C01502
C01503-K1,C01503
C01504-K1,C01504
C01505-K1,C01505
C01506-K1,C01506
C01507-K1,C01507
C01508-K1,C01508
C01509-K1,C01509
C01510-K1,C01510
C01511-K1,C01511
C01512-K1,C01512
C01513-K1,C01513
C01514-K1,C01514
C01515-K1,C01515
C01516-K1,C01516
C01517-K1,C01517
C01518-K1,C01518
C01519-K1,C01519
C01520-K1,C01520
C01521-K1,C01521
C01521-K2,C01521
C01521-K3,C01521
C01522-K1,C01522
C01522-K2,C01522
C01523-K1,C01523
C01524-K1,C01524
C01525-K1,C01525
C01525-K2,C01525
C01526-K1,C01526
C01527-K1,C01527
C01528-K1,C01528
C01529-K1,C01529
C01530-K1,C01530
C01531-K1,C01531
C01532-K1,C01532
C01533-K1,C01533
C01534-K1,C01534
C01535-K1,C01535
C01536-K1,C01536
C01537-K1,C01537
C01538-K1,C01538
C01539-K1,C01539
C01540-K1,C01540
C01541-K1,C01541
C01542-K1,C01542
C01543-K1,C01543
C01544-K1,C01544
C01545-K1,C01545
C01546-K1,C01546
C01547-K1,C01547
C01548-K1,C01548
C01549-K1,C01549
C01550-K1,C01550
C01551-K1,C01551
C01552-K1,C01552
C01553-K1,C01553
C01554-K1,C01554
C01555-K1,C01555
C01556-K1,C01556
C01557-K1,C01557
C01558-K1,C01558
C01559-K1,C01559
C01560-K1,C01560
C01561-K1,C01561
C01562-K1,C01562
C01563-K1,C01563
C01564-K1,C01564
C01565-K1,C01565
C01566-K1,C01566
C01567-K1,C01567
C01568-K1,C01568
C01569-K1,C01569
C01570-K1,C01570
C01571-K1,C01571
C01572-K1,C01572
C01573-K1,C01573
C01574-K1,C01574
C01575-K1,C01575
C01576-K1,C01576
C01577-K1,C01577
C01578-K1,C01578
C01579-K1,C01579
C01580-K1,C01580
C01581-K1,C01581
C01582-K1,C01582
C01583-K1,C01583
C01584-K1,C01584
C01585-K1,C01585
C01586-K1,C01586
C01587-K1,C01587
C01588-K1,C01588
C01589-K1,C01589
C01590-K1,C01590
C01591-K1,C01591
C01592-K1,C01592
C01593-K1,C01593
C01594-K1,C01594
C01595-K1,C01595
C01596-K1,C01596
C01596-K2,C01596
C01597-K1,C01597
C01598-K1,C01598
C01599-K1,C01599
C01600-K1,C01600
C01601-K1,C01601
C01602-K1,C01602
C01603-K1,C01603
C01604-K1,C01604
C01605-K1,C01605
C01606-K1,C01606
C01607-K1,C01607
C01608-K1,C01608
C01609-K1,C01609
C01610-K1,C01610
C01611-K1,C01611
C01612-K1,C01612
C01613-K1,C01613
C01614-K1,C01614
C01615-K1,C01615
C01616-K1,C01616
C01617-K1,C01617
C01618-K1,C01618
C01618-K2,C01618
C01618-K3,C01618
C01619-K1,C01619
C01619-K2,C01619
C01620-K1,C01620
C01621-K1,C01621
C01622-K1,C01622
C01623-K1,C01623
C01624-K1,C01624
C01625-K1,C01625
C01626-K1,C01626
C01627-K1,C01627
C01628-K1,C01628
C01629-K1,C01629
C01630-K1,C01630
C01631-K1,C01631
C01632-K1,C01632
C01633-K1,C01633
C01634-K1,C01634
C01635-K1,C01635
C01636-K1,C01636
C01637-K1,C01637
C01638-K1,C01638
C01639-K1,C01639
C01639-K2,C01639
C01640-K1,C01640
C01641-K1,C01641
C01642-K1,C01642
C01643-K1,C01643
C01644-K1,C01644
C01645-K1,C01645
C01646-K1,C01646
C01647-K1,C01647
C01648-K1,C01648
C01649-K1,C01649
C01650-K1,C01650
C01651-K1,C01651
C01652-K1,C01652
C01653-K1,C01653
C01654-K1,C01654
C01655-K1,C01655
C01656-K1,C01656
C01657-K1,C01657
C01658-K1,C01658
C01659-K1,C01659
C01660-K1,C01660
C01661-K1,C01661
C01662-K1,C01662
C01663-K1,C01663
C01664-K1,C01664
C01665-K1,C01665
C01666-K1,C01666
C01667-K1,C01667
C01668-K1,C01668
C01669-K1,C01669
C01670-K1,C01670
C01671-K1,C01671
C01672-K1,C01672
C01673-K1,C01673
C01674-K1,C01674
C01675-K1,C01675
C01676-K1,C01676
C01677-K1,C01677
C01678-K1,C01678
C01679-K1,C01679
C01680-K1,C01680
C01681-K1,C01681
C01682-K1,C01682
C01682-K2,C01682
C01683-K1,C01683
C01684-K1,C01684
C01685-K1,C01685
C01686-K1,C01686
C01687-K1,C01687
C01688-K1,C01688
C01689-K1,C01689
C01690-K1,C01690
C01691-K1,C01691
C01692-K1,C01692
C01693-K1,C01693
C01694-K1,C01694
C01695-K1,C01695
C01695-K2,C01695
C01696-K1,C01696
C01697-K1,C01697
C01698-K1,C01698
C01699-K1,C01699
C01700-K1,C01700
C01701-K1,C01701
C01702-K1,C01702
C01703-K1,C01703
C01704-K1,C01704
C01705-K1,C01705
C01706-K1,C01706
C01707-K1,C01707
C01708-K1,C01708
C01709-K1,C01709
C01710-K1,C01710
C01711-K1,C01711
C01712-K1,C01712
C01713-K1,C01713
C01714-K1,C01714
C01715-K1,C01715
C01716-K1,C01716
C01717-K1,C01717
C01718-K1,C01718
C01719-K1,C01719
C01720-K1,C01720
C01721-K1,C01721
C01721-K2,C01721
C01721-K3,C01721
C01722-K1,C01722
C01723-K1,C01723
C01724-K1,C01724
C01725-K1,C01725
C01726-K1,C01726
C01727-K1,C01727
C01727-K2,C01727
C01728-K1,C01728
C01729-K1,C01729
C01730-K1,C01730
C01731-K1,C01731
C01731-K2,C01731
C01732-K1,C01732
C01733-K1,C01733
C01734-K1,C01734
C01735-K1,C01735
C01736-K1,C01736
C01737-K1,C01737
C01738-K1,C01738
C01739-K1,C01739
C01740-K1,C01740
C01741-K1,C01741
C01742-K1,C01742
C01742-K2,C01742
C01743-K1,C01743
C01744-K1,C01744
C01744-K2,C01744
C01745-K1,C01745
C01746-K1,C01746
C01747-K1,C01747
C01748-K1,C01748
C01749-K1,C01749
C01749-K2,C01749
C01750-K1,C01750
C01751-K1,C01751
C01752-K1,C01752
C01753-K1,C01753
C01754-K1,C01754
C01755-K1,C01755
C01755-K2,C01755
C01755-K3,C01755
C01756-K1,C01756
C01757-K1,C01757
C01758-K1,C01758
C01759-K1,C01759
C01760-K1,C01760
C01761-K1,C01761
C01762-K1,C01762
C01763-K1,C01763
C01764-K1,C01764
C01765-K1,C01765
C01766-K1,C01766
C01767-K1,C01767
C01768-K1,C01768
C01769-K1,C01769
C01770-K1,C01770
C01771-K1,C01771
C01772-K1,C01772
C01773-K1,C01773
C01774-K1,C01774
C01775-K1,C01775
C01776-K1,C01776
C01777-K1,C01777
C01778-K1,C01778
C01779-K1,C01779
C01780-K1,C01780
C01781-K1,C01781
C01782-K1,C01782
C01782-K2,C01782
C01783-K1,C01783
C01784-K1,C01784
C01785-K1,C01785
C01785-K2,C01785
C01786-K1,C01786
C01787-K1,C01787
C01788-K1,C01788
C01789-K1,C01789
C01790-K1,C01790
C01791-K1,C01791
C01792-K1,C01792
C01793-K1,C01793
C01794-K1,C01794
C01795-K1,C01795
C01796-K1,C01796
C01797-K1,C01797
C01798-K1,C01798
C01799-K1,C01799
C01799-K2,C01799
C01800-K1,C01800
C01801-K1,C01801
C01802-K1,C01802
C01803-K1,C01803
C01804-K1,C01804
C01805-K1,C01805
C01806-K1,C01806
C01807-K1,C01807
C01808-K1,C01808
C01809-K1,C01809
C01810-K1,C01810
C01811-K1,C01811
C01812-K1,C01812
C01813-K1,C01813
C01814-K1,C01814
C01815-K1,C01815
C01816-K1,C01816
C01817-K1,C01817
C01818-K1,C01818
C01818-K2,C01818
C01819-K1,C01819
C01820-K1,C01820
C01821-K1,C01821
C01822-K1,C01822
C01823-K1,C01823
C01824-K1,C01824
C01825-K1,C01825
C01826-K1,C01826
C01827-K1,C01827
C01828-K1,C01828
C01828-K2,C01828
C01829-K1,C01829
C01830-K1,C01830
C01831-K1,C01831
C01832-K1,C01832
C01833-K1,C01833
C01834-K1,C01834
C01835-K1,C01835
C01836-K1,C01836
C01837-K1,C01837
C01838-K1,C01838
C01839-K1,C01839
C01840-K1,C01840
C01841-K1,C01841
C01842-K1,C01842
C01843-K1,C01843
C01844-K1,C01844
C01845-K1,C01845
C01846-K1,C01846
C01847-K1,C01847
C01848-K1,C01848
C01849-K1,C01849
C01850-K1,C01850
C01851-K1,C01851
C01852-K1,C01852
C01853-K1,C01853
C01854-K1,C01854
C01855-K1,C01855
C01855-K2,C01855
C01856-K1,C01856
C01857-K1,C01857
C01858-K1,C01858
C01859-K1,C01859
C01860-K1,C01860
C01861-K1,C01861
C01862-K1,C01862
C01863-K1,C01863
C01864-K1,C01864
C01865-K1,C01865
C01866-K1,C01866
C01867-K1,C01867
C01868-K1,C01868
C01869-K1,C01869
C01870-K1,C01870
C01871-K1,C01871
C01872-K1,C01872
C01873-K1,C01873
C01874-K1,C01874
C01875-K1,C01875
C01876-K1,C01876
C01877-K1,C01877
C01878-K1,C01878
C01879-K1,C01879
C01880-K1,C01880
C01881-K1,C01881
C01882-K1,C01882
C01883-K1,C01883
C01884-K1,C01884
C01885-K1,C01885
C01886-K1,C01886
C01887-K1,C01887
C01888-K1,C01888
C01889-K1,C01889
C01890-K1,C01890
C01891-K1,C01891
C01892-K1,C01892
C01893-K1,C01893
C01894-K1,C01894
C01895-K1,C01895
C01896-K1,C01896
C01897-K1,C01897
C01898-K1,C01898
C01899-K1,C01899
C01900-K1,C01900
C01901-K1,C01901
C01902-K1,C01902
C01903-K1,C01903
C01904-K1,C01904
C01905-K1,C01905
C01906-K1,C01906
C01907-K1,C01907
C01908-K1,C01908
C01909-K1,C01909
C01909-K2,C01909
C01910-K1,C01910
C01911-K1,C01911
C01912-K1,C01912
C01913-K1,C01913
C01914-K1,C01914
C01915-K1,C01915
C01916-K1,C01916
C01917-K1,C01917
C01918-K1,C01918
C01919-K1,C01919
C01920-K1,C01920
C01921-K1,C01921
C01922-K1,C01922
C01922-K2,C01922
C01923-K1,C01923
C01924-K1,C01924
C01925-K1,C01925
C01926-K1,C01926
C01927-K1,C01927
C01928-K1,C01928
C01929-K1,C01929
C01930-K1,C01930
C01931-K1,C01931
C01932-K1,C01932
C01932-K2,C01932
C01933-K1,C01933
C01933-K2,C01933
C01934-K1,C01934
C01935-K1,C01935
C01936-K1,C01936
C01936-K2,C01936
C01937-K1,C01937
C01938-K1,C01938
C01939-K1,C01939
C01940-K1,C01940
C01941-K1,C01941
C01942-K1,C01942
C01943-K1,C01943
C01944-K1,C01944
C01945-K1,C01945
C01946-K1,C01946
C01947-K1,C01947
C01948-K1,C01948
C01949-K1,C01949
C01950-K1,C01950
C01951-K1,C01951
C01952-K1,C01952
C01953-K1,C01953
C01953-K2,C01953
C01954-K1,C01954
C01955-K1,C01955
C01956-K1,C01956
C01957-K1,C01957
C01958-K1,C01958
C01959-K1,C01959
C01960-K1,C01960
C01961-K1,C01961
C01962-K1,C01962
C01963-K1,C01963
C01964-K1,C01964
C01965-K1,C01965
C01965-K2,C01965
C01966-K1,C01966
C01967-K1,C01967
C01968-K1,C01968
C01969-K1,C01969
C01970-K1,C01970
C01971-K1,C01971
C01972-K1,C01972
C01973-K1,C01973
C01974-K1,C01974
C01975-K1,C01975
C01976-K1,C01976
C01977-K1,C01977
C01978-K1,C01978
C01979-K1,C01979
C01980-K1,C01980
C01981-K1,C01981
C01982-K1,C01982
C01982-K2,C01982
C01983-K1,C01983
C01984-K1,C01984
C01985-K1,C01985
C01986-K1,C01986
C01987-K1,C01987
C01988-K1,C01988
C01989-K1,C01989
C01990-K1,C01990
C01991-K1,C01991
C01992-K1,C01992
C01993-K1,C01993
C01994-K1,C01994
C01995-K1,C01995
C01996-K1,C01996
C01996-K2,C01996
C01997-K1,C01997
C01998-K1,C01998
C01999-K1,C01999
C01999-K2,C01999
C02000-K1,C02000
C02000-K2,C02000
C02001-K1,C02001
C02002-K1,C02002
C02003-K1,C02003
C02004-K1,C02004
C02005-K1,C02005
C02006-K1,C02006
C02007-K1,C02007
C02008-K1,C02008
C02009-K1,C02009
C02009-K2,C02009
C02010-K1,C02010
C02011-K1,C02011
C02012-K1,C02012
C02013-K1,C02013
C02014-K1,C02014
C02014-K2,C02014
C02015-K1,C02015
C02016-K1,C02016
C02017-K1,C02017
C02018-K1,C02018
C02018-K2,C02018
C02019-K1,C02019
C02020-K1,C02020
C02021-K1,C02021
C02022-K1,C02022
C02023-K1,C02023
C02024-K1,C02024
C02025-K1,C02025
C02025-K2,C02025
C02026-K1,C02026
C02027-K1,C02027
C02028-K1,C02028
C02029-K1,C02029
C02030-K1,C02030
C02031-K1,C02031
C02032-K1,C02032
C02033-K1,C02033
C02034-K1,C02034
C02035-K1,C02035
C02036-K1,C02036
C02037-K1,C02037
C02038-K1,C02038
C02038-K2,C02038
C02039-K1,C02039
C02040-K1,C02040
C02041-K1,C02041
C02042-K1,C02042
C02043-K1,C02043
C02044-K1,C02044
C02044-K2,C02044
C02045-K1,C02045
C02046-K1,C02046
C02047-K1,C02047
C02048-K1,C02048
C02049-K1,C02049
C02050-K1,C02050
C02051-K1,C02051
C02052-K1,C02052
C02053-K1,C02053
C02054-K1,C02054
C02055-K1,C02055
C02056-K1,C02056
C02057-K1,C02057
C02058-K1,C02058
C02059-K1,C02059
C02060-K1,C02060
C02061-K1,C02061
C02062-K1,C02062
C02063-K1,C02063
C02064-K1,C02064
C02065-K1,C02065
C02066-K1,C02066
C02067-K1,C02067
C02068-K1,C02068
C02069-K1,C02069
C02070-K1,C02070
C02071-K1,C02071
C02072-K1,C02072
C02073-K1,C02073
C02074-K1,C02074
C02075-K1,C02075
C02076-K1,C02076
C02077-K1,C02077
C02078-K1,C02078
C02079-K1,C02079
C02080-K1,C02080
C02081-K1,C02081
C02082-K1,C02082
C02083-K1,C02083
C02083-K2,C02083
C02084-K1,C02084
C02084-K2,C02084
C02085-K1,C02085
C02086-K1,C02086
C02087-K1,C02087
C02088-K1,C02088
C02089-K1,C02089
C02090-K1,C02090
C02091-K1,C02091
C02092-K1,C02092
C02093-K1,C02093
C02094-K1,C02094
C02095-K1,C02095
C02096-K1,C02096
C02097-K1,C02097
C02098-K1,C02098
C02099-K1,C02099
C02100-K1,C02100
C02101-K1,C02101
C02102-K1,C02102
C02103-K1,C02103
C02104-K1,C02104
C02105-K1,C02105
C02105-K2,C02105
C02106-K1,C02106
C02107-K1,C02107
C02108-K1,C02108
C02109-K1,C02109
C02110-K1,C02110
C02111-K1,C02111
C02112-K1,C02112
C02113-K1,C02113
C02114-K1,C02114
C02115-K1,C02115
C02116-K1,C02116
C02117-K1,C02117
C02118-K1,C02118
C02119-K1,C02119
C02120-K1,C02120
C02121-K1,C02121
C02122-K1,C02122
C02123-K1,C02123
C02124-K1,C02124
C02125-K1,C02125
C02126-K1,C02126
C02127-K1,C02127
C02128-K1,C02128
C02129-K1,C02129
C02130-K1,C02130
C02131-K1,C02131
C02132-K1,C02132
C02133-K1,C02133
C02134-K1,C02134
C02134-K2,C02134
C02135-K1,C02135
C02136-K1,C02136
C02137-K1,C02137
C02138-K1,C02138
C02139-K1,C02139
C02140-K1,C02140
C02141-K1,C02141
C02142-K1,C02142
C02143-K1,C02143
C02144-K1,C02144
C02145-K1,C02145
C02145-K2,C02145
C02146-K1,C02146
C02147-K1,C02147
C02147-K2,C02147
C02148-K1,C02148
C02149-K1,C02149
C02150-K1,C02150
C02151-K1,C02151
C02152-K1,C02152
C02153-K1,C02153
C02154-K1,C02154
C02155-K1,C02155
C02156-K1,C02156
C02156-K2,C02156
C02157-K1,C02157
C02158-K1,C02158
C02159-K1,C02159
C02160-K1,C02160
C02161-K1,C02161
C02162-K1,C02162
C02163-K1,C02163
C02164-K1,C02164
C02165-K1,C02165
C02166-K1,C02166
C02167-K1,C02167
C02167-K2,C02167
C02168-K1,C02168
C02169-K1,C02169
C02170-K1,C02170
C02171-K1,C02171
C02172-K1,C02172
C02173-K1,C02173
C02174-K1,C02174
C02175-K1,C02175
C02176-K1,C02176
C02177-K1,C02177
C02178-K1,C02178
C02179-K1,C02179
C02180-K1,C02180
C02181-K1,C02181
C02181-K2,C02181
C02182-K1,C02182
C02183-K1,C02183
C02184-K1,C02184
C02185-K1,C02185
C02186-K1,C02186
C02187-K1,C02187
C02188-K1,C02188
C02189-K1,C02189
C02189-K2,C02189
C02190-K1,C02190
C02191-K1,C02191
C02192-K1,C02192
C02193-K1,C02193
C02194-K1,C02194
C02195-K1,C02195
C02196-K1,C02196
C02197-K1,C02197
C02198-K1,C02198
C02199-K1,C02199
C02200-K1,C02200
C02201-K1,C02201
C02202-K1,C02202
C02203-K1,C02203
C02204-K1,C02204
C02205-K1,C02205
C02206-K1,C02206
C02207-K1,C02207
C02208-K1,C02208
C02209-K1,C02209
C02210-K1,C02210
C02211-K1,C02211
C02212-K1,C02212
C02213-K1,C02213
C02214-K1,C02214
C02214-K2,C02214
C02215-K1,C02215
C02216-K1,C02216
C02216-K2,C02216
C02217-K1,C02217
C02218-K1,C02218
C02219-K1,C02219
C02219-K2,C02219
C02220-K1,C02220
C02221-K1,C02221
C02222-K1,C02222
C02223-K1,C02223
C02224-K1,C02224
C02225-K1,C02225
C02226-K1,C02226
C02227-K1,C02227
C02228-K1,C02228
C02229-K1,C02229
C02230-K1,C02230
C02231-K1,C02231
C02232-K1,C02232
C02233-K1,C02233
C02234-K1,C02234
C02235-K1,C02235
C02236-K1,C02236
C02237-K1,C02237
C02238-K1,C02238
C02239-K1,C02239
C02239-K2,C02239
C02240-K1,C02240
C02241-K1,C02241
C02242-K1,C02242
C02243-K1,C02243
C02244-K1,C02244
C02245-K1,C02245
C02245-K2,C02245
C02246-K1,C02246
C02247-K1,C02247
C02248-K1,C02248
C02249-K1,C02249
C02250-K1,C02250
C02250-K2,C02250
C02251-K1,C02251
C02252-K1,C02252
C02253-K1,C02253
C02254-K1,C02254
C02255-K1,C02255
C02256-K1,C02256
C02257-K1,C02257
C02258-K1,C02258
C02259-K1,C02259
C02260-K1,C02260
C02261-K1,C02261
C02262-K1,C02262
C02263-K1,C02263
C02264-K1,C02264
C02265-K1,C02265
C02266-K1,C02266
C02266-K2,C02266
C02267-K1,C02267
C02268-K1,C02268
C02269-K1,C02269
C02270-K1,C02270
C02271-K1,C02271
C02272-K1,C02272
C02272-K2,C02272
C02273-K1,C02273
C02274-K1,C02274
C02275-K1,C02275
C02276-K1,C02276
C02277-K1,C02277
C02278-K1,C02278
C02279-K1,C02279
C02280-K1,C02280
C02281-K1,C02281
C02282-K1,C02282
C02283-K1,C02283
C02284-K1,C02284
C02285-K1,C02285
C02285-K2,C02285
C02286-K1,C02286
C02287-K1,C02287
C02288-K1,C02288
C02289-K1,C02289
C02290-K1,C02290
C02291-K1,C02291
C02292-K1,C02292
C02293-K1,C02293
C02294-K1,C02294
C02295-K1,C02295
C02296-K1,C02296
C02297-K1,C02297
C02298-K1,C02298
C02299-K1,C02299
C02300-K1,C02300
C02301-K1,C02301
C02302-K1,C02302
C02303-K1,C02303
C02304-K1,C02304
C02305-K1,C02305
C02306-K1,C02306
C02307-K1,C02307
C02308-K1,C02308
C02309-K1,C02309
C02309-K2,C02309
C02310-K1,C02310
C02311-K1,C02311
C02312-K1,C02312
C02313-K1,C02313
C02314-K1,C02314
C02315-K1,C02315
C02316-K1,C02316
C02317-K1,C02317
C02318-K1,C02318
C02319-K1,C02319
C02320-K1,C02320
C02320-K2,C02320
C02321-K1,C02321
C02321-K2,C02321
C02322-K1,C02322
C02323-K1,C02323
C02324-K1,C02324
C02325-K1,C02325
C02326-K1,C02326
C02327-K1,C02327
C02328-K1,C02328
C02329-K1,C02329
C02330-K1,C02330
C02331-K1,C02331
C02332-K1,C02332
C02333-K1,C02333
C02334-K1,C02334
C02335-K1,C02335
C02336-K1,C02336
C02337-K1,C02337
C02338-K1,C02338
C02339-K1,C02339
C02340-K1,C02340
C02340-K2,C02340
C02341-K1,C02341
C02342-K1,C02342
C02343-K1,C02343
C02344-K1,C02344
C02345-K1,C02345
C02346-K1,C02346
C02347-K1,C02347
C02348-K1,C02348
C02349-K1,C02349
C02349-K2,C02349
C02350-K1,C02350
C02351-K1,C02351
C02352-K1,C02352
C02353-K1,C02353
C02354-K1,C02354
C02354-K2,C02354
C02355-K1,C02355
C02356-K1,C02356
C02357-K1,C02357
C02358-K1,C02358
C02359-K1,C02359
C02360-K1,C02360
C02361-K1,C02361
C02362-K1,C02362
C02363-K1,C02363
C02364-K1,C02364
C02365-K1,C02365
C02366-K1,C02366
C02367-K1,C02367
C02368-K1,C02368
C02369-K1,C02369
C02370-K1,C02370
C02371-K1,C02371
C02371-K2,C02371
C02372-K1,C02372
C02373-K1,C02373
C02374-K1,C02374
C02375-K1,C02375
C02376-K1,C02376
C02377-K1,C02377
C02378-K1,C02378
C02379-K1,C02379
C02380-K1,C02380
C02381-K1,C02381
C02382-K1,C02382
C02383-K1,C02383
C02384-K1,C02384
C02385-K1,C02385
C02386-K1,C02386
C02387-K1,C02387
C02388-K1,C02388
C02389-K1,C02389
C02390-K1,C02390
C02391-K1,C02391
C02392-K1,C02392
C02393-K1,C02393
C02393-K2,C02393
C02394-K1,C02394
C02395-K1,C02395
C02396-K1,C02396
C02397-K1,C02397
C02398-K1,C02398
C02399-K1,C02399
C02400-K1,C02400
C02400-K2,C02400
C02401-K1,C02401
C02402-K1,C02402
C02403-K1,C02403
C02404-K1,C02404
C02405-K1,C02405
C02406-K1,C02406
C02407-K1,C02407
C02408-K1,C02408
C02409-K1,C02409
C02410-K1,C02410
C02411-K1,C02411
C02412-K1,C02412
C02413-K1,C02413
C02414-K1,C02414
C02415-K1,C02415
C02416-K1,C02416
C02417-K1,C02417
C02418-K1,C02418
C02419-K1,C02419
C02420-K1,C02420
C02421-K1,C02421
C02422-K1,C02422
C02423-K1,C02423
C02424-K1,C02424
C02425-K1,C02425
C02426-K1,C02426
C02427-K1,C02427
C02428-K1,C02428
C02429-K1,C02429
C02430-K1,C02430
C02431-K1,C02431
C02432-K1,C02432
C02433-K1,C02433
C02433-K2,C02433
C02434-K1,C02434
C02435-K1,C02435
C02436-K1,C02436
C02437-K1,C02437
C02438-K1,C02438
C02439-K1,C02439
C02440-K1,C02440
C02440-K2,C02440
C02441-K1,C02441
C02442-K1,C02442
C02443-K1,C02443
C02444-K1,C02444
C02445-K1,C02445
C02446-K1,C02446
C02447-K1,C02447
C02448-K1,C02448
C02449-K1,C02449
C02450-K1,C02450
C02451-K1,C02451
C02452-K1,C02452
C02453-K1,C02453
C02454-K1,C02454
C02455-K1,C02455
C02456-K1,C02456
C02457-K1,C02457
C02458-K1,C02458
C02459-K1,C02459
C02460-K1,C02460
C02460-K2,C02460
C02461-K1,C02461
C02462-K1,C02462
C02463-K1,C02463
C02464-K1,C02464
C02465-K1,C02465
C02466-K1,C02466
C02467-K1,C02467
C02468-K1,C02468
C02469-K1,C02469
C02470-K1,C02470
C02471-K1,C02471
C02472-K1,C02472
C02473-K1,C02473
C02474-K1,C02474
C02474-K2,C02474
C02475-K1,C02475
C02476-K1,C02476
C02477-K1,C02477
C02478-K1,C02478
C02479-K1,C02479
C02479-K2,C02479
C02480-K1,C02480
C02481-K1,C02481
C02482-K1,C02482
C02483-K1,C02483
C02484-K1,C02484
C02485-K1,C02485
C02486-K1,C02486
C02487-K1,C02487
C02488-K1,C02488
C02489-K1,C02489
C02490-K1,C02490
C02491-K1,C02491
C02492-K1,C02492
C02493-K1,C02493
C02494-K1,C02494
C02495-K1,C02495
C02496-K1,C02496
C02497-K1,C02497
C02498-K1,C02498
C02499-K1,C02499
C02500-K1,C02500
C02501-K1,C02501
C02502-K1,C02502
C02502-K2,C02502
C02503-K1,C02503
C02504-K1,C02504
C02505-K1,C02505
C02506-K1,C02506
C02507-K1,C02507
C02508-K1,C02508
C02509-K1,C02509
C02509-K2,C02509
C02510-K1,C02510
C02511-K1,C02511
C02512-K1,C02512
C02513-K1,C02513
C02514-K1,C02514
C02515-K1,C02515
C02515-K2,C02515
C02516-K1,C02516
C02517-K1,C02517
C02518-K1,C02518
C02519-K1,C02519
C02520-K1,C02520
C02521-K1,C02521
C02522-K1,C02522
C02523-K1,C02523
C02524-K1,C02524
C02525-K1,C02525
C02526-K1,C02526
C02527-K1,C02527
C02528-K1,C02528
C02529-K1,C02529
C02530-K1,C02530
C02531-K1,C02531
C02532-K1,C02532
C02533-K1,C02533
C02533-K2,C02533
C02534-K1,C02534
C02535-K1,C02535
C02536-K1,C02536
C02537-K1,C02537
C02538-K1,C02538
C02539-K1,C02539
C02540-K1,C02540
C02541-K1,C02541
C02542-K1,C02542
C02543-K1,C02543
C02544-K1,C02544
C02545-K1,C02545
C02545-K2,C02545
C02546-K1,C02546
C02547-K1,C02547
C02548-K1,C02548
C02549-K1,C02549
C02550-K1,C02550
C02551-K1,C02551
C02552-K1,C02552
C02553-K1,C02553
C02554-K1,C02554
C02555-K1,C02555
C02556-K1,C02556
C02557-K1,C02557
C02558-K1,C02558
C02559-K1,C02559
C02560-K1,C02560
C02561-K1,C02561
C02562-K1,C02562
C02563-K1,C02563
C02564-K1,C02564
C02565-K1,C02565
C02566-K1,C02566
C02567-K1,C02567
C02568-K1,C02568
C02569-K1,C02569
C02570-K1,C02570
C02571-K1,C02571
C02572-K1,C02572
C02573-K1,C02573
C02573-K2,C02573
C02574-K1,C02574
C02575-K1,C02575
C02575-K2,C02575
C02576-K1,C02576
C02577-K1,C02577
C02578-K1,C02578
C02579-K1,C02579
C02580-K1,C02580
C02581-K1,C02581
C02582-K1,C02582
C02583-K1,C02583
C02584-K1,C02584
C02585-K1,C02585
C02586-K1,C02586
C02587-K1,C02587
C02588-K1,C02588
C02589-K1,C02589
C02590-K1,C02590
C02591-K1,C02591
C02592-K1,C02592
C02593-K1,C02593
C02594-K1,C02594
C02595-K1,C02595
C02595-K2,C02595
C02596-K1,C02596
C02597-K1,C02597
C02598-K1,C02598
C02599-K1,C02599
C02600-K1,C02600
C02601-K1,C02601
C02602-K1,C02602
C02603-K1,C02603
C02604-K1,C02604
C02605-K1,C02605
C02606-K1,C02606
C02607-K1,C02607
C02608-K1,C02608
C02609-K1,C02609
C02610-K1,C02610
C02611-K1,C02611
C02612-K1,C02612
C02613-K1,C02613
C02614-K1,C02614
C02615-K1,C02615
C02616-K1,C02616
C02617-K1,C02617
C02618-K1,C02618
C02618-K2,C02618
C02619-K1,C02619
C02620-K1,C02620
C02621-K1,C02621
C02622-K1,C02622
C02623-K1,C02623
C02624-K1,C02624
C02625-K1,C02625
C02626-K1,C02626
C02627-K1,C02627
C02628-K1,C02628
C02628-K2,C02628
C02629-K1,C02629
C02630-K1,C02630
C02631-K1,C02631
C02632-K1,C02632
C02632-K2,C02632
C02633-K1,C02633
C02634-K1,C02634
C02635-K1,C02635
C02636-K1,C02636
C02637-K1,C02637
C02638-K1,C02638
C02639-K1,C02639
C02640-K1,C02640
C02641-K1,C02641
C02642-K1,C02642
C02643-K1,C02643
C02644-K1,C02644
C02645-K1,C02645
C02646-K1,C02646
C02647-K1,C02647
C02648-K1,C02648
C02649-K1,C02649
C02650-K1,C02650
C02651-K1,C02651
C02652-K1,C02652
C02653-K1,C02653
C02654-K1,C02654
C02655-K1,C02655
C02656-K1,C02656
C02657-K1,C02657
C02658-K1,C02658
C02659-K1,C02659
C02660-K1,C02660
C02661-K1,C02661
C02662-K1,C02662
C02663-K1,C02663
C02664-K1,C02664
C02665-K1,C02665
C02666-K1,C02666
C02667-K1,C02667
C02668-K1,C02668
C02669-K1,C02669
C02670-K1,C02670
C02671-K1,C02671
C02672-K1,C02672
C02673-K1,C02673
C02673-K2,C02673
C02674-K1,C02674
C02675-K1,C02675
C02676-K1,C02676
C02677-K1,C02677
C02678-K1,C02678
C02679-K1,C02679
C02680-K1,C02680
C02681-K1,C02681
C02682-K1,C02682
C02683-K1,C02683
C02684-K1,C02684
C02685-K1,C02685
C02685-K2,C02685
C02686-K1,C02686
C02687-K1,C02687
C02688-K1,C02688
C02689-K1,C02689
C02690-K1,C02690
C02691-K1,C02691
C02692-K1,C02692
C02693-K1,C02693
C02694-K1,C02694
C02695-K1,C02695
C02696-K1,C02696
C02697-K1,C02697
C02698-K1,C02698
C02699-K1,C02699
C02700-K1,C02700
C02701-K1,C02701
C02702-K1,C02702
C02702-K2,C02702
C02703-K1,C02703
C02704-K1,C02704
C02705-K1,C02705
C02706-K1,C02706
C02707-K1,C02707
C02708-K1,C02708
C02709-K1,C02709
C02710-K1,C02710
C02711-K1,C02711
C02712-K1,C02712
C02713-K1,C02713
C02714-K1,C02714
C02715-K1,C02715
C02716-K1,C02716
C02716-K2,C02716
C02717-K1,C02717
C02718-K1,C02718
C02719-K1,C02719
C02720-K1,C02720
C02721-K1,C02721
C02721-K2,C02721
C02722-K1,C02722
C02723-K1,C02723
C02724-K1,C02724
C02724-K2,C02724
C02725-K1,C02725
C02726-K1,C02726
C02727-K1,C02727
C02728-K1,C02728
C02729-K1,C02729
C02730-K1,C02730
C02731-K1,C02731
C02732-K1,C02732
C02733-K1,C02733
C02734-K1,C02734
C02735-K1,C02735
C02736-K1,C02736
C02737-K1,C02737
C02738-K1,C02738
C02739-K1,C02739
C02740-K1,C02740
C02741-K1,C02741
C02742-K1,C02742
C02743-K1,C02743
C02744-K1,C02744
C02745-K1,C02745
C02746-K1,C02746
C02747-K1,C02747
C02748-K1,C02748
C02749-K1,C02749
C02750-K1,C02750
C02750-K2,C02750
C02751-K1,C02751
C02752-K1,C02752
C02753-K1,C02753
C02754-K1,C02754
C02755-K1,C02755
C02756-K1,C02756
C02757-K1,C02757
C02758-K1,C02758
C02759-K1,C02759
C02760-K1,C02760
C02761-K1,C02761
C02762-K1,C02762
C02763-K1,C02763
C02764-K1,C02764
C02765-K1,C02765
C02766-K1,C02766
C02767-K1,C02767
C02768-K1,C02768
C02769-K1,C02769
C02770-K1,C02770
C02771-K1,C02771
C02772-K1,C02772
C02773-K1,C02773
C02774-K1,C02774
C02775-K1,C02775
C02776-K1,C02776
C02777-K1,C02777
C02778-K1,C02778
C02779-K1,C02779
C02780-K1,C02780
C02780-K2,C02780
C02781-K1,C02781
C02782-K1,C02782
C02782-K2,C02782
C02783-K1,C02783
C02784-K1,C02784
C02785-K1,C02785
C02786-K1,C02786
C02787-K1,C02787
C02788-K1,C02788
C02789-K1,C02789
C02790-K1,C02790
C02791-K1,C02791
C02792-K1,C02792
C02793-K1,C02793
C02794-K1,C02794
C02795-K1,C02795
C02796-K1,C02796
C02797-K1,C02797
C02798-K1,C02798
C02798-K2,C02798
C02799-K1,C02799
C02800-K1,C02800
C02801-K1,C02801
C02802-K1,C02802
C02803-K1,C02803
C02804-K1,C02804
C02805-K1,C02805
C02806-K1,C02806
C02807-K1,C02807
C02808-K1,C02808
C02809-K1,C02809
C02809-K2,C02809
C02810-K1,C02810
C02811-K1,C02811
C02812-K1,C02812
C02812-K2,C02812
C02813-K1,C02813
C02814-K1,C02814
C02815-K1,C02815
C02816-K1,C02816
C02817-K1,C02817
C02818-K1,C02818
C02819-K1,C02819
C02820-K1,C02820
C02821-K1,C02821
C02822-K1,C02822
C02823-K1,C02823
C02824-K1,C02824
C02824-K2,C02824
C02825-K1,C02825
C02826-K1,C02826
C02827-K1,C02827
C02828-K1,C02828
C02828-K2,C02828
C02829-K1,C02829
C02830-K1,C02830
C02831-K1,C02831
C02832-K1,C02832
C02833-K1,C02833
C02834-K1,C02834
C02835-K1,C02835
C02836-K1,C02836
C02837-K1,C02837
C02838-K1,C02838
C02839-K1,C02839
C02840-K1,C02840
C02841-K1,C02841
C02842-K1,C02842
C02843-K1,C02843
C02844-K1,C02844
C02845-K1,C02845
C02846-K1,C02846
C02847-K1,C02847
C02848-K1,C02848
C02849-K1,C02849
C02850-K1,C02850
C02851-K1,C02851
C02851-K2,C02851
C02852-K1,C02852
C02853-K1,C02853
C02853-K2,C02853
C02854-K1,C02854
C02855-K1,C02855
C02856-K1,C02856
C02857-K1,C02857
C02858-K1,C02858
C02859-K1,C02859
C02860-K1,C02860
C02861-K1,C02861
C02862-K1,C02862
C02863-K1,C02863
C02864-K1,C02864
C02865-K1,C02865
C02866-K1,C02866
C02867-K1,C02867
C02868-K1,C02868
C02869-K1,C02869
C02870-K1,C02870
C02871-K1,C02871
C02872-K1,C02872
C02873-K1,C02873
C02874-K1,C02874
C02875-K1,C02875
C02876-K1,C02876
C02877-K1,C02877
C02878-K1,C02878
C02879-K1,C02879
C02880-K1,C02880
C02881-K1,C02881
C02882-K1,C02882
C02883-K1,C02883
C02883-K2,C02883
C02884-K1,C02884
C02885-K1,C02885
C02886-K1,C02886
C02887-K1,C02887
C02888-K1,C02888
C02889-K1,C02889
C02890-K1,C02890
C02890-K2,C02890
C02891-K1,C02891
C02892-K1,C02892
C02893-K1,C02893
C02894-K1,C02894
C02895-K1,C02895
C02896-K1,C02896
C02896-K2,C02896
C02897-K1,C02897
C02898-K1,C02898
C02899-K1,C02899
C02900-K1,C02900
C02901-K1,C02901
C02902-K1,C02902
C02902-K2,C02902
C02903-K1,C02903
C02904-K1,C02904
C02905-K1,C02905
C02906-K1,C02906
C02907-K1,C02907
C02908-K1,C02908
C02909-K1,C02909
C02910-K1,C02910
C02911-K1,C02911
C02912-K1,C02912
C02913-K1,C02913
C02914-K1,C02914
C02914-K2,C02914
C02915-K1,C02915
C02916-K1,C02916
C02917-K1,C02917
C02918-K1,C02918
C02919-K1,C02919
C02920-K1,C02920
C02921-K1,C02921
C02922-K1,C02922
C02923-K1,C02923
C02924-K1,C02924
C02925-K1,C02925
C02926-K1,C02926
C02927-K1,C02927
C02928-K1,C02928
C02929-K1,C02929
C02930-K1,C02930
C02931-K1,C02931
C02931-K2,C02931
C02932-K1,C02932
C02933-K1,C02933
C02934-K1,C02934
C02935-K1,C02935
C02935-K2,C02935
C02936-K1,C02936
C02937-K1,C02937
C02938-K1,C02938
C02939-K1,C02939
C02940-K1,C02940
C02941-K1,C02941
C02942-K1,C02942
C02943-K1,C02943
C02944-K1,C02944
C02945-K1,C02945
C02946-K1,C02946
C02947-K1,C02947
C02948-K1,C02948
C02949-K1,C02949
C02950-K1,C02950
C02950-K2,C02950
C02951-K1,C02951
C02952-K1,C02952
C02953-K1,C02953
C02954-K1,C02954
C02955-K1,C02955
C02956-K1,C02956
C02957-K1,C02957
C02958-K1,C02958
C02959-K1,C02959
C02960-K1,C02960
C02961-K1,C02961
C02962-K1,C02962
C02963-K1,C02963
C02964-K1,C02964
C02965-K1,C02965
C02966-K1,C02966
C02967-K1,C02967
C02968-K1,C02968
C02969-K1,C02969
C02970-K1,C02970
C02971-K1,C02971
C02972-K1,C02972
C02973-K1,C02973
C02974-K1,C02974
C02975-K1,C02975
C02976-K1,C02976
C02977-K1,C02977
C02978-K1,C02978
C02979-K1,C02979
C02980-K1,C02980
C02981-K1,C02981
C02982-K1,C02982
C02983-K1,C02983
C02984-K1,C02984
C02985-K1,C02985
C02986-K1,C02986
C02986-K2,C02986
C02987-K1,C02987
C02988-K1,C02988
C02989-K1,C02989
C02990-K1,C02990
C02990-K2,C02990
C02991-K1,C02991
C02992-K1,C02992
C02993-K1,C02993
C02994-K1,C02994
C02995-K1,C02995
C02996-K1,C02996
C02997-K1,C02997
C02998-K1,C02998
C02999-K1,C02999
C02999-K2,C02999
C03000-K1,C03000
C03001-K1,C03001
C03002-K1,C03002
C03002-K2,C03002
C03003-K1,C03003
C03004-K1,C03004
C03005-K1,C03005
C03006-K1,C03006
C03007-K1,C03007
C03008-K1,C03008
C03009-K1,C03009
C03010-K1,C03010
C03011-K1,C03011
C03012-K1,C03012
C03013-K1,C03013
C03014-K1,C03014
C03015-K1,C03015
C03015-K2,C03015
C03016-K1,C03016
C03017-K1,C03017
C03018-K1,C03018
C03019-K1,C03019
C03019-K2,C03019
C03020-K1,C03020
C03021-K1,C03021
C03022-K1,C03022
C03023-K1,C03023
C03024-K1,C03024
C03025-K1,C03025
C03026-K1,C03026
C03027-K1,C03027
C03028-K1,C03028
C03029-K1,C03029
C03030-K1,C03030
C03031-K1,C03031
C03032-K1,C03032
C03033-K1,C03033
C03034-K1,C03034
C03035-K1,C03035
C03036-K1,C03036
C03037-K1,C03037
C03038-K1,C03038
C03039-K1,C03039
C03040-K1,C03040
C03040-K2,C03040
C03041-K1,C03041
C03042-K1,C03042
C03043-K1,C03043
C03044-K1,C03044
C03045-K1,C03045
C03046-K1,C03046
C03047-K1,C03047
C03047-K2,C03047
C03048-K1,C03048
C03049-K1,C03049
C03050-K1,C03050
C03051-K1,C03051
C03052-K1,C03052
C03053-K1,C03053
C03054-K1,C03054
C03055-K1,C03055
C03056-K1,C03056
C03057-K1,C03057
C03058-K1,C03058
C03059-K1,C03059
C03060-K1,C03060
C03061-K1,C03061
C03061-K2,C03061
C03062-K1,C03062
C03063-K1,C03063
C03064-K1,C03064
C03065-K1,C03065
C03066-K1,C03066
C03067-K1,C03067
C03068-K1,C03068
C03069-K1,C03069
C03070-K1,C03070
C03071-K1,C03071
C03072-K1,C03072
C03073-K1,C03073
C03074-K1,C03074
C03075-K1,C03075
C03076-K1,C03076
C03077-K1,C03077
C03078-K1,C03078
C03079-K1,C03079
C03080-K1,C03080
C03080-K2,C03080
C03081-K1,C03081
C03082-K1,C03082
C03083-K1,C03083
C03084-K1,C03084
C03085-K1,C03085
C03086-K1,C03086
C03087-K1,C03087
C03088-K1,C03088
C03089-K1,C03089
C03089-K2,C03089
C03090-K1,C03090
C03091-K1,C03091
C03092-K1,C03092
C03093-K1,C03093
C03094-K1,C03094
C03095-K1,C03095
C03095-K2,C03095
C03096-K1,C03096
C03097-K1,C03097
C03098-K1,C03098
C03099-K1,C03099
C03100-K1,C03100
C03100-K2,C03100
C03101-K1,C03101
C03102-K1,C03102
C03103-K1,C03103
C03104-K1,C03104
C03105-K1,C03105
C03106-K1,C03106
C03107-K1,C03107
C03108-K1,C03108
C03109-K1,C03109
C03110-K1,C03110
C03111-K1,C03111
C03112-K1,C03112
C03113-K1,C03113
C03114-K1,C03114
C03115-K1,C03115
C03116-K1,C03116
C03117-K1,C03117
C03118-K1,C03118
C03119-K1,C03119
C03120-K1,C03120
C03121-K1,C03121
C03122-K1,C03122
C03123-K1,C03123
C03124-K1,C03124
C03125-K1,C03125
C03125-K2,C03125
C03126-K1,C03126
C03126-K2,C03126
C03127-K1,C03127
C03128-K1,C03128
C03129-K1,C03129
C03130-K1,C03130
C03131-K1,C03131
C03132-K1,C03132
C03133-K1,C03133
C03134-K1,C03134
C03135-K1,C03135
C03136-K1,C03136
C03137-K1,C03137
C03137-K2,C03137
C03138-K1,C03138
C03139-K1,C03139
C03140-K1,C03140
C03141-K1,C03141
C03142-K1,C03142
C03143-K1,C03143
C03144-K1,C03144
C03145-K1,C03145
C03146-K1,C03146
C03147-K1,C03147
C03148-K1,C03148
C03149-K1,C03149
C03150-K1,C03150
C03151-K1,C03151
C03151-K2,C03151
C03152-K1,C03152
C03153-K1,C03153
C03154-K1,C03154
C03154-K2,C03154
C03155-K1,C03155
C03156-K1,C03156
C03157-K1,C03157
C03157-K2,C03157
C03158-K1,C03158
C03159-K1,C03159
C03160-K1,C03160
C03161-K1,C03161
C03162-K1,C03162
C03163-K1,C03163
C03164-K1,C03164
C03165-K1,C03165
C03166-K1,C03166
C03167-K1,C03167
C03168-K1,C03168
C03169-K1,C03169
C03170-K1,C03170
C03171-K1,C03171
C03172-K1,C03172
C03173-K1,C03173
C03174-K1,C03174
C03175-K1,C03175
C03176-K1,C03176
C03177-K1,C03177
C03178-K1,C03178
C03179-K1,C03179
C03180-K1,C03180
C03181-K1,C03181
C03182-K1,C03182
C03183-K1,C03183
C03184-K1,C03184
C03185-K1,C03185
C03186-K1,C03186
C03187-K1,C03187
C03188-K1,C03188
C03189-K1,C03189
C03190-K1,C03190
C03191-K1,C03191
C03192-K1,C03192
C03193-K1,C03193
C03194-K1,C03194
C03195-K1,C03195
C03196-K1,C03196
C03197-K1,C03197
C03198-K1,C03198
C03199-K1,C03199
C03200-K1,C03200
C03201-K1,C03201
C03202-K1,C03202
C03203-K1,C03203
C03204-K1,C03204
C03205-K1,C03205
C03206-K1,C03206
C03207-K1,C03207
C03208-K1,C03208
C03209-K1,C03209
C03210-K1,C03210
C03211-K1,C03211
C03212-K1,C03212
C03213-K1,C03213
C03214-K1,C03214
C03215-K1,C03215
C03216-K1,C03216
C03217-K1,C03217
C03217-K2,C03217
C03218-K1,C03218
C03218-K2,C03218
C03219-K1,C03219
C03219-K2,C03219
C03220-K1,C03220
C03221-K1,C03221
C03222-K1,C03222
C03223-K1,C03223
C03224-K1,C03224
C03225-K1,C03225
C03226-K1,C03226
C03227-K1,C03227
C03228-K1,C03228
C03229-K1,C03229
C03230-K1,C03230
C03231-K1,C03231
C03231-K2,C03231
C03232-K1,C03232
C03233-K1,C03233
C03234-K1,C03234
C03235-K1,C03235
C03236-K1,C03236
C03237-K1,C03237
C03238-K1,C03238
C03239-K1,C03239
C03240-K1,C03240
C03241-K1,C03241
C03242-K1,C03242
C03243-K1,C03243
C03244-K1,C03244
C03245-K1,C03245
C03246-K1,C03246
C03247-K1,C03247
C03248-K1,C03248
C03249-K1,C03249
C03250-K1,C03250
C03251-K1,C03251
C03251-K2,C03251
C03251-K3,C03251
C03252-K1,C03252
C03253-K1,C03253
C03254-K1,C03254
C03255-K1,C03255
C03256-K1,C03256
C03257-K1,C03257
C03258-K1,C03258
C03258-K2,C03258
C03259-K1,C03259
C03260-K1,C03260
C03261-K1,C03261
C03262-K1,C03262
C03263-K1,C03263
C03264-K1,C03264
C03265-K1,C03265
C03266-K1,C03266
C03267-K1,C03267
C03268-K1,C03268
C03269-K1,C03269
C03270-K1,C03270
C03271-K1,C03271
C03272-K1,C03272
C03273-K1,C03273
C03274-K1,C03274
C03275-K1,C03275
C03276-K1,C03276
C03277-K1,C03277
C03278-K1,C03278
C03278-K2,C03278
C03279-K1,C03279
C03280-K1,C03280
C03281-K1,C03281
C03282-K1,C03282
C03283-K1,C03283
C03284-K1,C03284
C03285-K1,C03285
C03285-K2,C03285
C03286-K1,C03286
C03287-K1,C03287
C03288-K1,C03288
C03289-K1,C03289
C03290-K1,C03290
C03291-K1,C03291
C03292-K1,C03292
C03293-K1,C03293
C03294-K1,C03294
C03295-K1,C03295
C03295-K2,C03295
C03296-K1,C03296
C03297-K1,C03297
C03298-K1,C03298
C03299-K1,C03299
C03299-K2,C03299
C03300-K1,C03300
C03301-K1,C03301
C03301-K2,C03301
C03302-K1,C03302
C03303-K1,C03303
C03304-K1,C03304
C03305-K1,C03305
C03306-K1,C03306
C03307-K1,C03307
C03308-K1,C03308
C03309-K1,C03309
C03310-K1,C03310
C03311-K1,C03311
C03312-K1,C03312
C03313-K1,C03313
C03313-K2,C03313
C03314-K1,C03314
C03315-K1,C03315
C03315-K2,C03315
C03316-K1,C03316
C03316-K2,C03316
C03317-K1,C03317
C03318-K1,C03318
C03319-K1,C03319
C03320-K1,C03320
C03321-K1,C03321
C03322-K1,C03322
C03323-K1,C03323
C03324-K1,C03324
C03325-K1,C03325
C03326-K1,C03326
C03327-K1,C03327
C03328-K1,C03328
C03329-K1,C03329
C03330-K1,C03330
C03331-K1,C03331
C03331-K2,C03331
C03332-K1,C03332
C03333-K1,C03333
C03334-K1,C03334
C03334-K2,C03334
C03335-K1,C03335
C03336-K1,C03336
C03337-K1,C03337
C03338-K1,C03338
C03339-K1,C03339
C03340-K1,C03340
C03341-K1,C03341
C03341-K2,C03341
C03342-K1,C03342
C03343-K1,C03343
C03344-K1,C03344
C03345-K1,C03345
C03345-K2,C03345
C03346-K1,C03346
C03347-K1,C03347
C03348-K1,C03348
C03349-K1,C03349
C03350-K1,C03350
C03351-K1,C03351
C03351-K2,C03351
C03352-K1,C03352
C03353-K1,C03353
C03354-K1,C03354
C03355-K1,C03355
C03356-K1,C03356
C03357-K1,C03357
C03358-K1,C03358
C03359-K1,C03359
C03359-K2,C03359
C03360-K1,C03360
C03361-K1,C03361
C03362-K1,C03362
C03363-K1,C03363
C03363-K2,C03363
C03364-K1,C03364
C03365-K1,C03365
C03366-K1,C03366
C03367-K1,C03367
C03368-K1,C03368
C03369-K1,C03369
C03370-K1,C03370
C03371-K1,C03371
C03372-K1,C03372
C03373-K1,C03373
C03374-K1,C03374
C03374-K2,C03374
C03375-K1,C03375
C03376-K1,C03376
C03377-K1,C03377
C03378-K1,C03378
C03379-K1,C03379
C03380-K1,C03380
C03381-K1,C03381
C03382-K1,C03382
C03383-K1,C03383
C03384-K1,C03384
C03385-K1,C03385
C03386-K1,C03386
C03387-K1,C03387
C03388-K1,C03388
C03388-K2,C03388
C03389-K1,C03389
C03390-K1,C03390
C03391-K1,C03391
C03392-K1,C03392
C03393-K1,C03393
C03394-K1,C03394
C03394-K2,C03394
C03395-K1,C03395
C03396-K1,C03396
C03397-K1,C03397
C03398-K1,C03398
C03399-K1,C03399
C03400-K1,C03400
C03401-K1,C03401
C03402-K1,C03402
C03403-K1,C03403
C03404-K1,C03404
C03405-K1,C03405
C03405-K2,C03405
C03406-K1,C03406
C03406-K2,C03406
C03407-K1,C03407
C03408-K1,C03408
C03409-K1,C03409
C03410-K1,C03410
C03411-K1,C03411
C03411-K2,C03411
C03412-K1,C03412
C03413-K1,C03413
C03414-K1,C03414
C03415-K1,C03415
C03416-K1,C03416
C03417-K1,C03417
C03418-K1,C03418
C03419-K1,C03419
C03420-K1,C03420
C03421-K1,C03421
C03422-K1,C03422
C03423-K1,C03423
C03424-K1,C03424
C03425-K1,C03425
C03426-K1,C03426
C03427-K1,C03427
C03427-K2,C03427
C03428-K1,C03428
C03429-K1,C03429
C03430-K1,C03430
C03431-K1,C03431
C03432-K1,C03432
C03433-K1,C03433
C03434-K1,C03434
C03435-K1,C03435
C03436-K1,C03436
C03437-K1,C03437
C03438-K1,C03438
C03439-K1,C03439
C03440-K1,C03440
C03441-K1,C03441
C03441-K2,C03441
C03442-K1,C03442
C03443-K1,C03443
C03443-K2,C03443
C03444-K1,C03444
C03445-K1,C03445
C03446-K1,C03446
C03447-K1,C03447
C03448-K1,C03448
C03449-K1,C03449
C03450-K1,C03450
C03451-K1,C03451
C03452-K1,C03452
C03453-K1,C03453
C03454-K1,C03454
C03455-K1,C03455
C03456-K1,C03456
C03457-K1,C03457
C03458-K1,C03458
C03459-K1,C03459
C03460-K1,C03460
C03461-K1,C03461
C03462-K1,C03462
C03463-K1,C03463
C03464-K1,C03464
C03465-K1,C03465
C03466-K1,C03466
C03467-K1,C03467
C03468-K1,C03468
C03469-K1,C03469
C03470-K1,C03470
C03471-K1,C03471
C03472-K1,C03472
C03473-K1,C03473
C03474-K1,C03474
C03474-K2,C03474
C03475-K1,C03475
C03476-K1,C03476
C03477-K1,C03477
C03478-K1,C03478
C03479-K1,C03479
C03480-K1,C03480
C03481-K1,C03481
C03482-K1,C03482
C03483-K1,C03483
C03484-K1,C03484
C03485-K1,C03485
C03486-K1,C03486
C03486-K2,C03486
C03487-K1,C03487
C03488-K1,C03488
C03488-K2,C03488
C03489-K1,C03489
C03490-K1,C03490
C03491-K1,C03491
C03492-K1,C03492
C03493-K1,C03493
C03493-K2,C03493
C03494-K1,C03494
C03495-K1,C03495
C03496-K1,C03496
C03497-K1,C03497
C03498-K1,C03498
C03499-K1,C03499
C03500-K1,C03500
C03501-K1,C03501
C03502-K1,C03502
C03503-K1,C03503
C03504-K1,C03504
C03505-K1,C03505
C03506-K1,C03506
C03507-K1,C03507
C03508-K1,C03508
C03509-K1,C03509
C03510-K1,C03510
C03511-K1,C03511
C03512-K1,C03512
C03513-K1,C03513
C03514-K1,C03514
C03515-K1,C03515
C03516-K1,C03516
C03517-K1,C03517
C03518-K1,C03518
C03519-K1,C03519
C03520-K1,C03520
C03521-K1,C03521
C03522-K1,C03522
C03523-K1,C03523
C03524-K1,C03524
C03525-K1,C03525
C03526-K1,C03526
C03527-K1,C03527
C03528-K1,C03528
C03529-K1,C03529
C03530-K1,C03530
C03531-K1,C03531
C03532-K1,C03532
C03532-K2,C03532
C03533-K1,C03533
C03534-K1,C03534
C03535-K1,C03535
C03536-K1,C03536
C03537-K1,C03537
C03538-K1,C03538
C03539-K1,C03539
C03540-K1,C03540
C03541-K1,C03541
C03541-K2,C03541
C03542-K1,C03542
C03543-K1,C03543
C03544-K1,C03544
C03545-K1,C03545
C03546-K1,C03546
C03547-K1,C03547
C03548-K1,C03548
C03549-K1,C03549
C03550-K1,C03550
C03551-K1,C03551
C03551-K2,C03551
C03552-K1,C03552
C03553-K1,C03553
C03554-K1,C03554
C03555-K1,C03555
C03556-K1,C03556
C03556-K2,C03556
C03557-K1,C03557
C03558-K1,C03558
C03559-K1,C03559
C03560-K1,C03560
C03561-K1,C03561
C03562-K1,C03562
C03563-K1,C03563
C03564-K1,C03564
C03565-K1,C03565
C03566-K1,C03566
C03567-K1,C03567
C03568-K1,C03568
C03569-K1,C03569
C03570-K1,C03570
C03571-K1,C03571
C03572-K1,C03572
C03573-K1,C03573
C03574-K1,C03574
C03575-K1,C03575
C03575-K2,C03575
C03576-K1,C03576
C03577-K1,C03577
C03578-K1,C03578
C03579-K1,C03579
C03580-K1,C03580
C03581-K1,C03581
C03582-K1,C03582
C03583-K1,C03583
C03584-K1,C03584
C03585-K1,C03585
C03586-K1,C03586
C03587-K1,C03587
C03588-K1,C03588
C03589-K1,C03589
C03589-K2,C03589
C03590-K1,C03590
C03591-K1,C03591
C03592-K1,C03592
C03593-K1,C03593
C03594-K1,C03594
C03595-K1,C03595
C03596-K1,C03596
C03597-K1,C03597
C03598-K1,C03598
C03598-K2,C03598
C03599-K1,C03599
C03600-K1,C03600
C03601-K1,C03601
C03602-K1,C03602
C03603-K1,C03603
C03604-K1,C03604
C03605-K1,C03605
C03606-K1,C03606
C03607-K1,C03607
C03608-K1,C03608
C03609-K1,C03609
C03610-K1,C03610
C03611-K1,C03611
C03611-K2,C03611
C03612-K1,C03612
C03613-K1,C03613
C03614-K1,C03614
C03615-K1,C03615
C03616-K1,C03616
C03617-K1,C03617
C03618-K1,C03618
C03619-K1,C03619
C03620-K1,C03620
C03621-K1,C03621
C03622-K1,C03622
C03623-K1,C03623
C03624-K1,C03624
C03625-K1,C03625
C03626-K1,C03626
C03627-K1,C03627
C03628-K1,C03628
C03629-K1,C03629
C03630-K1,C03630
C03631-K1,C03631
C03632-K1,C03632
C03633-K1,C03633
C03634-K1,C03634
C03634-K2,C03634
C03635-K1,C03635
C03636-K1,C03636
C03637-K1,C03637
C03638-K1,C03638
C03639-K1,C03639
C03639-K2,C03639
C03640-K1,C03640
C03641-K1,C03641
C03642-K1,C03642
C03643-K1,C03643
C03644-K1,C03644
C03645-K1,C03645
C03646-K1,C03646
C03647-K1,C03647
C03648-K1,C03648
C03649-K1,C03649
C03650-K1,C03650
C03651-K1,C03651
C03651-K2,C03651
C03652-K1,C03652
C03653-K1,C03653
C03654-K1,C03654
C03655-K1,C03655
C03656-K1,C03656
C03656-K2,C03656
C03657-K1,C03657
C03658-K1,C03658
C03659-K1,C03659
C03660-K1,C03660
C03661-K1,C03661
C03662-K1,C03662
C03663-K1,C03663
C03664-K1,C03664
C03665-K1,C03665
C03666-K1,C03666
C03667-K1,C03667
C03668-K1,C03668
C03669-K1,C03669
C03670-K1,C03670
C03671-K1,C03671
C03672-K1,C03672
C03673-K1,C03673
C03674-K1,C03674
C03675-K1,C03675
C03676-K1,C03676
C03676-K2,C03676
C03677-K1,C03677
C03678-K1,C03678
C03679-K1,C03679
C03680-K1,C03680
C03681-K1,C03681
C03682-K1,C03682
C03683-K1,C03683
C03684-K1,C03684
C03685-K1,C03685
C03685-K2,C03685
C03686-K1,C03686
C03687-K1,C03687
C03688-K1,C03688
C03689-K1,C03689
C03690-K1,C03690
C03691-K1,C03691
C03692-K1,C03692
C03693-K1,C03693
C03694-K1,C03694
C03695-K1,C03695
C03696-K1,C03696
C03697-K1,C03697
C03698-K1,C03698
C03699-K1,C03699
C03700-K1,C03700
C03701-K1,C03701
C03702-K1,C03702
C03703-K1,C03703
C03704-K1,C03704
C03705-K1,C03705
C03706-K1,C03706
C03707-K1,C03707
C03708-K1,C03708
C03708-K2,C03708
C03709-K1,C03709
C03710-K1,C03710
C03711-K1,C03711
C03711-K2,C03711
C03712-K1,C03712
C03713-K1,C03713
C03714-K1,C03714
C03715-K1,C03715
C03716-K1,C03716
C03717-K1,C03717
C03718-K1,C03718
C03719-K1,C03719
C03720-K1,C03720
C03721-K1,C03721
C03722-K1,C03722
C03723-K1,C03723
C03724-K1,C03724
C03725-K1,C03725
C03726-K1,C03726
C03727-K1,C03727
C03728-K1,C03728
C03729-K1,C03729
C03730-K1,C03730
C03731-K1,C03731
C03732-K1,C03732
C03733-K1,C03733
C03734-K1,C03734
C03735-K1,C03735
C03736-K1,C03736
C03737-K1,C03737
C03738-K1,C03738
C03738-K2,C03738
C03739-K1,C03739
C03740-K1,C03740
C03741-K1,C03741
C03742-K1,C03742
C03743-K1,C03743
C03744-K1,C03744
C03745-K1,C03745
C03746-K1,C03746
C03747-K1,C03747
C03748-K1,C03748
C03749-K1,C03749
C03750-K1,C03750
C03751-K1,C03751
C03752-K1,C03752
C03753-K1,C03753
C03754-K1,C03754
C03755-K1,C03755
C03756-K1,C03756
C03757-K1,C03757
C03758-K1,C03758
C03759-K1,C03759
C03760-K1,C03760
C03761-K1,C03761
C03762-K1,C03762
C03763-K1,C03763
C03764-K1,C03764
C03765-K1,C03765
C03766-K1,C03766
C03767-K1,C03767
C03768-K1,C03768
C03769-K1,C03769
C03770-K1,C03770
C03771-K1,C03771
C03772-K1,C03772
C03773-K1,C03773
C03774-K1,C03774
C03775-K1,C03775
C03776-K1,C03776
C03777-K1,C03777
C03778-K1,C03778
C03779-K1,C03779
C03780-K1,C03780
C03781-K1,C03781
C03782-K1,C03782
C03782-K2,C03782
C03783-K1,C03783
C03783-K2,C03783
C03784-K1,C03784
C03785-K1,C03785
C03786-K1,C03786
C03786-K2,C03786
C03787-K1,C03787
C03788-K1,C03788
C03789-K1,C03789
C03790-K1,C03790
C03791-K1,C03791
C03792-K1,C03792
C03793-K1,C03793
C03794-K1,C03794
C03795-K1,C03795
C03796-K1,C03796
C03797-K1,C03797
C03798-K1,C03798
C03799-K1,C03799
C03800-K1,C03800
C03801-K1,C03801
C03802-K1,C03802
C03803-K1,C03803
C03804-K1,C03804
C03805-K1,C03805
C03806-K1,C03806
C03807-K1,C03807
C03808-K1,C03808
C03809-K1,C03809
C03810-K1,C03810
C03811-K1,C03811
C03812-K1,C03812
C03813-K1,C03813
C03814-K1,C03814
C03815-K1,C03815
C03816-K1,C03816
C03817-K1,C03817
C03818-K1,C03818
C03819-K1,C03819
C03820-K1,C03820
C03821-K1,C03821
C03822-K1,C03822
C03823-K1,C03823
C03824-K1,C03824
C03825-K1,C03825
C03826-K1,C03826
C03827-K1,C03827
C03828-K1,C03828
C03829-K1,C03829
C03830-K1,C03830
C03831-K1,C03831
C03832-K1,C03832
C03833-K1,C03833
C03834-K1,C03834
C03835-K1,C03835
C03836-K1,C03836
C03837-K1,C03837
C03838-K1,C03838
C03839-K1,C03839
C03840-K1,C03840
C03840-K2,C03840
C03841-K1,C03841
C03842-K1,C03842
C03843-K1,C03843
C03844-K1,C03844
C03845-K1,C03845
C03846-K1,C03846
C03847-K1,C03847
C03848-K1,C03848
C03849-K1,C03849
C03850-K1,C03850
C03851-K1,C03851
C03851-K2,C03851
C03852-K1,C03852
C03853-K1,C03853
C03854-K1,C03854
C03855-K1,C03855
C03856-K1,C03856
C03857-K1,C03857
C03858-K1,C03858
C03859-K1,C03859
C03860-K1,C03860
C03861-K1,C03861
C03862-K1,C03862
C03863-K1,C03863
C03864-K1,C03864
C03865-K1,C03865
C03866-K1,C03866
C03867-K1,C03867
C03868-K1,C03868
C03869-K1,C03869
C03870-K1,C03870
C03871-K1,C03871
C03872-K1,C03872
C03873-K1,C03873
C03874-K1,C03874
C03875-K1,C03875
C03876-K1,C03876
C03877-K1,C03877
C03878-K1,C03878
C03879-K1,C03879
C03880-K1,C03880
C03881-K1,C03881
C03882-K1,C03882
C03883-K1,C03883
C03884-K1,C03884
C03885-K1,C03885
C03886-K1,C03886
C03887-K1,C03887
C03888-K1,C03888
C03889-K1,C03889
C03890-K1,C03890
C03891-K1,C03891
C03892-K1,C03892
C03892-K2,C03892
C03893-K1,C03893
C03894-K1,C03894
C03895-K1,C03895
C03896-K1,C03896
C03897-K1,C03897
C03898-K1,C03898
C03899-K1,C03899
C03900-K1,C03900
C03901-K1,C03901
C03902-K1,C03902
C03903-K1,C03903
C03904-K1,C03904
C03905-K1,C03905
C03906-K1,C03906
C03907-K1,C03907
C03908-K1,C03908
C03909-K1,C03909
C03910-K1,C03910
C03911-K1,C03911
C03912-K1,C03912
C03913-K1,C03913
C03914-K1,C03914
C03915-K1,C03915
C03916-K1,C03916
C03917-K1,C03917
C03918-K1,C03918
C03919-K1,C03919
C03920-K1,C03920
C03921-K1,C03921
C03922-K1,C03922
C03923-K1,C03923
C03924-K1,C03924
C03925-K1,C03925
C03926-K1,C03926
C03927-K1,C03927
C03928-K1,C03928
C03929-K1,C03929
C03930-K1,C03930
C03931-K1,C03931
C03932-K1,C03932
C03933-K1,C03933
C03934-K1,C03934
C03935-K1,C03935
C03936-K1,C03936
C03937-K1,C03937
C03938-K1,C03938
C03939-K1,C03939
C03940-K1,C03940
C03941-K1,C03941
C03942-K1,C03942
C03943-K1,C03943
C03944-K1,C03944
C03945-K1,C03945
C03946-K1,C03946
C03947-K1,C03947
C03948-K1,C03948
C03949-K1,C03949
C03950-K1,C03950
C03951-K1,C03951
C03952-K1,C03952
C03953-K1,C03953
C03954-K1,C03954
C03955-K1,C03955
C03956-K1,C03956
C03957-K1,C03957
C03958-K1,C03958
C03959-K1,C03959
C03960-K1,C03960
C03961-K1,C03961
C03962-K1,C03962
C03963-K1,C03963
C03964-K1,C03964
C03965-K1,C03965
C03966-K1,C03966
C03967-K1,C03967
C03968-K1,C03968
C03969-K1,C03969
C03970-K1,C03970
C03971-K1,C03971
C03972-K1,C03972
C03973-K1,C03973
C03974-K1,C03974
C03975-K1,C03975
C03976-K1,C03976
C03977-K1,C03977
C03977-K2,C03977
C03978-K1,C03978
C03979-K1,C03979
C03980-K1,C03980
C03981-K1,C03981
C03982-K1,C03982
C03983-K1,C03983
C03984-K1,C03984
C03985-K1,C03985
C03986-K1,C03986
C03987-K1,C03987
C03988-K1,C03988
C03989-K1,C03989
C03990-K1,C03990
C03991-K1,C03991
C03992-K1,C03992
C03992-K2,C03992
C03993-K1,C03993
C03994-K1,C03994
C03995-K1,C03995
C03996-K1,C03996
C03997-K1,C03997
C03998-K1,C03998
C03999-K1,C03999
C04000-K1,C04000
C04001-K1,C04001
C04002-K1,C04002
C04003-K1,C04003
C04004-K1,C04004
C04004-K2,C04004
C04005-K1,C04005
C04006-K1,C04006
C04007-K1,C04007
C04008-K1,C04008
C04009-K1,C04009
C04010-K1,C04010
C04011-K1,C04011
C04012-K1,C04012
C04013-K1,C04013
C04014-K1,C04014
C04015-K1,C04015
C04016-K1,C04016
C04017-K1,C04017
C04018-K1,C04018
C04019-K1,C04019
C04020-K1,C04020
C04021-K1,C04021
C04022-K1,C04022
C04023-K1,C04023
C04024-K1,C04024
C04024-K2,C04024
C04025-K1,C04025
C04026-K1,C04026
C04027-K1,C04027
C04028-K1,C04028
C04029-K1,C04029
C04030-K1,C04030
C04031-K1,C04031
C04032-K1,C04032
C04033-K1,C04033
C04034-K1,C04034
C04034-K2,C04034
C04035-K1,C04035
C04036-K1,C04036
C04037-K1,C04037
C04038-K1,C04038
C04038-K2,C04038
C04039-K1,C04039
C04040-K1,C04040
C04041-K1,C04041
C04042-K1,C04042
C04043-K1,C04043
C04044-K1,C04044
C04045-K1,C04045
C04046-K1,C04046
C04046-K2,C04046
C04047-K1,C04047
C04048-K1,C04048
C04049-K1,C04049
C04050-K1,C04050
C04051-K1,C04051
C04052-K1,C04052
C04053-K1,C04053
C04054-K1,C04054
C04055-K1,C04055
C04056-K1,C04056
C04057-K1,C04057
C04058-K1,C04058
C04059-K1,C04059
C04060-K1,C04060
C04061-K1,C04061
C04062-K1,C04062
C04063-K1,C04063
C04064-K1,C04064
C04065-K1,C04065
C04066-K1,C04066
C04067-K1,C04067
C04068-K1,C04068
C04069-K1,C04069
C04070-K1,C04070
C04071-K1,C04071
C04072-K1,C04072
C04072-K2,C04072
C04073-K1,C04073
C04074-K1,C04074
C04075-K1,C04075
C04076-K1,C04076
C04077-K1,C04077
C04078-K1,C04078
C04079-K1,C04079
C04080-K1,C04080
C04081-K1,C04081
C04082-K1,C04082
C04083-K1,C04083
C04084-K1,C04084
C04085-K1,C04085
C04086-K1,C04086
C04087-K1,C04087
C04088-K1,C04088
C04089-K1,C04089
C04090-K1,C04090
C04091-K1,C04091
C04092-K1,C04092
C04092-K2,C04092
C04093-K1,C04093
C04094-K1,C04094
C04095-K1,C04095
C04096-K1,C04096
C04096-K2,C04096
C04097-K1,C04097
C04098-K1,C04098
C04099-K1,C04099
C04100-K1,C04100
C04101-K1,C04101
C04102-K1,C04102
C04103-K1,C04103
C04104-K1,C04104
C04105-K1,C04105
C04105-K2,C04105
C04106-K1,C04106
C04107-K1,C04107
C04108-K1,C04108
C04108-K2,C04108
C04109-K1,C04109
C04110-K1,C04110
C04111-K1,C04111
C04112-K1,C04112
C04113-K1,C04113
C04114-K1,C04114
C04115-K1,C04115
C04116-K1,C04116
C04117-K1,C04117
C04117-K2,C04117
C04118-K1,C04118
C04118-K2,C04118
C04119-K1,C04119
C04120-K1,C04120
C04121-K1,C04121
C04122-K1,C04122
C04123-K1,C04123
C04124-K1,C04124
C04125-K1,C04125
C04125-K2,C04125
C04126-K1,C04126
C04127-K1,C04127
C04128-K1,C04128
C04129-K1,C04129
C04130-K1,C04130
C04131-K1,C04131
C04132-K1,C04132
C04133-K1,C04133
C04134-K1,C04134
C04135-K1,C04135
C04136-K1,C04136
C04137-K1,C04137
C04138-K1,C04138
C04139-K1,C04139
C04140-K1,C04140
C04141-K1,C04141
C04142-K1,C04142
C04142-K2,C04142
C04143-K1,C04143
C04144-K1,C04144
C04145-K1,C04145
C04146-K1,C04146
C04147-K1,C04147
C04148-K1,C04148
C04149-K1,C04149
C04150-K1,C04150
C04151-K1,C04151
C04152-K1,C04152
C04153-K1,C04153
C04154-K1,C04154
C04155-K1,C04155
C04156-K1,C04156
C04157-K1,C04157
C04158-K1,C04158
C04159-K1,C04159
C04160-K1,C04160
C04161-K1,C04161
C04162-K1,C04162
C04163-K1,C04163
C04164-K1,C04164
C04165-K1,C04165
C04166-K1,C04166
C04167-K1,C04167
C04168-K1,C04168
C04169-K1,C04169
C04170-K1,C04170
C04171-K1,C04171
C04172-K1,C04172
C04172-K2,C04172
C04173-K1,C04173
C04174-K1,C04174
C04175-K1,C04175
C04176-K1,C04176
C04177-K1,C04177
C04178-K1,C04178
C04179-K1,C04179
C04180-K1,C04180
C04181-K1,C04181
C04182-K1,C04182
C04183-K1,C04183
C04184-K1,C04184
C04185-K1,C04185
C04185-K2,C04185
C04186-K1,C04186
C04187-K1,C04187
C04188-K1,C04188
C04189-K1,C04189
C04190-K1,C04190
C04191-K1,C04191
C04192-K1,C04192
C04193-K1,C04193
C04194-K1,C04194
C04195-K1,C04195
C04196-K1,C04196
C04196-K2,C04196
C04197-K1,C04197
C04198-K1,C04198
C04199-K1,C04199
C04200-K1,C04200
C04201-K1,C04201
C04202-K1,C04202
C04203-K1,C04203
C04204-K1,C04204
C04205-K1,C04205
C04206-K1,C04206
C04207-K1,C04207
C04208-K1,C04208
C04209-K1,C04209
C04210-K1,C04210
C04211-K1,C04211
C04212-K1,C04212
C04213-K1,C04213
C04214-K1,C04214
C04215-K1,C04215
C04216-K1,C04216
C04217-K1,C04217
C04218-K1,C04218
C04219-K1,C04219
C04220-K1,C04220
C04221-K1,C04221
C04222-K1,C04222
C04223-K1,C04223
C04224-K1,C04224
C04225-K1,C04225
C04226-K1,C04226
C04227-K1,C04227
C04228-K1,C04228
C04229-K1,C04229
C04229-K2,C04229
C04230-K1,C04230
C04231-K1,C04231
C04232-K1,C04232
C04233-K1,C04233
C04234-K1,C04234
C04235-K1,C04235
C04236-K1,C04236
C04237-K1,C04237
C04238-K1,C04238
C04239-K1,C04239
C04240-K1,C04240
C04241-K1,C04241
C04242-K1,C04242
C04243-K1,C04243
C04244-K1,C04244
C04245-K1,C04245
C04246-K1,C04246
C04247-K1,C04247
C04248-K1,C04248
C04248-K2,C04248
C04249-K1,C04249
C04250-K1,C04250
C04251-K1,C04251
C04252-K1,C04252
C04253-K1,C04253
C04254-K1,C04254
C04255-K1,C04255
C04256-K1,C04256
C04257-K1,C04257
C04258-K1,C04258
C04259-K1,C04259
C04260-K1,C04260
C04261-K1,C04261
C04262-K1,C04262
C04263-K1,C04263
C04264-K1,C04264
C04265-K1,C04265
C04266-K1,C04266
C04267-K1,C04267
C04267-K2,C04267
C04268-K1,C04268
C04269-K1,C04269
C04270-K1,C04270
C04271-K1,C04271
C04272-K1,C04272
C04273-K1,C04273
C04274-K1,C04274
C04275-K1,C04275
C04276-K1,C04276
C04276-K2,C04276
C04276-K3,C04276
C04277-K1,C04277
C04278-K1,C04278
C04279-K1,C04279
C04280-K1,C04280
C04281-K1,C04281
C04282-K1,C04282
C04283-K1,C04283
C04284-K1,C04284
C04285-K1,C04285
C04286-K1,C04286
C04287-K1,C04287
C04288-K1,C04288
C04289-K1,C04289
C04290-K1,C04290
C04291-K1,C04291
C04292-K1,C04292
C04293-K1,C04293
C04294-K1,C04294
C04295-K1,C04295
C04296-K1,C04296
C04297-K1,C04297
C04298-K1,C04298
C04299-K1,C04299
C04300-K1,C04300
C04301-K1,C04301
C04302-K1,C04302
C04303-K1,C04303
C04304-K1,C04304
C04305-K1,C04305
C04306-K1,C04306
C04307-K1,C04307
C04308-K1,C04308
C04309-K1,C04309
C04309-K2,C04309
C04310-K1,C04310
C04311-K1,C04311
C04312-K1,C04312
C04313-K1,C04313
C04314-K1,C04314
C04315-K1,C04315
C04316-K1,C04316
C04317-K1,C04317
C04318-K1,C04318
C04319-K1,C04319
C04320-K1,C04320
C04321-K1,C04321
C04322-K1,C04322
C04323-K1,C04323
C04324-K1,C04324
C04325-K1,C04325
C04326-K1,C04326
C04327-K1,C04327
C04328-K1,C04328
C04329-K1,C04329
C04330-K1,C04330
C04330-K2,C04330
C04331-K1,C04331
C04332-K1,C04332
C04333-K1,C04333
C04334-K1,C04334
C04335-K1,C04335
C04336-K1,C04336
C04337-K1,C04337
C04338-K1,C04338
C04339-K1,C04339
C04340-K1,C04340
C04341-K1,C04341
C04342-K1,C04342
C04343-K1,C04343
C04344-K1,C04344
C04345-K1,C04345
C04346-K1,C04346
C04346-K2,C04346
C04347-K1,C04347
C04348-K1,C04348
C04349-K1,C04349
C04350-K1,C04350
C04351-K1,C04351
C04352-K1,C04352
C04353-K1,C04353
C04354-K1,C04354
C04355-K1,C04355
C04356-K1,C04356
C04357-K1,C04357
C04358-K1,C04358
C04359-K1,C04359
C04359-K2,C04359
C04360-K1,C04360
C04361-K1,C04361
C04361-K2,C04361
C04362-K1,C04362
C04363-K1,C04363
C04364-K1,C04364
C04365-K1,C04365
C04366-K1,C04366
C04367-K1,C04367
C04368-K1,C04368
C04369-K1,C04369
C04370-K1,C04370
C04371-K1,C04371
C04372-K1,C04372
C04373-K1,C04373
C04374-K1,C04374
C04375-K1,C04375
C04376-K1,C04376
C04377-K1,C04377
C04378-K1,C04378
C04379-K1,C04379
C04380-K1,C04380
C04381-K1,C04381
C04382-K1,C04382
C04383-K1,C04383
C04384-K1,C04384
C04385-K1,C04385
C04386-K1,C04386
C04387-K1,C04387
C04388-K1,C04388
C04389-K1,C04389
C04390-K1,C04390
C04391-K1,C04391
C04392-K1,C04392
C04393-K1,C04393
C04394-K1,C04394
C04395-K1,C04395
C04396-K1,C04396
C04397-K1,C04397
C04398-K1,C04398
C04399-K1,C04399
C04400-K1,C04400
C04401-K1,C04401
C04402-K1,C04402
C04403-K1,C04403
C04404-K1,C04404
C04405-K1,C04405
C04406-K1,C04406
C04407-K1,C04407
C04408-K1,C04408
C04409-K1,C04409
C04410-K1,C04410
C04411-K1,C04411
C04412-K1,C04412
C04413-K1,C04413
C04414-K1,C04414
C04415-K1,C04415
C04416-K1,C04416
C04417-K1,C04417
C04418-K1,C04418
C04419-K1,C04419
C04419-K2,C04419
C04420-K1,C04420
C04421-K1,C04421
C04422-K1,C04422
C04423-K1,C04423
C04424-K1,C04424
C04425-K1,C04425
C04426-K1,C04426
C04427-K1,C04427
C04428-K1,C04428
C04429-K1,C04429
C04430-K1,C04430
C04431-K1,C04431
C04432-K1,C04432
C04433-K1,C04433
C04434-K1,C04434
C04435-K1,C04435
C04436-K1,C04436
C04437-K1,C04437
C04438-K1,C04438
C04438-K2,C04438
C04439-K1,C04439
C04440-K1,C04440
C04440-K2,C04440
C04441-K1,C04441
C04442-K1,C04442
C04443-K1,C04443
C04444-K1,C04444
C04445-K1,C04445
C04446-K1,C04446
C04447-K1,C04447
C04448-K1,C04448
C04449-K1,C04449
C04450-K1,C04450
C04451-K1,C04451
C04452-K1,C04452
C04453-K1,C04453
C04454-K1,C04454
C04455-K1,C04455
C04456-K1,C04456
C04456-K2,C04456
C04457-K1,C04457
C04458-K1,C04458
C04459-K1,C04459
C04460-K1,C04460
C04461-K1,C04461
C04462-K1,C04462
C04463-K1,C04463
C04464-K1,C04464
C04465-K1,C04465
C04466-K1,C04466
C04467-K1,C04467
C04468-K1,C04468
C04469-K1,C04469
C04470-K1,C04470
C04471-K1,C04471
C04471-K2,C04471
C04472-K1,C04472
C04473-K1,C04473
C04474-K1,C04474
C04475-K1,C04475
C04476-K1,C04476
C04477-K1,C04477
C04478-K1,C04478
C04479-K1,C04479
C04480-K1,C04480
C04481-K1,C04481
C04482-K1,C04482
C04483-K1,C04483
C04484-K1,C04484
C04485-K1,C04485
C04486-K1,C04486
C04487-K1,C04487
C04488-K1,C04488
C04489-K1,C04489
C04490-K1,C04490
C04491-K1,C04491
C04492-K1,C04492
C04493-K1,C04493
C04494-K1,C04494
C04495-K1,C04495
C04496-K1,C04496
C04497-K1,C04497
C04497-K2,C04497
C04498-K1,C04498
C04499-K1,C04499
C04499-K2,C04499
C04500-K1,C04500
C04500-K2,C04500
C04501-K1,C04501
C04502-K1,C04502
C04503-K1,C04503
C04504-K1,C04504
C04505-K1,C04505
C04506-K1,C04506
C04507-K1,C04507
C04508-K1,C04508
C04509-K1,C04509
C04510-K1,C04510
C04511-K1,C04511
C04512-K1,C04512
C04513-K1,C04513
C04514-K1,C04514
C04515-K1,C04515
C04516-K1,C04516
C04517-K1,C04517
C04517-K2,C04517
C04518-K1,C04518
C04519-K1,C04519
C04520-K1,C04520
C04521-K1,C04521
C04522-K1,C04522
C04523-K1,C04523
C04524-K1,C04524
C04525-K1,C04525
C04526-K1,C04526
C04527-K1,C04527
C04528-K1,C04528
C04529-K1,C04529
C04530-K1,C04530
C04531-K1,C04531
C04532-K1,C04532
C04533-K1,C04533
C04534-K1,C04534
C04535-K1,C04535
C04536-K1,C04536
C04536-K2,C04536
C04537-K1,C04537
C04538-K1,C04538
C04539-K1,C04539
C04540-K1,C04540
C04541-K1,C04541
C04542-K1,C04542
C04543-K1,C04543
C04543-K2,C04543
C04544-K1,C04544
C04545-K1,C04545
C04546-K1,C04546
C04547-K1,C04547
C04548-K1,C04548
C04549-K1,C04549
C04550-K1,C04550
C04551-K1,C04551
C04552-K1,C04552
C04553-K1,C04553
C04553-K2,C04553
C04554-K1,C04554
C04555-K1,C04555
C04556-K1,C04556
C04556-K2,C04556
C04557-K1,C04557
C04558-K1,C04558
C04559-K1,C04559
C04560-K1,C04560
C04561-K1,C04561
C04562-K1,C04562
C04563-K1,C04563
C04564-K1,C04564
C04565-K1,C04565
C04566-K1,C04566
C04567-K1,C04567
C04568-K1,C04568
C04569-K1,C04569
C04570-K1,C04570
C04571-K1,C04571
C04571-K2,C04571
C04572-K1,C04572
C04573-K1,C04573
C04574-K1,C04574
C04575-K1,C04575
C04575-K2,C04575
C04576-K1,C04576
C04577-K1,C04577
C04578-K1,C04578
C04579-K1,C04579
C04580-K1,C04580
C04581-K1,C04581
C04582-K1,C04582
C04583-K1,C04583
C04584-K1,C04584
C04585-K1,C04585
C04586-K1,C04586
C04587-K1,C04587
C04588-K1,C04588
C04589-K1,C04589
C04590-K1,C04590
C04591-K1,C04591
C04592-K1,C04592
C04593-K1,C04593
C04594-K1,C04594
C04595-K1,C04595
C04596-K1,C04596
C04597-K1,C04597
C04597-K2,C04597
C04598-K1,C04598
C04599-K1,C04599
C04600-K1,C04600
C04601-K1,C04601
C04601-K2,C04601
C04602-K1,C04602
C04603-K1,C04603
C04604-K1,C04604
C04605-K1,C04605
C04606-K1,C04606
C04607-K1,C04607
C04608-K1,C04608
C04609-K1,C04609
C04610-K1,C04610
C04611-K1,C04611
C04612-K1,C04612
C04613-K1,C04613
C04614-K1,C04614
C04615-K1,C04615
C04616-K1,C04616
C04617-K1,C04617
C04618-K1,C04618
C04619-K1,C04619
C04620-K1,C04620
C04621-K1,C04621
C04622-K1,C04622
C04622-K2,C04622
C04623-K1,C04623
C04624-K1,C04624
C04625-K1,C04625
C04626-K1,C04626
C04627-K1,C04627
C04628-K1,C04628
C04629-K1,C04629
C04630-K1,C04630
C04631-K1,C04631
C04632-K1,C04632
C04633-K1,C04633
C04634-K1,C04634
C04635-K1,C04635
C04636-K1,C04636
C04637-K1,C04637
C04638-K1,C04638
C04639-K1,C04639
C04640-K1,C04640
C04641-K1,C04641
C04642-K1,C04642
C04643-K1,C04643
C04644-K1,C04644
C04645-K1,C04645
C04646-K1,C04646
C04647-K1,C04647
C04648-K1,C04648
C04649-K1,C04649
C04650-K1,C04650
C04651-K1,C04651
C04652-K1,C04652
C04653-K1,C04653
C04654-K1,C04654
C04655-K1,C04655
C04656-K1,C04656
C04656-K2,C04656
C04657-K1,C04657
C04658-K1,C04658
C04659-K1,C04659
C04660-K1,C04660
C04661-K1,C04661
C04662-K1,C04662
C04663-K1,C04663
C04664-K1,C04664
C04665-K1,C04665
C04666-K1,C04666
C04667-K1,C04667
C04668-K1,C04668
C04669-K1,C04669
C04670-K1,C04670
C04671-K1,C04671
C04672-K1,C04672
C04673-K1,C04673
C04674-K1,C04674
C04675-K1,C04675
C04676-K1,C04676
C04676-K2,C04676
C04677-K1,C04677
C04678-K1,C04678
C04679-K1,C04679
C04680-K1,C04680
C04681-K1,C04681
C04682-K1,C04682
C04683-K1,C04683
C04684-K1,C04684
C04685-K1,C04685
C04686-K1,C04686
C04687-K1,C04687
C04688-K1,C04688
C04689-K1,C04689
C04690-K1,C04690
C04691-K1,C04691
C04691-K2,C04691
C04692-K1,C04692
C04693-K1,C04693
C04694-K1,C04694
C04695-K1,C04695
C04696-K1,C04696
C04697-K1,C04697
C04698-K1,C04698
C04699-K1,C04699
C04700-K1,C04700
C04701-K1,C04701
C04702-K1,C04702
C04703-K1,C04703
C04704-K1,C04704
C04705-K1,C04705
C04706-K1,C04706
C04707-K1,C04707
C04708-K1,C04708
C04709-K1,C04709
C04709-K2,C04709
C04710-K1,C04710
C04711-K1,C04711
C04712-K1,C04712
C04713-K1,C04713
C04714-K1,C04714
C04715-K1,C04715
C04716-K1,C04716
C04717-K1,C04717
C04718-K1,C04718
C04719-K1,C04719
C04720-K1,C04720
C04721-K1,C04721
C04722-K1,C04722
C04723-K1,C04723
C04724-K1,C04724
C04725-K1,C04725
C04726-K1,C04726
C04727-K1,C04727
C04728-K1,C04728
C04729-K1,C04729
C04730-K1,C04730
C04731-K1,C04731
C04732-K1,C04732
C04732-K2,C04732
C04733-K1,C04733
C04734-K1,C04734
C04735-K1,C04735
C04736-K1,C04736
C04737-K1,C04737
C04738-K1,C04738
C04739-K1,C04739
C04740-K1,C04740
C04740-K2,C04740
C04741-K1,C04741
C04742-K1,C04742
C04743-K1,C04743
C04744-K1,C04744
C04745-K1,C04745
C04746-K1,C04746
C04747-K1,C04747
C04747-K2,C04747
C04748-K1,C04748
C04749-K1,C04749
C04750-K1,C04750
C04751-K1,C04751
C04752-K1,C04752
C04753-K1,C04753
C04754-K1,C04754
C04755-K1,C04755
C04756-K1,C04756
C04757-K1,C04757
C04758-K1,C04758
C04759-K1,C04759
C04760-K1,C04760
C04761-K1,C04761
C04762-K1,C04762
C04763-K1,C04763
C04764-K1,C04764
C04765-K1,C04765
C04766-K1,C04766
C04767-K1,C04767
C04768-K1,C04768
C04769-K1,C04769
C04770-K1,C04770
C04771-K1,C04771
C04772-K1,C04772
C04773-K1,C04773
C04773-K2,C04773
C04774-K1,C04774
C04775-K1,C04775
C04776-K1,C04776
C04777-K1,C04777
C04778-K1,C04778
C04779-K1,C04779
C04780-K1,C04780
C04781-K1,C04781
C04782-K1,C04782
C04783-K1,C04783
C04784-K1,C04784
C04785-K1,C04785
C04786-K1,C04786
C04787-K1,C04787
C04788-K1,C04788
C04789-K1,C04789
C04790-K1,C04790
C04791-K1,C04791
C04792-K1,C04792
C04793-K1,C04793
C04794-K1,C04794
C04795-K1,C04795
C04796-K1,C04796
C04797-K1,C04797
C04798-K1,C04798
C04798-K2,C04798
C04799-K1,C04799
C04800-K1,C04800
C04801-K1,C04801
C04802-K1,C04802
C04803-K1,C04803
C04804-K1,C04804
C04805-K1,C04805
C04805-K2,C04805
C04806-K1,C04806
C04807-K1,C04807
C04808-K1,C04808
C04809-K1,C04809
C04810-K1,C04810
C04811-K1,C04811
C04812-K1,C04812
C04813-K1,C04813
C04814-K1,C04814
C04815-K1,C04815
C04816-K1,C04816
C04817-K1,C04817
C04818-K1,C04818
C04819-K1,C04819
C04820-K1,C04820
C04821-K1,C04821
C04822-K1,C04822
C04823-K1,C04823
C04824-K1,C04824
C04825-K1,C04825
C04826-K1,C04826
C04827-K1,C04827
C04828-K1,C04828
C04828-K2,C04828
C04829-K1,C04829
C04830-K1,C04830
C04831-K1,C04831
C04832-K1,C04832
C04833-K1,C04833
C04833-K2,C04833
C04834-K1,C04834
C04835-K1,C04835
C04836-K1,C04836
C04837-K1,C04837
C04838-K1,C04838
C04839-K1,C04839
C04840-K1,C04840
C04840-K2,C04840
C04841-K1,C04841
C04842-K1,C04842
C04843-K1,C04843
C04844-K1,C04844
C04845-K1,C04845
C04846-K1,C04846
C04847-K1,C04847
C04847-K2,C04847
C04848-K1,C04848
C04849-K1,C04849
C04850-K1,C04850
C04851-K1,C04851
C04852-K1,C04852
C04853-K1,C04853
C04854-K1,C04854
C04854-K2,C04854
C04855-K1,C04855
C04856-K1,C04856
C04857-K1,C04857
C04858-K1,C04858
C04859-K1,C04859
C04860-K1,C04860
C04861-K1,C04861
C04861-K2,C04861
C04862-K1,C04862
C04863-K1,C04863
C04864-K1,C04864
C04865-K1,C04865
C04866-K1,C04866
C04867-K1,C04867
C04868-K1,C04868
C04869-K1,C04869
C04870-K1,C04870
C04871-K1,C04871
C04872-K1,C04872
C04873-K1,C04873
C04874-K1,C04874
C04875-K1,C04875
C04876-K1,C04876
C04877-K1,C04877
C04878-K1,C04878
C04879-K1,C04879
C04880-K1,C04880
C04881-K1,C04881
C04882-K1,C04882
C04883-K1,C04883
C04884-K1,C04884
C04885-K1,C04885
C04886-K1,C04886
C04887-K1,C04887
C04888-K1,C04888
C04889-K1,C04889
C04890-K1,C04890
C04891-K1,C04891
C04892-K1,C04892
C04893-K1,C04893
C04894-K1,C04894
C04895-K1,C04895
C04896-K1,C04896
C04897-K1,C04897
C04898-K1,C04898
C04899-K1,C04899
C04900-K1,C04900
C04901-K1,C04901
C04902-K1,C04902
C04903-K1,C04903
C04904-K1,C04904
C04905-K1,C04905
C04906-K1,C04906
C04907-K1,C04907
C04908-K1,C04908
C04909-K1,C04909
C04910-K1,C04910
C04911-K1,C04911
C04912-K1,C04912
C04913-K1,C04913
C04914-K1,C04914
C04915-K1,C04915
C04916-K1,C04916
C04917-K1,C04917
C04918-K1,C04918
C04919-K1,C04919
C04920-K1,C04920
C04921-K1,C04921
C04921-K2,C04921
C04922-K1,C04922
C04923-K1,C04923
C04924-K1,C04924
C04925-K1,C04925
C04926-K1,C04926
C04927-K1,C04927
C04928-K1,C04928
C04929-K1,C04929
C04930-K1,C04930
C04931-K1,C04931
C04932-K1,C04932
C04933-K1,C04933
C04934-K1,C04934
C04935-K1,C04935
C04936-K1,C04936
C04937-K1,C04937
C04938-K1,C04938
C04939-K1,C04939
C04940-K1,C04940
C04941-K1,C04941
C04942-K1,C04942
C04943-K1,C04943
C04944-K1,C04944
C04945-K1,C04945
C04946-K1,C04946
C04947-K1,C04947
C04948-K1,C04948
C04949-K1,C04949
C04950-K1,C04950
C04950-K2,C04950
C04951-K1,C04951
C04952-K1,C04952
C04953-K1,C04953
C04954-K1,C04954
C04955-K1,C04955
C04956-K1,C04956
C04957-K1,C04957
C04958-K1,C04958
C04959-K1,C04959
C04960-K1,C04960
C04961-K1,C04961
C04962-K1,C04962
C04963-K1,C04963
C04964-K1,C04964
C04965-K1,C04965
C04965-K2,C04965
C04966-K1,C04966
C04967-K1,C04967
C04968-K1,C04968
C04969-K1,C04969
C04970-K1,C04970
C04971-K1,C04971
C04972-K1,C04972
C04973-K1,C04973
C04974-K1,C04974
C04974-K2,C04974
C04975-K1,C04975
C04976-K1,C04976
C04977-K1,C04977
C04978-K1,C04978
C04979-K1,C04979
C04980-K1,C04980
C04981-K1,C04981
C04982-K1,C04982
C04983-K1,C04983
C04984-K1,C04984
C04984-K2,C04984
C04985-K1,C04985
C04986-K1,C04986
C04987-K1,C04987
C04988-K1,C04988
C04989-K1,C04989
C04990-K1,C04990
C04991-K1,C04991
C04992-K1,C04992
C04993-K1,C04993
C04994-K1,C04994
C04995-K1,C04995
C04996-K1,C04996
C04997-K1,C04997
C04998-K1,C04998
C04999-K1,C04999
C05000-K1,C05000
C05001-K1,C05001
C05002-K1,C05002
C05003-K1,C05003
C05004-K1,C05004
C05005-K1,C05005
C05006-K1,C05006
C05007-K1,C05007
C05008-K1,C05008
C05009-K1,C05009
C05010-K1,C05010
C05011-K1,C05011
C05012-K1,C05012
C05013-K1,C05013
C05014-K1,C05014
C05015-K1,C05015
C05016-K1,C05016
C05017-K1,C05017
C05018-K1,C05018
C05019-K1,C05019
C05020-K1,C05020
C05021-K1,C05021
C05022-K1,C05022
C05023-K1,C05023
C05024-K1,C05024
C05025-K1,C05025
C05026-K1,C05026
C05027-K1,C05027
C05028-K1,C05028
C05029-K1,C05029
C05030-K1,C05030
C05031-K1,C05031
C05031-K2,C05031
C05031-K3,C05031
C05032-K1,C05032
C05033-K1,C05033
C05034-K1,C05034
C05035-K1,C05035
C05036-K1,C05036
C05037-K1,C05037
C05038-K1,C05038
C05039-K1,C05039
C05040-K1,C05040
C05041-K1,C05041
C05042-K1,C05042
C05043-K1,C05043
C05044-K1,C05044
C05045-K1,C05045
C05046-K1,C05046
C05046-K2,C05046
C05047-K1,C05047
C05048-K1,C05048
C05049-K1,C05049
C05050-K1,C05050
C05051-K1,C05051
C05052-K1,C05052
C05053-K1,C05053
C05054-K1,C05054
C05054-K2,C05054
C05055-K1,C05055
C05056-K1,C05056
C05057-K1,C05057
C05058-K1,C05058
C05059-K1,C05059
C05060-K1,C05060
C05061-K1,C05061
C05062-K1,C05062
C05062-K2,C05062
C05063-K1,C05063
C05064-K1,C05064
C05065-K1,C05065
C05066-K1,C05066
C05067-K1,C05067
C05068-K1,C05068
C05069-K1,C05069
C05070-K1,C05070
C05071-K1,C05071
C05072-K1,C05072
C05072-K2,C05072
C05073-K1,C05073
C05074-K1,C05074
C05075-K1,C05075
C05076-K1,C05076
C05077-K1,C05077
C05077-K2,C05077
C05078-K1,C05078
C05079-K1,C05079
C05079-K2,C05079
C05080-K1,C05080
C05081-K1,C05081
C05082-K1,C05082
C05083-K1,C05083
C05084-K1,C05084
C05085-K1,C05085
C05085-K2,C05085
C05086-K1,C05086
C05087-K1,C05087
C05088-K1,C05088
C05089-K1,C05089
C05090-K1,C05090
C05091-K1,C05091
C05092-K1,C05092
C05093-K1,C05093
C05094-K1,C05094
C05094-K2,C05094
C05095-K1,C05095
C05096-K1,C05096
C05097-K1,C05097
C05097-K2,C05097
C05098-K1,C05098
C05099-K1,C05099
C05100-K1,C05100
C05101-K1,C05101
C05102-K1,C05102
C05103-K1,C05103
C05104-K1,C05104
C05105-K1,C05105
C05106-K1,C05106
C05107-K1,C05107
C05107-K2,C05107
C05108-K1,C05108
C05109-K1,C05109
C05110-K1,C05110
C05111-K1,C05111
C05112-K1,C05112
C05113-K1,C05113
C05114-K1,C05114
C05115-K1,C05115
C05115-K2,C05115
C05116-K1,C05116
C05117-K1,C05117
C05118-K1,C05118
C05119-K1,C05119
C05120-K1,C05120
C05121-K1,C05121
C05122-K1,C05122
C05123-K1,C05123
C05124-K1,C05124
C05125-K1,C05125
C05126-K1,C05126
C05126-K2,C05126
C05127-K1,C05127
C05128-K1,C05128
C05129-K1,C05129
C05130-K1,C05130
C05131-K1,C05131
C05132-K1,C05132
C05133-K1,C05133
C05134-K1,C05134
C05135-K1,C05135
C05135-K2,C05135
C05136-K1,C05136
C05137-K1,C05137
C05138-K1,C05138
C05139-K1,C05139
C05140-K1,C05140
C05141-K1,C05141
C05142-K1,C05142
C05143-K1,C05143
C05144-K1,C05144
C05145-K1,C05145
C05146-K1,C05146
C05147-K1,C05147
C05148-K1,C05148
C05149-K1,C05149
C05150-K1,C05150
C05151-K1,C05151
C05152-K1,C05152
C05153-K1,C05153
C05153-K2,C05153
C05154-K1,C05154
C05155-K1,C05155
C05156-K1,C05156
C05157-K1,C05157
C05158-K1,C05158
C05159-K1,C05159
C05160-K1,C05160
C05161-K1,C05161
C05162-K1,C05162
C05163-K1,C05163
C05164-K1,C05164
C05165-K1,C05165
C05166-K1,C05166
C05167-K1,C05167
C05168-K1,C05168
C05169-K1,C05169
C05170-K1,C05170
C05171-K1,C05171
C05172-K1,C05172
C05173-K1,C05173
C05174-K1,C05174
C05175-K1,C05175
C05176-K1,C05176
C05177-K1,C05177
C05178-K1,C05178
C05179-K1,C05179
C05180-K1,C05180
C05181-K1,C05181
C05182-K1,C05182
C05183-K1,C05183
C05184-K1,C05184
C05185-K1,C05185
C05186-K1,C05186
C05187-K1,C05187
C05188-K1,C05188
C05189-K1,C05189
C05190-K1,C05190
C05191-K1,C05191
C05192-K1,C05192
C05192-K2,C05192
C05193-K1,C05193
C05194-K1,C05194
C05195-K1,C05195
C05195-K2,C05195
C05196-K1,C05196
C05197-K1,C05197
C05198-K1,C05198
C05199-K1,C05199
C05200-K1,C05200
C05201-K1,C05201
C05202-K1,C05202
C05203-K1,C05203
C05204-K1,C05204
C05205-K1,C05205
C05205-K2,C05205
C05206-K1,C05206
C05207-K1,C05207
C05208-K1,C05208
C05209-K1,C05209
C05210-K1,C05210
C05211-K1,C05211
C05212-K1,C05212
C05212-K2,C05212
C05213-K1,C05213
C05214-K1,C05214
C05215-K1,C05215
C05216-K1,C05216
C05217-K1,C05217
C05218-K1,C05218
C05219-K1,C05219
C05220-K1,C05220
C05221-K1,C05221
C05222-K1,C05222
C05223-K1,C05223
C05224-K1,C05224
C05225-K1,C05225
C05226-K1,C05226
C05227-K1,C05227
C05228-K1,C05228
C05229-K1,C05229
C05230-K1,C05230
C05231-K1,C05231
C05232-K1,C05232
C05233-K1,C05233
C05234-K1,C05234
C05235-K1,C05235
C05236-K1,C05236
C05237-K1,C05237
C05238-K1,C05238
C05239-K1,C05239
C05239-K2,C05239
C05240-K1,C05240
C05241-K1,C05241
C05242-K1,C05242
C05243-K1,C05243
C05244-K1,C05244
C05245-K1,C05245
C05245-K2,C05245
C05246-K1,C05246
C05247-K1,C05247
C05248-K1,C05248
C05249-K1,C05249
C05250-K1,C05250
C05251-K1,C05251
C05252-K1,C05252
C05253-K1,C05253
C05254-K1,C05254
C05255-K1,C05255
C05256-K1,C05256
C05257-K1,C05257
C05258-K1,C05258
C05258-K2,C05258
C05259-K1,C05259
C05260-K1,C05260
C05261-K1,C05261
C05262-K1,C05262
C05263-K1,C05263
C05263-K2,C05263
C05264-K1,C05264
C05265-K1,C05265
C05266-K1,C05266
C05267-K1,C05267
C05268-K1,C05268
C05269-K1,C05269
C05270-K1,C05270
C05271-K1,C05271
C05272-K1,C05272
C05272-K2,C05272
C05273-K1,C05273
C05274-K1,C05274
C05275-K1,C05275
C05276-K1,C05276
C05276-K2,C05276
C05277-K1,C05277
C05278-K1,C05278
C05279-K1,C05279
C05279-K2,C05279
C05280-K1,C05280
C05281-K1,C05281
C05282-K1,C05282
C05282-K2,C05282
C05283-K1,C05283
C05284-K1,C05284
C05284-K2,C05284
C05285-K1,C05285
C05286-K1,C05286
C05287-K1,C05287
C05288-K1,C05288
C05289-K1,C05289
C05289-K2,C05289
C05290-K1,C05290
C05290-K2,C05290
C05291-K1,C05291
C05292-K1,C05292
C05293-K1,C05293
C05294-K1,C05294
C05295-K1,C05295
C05296-K1,C05296
C05297-K1,C05297
C05298-K1,C05298
C05299-K1,C05299
C05300-K1,C05300
C05301-K1,C05301
C05302-K1,C05302
C05303-K1,C05303
C05304-K1,C05304
C05305-K1,C05305
C05306-K1,C05306
C05307-K1,C05307
C05307-K2,C05307
C05308-K1,C05308
C05309-K1,C05309
C05309-K2,C05309
C05310-K1,C05310
C05311-K1,C05311
C05312-K1,C05312
C05312-K2,C05312
C05313-K1,C05313
C05314-K1,C05314
C05315-K1,C05315
C05316-K1,C05316
C05317-K1,C05317
C05318-K1,C05318
C05318-K2,C05318
C05319-K1,C05319
C05320-K1,C05320
C05321-K1,C05321
C05322-K1,C05322
C05323-K1,C05323
C05324-K1,C05324
C05325-K1,C05325
C05326-K1,C05326
C05327-K1,C05327
C05328-K1,C05328
C05329-K1,C05329
C05330-K1,C05330
C05330-K2,C05330
C05331-K1,C05331
C05332-K1,C05332
C05333-K1,C05333
C05334-K1,C05334
C05335-K1,C05335
C05336-K1,C05336
C05337-K1,C05337
C05338-K1,C05338
C05339-K1,C05339
C05340-K1,C05340
C05341-K1,C05341
C05342-K1,C05342
C05343-K1,C05343
C05344-K1,C05344
C05345-K1,C05345
C05346-K1,C05346
C05347-K1,C05347
C05348-K1,C05348
C05349-K1,C05349
C05350-K1,C05350
C05351-K1,C05351
C05352-K1,C05352
C05353-K1,C05353
C05354-K1,C05354
C05355-K1,C05355
C05356-K1,C05356
C05357-K1,C05357
C05358-K1,C05358
C05359-K1,C05359
C05360-K1,C05360
C05361-K1,C05361
C05362-K1,C05362
C05363-K1,C05363
C05364-K1,C05364
C05365-K1,C05365
C05366-K1,C05366
C05367-K1,C05367
C05368-K1,C05368
C05369-K1,C05369
C05369-K2,C05369
C05370-K1,C05370
C05371-K1,C05371
C05372-K1,C05372
C05373-K1,C05373
C05374-K1,C05374
C05375-K1,C05375
C05376-K1,C05376
C05377-K1,C05377
C05378-K1,C05378
C05378-K2,C05378
C05379-K1,C05379
C05380-K1,C05380
C05381-K1,C05381
C05381-K2,C05381
C05382-K1,C05382
C05383-K1,C05383
C05384-K1,C05384
C05385-K1,C05385
C05385-K2,C05385
C05386-K1,C05386
C05387-K1,C05387
C05388-K1,C05388
C05389-K1,C05389
C05390-K1,C05390
C05391-K1,C05391
C05392-K1,C05392
C05393-K1,C05393
C05394-K1,C05394
C05395-K1,C05395
C05396-K1,C05396
C05397-K1,C05397
C05398-K1,C05398
C05399-K1,C05399
C05400-K1,C05400
C05401-K1,C05401
C05402-K1,C05402
C05402-K2,C05402
C05403-K1,C05403
C05404-K1,C05404
C05405-K1,C05405
C05406-K1,C05406
C05407-K1,C05407
C05408-K1,C05408
C05409-K1,C05409
C05410-K1,C05410
C05411-K1,C05411
C05412-K1,C05412
C05413-K1,C05413
C05414-K1,C05414
C05415-K1,C05415
C05416-K1,C05416
C05417-K1,C05417
C05418-K1,C05418
C05419-K1,C05419
C05420-K1,C05420
C05421-K1,C05421
C05422-K1,C05422
C05423-K1,C05423
C05424-K1,C05424
C05425-K1,C05425
C05426-K1,C05426
C05427-K1,C05427
C05428-K1,C05428
C05429-K1,C05429
C05430-K1,C05430
C05431-K1,C05431
C05432-K1,C05432
C05433-K1,C05433
C05433-K2,C05433
C05434-K1,C05434
C05435-K1,C05435
C05436-K1,C05436
C05437-K1,C05437
C05438-K1,C05438
C05439-K1,C05439
C05440-K1,C05440
C05441-K1,C05441
C05442-K1,C05442
C05443-K1,C05443
C05444-K1,C05444
C05445-K1,C05445
C05446-K1,C05446
C05447-K1,C05447
C05448-K1,C05448
C05448-K2,C05448
C05449-K1,C05449
C05450-K1,C05450
C05451-K1,C05451
C05452-K1,C05452
C05453-K1,C05453
C05453-K2,C05453
C05454-K1,C05454
C05455-K1,C05455
C05456-K1,C05456
C05457-K1,C05457
C05458-K1,C05458
C05459-K1,C05459
C05459-K2,C05459
C05460-K1,C05460
C05461-K1,C05461
C05462-K1,C05462
C05463-K1,C05463
C05464-K1,C05464
C05465-K1,C05465
C05466-K1,C05466
C05467-K1,C05467
C05468-K1,C05468
C05469-K1,C05469
C05470-K1,C05470
C05470-K2,C05470
C05471-K1,C05471
C05472-K1,C05472
C05473-K1,C05473
C05474-K1,C05474
C05475-K1,C05475
C05476-K1,C05476
C05477-K1,C05477
C05478-K1,C05478
C05479-K1,C05479
C05480-K1,C05480
C05481-K1,C05481
C05482-K1,C05482
C05483-K1,C05483
C05484-K1,C05484
C05485-K1,C05485
C05486-K1,C05486
C05487-K1,C05487
C05488-K1,C05488
C05489-K1,C05489
C05490-K1,C05490
C05491-K1,C05491
C05492-K1,C05492
C05493-K1,C05493
C05494-K1,C05494
C05495-K1,C05495
C05496-K1,C05496
C05497-K1,C05497
C05498-K1,C05498
C05499-K1,C05499
C05500-K1,C05500
C05501-K1,C05501
C05502-K1,C05502
C05503-K1,C05503
C05504-K1,C05504
C05505-K1,C05505
C05506-K1,C05506
C05507-K1,C05507
C05508-K1,C05508
C05509-K1,C05509
C05509-K2,C05509
C05509-K3,C05509
C05510-K1,C05510
C05511-K1,C05511
C05512-K1,C05512
C05513-K1,C05513
C05513-K2,C05513
C05514-K1,C05514
C05515-K1,C05515
C05516-K1,C05516
C05517-K1,C05517
C05518-K1,C05518
C05519-K1,C05519
C05519-K2,C05519
C05520-K1,C05520
C05521-K1,C05521
C05522-K1,C05522
C05523-K1,C05523
C05524-K1,C05524
C05525-K1,C05525
C05526-K1,C05526
C05527-K1,C05527
C05528-K1,C05528
C05529-K1,C05529
C05530-K1,C05530
C05530-K2,C05530
C05531-K1,C05531
C05532-K1,C05532
C05533-K1,C05533
C05534-K1,C05534
C05535-K1,C05535
C05536-K1,C05536
C05537-K1,C05537
C05538-K1,C05538
C05539-K1,C05539
C05540-K1,C05540
C05541-K1,C05541
C05542-K1,C05542
C05543-K1,C05543
C05544-K1,C05544
C05545-K1,C05545
C05546-K1,C05546
C05547-K1,C05547
C05548-K1,C05548
C05549-K1,C05549
C05550-K1,C05550
C05551-K1,C05551
C05551-K2,C05551
C05552-K1,C05552
C05553-K1,C05553
C05554-K1,C05554
C05555-K1,C05555
C05556-K1,C05556
C05557-K1,C05557
C05558-K1,C05558
C05559-K1,C05559
C05560-K1,C05560
C05560-K2,C05560
C05561-K1,C05561
C05562-K1,C05562
C05563-K1,C05563
C05564-K1,C05564
C05565-K1,C05565
C05566-K1,C05566
C05567-K1,C05567
C05568-K1,C05568
C05569-K1,C05569
C05570-K1,C05570
C05571-K1,C05571
C05572-K1,C05572
C05573-K1,C05573
C05574-K1,C05574
C05575-K1,C05575
C05576-K1,C05576
C05577-K1,C05577
C05578-K1,C05578
C05579-K1,C05579
C05580-K1,C05580
C05581-K1,C05581
C05582-K1,C05582
C05583-K1,C05583
C05584-K1,C05584
C05585-K1,C05585
C05586-K1,C05586
C05587-K1,C05587
C05588-K1,C05588
C05589-K1,C05589
C05590-K1,C05590
C05591-K1,C05591
C05592-K1,C05592
C05593-K1,C05593
C05594-K1,C05594
C05594-K2,C05594
C05595-K1,C05595
C05596-K1,C05596
C05596-K2,C05596
C05597-K1,C05597
C05598-K1,C05598
C05599-K1,C05599
C05600-K1,C05600
C05601-K1,C05601
C05602-K1,C05602
C05603-K1,C05603
C05604-K1,C05604
C05604-K2,C05604
C05605-K1,C05605
C05606-K1,C05606
C05607-K1,C05607
C05608-K1,C05608
C05609-K1,C05609
C05610-K1,C05610
C05611-K1,C05611
C05612-K1,C05612
C05613-K1,C05613
C05614-K1,C05614
C05615-K1,C05615
C05616-K1,C05616
C05617-K1,C05617
C05618-K1,C05618
C05619-K1,C05619
C05620-K1,C05620
C05621-K1,C05621
C05622-K1,C05622
C05622-K2,C05622
C05623-K1,C05623
C05624-K1,C05624
C05625-K1,C05625
C05625-K2,C05625
C05626-K1,C05626
C05627-K1,C05627
C05628-K1,C05628
C05629-K1,C05629
C05630-K1,C05630
C05631-K1,C05631
C05632-K1,C05632
C05633-K1,C05633
C05634-K1,C05634
C05635-K1,C05635
C05636-K1,C05636
C05636-K2,C05636
C05637-K1,C05637
C05638-K1,C05638
C05639-K1,C05639
C05640-K1,C05640
C05641-K1,C05641
C05642-K1,C05642
C05643-K1,C05643
C05644-K1,C05644
C05645-K1,C05645
C05646-K1,C05646
C05647-K1,C05647
C05648-K1,C05648
C05649-K1,C05649
C05650-K1,C05650
C05651-K1,C05651
C05652-K1,C05652
C05653-K1,C05653
C05654-K1,C05654
C05655-K1,C05655
C05656-K1,C05656
C05657-K1,C05657
C05658-K1,C05658
C05659-K1,C05659
C05660-K1,C05660
C05661-K1,C05661
C05662-K1,C05662
C05663-K1,C05663
C05664-K1,C05664
C05665-K1,C05665
C05666-K1,C05666
C05667-K1,C05667
C05668-K1,C05668
C05669-K1,C05669
C05670-K1,C05670
C05671-K1,C05671
C05672-K1,C05672
C05673-K1,C05673
C05674-K1,C05674
C05675-K1,C05675
C05676-K1,C05676
C05677-K1,C05677
C05678-K1,C05678
C05679-K1,C05679
C05680-K1,C05680
C05681-K1,C05681
C05682-K1,C05682
C05683-K1,C05683
C05683-K2,C05683
C05684-K1,C05684
C05685-K1,C05685
C05686-K1,C05686
C05687-K1,C05687
C05688-K1,C05688
C05689-K1,C05689
C05689-K2,C05689
C05690-K1,C05690
C05691-K1,C05691
C05692-K1,C05692
C05693-K1,C05693
C05694-K1,C05694
C05695-K1,C05695
C05696-K1,C05696
C05697-K1,C05697
C05698-K1,C05698
C05699-K1,C05699
C05700-K1,C05700
C05701-K1,C05701
C05702-K1,C05702
C05703-K1,C05703
C05704-K1,C05704
C05704-K2,C05704
C05705-K1,C05705
C05706-K1,C05706
C05707-K1,C05707
C05708-K1,C05708
C05709-K1,C05709
C05710-K1,C05710
C05711-K1,C05711
C05712-K1,C05712
C05713-K1,C05713
C05714-K1,C05714
C05714-K2,C05714
C05715-K1,C05715
C05716-K1,C05716
C05717-K1,C05717
C05718-K1,C05718
C05719-K1,C05719
C05720-K1,C05720
C05721-K1,C05721
C05722-K1,C05722
C05723-K1,C05723
C05724-K1,C05724
C05725-K1,C05725
C05726-K1,C05726
C05727-K1,C05727
C05728-K1,C05728
C05729-K1,C05729
C05730-K1,C05730
C05731-K1,C05731
C05732-K1,C05732
C05733-K1,C05733
C05734-K1,C05734
C05735-K1,C05735
C05736-K1,C05736
C05737-K1,C05737
C05738-K1,C05738
C05739-K1,C05739
C05739-K2,C05739
C05740-K1,C05740
C05741-K1,C05741
C05742-K1,C05742
C05743-K1,C05743
C05744-K1,C05744
C05744-K2,C05744
C05745-K1,C05745
C05746-K1,C05746
C05747-K1,C05747
C05748-K1,C05748
C05749-K1,C05749
C05750-K1,C05750
C05751-K1,C05751
C05752-K1,C05752
C05753-K1,C05753
C05754-K1,C05754
C05755-K1,C05755
C05756-K1,C05756
C05757-K1,C05757
C05758-K1,C05758
C05759-K1,C05759
C05760-K1,C05760
C05761-K1,C05761
C05761-K2,C05761
C05762-K1,C05762
C05763-K1,C05763
C05764-K1,C05764
C05764-K2,C05764
C05765-K1,C05765
C05766-K1,C05766
C05767-K1,C05767
C05768-K1,C05768
C05769-K1,C05769
C05770-K1,C05770
C05771-K1,C05771
C05772-K1,C05772
C05773-K1,C05773
C05774-K1,C05774
C05775-K1,C05775
C05776-K1,C05776
C05777-K1,C05777
C05778-K1,C05778
C05779-K1,C05779
C05780-K1,C05780
C05781-K1,C05781
C05782-K1,C05782
C05782-K2,C05782
C05783-K1,C05783
C05784-K1,C05784
C05785-K1,C05785
C05786-K1,C05786
C05786-K2,C05786
C05787-K1,C05787
C05788-K1,C05788
C05788-K2,C05788
C05789-K1,C05789
C05790-K1,C05790
C05791-K1,C05791
C05791-K2,C05791
C05792-K1,C05792
C05793-K1,C05793
C05794-K1,C05794
C05795-K1,C05795
C05796-K1,C05796
C05797-K1,C05797
C05798-K1,C05798
C05799-K1,C05799
C05800-K1,C05800
C05801-K1,C05801
C05802-K1,C05802
C05803-K1,C05803
C05804-K1,C05804
C05805-K1,C05805
C05806-K1,C05806
C05807-K1,C05807
C05808-K1,C05808
C05809-K1,C05809
C05810-K1,C05810
C05811-K1,C05811
C05812-K1,C05812
C05813-K1,C05813
C05814-K1,C05814
C05814-K2,C05814
C05815-K1,C05815
C05816-K1,C05816
C05817-K1,C05817
C05818-K1,C05818
C05819-K1,C05819
C05820-K1,C05820
C05821-K1,C05821
C05822-K1,C05822
C05823-K1,C05823
C05824-K1,C05824
C05825-K1,C05825
C05826-K1,C05826
C05827-K1,C05827
C05828-K1,C05828
C05829-K1,C05829
C05830-K1,C05830
C05831-K1,C05831
C05832-K1,C05832
C05833-K1,C05833
C05834-K1,C05834
C05835-K1,C05835
C05835-K2,C05835
C05836-K1,C05836
C05837-K1,C05837
C05838-K1,C05838
C05839-K1,C05839
C05840-K1,C05840
C05841-K1,C05841
C05842-K1,C05842
C05843-K1,C05843
C05844-K1,C05844
C05845-K1,C05845
C05846-K1,C05846
C05847-K1,C05847
C05848-K1,C05848
C05849-K1,C05849
C05850-K1,C05850
C05851-K1,C05851
C05852-K1,C05852
C05853-K1,C05853
C05854-K1,C05854
C05855-K1,C05855
C05856-K1,C05856
C05857-K1,C05857
C05858-K1,C05858
C05859-K1,C05859
C05860-K1,C05860
C05861-K1,C05861
C05862-K1,C05862
C05863-K1,C05863
C05863-K2,C05863
C05864-K1,C05864
C05865-K1,C05865
C05866-K1,C05866
C05867-K1,C05867
C05868-K1,C05868
C05869-K1,C05869
C05870-K1,C05870
C05871-K1,C05871
C05872-K1,C05872
C05873-K1,C05873
C05874-K1,C05874
C05875-K1,C05875
C05876-K1,C05876
C05876-K2,C05876
C05877-K1,C05877
C05878-K1,C05878
C05879-K1,C05879
C05880-K1,C05880
C05881-K1,C05881
C05882-K1,C05882
C05883-K1,C05883
C05884-K1,C05884
C05885-K1,C05885
C05886-K1,C05886
C05887-K1,C05887
C05887-K2,C05887
C05888-K1,C05888
C05889-K1,C05889
C05890-K1,C05890
C05891-K1,C05891
C05892-K1,C05892
C05893-K1,C05893
C05894-K1,C05894
C05895-K1,C05895
C05896-K1,C05896
C05897-K1,C05897
C05898-K1,C05898
C05899-K1,C05899
C05900-K1,C05900
C05901-K1,C05901
C05902-K1,C05902
C05902-K2,C05902
C05903-K1,C05903
C05904-K1,C05904
C05905-K1,C05905
C05906-K1,C05906
C05907-K1,C05907
C05908-K1,C05908
C05909-K1,C05909
C05910-K1,C05910
C05911-K1,C05911
C05912-K1,C05912
C05913-K1,C05913
C05913-K2,C05913
C05914-K1,C05914
C05915-K1,C05915
C05916-K1,C05916
C05917-K1,C05917
C05918-K1,C05918
C05919-K1,C05919
C05920-K1,C05920
C05921-K1,C05921
C05922-K1,C05922
C05922-K2,C05922
C05923-K1,C05923
C05924-K1,C05924
C05925-K1,C05925
C05926-K1,C05926
C05927-K1,C05927
C05928-K1,C05928
C05929-K1,C05929
C05930-K1,C05930
C05931-K1,C05931
C05932-K1,C05932
C05933-K1,C05933
C05934-K1,C05934
C05935-K1,C05935
C05935-K2,C05935
C05936-K1,C05936
C05937-K1,C05937
C05938-K1,C05938
C05939-K1,C05939
C05940-K1,C05940
C05941-K1,C05941
C05942-K1,C05942
C05943-K1,C05943
C05944-K1,C05944
C05945-K1,C05945
C05946-K1,C05946
C05947-K1,C05947
C05948-K1,C05948
C05949-K1,C05949
C05950-K1,C05950
C05951-K1,C05951
C05952-K1,C05952
C05953-K1,C05953
C05954-K1,C05954
C05955-K1,C05955
C05956-K1,C05956
C05957-K1,C05957
C05957-K2,C05957
C05958-K1,C05958
C05959-K1,C05959
C05960-K1,C05960
C05961-K1,C05961
C05962-K1,C05962
C05963-K1,C05963
C05964-K1,C05964
C05965-K1,C05965
C05966-K1,C05966
C05967-K1,C05967
C05968-K1,C05968
C05969-K1,C05969
C05970-K1,C05970
C05971-K1,C05971
C05972-K1,C05972
C05973-K1,C05973
C05974-K1,C05974
C05975-K1,C05975
C05976-K1,C05976
C05977-K1,C05977
C05978-K1,C05978
C05979-K1,C05979
C05980-K1,C05980
C05981-K1,C05981
C05982-K1,C05982
C05983-K1,C05983
C05984-K1,C05984
C05985-K1,C05985
C05985-K2,C05985
C05986-K1,C05986
C05986-K2,C05986
C05987-K1,C05987
C05988-K1,C05988
C05989-K1,C05989
C05990-K1,C05990
C05991-K1,C05991
C05992-K1,C05992
C05993-K1,C05993
C05994-K1,C05994
C05995-K1,C05995
C05996-K1,C05996
C05997-K1,C05997
C05998-K1,C05998
C05999-K1,C05999
C06000-K1,C06000
C06001-K1,C06001
C06002-K1,C06002
C06003-K1,C06003
C06004-K1,C06004
C06005-K1,C06005
C06006-K1,C06006
C06006-K2,C06006
C06007-K1,C06007
C06008-K1,C06008
C06009-K1,C06009
C06010-K1,C06010
C06010-K2,C06010
C06011-K1,C06011
C06012-K1,C06012
C06013-K1,C06013
C06014-K1,C06014
C06015-K1,C06015
C06016-K1,C06016
C06017-K1,C06017
C06017-K2,C06017
C06018-K1,C06018
C06019-K1,C06019
C06020-K1,C06020
C06021-K1,C06021
C06021-K2,C06021
C06022-K1,C06022
C06022-K2,C06022
C06023-K1,C06023
C06024-K1,C06024
C06025-K1,C06025
C06026-K1,C06026
C06026-K2,C06026
C06027-K1,C06027
C06028-K1,C06028
C06029-K1,C06029
C06030-K1,C06030
C06031-K1,C06031
C06031-K2,C06031
C06032-K1,C06032
C06033-K1,C06033
C06034-K1,C06034
C06035-K1,C06035
C06036-K1,C06036
C06037-K1,C06037
C06038-K1,C06038
C06039-K1,C06039
C06040-K1,C06040
C06041-K1,C06041
C06042-K1,C06042
C06043-K1,C06043
C06044-K1,C06044
C06045-K1,C06045
C06046-K1,C06046
C06047-K1,C06047
C06048-K1,C06048
C06049-K1,C06049
C06050-K1,C06050
C06051-K1,C06051
C06052-K1,C06052
C06053-K1,C06053
C06054-K1,C06054
C06055-K1,C06055
C06056-K1,C06056
C06057-K1,C06057
C06058-K1,C06058
C06059-K1,C06059
C06059-K2,C06059
C06060-K1,C06060
C06061-K1,C06061
C06062-K1,C06062
C06063-K1,C06063
C06064-K1,C06064
C06065-K1,C06065
C06066-K1,C06066
C06067-K1,C06067
C06067-K2,C06067
C06068-K1,C06068
C06069-K1,C06069
C06070-K1,C06070
C06070-K2,C06070
C06071-K1,C06071
C06072-K1,C06072
C06073-K1,C06073
C06074-K1,C06074
C06075-K1,C06075
C06076-K1,C06076
C06077-K1,C06077
C06078-K1,C06078
C06079-K1,C06079
C06080-K1,C06080
C06081-K1,C06081
C06082-K1,C06082
C06083-K1,C06083
C06084-K1,C06084
C06084-K2,C06084
C06085-K1,C06085
C06086-K1,C06086
C06087-K1,C06087
C06088-K1,C06088
C06089-K1,C06089
C06090-K1,C06090
C06091-K1,C06091
C06092-K1,C06092
C06093-K1,C06093
C06094-K1,C06094
C06095-K1,C06095
C06096-K1,C06096
C06097-K1,C06097
C06098-K1,C06098
C06098-K2,C06098
C06099-K1,C06099
C06100-K1,C06100
C06101-K1,C06101
C06102-K1,C06102
C06103-K1,C06103
C06104-K1,C06104
C06105-K1,C06105
C06106-K1,C06106
C06107-K1,C06107
C06107-K2,C06107
C06108-K1,C06108
C06109-K1,C06109
C06110-K1,C06110
C06111-K1,C06111
C06112-K1,C06112
C06113-K1,C06113
C06114-K1,C06114
C06115-K1,C06115
C06115-K2,C06115
C06116-K1,C06116
C06117-K1,C06117
C06118-K1,C06118
C06119-K1,C06119
C06120-K1,C06120
C06121-K1,C06121
C06121-K2,C06121
C06122-K1,C06122
C06123-K1,C06123
C06124-K1,C06124
C06125-K1,C06125
C06126-K1,C06126
C06127-K1,C06127
C06128-K1,C06128
C06129-K1,C06129
C06130-K1,C06130
C06131-K1,C06131
C06132-K1,C06132
C06133-K1,C06133
C06134-K1,C06134
C06134-K2,C06134
C06135-K1,C06135
C06136-K1,C06136
C06137-K1,C06137
C06138-K1,C06138
C06139-K1,C06139
C06139-K2,C06139
C06140-K1,C06140
C06141-K1,C06141
C06142-K1,C06142
C06143-K1,C06143
C06144-K1,C06144
C06145-K1,C06145
C06146-K1,C06146
C06147-K1,C06147
C06147-K2,C06147
C06148-K1,C06148
C06149-K1,C06149
C06150-K1,C06150
C06151-K1,C06151
C06152-K1,C06152
C06153-K1,C06153
C06154-K1,C06154
C06155-K1,C06155
C06156-K1,C06156
C06157-K1,C06157
C06158-K1,C06158
C06159-K1,C06159
C06160-K1,C06160
C06161-K1,C06161
C06162-K1,C06162
C06163-K1,C06163
C06164-K1,C06164
C06165-K1,C06165
C06166-K1,C06166
C06167-K1,C06167
C06168-K1,C06168
C06169-K1,C06169
C06170-K1,C06170
C06171-K1,C06171
C06172-K1,C06172
C06173-K1,C06173
C06174-K1,C06174
C06175-K1,C06175
C06176-K1,C06176
C06177-K1,C06177
C06178-K1,C06178
C06179-K1,C06179
C06180-K1,C06180
C06181-K1,C06181
C06182-K1,C06182
C06183-K1,C06183
C06184-K1,C06184
C06185-K1,C06185
C06186-K1,C06186
C06187-K1,C06187
C06188-K1,C06188
C06189-K1,C06189
C06190-K1,C06190
C06191-K1,C06191
C06192-K1,C06192
C06193-K1,C06193
C06194-K1,C06194
C06194-K2,C06194
C06195-K1,C06195
C06196-K1,C06196
C06197-K1,C06197
C06197-K2,C06197
C06198-K1,C06198
C06199-K1,C06199
C06200-K1,C06200
C06201-K1,C06201
C06202-K1,C06202
C06203-K1,C06203
C06204-K1,C06204
C06205-K1,C06205
C06206-K1,C06206
C06207-K1,C06207
C06208-K1,C06208
C06209-K1,C06209
C06210-K1,C06210
C06211-K1,C06211
C06212-K1,C06212
C06213-K1,C06213
C06214-K1,C06214
C06215-K1,C06215
C06216-K1,C06216
C06217-K1,C06217
C06218-K1,C06218
C06219-K1,C06219
C06220-K1,C06220
C06221-K1,C06221
C06222-K1,C06222
C06223-K1,C06223
C06224-K1,C06224
C06224-K2,C06224
C06225-K1,C06225
C06226-K1,C06226
C06227-K1,C06227
C06228-K1,C06228
C06229-K1,C06229
C06230-K1,C06230
C06231-K1,C06231
C06232-K1,C06232
C06233-K1,C06233
C06234-K1,C06234
C06235-K1,C06235
C06236-K1,C06236
C06237-K1,C06237
C06238-K1,C06238
C06239-K1,C06239
C06240-K1,C06240
C06241-K1,C06241
C06241-K2,C06241
C06242-K1,C06242
C06243-K1,C06243
C06244-K1,C06244
C06245-K1,C06245
C06246-K1,C06246
C06247-K1,C06247
C06248-K1,C06248
C06249-K1,C06249
C06250-K1,C06250
C06251-K1,C06251
C06252-K1,C06252
C06253-K1,C06253
C06254-K1,C06254
C06255-K1,C06255
C06256-K1,C06256
C06257-K1,C06257
C06258-K1,C06258
C06259-K1,C06259
C06260-K1,C06260
C06261-K1,C06261
C06262-K1,C06262
C06263-K1,C06263
C06264-K1,C06264
C06265-K1,C06265
C06266-K1,C06266
C06267-K1,C06267
C06268-K1,C06268
C06269-K1,C06269
C06270-K1,C06270
C06271-K1,C06271
C06272-K1,C06272
C06273-K1,C06273
C06274-K1,C06274
C06275-K1,C06275
C06276-K1,C06276
C06277-K1,C06277
C06278-K1,C06278
C06279-K1,C06279
C06280-K1,C06280
C06281-K1,C06281
C06282-K1,C06282
C06283-K1,C06283
C06284-K1,C06284
C06285-K1,C06285
C06286-K1,C06286
C06287-K1,C06287
C06288-K1,C06288
C06289-K1,C06289
C06290-K1,C06290
C06291-K1,C06291
C06292-K1,C06292
C06293-K1,C06293
C06294-K1,C06294
C06295-K1,C06295
C06296-K1,C06296
C06297-K1,C06297
C06298-K1,C06298
C06299-K1,C06299
C06300-K1,C06300
C06300-K2,C06300
C06301-K1,C06301
C06302-K1,C06302
C06303-K1,C06303
C06304-K1,C06304
C06305-K1,C06305
C06306-K1,C06306
C06307-K1,C06307
C06308-K1,C06308
C06309-K1,C06309
C06310-K1,C06310
C06311-K1,C06311
C06312-K1,C06312
C06313-K1,C06313
C06314-K1,C06314
C06315-K1,C06315
C06316-K1,C06316
C06317-K1,C06317
C06318-K1,C06318
C06319-K1,C06319
C06320-K1,C06320
C06321-K1,C06321
C06322-K1,C06322
C06323-K1,C06323
C06324-K1,C06324
C06325-K1,C06325
C06326-K1,C06326
C06327-K1,C06327
C06328-K1,C06328
C06329-K1,C06329
C06330-K1,C06330
C06331-K1,C06331
C06331-K2,C06331
C06332-K1,C06332
C06333-K1,C06333
C06334-K1,C06334
C06335-K1,C06335
C06336-K1,C06336
C06337-K1,C06337
C06338-K1,C06338
C06339-K1,C06339
C06340-K1,C06340
C06341-K1,C06341
C06342-K1,C06342
C06343-K1,C06343
C06344-K1,C06344
C06345-K1,C06345
C06346-K1,C06346
C06347-K1,C06347
C06348-K1,C06348
C06349-K1,C06349
C06350-K1,C06350
C06351-K1,C06351
C06352-K1,C06352
C06353-K1,C06353
C06354-K1,C06354
C06354-K2,C06354
C06355-K1,C06355
C06356-K1,C06356
C06357-K1,C06357
C06358-K1,C06358
C06359-K1,C06359
C06360-K1,C06360
C06361-K1,C06361
C06362-K1,C06362
C06363-K1,C06363
C06364-K1,C06364
C06365-K1,C06365
C06366-K1,C06366
C06367-K1,C06367
C06368-K1,C06368
C06369-K1,C06369
C06370-K1,C06370
C06371-K1,C06371
C06372-K1,C06372
C06373-K1,C06373
C06374-K1,C06374
C06375-K1,C06375
C06375-K2,C06375
C06376-K1,C06376
C06377-K1,C06377
C06378-K1,C06378
C06379-K1,C06379
C06380-K1,C06380
C06381-K1,C06381
C06382-K1,C06382
C06383-K1,C06383
C06384-K1,C06384
C06385-K1,C06385
C06386-K1,C06386
C06387-K1,C06387
C06388-K1,C06388
C06389-K1,C06389
C06389-K2,C06389
C06390-K1,C06390
C06391-K1,C06391
C06392-K1,C06392
C06392-K2,C06392
C06393-K1,C06393
C06394-K1,C06394
C06395-K1,C06395
C06396-K1,C06396
C06397-K1,C06397
C06398-K1,C06398
C06399-K1,C06399
C06399-K2,C06399
C06400-K1,C06400
C06401-K1,C06401
C06402-K1,C06402
C06403-K1,C06403
C06403-K2,C06403
C06403-K3,C06403
C06404-K1,C06404
C06405-K1,C06405
C06406-K1,C06406
C06407-K1,C06407
C06408-K1,C06408
C06409-K1,C06409
C06410-K1,C06410
C06411-K1,C06411
C06412-K1,C06412
C06413-K1,C06413
C06413-K2,C06413
C06414-K1,C06414
C06415-K1,C06415
C06415-K2,C06415
C06416-K1,C06416
C06417-K1,C06417
C06418-K1,C06418
C06419-K1,C06419
C06420-K1,C06420
C06421-K1,C06421
C06422-K1,C06422
C06423-K1,C06423
C06424-K1,C06424
C06425-K1,C06425
C06426-K1,C06426
C06426-K2,C06426
C06427-K1,C06427
C06428-K1,C06428
C06429-K1,C06429
C06430-K1,C06430
C06431-K1,C06431
C06432-K1,C06432
C06433-K1,C06433
C06433-K2,C06433
C06434-K1,C06434
C06435-K1,C06435
C06436-K1,C06436
C06437-K1,C06437
C06438-K1,C06438
C06439-K1,C06439
C06440-K1,C06440
C06441-K1,C06441
C06442-K1,C06442
C06443-K1,C06443
C06444-K1,C06444
C06445-K1,C06445
C06446-K1,C06446
C06447-K1,C06447
C06448-K1,C06448
C06449-K1,C06449
C06450-K1,C06450
C06451-K1,C06451
C06452-K1,C06452
C06453-K1,C06453
C06454-K1,C06454
C06455-K1,C06455
C06456-K1,C06456
C06457-K1,C06457
C06458-K1,C06458
C06459-K1,C06459
C06460-K1,C06460
C06461-K1,C06461
C06462-K1,C06462
C06463-K1,C06463
C06464-K1,C06464
C06465-K1,C06465
C06466-K1,C06466
C06467-K1,C06467
C06468-K1,C06468
C06469-K1,C06469
C06469-K2,C06469
C06470-K1,C06470
C06471-K1,C06471
C06472-K1,C06472
C06473-K1,C06473
C06474-K1,C06474
C06475-K1,C06475
C06476-K1,C06476
C06477-K1,C06477
C06478-K1,C06478
C06479-K1,C06479
C06480-K1,C06480
C06481-K1,C06481
C06481-K2,C06481
C06482-K1,C06482
C06483-K1,C06483
C06484-K1,C06484
C06485-K1,C06485
C06485-K2,C06485
C06486-K1,C06486
C06487-K1,C06487
C06488-K1,C06488
C06489-K1,C06489
C06490-K1,C06490
C06491-K1,C06491
C06492-K1,C06492
C06493-K1,C06493
C06494-K1,C06494
C06494-K2,C06494
C06495-K1,C06495
C06496-K1,C06496
C06496-K2,C06496
C06497-K1,C06497
C06498-K1,C06498
C06499-K1,C06499
C06500-K1,C06500
C06501-K1,C06501
C06502-K1,C06502
C06503-K1,C06503
C06504-K1,C06504
C06505-K1,C06505
C06506-K1,C06506
C06507-K1,C06507
C06508-K1,C06508
C06509-K1,C06509
C06509-K2,C06509
C06510-K1,C06510
C06511-K1,C06511
C06512-K1,C06512
C06513-K1,C06513
C06514-K1,C06514
C06515-K1,C06515
C06516-K1,C06516
C06517-K1,C06517
C06518-K1,C06518
C06519-K1,C06519
C06520-K1,C06520
C06520-K2,C06520
C06521-K1,C06521
C06522-K1,C06522
C06523-K1,C06523
C06524-K1,C06524
C06525-K1,C06525
C06526-K1,C06526
C06527-K1,C06527
C06528-K1,C06528
C06529-K1,C06529
C06530-K1,C06530
C06531-K1,C06531
C06532-K1,C06532
C06532-K2,C06532
C06533-K1,C06533
C06534-K1,C06534
C06535-K1,C06535
C06536-K1,C06536
C06537-K1,C06537
C06538-K1,C06538
C06538-K2,C06538
C06539-K1,C06539
C06540-K1,C06540
C06541-K1,C06541
C06542-K1,C06542
C06543-K1,C06543
C06544-K1,C06544
C06545-K1,C06545
C06546-K1,C06546
C06547-K1,C06547
C06548-K1,C06548
C06549-K1,C06549
C06550-K1,C06550
C06551-K1,C06551
C06552-K1,C06552
C06552-K2,C06552
C06553-K1,C06553
C06554-K1,C06554
C06555-K1,C06555
C06556-K1,C06556
C06557-K1,C06557
C06558-K1,C06558
C06559-K1,C06559
C06560-K1,C06560
C06561-K1,C06561
C06562-K1,C06562
C06563-K1,C06563
C06564-K1,C06564
C06565-K1,C06565
C06566-K1,C06566
C06567-K1,C06567
C06568-K1,C06568
C06569-K1,C06569
C06570-K1,C06570
C06571-K1,C06571
C06572-K1,C06572
C06573-K1,C06573
C06574-K1,C06574
C06575-K1,C06575
C06576-K1,C06576
C06577-K1,C06577
C06578-K1,C06578
C06579-K1,C06579
C06580-K1,C06580
C06581-K1,C06581
C06582-K1,C06582
C06582-K2,C06582
C06583-K1,C06583
C06584-K1,C06584
C06585-K1,C06585
C06586-K1,C06586
C06587-K1,C06587
C06588-K1,C06588
C06589-K1,C06589
C06590-K1,C06590
C06591-K1,C06591
C06592-K1,C06592
C06593-K1,C06593
C06594-K1,C06594
C06595-K1,C06595
C06596-K1,C06596
C06597-K1,C06597
C06598-K1,C06598
C06599-K1,C06599
C06600-K1,C06600
C06600-K2,C06600
C06601-K1,C06601
C06602-K1,C06602
C06603-K1,C06603
C06604-K1,C06604
C06605-K1,C06605
C06606-K1,C06606
C06607-K1,C06607
C06608-K1,C06608
C06609-K1,C06609
C06610-K1,C06610
C06611-K1,C06611
C06612-K1,C06612
C06613-K1,C06613
C06614-K1,C06614
C06615-K1,C06615
C06616-K1,C06616
C06617-K1,C06617
C06618-K1,C06618
C06619-K1,C06619
C06620-K1,C06620
C06621-K1,C06621
C06622-K1,C06622
C06623-K1,C06623
C06624-K1,C06624
C06625-K1,C06625
C06626-K1,C06626
C06627-K1,C06627
C06628-K1,C06628
C06629-K1,C06629
C06630-K1,C06630
C06630-K2,C06630
C06631-K1,C06631
C06632-K1,C06632
C06633-K1,C06633
C06634-K1,C06634
C06635-K1,C06635
C06636-K1,C06636
C06636-K2,C06636
C06637-K1,C06637
C06638-K1,C06638
C06639-K1,C06639
C06640-K1,C06640
C06641-K1,C06641
C06642-K1,C06642
C06643-K1,C06643
C06644-K1,C06644
C06645-K1,C06645
C06645-K2,C06645
C06646-K1,C06646
C06647-K1,C06647
C06648-K1,C06648
C06649-K1,C06649
C06650-K1,C06650
C06650-K2,C06650
C06651-K1,C06651
C06652-K1,C06652
C06653-K1,C06653
C06654-K1,C06654
C06654-K2,C06654
C06655-K1,C06655
C06656-K1,C06656
C06657-K1,C06657
C06658-K1,C06658
C06659-K1,C06659
C06660-K1,C06660
C06661-K1,C06661
C06662-K1,C06662
C06663-K1,C06663
C06663-K2,C06663
C06664-K1,C06664
C06665-K1,C06665
C06665-K2,C06665
C06666-K1,C06666
C06667-K1,C06667
C06668-K1,C06668
C06668-K2,C06668
C06669-K1,C06669
C06670-K1,C06670
C06671-K1,C06671
C06672-K1,C06672
C06673-K1,C06673
C06674-K1,C06674
C06675-K1,C06675
C06676-K1,C06676
C06677-K1,C06677
C06678-K1,C06678
C06679-K1,C06679
C06680-K1,C06680
C06681-K1,C06681
C06682-K1,C06682
C06683-K1,C06683
C06684-K1,C06684
C06685-K1,C06685
C06686-K1,C06686
C06687-K1,C06687
C06688-K1,C06688
C06689-K1,C06689
C06690-K1,C06690
C06691-K1,C06691
C06692-K1,C06692
C06693-K1,C06693
C06694-K1,C06694
C06695-K1,C06695
C06696-K1,C06696
C06697-K1,C06697
C06698-K1,C06698
C06699-K1,C06699
C06700-K1,C06700
C06701-K1,C06701
C06702-K1,C06702
C06703-K1,C06703
C06704-K1,C06704
C06704-K2,C06704
C06705-K1,C06705
C06706-K1,C06706
C06707-K1,C06707
C06708-K1,C06708
C06708-K2,C06708
C06709-K1,C06709
C06710-K1,C06710
C06711-K1,C06711
C06712-K1,C06712
C06713-K1,C06713
C06714-K1,C06714
C06715-K1,C06715
C06716-K1,C06716
C06717-K1,C06717
C06718-K1,C06718
C06719-K1,C06719
C06720-K1,C06720
C06721-K1,C06721
C06722-K1,C06722
C06723-K1,C06723
C06724-K1,C06724
C06725-K1,C06725
C06726-K1,C06726
C06727-K1,C06727
C06728-K1,C06728
C06729-K1,C06729
C06730-K1,C06730
C06731-K1,C06731
C06732-K1,C06732
C06733-K1,C06733
C06734-K1,C06734
C06735-K1,C06735
C06736-K1,C06736
C06737-K1,C06737
C06738-K1,C06738
C06739-K1,C06739
C06740-K1,C06740
C06741-K1,C06741
C06742-K1,C06742
C06743-K1,C06743
C06744-K1,C06744
C06744-K2,C06744
C06745-K1,C06745
C06746-K1,C06746
C06747-K1,C06747
C06748-K1,C06748
C06749-K1,C06749
C06750-K1,C06750
C06751-K1,C06751
C06751-K2,C06751
C06752-K1,C06752
C06753-K1,C06753
C06754-K1,C06754
C06755-K1,C06755
C06755-K2,C06755
C06756-K1,C06756
C06757-K1,C06757
C06758-K1,C06758
C06759-K1,C06759
C06760-K1,C06760
C06760-K2,C06760
C06761-K1,C06761
C06762-K1,C06762
C06763-K1,C06763
C06764-K1,C06764
C06764-K2,C06764
C06765-K1,C06765
C06766-K1,C06766
C06767-K1,C06767
C06768-K1,C06768
C06769-K1,C06769
C06770-K1,C06770
C06771-K1,C06771
C06772-K1,C06772
C06773-K1,C06773
C06774-K1,C06774
C06775-K1,C06775
C06776-K1,C06776
C06777-K1,C06777
C06778-K1,C06778
C06779-K1,C06779
C06780-K1,C06780
C06780-K2,C06780
C06781-K1,C06781
C06782-K1,C06782
C06783-K1,C06783
C06784-K1,C06784
C06785-K1,C06785
C06786-K1,C06786
C06787-K1,C06787
C06788-K1,C06788
C06789-K1,C06789
C06790-K1,C06790
C06791-K1,C06791
C06792-K1,C06792
C06793-K1,C06793
C06794-K1,C06794
C06795-K1,C06795
C06796-K1,C06796
C06797-K1,C06797
C06798-K1,C06798
C06799-K1,C06799
C06800-K1,C06800
C06801-K1,C06801
C06802-K1,C06802
C06803-K1,C06803
C06804-K1,C06804
C06805-K1,C06805
C06806-K1,C06806
C06807-K1,C06807
C06808-K1,C06808
C06809-K1,C06809
C06810-K1,C06810
C06811-K1,C06811
C06812-K1,C06812
C06813-K1,C06813
C06814-K1,C06814
C06815-K1,C06815
C06816-K1,C06816
C06817-K1,C06817
C06818-K1,C06818
C06819-K1,C06819
C06820-K1,C06820
C06821-K1,C06821
C06822-K1,C06822
C06823-K1,C06823
C06824-K1,C06824
C06825-K1,C06825
C06826-K1,C06826
C06827-K1,C06827
C06828-K1,C06828
C06829-K1,C06829
C06830-K1,C06830
C06831-K1,C06831
C06831-K2,C06831
C06832-K1,C06832
C06833-K1,C06833
C06834-K1,C06834
C06835-K1,C06835
C06835-K2,C06835
C06836-K1,C06836
C06837-K1,C06837
C06838-K1,C06838
C06839-K1,C06839
C06840-K1,C06840
C06840-K2,C06840
C06841-K1,C06841
C06842-K1,C06842
C06843-K1,C06843
C06844-K1,C06844
C06845-K1,C06845
C06846-K1,C06846
C06847-K1,C06847
C06848-K1,C06848
C06849-K1,C06849
C06850-K1,C06850
C06851-K1,C06851
C06852-K1,C06852
C06853-K1,C06853
C06854-K1,C06854
C06855-K1,C06855
C06856-K1,C06856
C06857-K1,C06857
C06858-K1,C06858
C06859-K1,C06859
C06860-K1,C06860
C06861-K1,C06861
C06862-K1,C06862
C06863-K1,C06863
C06864-K1,C06864
C06865-K1,C06865
C06866-K1,C06866
C06867-K1,C06867
C06868-K1,C06868
C06869-K1,C06869
C06870-K1,C06870
C06871-K1,C06871
C06872-K1,C06872
C06873-K1,C06873
C06874-K1,C06874
C06875-K1,C06875
C06875-K2,C06875
C06876-K1,C06876
C06877-K1,C06877
C06878-K1,C06878
C06879-K1,C06879
C06880-K1,C06880
C06881-K1,C06881
C06882-K1,C06882
C06883-K1,C06883
C06884-K1,C06884
C06884-K2,C06884
C06885-K1,C06885
C06886-K1,C06886
C06887-K1,C06887
C06888-K1,C06888
C06889-K1,C06889
C06890-K1,C06890
C06891-K1,C06891
C06892-K1,C06892
C06893-K1,C06893
C06894-K1,C06894
C06895-K1,C06895
C06896-K1,C06896
C06897-K1,C06897
C06898-K1,C06898
C06899-K1,C06899
C06900-K1,C06900
C06901-K1,C06901
C06902-K1,C06902
C06903-K1,C06903
C06904-K1,C06904
C06905-K1,C06905
C06905-K2,C06905
C06906-K1,C06906
C06907-K1,C06907
C06908-K1,C06908
C06909-K1,C06909
C06910-K1,C06910
C06911-K1,C06911
C06912-K1,C06912
C06913-K1,C06913
C06914-K1,C06914
C06915-K1,C06915
C06916-K1,C06916
C06917-K1,C06917
C06918-K1,C06918
C06919-K1,C06919
C06920-K1,C06920
C06921-K1,C06921
C06922-K1,C06922
C06923-K1,C06923
C06923-K2,C06923
C06924-K1,C06924
C06925-K1,C06925
C06926-K1,C06926
C06927-K1,C06927
C06927-K2,C06927
C06928-K1,C06928
C06929-K1,C06929
C06929-K2,C06929
C06930-K1,C06930
C06931-K1,C06931
C06932-K1,C06932
C06933-K1,C06933
C06934-K1,C06934
C06935-K1,C06935
C06936-K1,C06936
C06937-K1,C06937
C06938-K1,C06938
C06939-K1,C06939
C06940-K1,C06940
C06941-K1,C06941
C06942-K1,C06942
C06942-K2,C06942
C06943-K1,C06943
C06944-K1,C06944
C06945-K1,C06945
C06946-K1,C06946
C06947-K1,C06947
C06947-K2,C06947
C06948-K1,C06948
C06949-K1,C06949
C06950-K1,C06950
C06951-K1,C06951
C06952-K1,C06952
C06953-K1,C06953
C06954-K1,C06954
C06955-K1,C06955
C06956-K1,C06956
C06957-K1,C06957
C06958-K1,C06958
C06959-K1,C06959
C06960-K1,C06960
C06961-K1,C06961
C06962-K1,C06962
C06962-K2,C06962
C06963-K1,C06963
C06963-K2,C06963
C06964-K1,C06964
C06965-K1,C06965
C06966-K1,C06966
C06967-K1,C06967
C06968-K1,C06968
C06969-K1,C06969
C06970-K1,C06970
C06971-K1,C06971
C06972-K1,C06972
C06973-K1,C06973
C06974-K1,C06974
C06975-K1,C06975
C06976-K1,C06976
C06977-K1,C06977
C06978-K1,C06978
C06979-K1,C06979
C06980-K1,C06980
C06981-K1,C06981
C06982-K1,C06982
C06983-K1,C06983
C06984-K1,C06984
C06985-K1,C06985
C06986-K1,C06986
C06987-K1,C06987
C06987-K2,C06987
C06988-K1,C06988
C06989-K1,C06989
C06990-K1,C06990
C06991-K1,C06991
C06992-K1,C06992
C06993-K1,C06993
C06994-K1,C06994
C06995-K1,C06995
C06996-K1,C06996
C06997-K1,C06997
C06998-K1,C06998
C06999-K1,C06999
C07000-K1,C07000
C07001-K1,C07001
C07002-K1,C07002
C07003-K1,C07003
C07004-K1,C07004
C07005-K1,C07005
C07006-K1,C07006
C07007-K1,C07007
C07008-K1,C07008
C07009-K1,C07009
C07010-K1,C07010
C07011-K1,C07011
C07012-K1,C07012
C07013-K1,C07013
C07014-K1,C07014
C07015-K1,C07015
C07016-K1,C07016
C07017-K1,C07017
C07018-K1,C07018
C07019-K1,C07019
C07020-K1,C07020
C07021-K1,C07021
C07022-K1,C07022
C07023-K1,C07023
C07024-K1,C07024
C07025-K1,C07025
C07026-K1,C07026
C07027-K1,C07027
C07028-K1,C07028
C07029-K1,C07029
C07030-K1,C07030
C07031-K1,C07031
C07032-K1,C07032
C07033-K1,C07033
C07034-K1,C07034
C07035-K1,C07035
C07036-K1,C07036
C07037-K1,C07037
C07038-K1,C07038
C07039-K1,C07039
C07040-K1,C07040
C07041-K1,C07041
C07042-K1,C07042
C07043-K1,C07043
C07044-K1,C07044
C07045-K1,C07045
C07046-K1,C07046
C07047-K1,C07047
C07048-K1,C07048
C07049-K1,C07049
C07049-K2,C07049
C07050-K1,C07050
C07051-K1,C07051
C07052-K1,C07052
C07053-K1,C07053
C07054-K1,C07054
C07055-K1,C07055
C07056-K1,C07056
C07057-K1,C07057
C07058-K1,C07058
C07059-K1,C07059
C07060-K1,C07060
C07061-K1,C07061
C07062-K1,C07062
C07063-K1,C07063
C07064-K1,C07064
C07065-K1,C07065
C07066-K1,C07066
C07067-K1,C07067
C07068-K1,C07068
C07069-K1,C07069
C07070-K1,C07070
C07071-K1,C07071
C07072-K1,C07072
C07073-K1,C07073
C07074-K1,C07074
C07074-K2,C07074
C07075-K1,C07075
C07076-K1,C07076
C07077-K1,C07077
C07078-K1,C07078
C07079-K1,C07079
C07080-K1,C07080
C07081-K1,C07081
C07082-K1,C07082
C07083-K1,C07083
C07084-K1,C07084
C07085-K1,C07085
C07086-K1,C07086
C07087-K1,C07087
C07088-K1,C07088
C07089-K1,C07089
C07090-K1,C07090
C07091-K1,C07091
C07092-K1,C07092
C07093-K1,C07093
C07094-K1,C07094
C07095-K1,C07095
C07096-K1,C07096
C07096-K2,C07096
C07097-K1,C07097
C07098-K1,C07098
C07099-K1,C07099
C07100-K1,C07100
C07101-K1,C07101
C07102-K1,C07102
C07103-K1,C07103
C07104-K1,C07104
C07105-K1,C07105
C07106-K1,C07106
C07106-K2,C07106
C07107-K1,C07107
C07108-K1,C07108
C07109-K1,C07109
C07109-K2,C07109
C07110-K1,C07110
C07111-K1,C07111
C07112-K1,C07112
C07113-K1,C07113
C07114-K1,C07114
C07115-K1,C07115
C07116-K1,C07116
C07116-K2,C07116
C07117-K1,C07117
C07117-K2,C07117
C07118-K1,C07118
C07119-K1,C07119
C07120-K1,C07120
C07121-K1,C07121
C07122-K1,C07122
C07123-K1,C07123
C07124-K1,C07124
C07125-K1,C07125
C07126-K1,C07126
C07127-K1,C07127
C07128-K1,C07128
C07129-K1,C07129
C07130-K1,C07130
C07131-K1,C07131
C07132-K1,C07132
C07133-K1,C07133
C07134-K1,C07134
C07134-K2,C07134
C07135-K1,C07135
C07136-K1,C07136
C07137-K1,C07137
C07138-K1,C07138
C07139-K1,C07139
C07140-K1,C07140
C07141-K1,C07141
C07142-K1,C07142
C07143-K1,C07143
C07144-K1,C07144
C07145-K1,C07145
C07146-K1,C07146
C07147-K1,C07147
C07148-K1,C07148
C07149-K1,C07149
C07149-K2,C07149
C07150-K1,C07150
C07151-K1,C07151
C07152-K1,C07152
C07153-K1,C07153
C07154-K1,C07154
C07155-K1,C07155
C07156-K1,C07156
C07157-K1,C07157
C07158-K1,C07158
C07159-K1,C07159
C07160-K1,C07160
C07161-K1,C07161
C07162-K1,C07162
C07163-K1,C07163
C07164-K1,C07164
C07165-K1,C07165
C07166-K1,C07166
C07167-K1,C07167
C07168-K1,C07168
C07169-K1,C07169
C07170-K1,C07170
C07171-K1,C07171
C07171-K2,C07171
C07172-K1,C07172
C07173-K1,C07173
C07173-K2,C07173
C07174-K1,C07174
C07175-K1,C07175
C07176-K1,C07176
C07177-K1,C07177
C07178-K1,C07178
C07179-K1,C07179
C07180-K1,C07180
C07180-K2,C07180
C07181-K1,C07181
C07182-K1,C07182
C07183-K1,C07183
C07184-K1,C07184
C07185-K1,C07185
C07185-K2,C07185
C07186-K1,C07186
C07187-K1,C07187
C07188-K1,C07188
C07189-K1,C07189
C07190-K1,C07190
C07191-K1,C07191
C07192-K1,C07192
C07193-K1,C07193
C07194-K1,C07194
C07195-K1,C07195
C07196-K1,C07196
C07196-K2,C07196
C07197-K1,C07197
C07198-K1,C07198
C07199-K1,C07199
C07200-K1,C07200
C07201-K1,C07201
C07202-K1,C07202
C07203-K1,C07203
C07204-K1,C07204
C07205-K1,C07205
C07206-K1,C07206
C07207-K1,C07207
C07208-K1,C07208
C07209-K1,C07209
C07210-K1,C07210
C07211-K1,C07211
C07212-K1,C07212
C07212-K2,C07212
C07213-K1,C07213
C07214-K1,C07214
C07215-K1,C07215
C07216-K1,C07216
C07217-K1,C07217
C07218-K1,C07218
C07219-K1,C07219
C07220-K1,C07220
C07221-K1,C07221
C07222-K1,C07222
C07223-K1,C07223
C07224-K1,C07224
C07225-K1,C07225
C07226-K1,C07226
C07227-K1,C07227
C07227-K2,C07227
C07228-K1,C07228
C07229-K1,C07229
C07230-K1,C07230
C07231-K1,C07231
C07232-K1,C07232
C07233-K1,C07233
C07234-K1,C07234
C07235-K1,C07235
C07236-K1,C07236
C07237-K1,C07237
C07238-K1,C07238
C07239-K1,C07239
C07240-K1,C07240
C07241-K1,C07241
C07242-K1,C07242
C07243-K1,C07243
C07244-K1,C07244
C07245-K1,C07245
C07246-K1,C07246
C07247-K1,C07247
C07248-K1,C07248
C07249-K1,C07249
C07250-K1,C07250
C07251-K1,C07251
C07252-K1,C07252
C07253-K1,C07253
C07254-K1,C07254
C07255-K1,C07255
C07256-K1,C07256
C07256-K2,C07256
C07257-K1,C07257
C07258-K1,C07258
C07259-K1,C07259
C07260-K1,C07260
C07261-K1,C07261
C07262-K1,C07262
C07263-K1,C07263
C07264-K1,C07264
C07265-K1,C07265
C07266-K1,C07266
C07267-K1,C07267
C07268-K1,C07268
C07269-K1,C07269
C07270-K1,C07270
C07271-K1,C07271
C07272-K1,C07272
C07273-K1,C07273
C07274-K1,C07274
C07275-K1,C07275
C07276-K1,C07276
C07277-K1,C07277
C07278-K1,C07278
C07279-K1,C07279
C07280-K1,C07280
C07281-K1,C07281
C07282-K1,C07282
C07283-K1,C07283
C07284-K1,C07284
C07285-K1,C07285
C07286-K1,C07286
C07287-K1,C07287
C07288-K1,C07288
C07288-K2,C07288
C07289-K1,C07289
C07290-K1,C07290
C07290-K2,C07290
C07291-K1,C07291
C07292-K1,C07292
C07293-K1,C07293
C07294-K1,C07294
C07295-K1,C07295
C07296-K1,C07296
C07297-K1,C07297
C07298-K1,C07298
C07299-K1,C07299
C07299-K2,C07299
C07300-K1,C07300
C07301-K1,C07301
C07302-K1,C07302
C07303-K1,C07303
C07304-K1,C07304
C07305-K1,C07305
C07306-K1,C07306
C07307-K1,C07307
C07308-K1,C07308
C07309-K1,C07309
C07310-K1,C07310
C07311-K1,C07311
C07312-K1,C07312
C07313-K1,C07313
C07314-K1,C07314
C07315-K1,C07315
C07316-K1,C07316
C07317-K1,C07317
C07318-K1,C07318
C07319-K1,C07319
C07319-K2,C07319
C07320-K1,C07320
C07321-K1,C07321
C07322-K1,C07322
C07323-K1,C07323
C07324-K1,C07324
C07325-K1,C07325
C07326-K1,C07326
C07327-K1,C07327
C07328-K1,C07328
C07329-K1,C07329
C07330-K1,C07330
C07331-K1,C07331
C07332-K1,C07332
C07333-K1,C07333
C07334-K1,C07334
C07335-K1,C07335
C07335-K2,C07335
C07336-K1,C07336
C07337-K1,C07337
C07338-K1,C07338
C07339-K1,C07339
C07340-K1,C07340
C07341-K1,C07341
C07342-K1,C07342
C07343-K1,C07343
C07344-K1,C07344
C07345-K1,C07345
C07346-K1,C07346
C07347-K1,C07347
C07348-K1,C07348
C07349-K1,C07349
C07350-K1,C07350
C07351-K1,C07351
C07352-K1,C07352
C07353-K1,C07353
C07354-K1,C07354
C07354-K2,C07354
C07355-K1,C07355
C07356-K1,C07356
C07357-K1,C07357
C07358-K1,C07358
C07359-K1,C07359
C07360-K1,C07360
C07361-K1,C07361
C07362-K1,C07362
C07363-K1,C07363
C07364-K1,C07364
C07365-K1,C07365
C07366-K1,C07366
C07367-K1,C07367
C07368-K1,C07368
C07369-K1,C07369
C07370-K1,C07370
C07371-K1,C07371
C07372-K1,C07372
C07373-K1,C07373
C07374-K1,C07374
C07375-K1,C07375
C07376-K1,C07376
C07377-K1,C07377
C07378-K1,C07378
C07379-K1,C07379
C07380-K1,C07380
C07381-K1,C07381
C07382-K1,C07382
C07383-K1,C07383
C07384-K1,C07384
C07385-K1,C07385
C07386-K1,C07386
C07387-K1,C07387
C07388-K1,C07388
C07389-K1,C07389
C07390-K1,C07390
C07391-K1,C07391
C07392-K1,C07392
C07393-K1,C07393
C07394-K1,C07394
C07395-K1,C07395
C07396-K1,C07396
C07397-K1,C07397
C07398-K1,C07398
C07398-K2,C07398
C07399-K1,C07399
C07400-K1,C07400
C07400-K2,C07400
C07401-K1,C07401
C07402-K1,C07402
C07403-K1,C07403
C07404-K1,C07404
C07405-K1,C07405
C07406-K1,C07406
C07407-K1,C07407
C07408-K1,C07408
C07409-K1,C07409
C07410-K1,C07410
C07411-K1,C07411
C07411-K2,C07411
C07412-K1,C07412
C07413-K1,C07413
C07414-K1,C07414
C07415-K1,C07415
C07416-K1,C07416
C07417-K1,C07417
C07418-K1,C07418
C07419-K1,C07419
C07420-K1,C07420
C07420-K2,C07420
C07421-K1,C07421
C07422-K1,C07422
C07423-K1,C07423
C07424-K1,C07424
C07425-K1,C07425
C07426-K1,C07426
C07427-K1,C07427
C07428-K1,C07428
C07429-K1,C07429
C07430-K1,C07430
C07431-K1,C07431
C07432-K1,C07432
C07433-K1,C07433
C07434-K1,C07434
C07435-K1,C07435
C07436-K1,C07436
C07437-K1,C07437
C07438-K1,C07438
C07439-K1,C07439
C07440-K1,C07440
C07441-K1,C07441
C07442-K1,C07442
C07443-K1,C07443
C07444-K1,C07444
C07445-K1,C07445
C07446-K1,C07446
C07447-K1,C07447
C07448-K1,C07448
C07449-K1,C07449
C07450-K1,C07450
C07451-K1,C07451
C07452-K1,C07452
C07453-K1,C07453
C07454-K1,C07454
C07455-K1,C07455
C07456-K1,C07456
C07456-K2,C07456
C07457-K1,C07457
C07458-K1,C07458
C07459-K1,C07459
C07460-K1,C07460
C07461-K1,C07461
C07462-K1,C07462
C07463-K1,C07463
C07464-K1,C07464
C07465-K1,C07465
C07466-K1,C07466
C07466-K2,C07466
C07467-K1,C07467
C07468-K1,C07468
C07469-K1,C07469
C07470-K1,C07470
C07471-K1,C07471
C07472-K1,C07472
C07473-K1,C07473
C07474-K1,C07474
C07475-K1,C07475
C07476-K1,C07476
C07477-K1,C07477
C07478-K1,C07478
C07479-K1,C07479
C07480-K1,C07480
C07481-K1,C07481
C07482-K1,C07482
C07482-K2,C07482
C07483-K1,C07483
C07484-K1,C07484
C07485-K1,C07485
C07486-K1,C07486
C07487-K1,C07487
C07488-K1,C07488
C07489-K1,C07489
C07490-K1,C07490
C07491-K1,C07491
C07492-K1,C07492
C07493-K1,C07493
C07494-K1,C07494
C07495-K1,C07495
C07496-K1,C07496
C07497-K1,C07497
C07498-K1,C07498
C07499-K1,C07499
C07500-K1,C07500
C07501-K1,C07501
C07502-K1,C07502
C07503-K1,C07503
C07504-K1,C07504
C07505-K1,C07505
C07506-K1,C07506
C07507-K1,C07507
C07508-K1,C07508
C07508-K2,C07508
C07509-K1,C07509
C07510-K1,C07510
C07511-K1,C07511
C07512-K1,C07512
C07513-K1,C07513
C07514-K1,C07514
C07515-K1,C07515
C07516-K1,C07516
C07517-K1,C07517
C07518-K1,C07518
C07518-K2,C07518
C07519-K1,C07519
C07520-K1,C07520
C07521-K1,C07521
C07522-K1,C07522
C07523-K1,C07523
C07524-K1,C07524
C07525-K1,C07525
C07526-K1,C07526
C07527-K1,C07527
C07528-K1,C07528
C07529-K1,C07529
C07530-K1,C07530
C07531-K1,C07531
C07532-K1,C07532
C07533-K1,C07533
C07534-K1,C07534
C07535-K1,C07535
C07536-K1,C07536
C07537-K1,C07537
C07538-K1,C07538
C07539-K1,C07539
C07540-K1,C07540
C07541-K1,C07541
C07542-K1,C07542
C07543-K1,C07543
C07544-K1,C07544
C07545-K1,C07545
C07546-K1,C07546
C07547-K1,C07547
C07548-K1,C07548
C07549-K1,C07549
C07550-K1,C07550
C07551-K1,C07551
C07552-K1,C07552
C07553-K1,C07553
C07554-K1,C07554
C07555-K1,C07555
C07556-K1,C07556
C07557-K1,C07557
C07558-K1,C07558
C07558-K2,C07558
C07559-K1,C07559
C07560-K1,C07560
C07561-K1,C07561
C07562-K1,C07562
C07562-K2,C07562
C07563-K1,C07563
C07564-K1,C07564
C07565-K1,C07565
C07566-K1,C07566
C07567-K1,C07567
C07568-K1,C07568
C07569-K1,C07569
C07570-K1,C07570
C07571-K1,C07571
C07572-K1,C07572
C07573-K1,C07573
C07574-K1,C07574
C07575-K1,C07575
C07576-K1,C07576
C07577-K1,C07577
C07578-K1,C07578
C07579-K1,C07579
C07580-K1,C07580
C07581-K1,C07581
C07582-K1,C07582
C07583-K1,C07583
C07584-K1,C07584
C07585-K1,C07585
C07586-K1,C07586
C07587-K1,C07587
C07588-K1,C07588
C07589-K1,C07589
C07590-K1,C07590
C07591-K1,C07591
C07592-K1,C07592
C07593-K1,C07593
C07594-K1,C07594
C07595-K1,C07595
C07596-K1,C07596
C07597-K1,C07597
C07598-K1,C07598
C07599-K1,C07599
C07600-K1,C07600
C07601-K1,C07601
C07602-K1,C07602
C07603-K1,C07603
C07604-K1,C07604
C07605-K1,C07605
C07606-K1,C07606
C07607-K1,C07607
C07607-K2,C07607
C07608-K1,C07608
C07609-K1,C07609
C07610-K1,C07610
C07611-K1,C07611
C07612-K1,C07612
C07613-K1,C07613
C07614-K1,C07614
C07614-K2,C07614
C07615-K1,C07615
C07616-K1,C07616
C07617-K1,C07617
C07618-K1,C07618
C07619-K1,C07619
C07620-K1,C07620
C07621-K1,C07621
C07622-K1,C07622
C07623-K1,C07623
C07624-K1,C07624
C07625-K1,C07625
C07626-K1,C07626
C07626-K2,C07626
C07627-K1,C07627
C07628-K1,C07628
C07629-K1,C07629
C07630-K1,C07630
C07631-K1,C07631
C07632-K1,C07632
C07633-K1,C07633
C07634-K1,C07634
C07635-K1,C07635
C07636-K1,C07636
C07637-K1,C07637
C07638-K1,C07638
C07639-K1,C07639
C07640-K1,C07640
C07641-K1,C07641
C07642-K1,C07642
C07643-K1,C07643
C07644-K1,C07644
C07645-K1,C07645
C07646-K1,C07646
C07646-K2,C07646
C07647-K1,C07647
C07648-K1,C07648
C07648-K2,C07648
C07649-K1,C07649
C07650-K1,C07650
C07651-K1,C07651
C07652-K1,C07652
C07653-K1,C07653
C07654-K1,C07654
C07655-K1,C07655
C07656-K1,C07656
C07657-K1,C07657
C07658-K1,C07658
C07659-K1,C07659
C07660-K1,C07660
C07661-K1,C07661
C07662-K1,C07662
C07663-K1,C07663
C07664-K1,C07664
C07665-K1,C07665
C07666-K1,C07666
C07666-K2,C07666
C07667-K1,C07667
C07668-K1,C07668
C07669-K1,C07669
C07670-K1,C07670
C07670-K2,C07670
C07671-K1,C07671
C07671-K2,C07671
C07672-K1,C07672
C07673-K1,C07673
C07674-K1,C07674
C07675-K1,C07675
C07676-K1,C07676
C07677-K1,C07677
C07678-K1,C07678
C07679-K1,C07679
C07680-K1,C07680
C07681-K1,C07681
C07682-K1,C07682
C07682-K2,C07682
C07683-K1,C07683
C07684-K1,C07684
C07685-K1,C07685
C07686-K1,C07686
C07687-K1,C07687
C07688-K1,C07688
C07689-K1,C07689
C07690-K1,C07690
C07691-K1,C07691
C07692-K1,C07692
C07693-K1,C07693
C07694-K1,C07694
C07695-K1,C07695
C07696-K1,C07696
C07697-K1,C07697
C07698-K1,C07698
C07699-K1,C07699
C07700-K1,C07700
C07701-K1,C07701
C07702-K1,C07702
C07702-K2,C07702
C07703-K1,C07703
C07703-K2,C07703
C07704-K1,C07704
C07705-K1,C07705
C07706-K1,C07706
C07707-K1,C07707
C07708-K1,C07708
C07709-K1,C07709
C07710-K1,C07710
C07711-K1,C07711
C07712-K1,C07712
C07713-K1,C07713
C07714-K1,C07714
C07715-K1,C07715
C07716-K1,C07716
C07717-K1,C07717
C07718-K1,C07718
C07719-K1,C07719
C07720-K1,C07720
C07721-K1,C07721
C07722-K1,C07722
C07723-K1,C07723
C07724-K1,C07724
C07725-K1,C07725
C07726-K1,C07726
C07727-K1,C07727
C07728-K1,C07728
C07729-K1,C07729
C07730-K1,C07730
C07731-K1,C07731
C07732-K1,C07732
C07733-K1,C07733
C07734-K1,C07734
C07735-K1,C07735
C07736-K1,C07736
C07737-K1,C07737
C07738-K1,C07738
C07739-K1,C07739
C07740-K1,C07740
C07741-K1,C07741
C07741-K2,C07741
C07742-K1,C07742
C07743-K1,C07743
C07743-K2,C07743
C07744-K1,C07744
C07745-K1,C07745
C07746-K1,C07746
C07747-K1,C07747
C07748-K1,C07748
C07749-K1,C07749
C07750-K1,C07750
C07750-K2,C07750
C07751-K1,C07751
C07752-K1,C07752
C07752-K2,C07752
C07753-K1,C07753
C07753-K2,C07753
C07754-K1,C07754
C07755-K1,C07755
C07756-K1,C07756
C07757-K1,C07757
C07758-K1,C07758
C07759-K1,C07759
C07760-K1,C07760
C07761-K1,C07761
C07762-K1,C07762
C07763-K1,C07763
C07764-K1,C07764
C07765-K1,C07765
C07766-K1,C07766
C07767-K1,C07767
C07768-K1,C07768
C07769-K1,C07769
C07770-K1,C07770
C07771-K1,C07771
C07772-K1,C07772
C07773-K1,C07773
C07774-K1,C07774
C07775-K1,C07775
C07776-K1,C07776
C07777-K1,C07777
C07778-K1,C07778
C07779-K1,C07779
C07780-K1,C07780
C07781-K1,C07781
C07781-K2,C07781
C07782-K1,C07782
C07783-K1,C07783
C07784-K1,C07784
C07784-K2,C07784
C07785-K1,C07785
C07786-K1,C07786
C07787-K1,C07787
C07788-K1,C07788
C07789-K1,C07789
C07790-K1,C07790
C07791-K1,C07791
C07792-K1,C07792
C07793-K1,C07793
C07794-K1,C07794
C07795-K1,C07795
C07796-K1,C07796
C07797-K1,C07797
C07798-K1,C07798
C07799-K1,C07799
C07800-K1,C07800
C07801-K1,C07801
C07802-K1,C07802
C07803-K1,C07803
C07804-K1,C07804
C07805-K1,C07805
C07806-K1,C07806
C07807-K1,C07807
C07808-K1,C07808
C07809-K1,C07809
C07810-K1,C07810
C07811-K1,C07811
C07812-K1,C07812
C07813-K1,C07813
C07814-K1,C07814
C07815-K1,C07815
C07816-K1,C07816
C07817-K1,C07817
C07818-K1,C07818
C07819-K1,C07819
C07820-K1,C07820
C07821-K1,C07821
C07822-K1,C07822
C07823-K1,C07823
C07824-K1,C07824
C07825-K1,C07825
C07825-K2,C07825
C07826-K1,C07826
C07827-K1,C07827
C07828-K1,C07828
C07829-K1,C07829
C07830-K1,C07830
C07831-K1,C07831
C07832-K1,C07832
C07833-K1,C07833
C07834-K1,C07834
C07835-K1,C07835
C07836-K1,C07836
C07837-K1,C07837
C07838-K1,C07838
C07839-K1,C07839
C07840-K1,C07840
C07841-K1,C07841
C07842-K1,C07842
C07843-K1,C07843
C07844-K1,C07844
C07845-K1,C07845
C07845-K2,C07845
C07846-K1,C07846
C07847-K1,C07847
C07847-K2,C07847
C07848-K1,C07848
C07848-K2,C07848
C07849-K1,C07849
C07850-K1,C07850
C07851-K1,C07851
C07852-K1,C07852
C07853-K1,C07853
C07854-K1,C07854
C07855-K1,C07855
C07856-K1,C07856
C07857-K1,C07857
C07858-K1,C07858
C07858-K2,C07858
C07859-K1,C07859
C07860-K1,C07860
C07861-K1,C07861
C07862-K1,C07862
C07863-K1,C07863
C07864-K1,C07864
C07865-K1,C07865
C07866-K1,C07866
C07867-K1,C07867
C07867-K2,C07867
C07868-K1,C07868
C07869-K1,C07869
C07870-K1,C07870
C07870-K2,C07870
C07871-K1,C07871
C07872-K1,C07872
C07872-K2,C07872
C07873-K1,C07873
C07874-K1,C07874
C07875-K1,C07875
C07876-K1,C07876
C07877-K1,C07877
C07878-K1,C07878
C07879-K1,C07879
C07880-K1,C07880
C07881-K1,C07881
C07882-K1,C07882
C07883-K1,C07883
C07884-K1,C07884
C07885-K1,C07885
C07886-K1,C07886
C07887-K1,C07887
C07887-K2,C07887
C07888-K1,C07888
C07889-K1,C07889
C07890-K1,C07890
C07891-K1,C07891
C07892-K1,C07892
C07893-K1,C07893
C07894-K1,C07894
C07895-K1,C07895
C07896-K1,C07896
C07897-K1,C07897
C07898-K1,C07898
C07899-K1,C07899
C07900-K1,C07900
C07901-K1,C07901
C07902-K1,C07902
C07903-K1,C07903
C07904-K1,C07904
C07905-K1,C07905
C07906-K1,C07906
C07907-K1,C07907
C07908-K1,C07908
C07909-K1,C07909
C07910-K1,C07910
C07911-K1,C07911
C07912-K1,C07912
C07913-K1,C07913
C07914-K1,C07914
C07915-K1,C07915
C07916-K1,C07916
C07917-K1,C07917
C07918-K1,C07918
C07919-K1,C07919
C07919-K2,C07919
C07920-K1,C07920
C07921-K1,C07921
C07922-K1,C07922
C07923-K1,C07923
C07924-K1,C07924
C07925-K1,C07925
C07926-K1,C07926
C07927-K1,C07927
C07928-K1,C07928
C07929-K1,C07929
C07930-K1,C07930
C07931-K1,C07931
C07932-K1,C07932
C07933-K1,C07933
C07934-K1,C07934
C07935-K1,C07935
C07936-K1,C07936
C07936-K2,C07936
C07937-K1,C07937
C07938-K1,C07938
C07939-K1,C07939
C07940-K1,C07940
C07941-K1,C07941
C07942-K1,C07942
C07943-K1,C07943
C07944-K1,C07944
C07945-K1,C07945
C07946-K1,C07946
C07947-K1,C07947
C07948-K1,C07948
C07949-K1,C07949
C07950-K1,C07950
C07951-K1,C07951
C07952-K1,C07952
C07953-K1,C07953
C07954-K1,C07954
C07955-K1,C07955
C07956-K1,C07956
C07957-K1,C07957
C07958-K1,C07958
C07959-K1,C07959
C07960-K1,C07960
C07961-K1,C07961
C07962-K1,C07962
C07962-K2,C07962
C07963-K1,C07963
C07964-K1,C07964
C07965-K1,C07965
C07966-K1,C07966
C07967-K1,C07967
C07968-K1,C07968
C07969-K1,C07969
C07970-K1,C07970
C07971-K1,C07971
C07972-K1,C07972
C07973-K1,C07973
C07974-K1,C07974
C07975-K1,C07975
C07976-K1,C07976
C07977-K1,C07977
C07978-K1,C07978
C07979-K1,C07979
C07980-K1,C07980
C07981-K1,C07981
C07981-K2,C07981
C07982-K1,C07982
C07982-K2,C07982
C07983-K1,C07983
C07984-K1,C07984
C07985-K1,C07985
C07986-K1,C07986
C07987-K1,C07987
C07987-K2,C07987
C07988-K1,C07988
C07989-K1,C07989
C07990-K1,C07990
C07991-K1,C07991
C07992-K1,C07992
C07993-K1,C07993
C07994-K1,C07994
C07995-K1,C07995
C07996-K1,C07996
C07997-K1,C07997
C07998-K1,C07998
C07999-K1,C07999
C08000-K1,C08000
C08001-K1,C08001
C08002-K1,C08002
C08003-K1,C08003
C08004-K1,C08004
C08005-K1,C08005
C08006-K1,C08006
C08007-K1,C08007
C08008-K1,C08008
C08009-K1,C08009
C08010-K1,C08010
C08010-K2,C08010
C08011-K1,C08011
C08012-K1,C08012
C08013-K1,C08013
C08014-K1,C08014
C08015-K1,C08015
C08016-K1,C08016
C08017-K1,C08017
C08018-K1,C08018
C08019-K1,C08019
C08020-K1,C08020
C08021-K1,C08021
C08022-K1,C08022
C08023-K1,C08023
C08024-K1,C08024
C08025-K1,C08025
C08026-K1,C08026
C08027-K1,C08027
C08027-K2,C08027
C08028-K1,C08028
C08029-K1,C08029
C08030-K1,C08030
C08031-K1,C08031
C08031-K2,C08031
C08032-K1,C08032
C08033-K1,C08033
C08034-K1,C08034
C08035-K1,C08035
C08036-K1,C08036
C08037-K1,C08037
C08038-K1,C08038
C08039-K1,C08039
C08040-K1,C08040
C08041-K1,C08041
C08042-K1,C08042
C08043-K1,C08043
C08044-K1,C08044
C08045-K1,C08045
C08046-K1,C08046
C08046-K2,C08046
C08047-K1,C08047
C08048-K1,C08048
C08049-K1,C08049
C08050-K1,C08050
C08051-K1,C08051
C08052-K1,C08052
C08053-K1,C08053
C08054-K1,C08054
C08055-K1,C08055
C08056-K1,C08056
C08057-K1,C08057
C08058-K1,C08058
C08059-K1,C08059
C08060-K1,C08060
C08061-K1,C08061
C08062-K1,C08062
C08063-K1,C08063
C08064-K1,C08064
C08065-K1,C08065
C08066-K1,C08066
C08067-K1,C08067
C08068-K1,C08068
C08069-K1,C08069
C08070-K1,C08070
C08071-K1,C08071
C08072-K1,C08072
C08073-K1,C08073
C08074-K1,C08074
C08075-K1,C08075
C08076-K1,C08076
C08077-K1,C08077
C08078-K1,C08078
C08079-K1,C08079
C08080-K1,C08080
C08081-K1,C08081
C08082-K1,C08082
C08083-K1,C08083
C08083-K2,C08083
C08084-K1,C08084
C08085-K1,C08085
C08086-K1,C08086
C08087-K1,C08087
C08088-K1,C08088
C08089-K1,C08089
C08090-K1,C08090
C08091-K1,C08091
C08092-K1,C08092
C08093-K1,C08093
C08094-K1,C08094
C08095-K1,C08095
C08096-K1,C08096
C08097-K1,C08097
C08098-K1,C08098
C08099-K1,C08099
C08100-K1,C08100
C08101-K1,C08101
C08102-K1,C08102
C08103-K1,C08103
C08104-K1,C08104
C08105-K1,C08105
C08106-K1,C08106
C08107-K1,C08107
C08108-K1,C08108
C08108-K2,C08108
C08109-K1,C08109
C08110-K1,C08110
C08111-K1,C08111
C08112-K1,C08112
C08112-K2,C08112
C08113-K1,C08113
C08114-K1,C08114
C08115-K1,C08115
C08116-K1,C08116
C08117-K1,C08117
C08118-K1,C08118
C08119-K1,C08119
C08120-K1,C08120
C08121-K1,C08121
C08122-K1,C08122
C08123-K1,C08123
C08124-K1,C08124
C08125-K1,C08125
C08126-K1,C08126
C08127-K1,C08127
C08128-K1,C08128
C08129-K1,C08129
C08129-K2,C08129
C08130-K1,C08130
C08131-K1,C08131
C08132-K1,C08132
C08133-K1,C08133
C08134-K1,C08134
C08135-K1,C08135
C08136-K1,C08136
C08137-K1,C08137
C08138-K1,C08138
C08139-K1,C08139
C08140-K1,C08140
C08141-K1,C08141
C08142-K1,C08142
C08143-K1,C08143
C08144-K1,C08144
C08145-K1,C08145
C08146-K1,C08146
C08147-K1,C08147
C08148-K1,C08148
C08149-K1,C08149
C08150-K1,C08150
C08151-K1,C08151
C08152-K1,C08152
C08153-K1,C08153
C08154-K1,C08154
C08155-K1,C08155
C08156-K1,C08156
C08157-K1,C08157
C08158-K1,C08158
C08159-K1,C08159
C08160-K1,C08160
C08161-K1,C08161
C08162-K1,C08162
C08163-K1,C08163
C08164-K1,C08164
C08165-K1,C08165
C08166-K1,C08166
C08166-K2,C08166
C08167-K1,C08167
C08168-K1,C08168
C08169-K1,C08169
C08170-K1,C08170
C08171-K1,C08171
C08172-K1,C08172
C08173-K1,C08173
C08174-K1,C08174
C08175-K1,C08175
C08176-K1,C08176
C08177-K1,C08177
C08178-K1,C08178
C08179-K1,C08179
C08180-K1,C08180
C08181-K1,C08181
C08182-K1,C08182
C08183-K1,C08183
C08184-K1,C08184
C08185-K1,C08185
C08186-K1,C08186
C08187-K1,C08187
C08188-K1,C08188
C08189-K1,C08189
C08190-K1,C08190
C08190-K2,C08190
C08191-K1,C08191
C08192-K1,C08192
C08193-K1,C08193
C08194-K1,C08194
C08195-K1,C08195
C08196-K1,C08196
C08197-K1,C08197
C08198-K1,C08198
C08199-K1,C08199
C08200-K1,C08200
C08201-K1,C08201
C08202-K1,C08202
C08203-K1,C08203
C08204-K1,C08204
C08205-K1,C08205
C08206-K1,C08206
C08206-K2,C08206
C08207-K1,C08207
C08208-K1,C08208
C08209-K1,C08209
C08210-K1,C08210
C08211-K1,C08211
C08212-K1,C08212
C08213-K1,C08213
C08214-K1,C08214
C08215-K1,C08215
C08216-K1,C08216
C08217-K1,C08217
C08217-K2,C08217
C08218-K1,C08218
C08219-K1,C08219
C08220-K1,C08220
C08221-K1,C08221
C08222-K1,C08222
C08223-K1,C08223
C08224-K1,C08224
C08225-K1,C08225
C08226-K1,C08226
C08227-K1,C08227
C08228-K1,C08228
C08229-K1,C08229
C08230-K1,C08230
C08231-K1,C08231
C08232-K1,C08232
C08233-K1,C08233
C08234-K1,C08234
C08235-K1,C08235
C08235-K2,C08235
C08236-K1,C08236
C08237-K1,C08237
C08238-K1,C08238
C08239-K1,C08239
C08240-K1,C08240
C08241-K1,C08241
C08242-K1,C08242
C08243-K1,C08243
C08244-K1,C08244
C08245-K1,C08245
C08246-K1,C08246
C08247-K1,C08247
C08248-K1,C08248
C08249-K1,C08249
C08249-K2,C08249
C08250-K1,C08250
C08251-K1,C08251
C08252-K1,C08252
C08253-K1,C08253
C08254-K1,C08254
C08255-K1,C08255
C08256-K1,C08256
C08256-K2,C08256
C08257-K1,C08257
C08258-K1,C08258
C08259-K1,C08259
C08260-K1,C08260
C08261-K1,C08261
C08262-K1,C08262
C08263-K1,C08263
C08264-K1,C08264
C08265-K1,C08265
C08266-K1,C08266
C08267-K1,C08267
C08268-K1,C08268
C08269-K1,C08269
C08270-K1,C08270
C08271-K1,C08271
C08272-K1,C08272
C08273-K1,C08273
C08274-K1,C08274
C08275-K1,C08275
C08276-K1,C08276
C08277-K1,C08277
C08278-K1,C08278
C08279-K1,C08279
C08280-K1,C08280
C08281-K1,C08281
C08281-K2,C08281
C08281-K3,C08281
C08282-K1,C08282
C08283-K1,C08283
C08284-K1,C08284
C08285-K1,C08285
C08285-K2,C08285
C08286-K1,C08286
C08287-K1,C08287
C08288-K1,C08288
C08289-K1,C08289
C08290-K1,C08290
C08290-K2,C08290
C08291-K1,C08291
C08292-K1,C08292
C08293-K1,C08293
C08294-K1,C08294
C08295-K1,C08295
C08296-K1,C08296
C08297-K1,C08297
C08298-K1,C08298
C08299-K1,C08299
C08300-K1,C08300
C08301-K1,C08301
C08302-K1,C08302
C08303-K1,C08303
C08304-K1,C08304
C08305-K1,C08305
C08306-K1,C08306
C08307-K1,C08307
C08308-K1,C08308
C08309-K1,C08309
C08310-K1,C08310
C08311-K1,C08311
C08312-K1,C08312
C08313-K1,C08313
C08314-K1,C08314
C08314-K2,C08314
C08315-K1,C08315
C08316-K1,C08316
C08317-K1,C08317
C08318-K1,C08318
C08319-K1,C08319
C08320-K1,C08320
C08321-K1,C08321
C08321-K2,C08321
C08322-K1,C08322
C08323-K1,C08323
C08324-K1,C08324
C08325-K1,C08325
C08326-K1,C08326
C08327-K1,C08327
C08328-K1,C08328
C08329-K1,C08329
C08330-K1,C08330
C08331-K1,C08331
C08332-K1,C08332
C08333-K1,C08333
C08334-K1,C08334
C08335-K1,C08335
C08336-K1,C08336
C08337-K1,C08337
C08338-K1,C08338
C08339-K1,C08339
C08340-K1,C08340
C08341-K1,C08341
C08342-K1,C08342
C08343-K1,C08343
C08344-K1,C08344
C08345-K1,C08345
C08346-K1,C08346
C08347-K1,C08347
C08348-K1,C08348
C08349-K1,C08349
C08350-K1,C08350
C08351-K1,C08351
C08352-K1,C08352
C08353-K1,C08353
C08354-K1,C08354
C08355-K1,C08355
C08356-K1,C08356
C08357-K1,C08357
C08358-K1,C08358
C08359-K1,C08359
C08360-K1,C08360
C08361-K1,C08361
C08362-K1,C08362
C08363-K1,C08363
C08364-K1,C08364
C08365-K1,C08365
C08366-K1,C08366
C08366-K2,C08366
C08367-K1,C08367
C08368-K1,C08368
C08369-K1,C08369
C08370-K1,C08370
C08371-K1,C08371
C08372-K1,C08372
C08373-K1,C08373
C08374-K1,C08374
C08375-K1,C08375
C08376-K1,C08376
C08377-K1,C08377
C08378-K1,C08378
C08379-K1,C08379
C08380-K1,C08380
C08381-K1,C08381
C08382-K1,C08382
C08383-K1,C08383
C08384-K1,C08384
C08385-K1,C08385
C08386-K1,C08386
C08387-K1,C08387
C08388-K1,C08388
C08389-K1,C08389
C08390-K1,C08390
C08390-K2,C08390
C08391-K1,C08391
C08391-K2,C08391
C08392-K1,C08392
C08393-K1,C08393
C08394-K1,C08394
C08395-K1,C08395
C08396-K1,C08396
C08397-K1,C08397
C08398-K1,C08398
C08398-K2,C08398
C08399-K1,C08399
C08400-K1,C08400
C08401-K1,C08401
C08402-K1,C08402
C08403-K1,C08403
C08404-K1,C08404
C08405-K1,C08405
C08406-K1,C08406
C08407-K1,C08407
C08408-K1,C08408
C08409-K1,C08409
C08410-K1,C08410
C08411-K1,C08411
C08412-K1,C08412
C08413-K1,C08413
C08414-K1,C08414
C08415-K1,C08415
C08416-K1,C08416
C08417-K1,C08417
C08418-K1,C08418
C08418-K2,C08418
C08419-K1,C08419
C08420-K1,C08420
C08421-K1,C08421
C08422-K1,C08422
C08423-K1,C08423
C08424-K1,C08424
C08425-K1,C08425
C08426-K1,C08426
C08427-K1,C08427
C08428-K1,C08428
C08429-K1,C08429
C08430-K1,C08430
C08431-K1,C08431
C08432-K1,C08432
C08433-K1,C08433
C08434-K1,C08434
C08435-K1,C08435
C08436-K1,C08436
C08437-K1,C08437
C08438-K1,C08438
C08439-K1,C08439
C08440-K1,C08440
C08441-K1,C08441
C08441-K2,C08441
C08442-K1,C08442
C08443-K1,C08443
C08444-K1,C08444
C08445-K1,C08445
C08446-K1,C08446
C08447-K1,C08447
C08448-K1,C08448
C08449-K1,C08449
C08449-K2,C08449
C08450-K1,C08450
C08450-K2,C08450
C08451-K1,C08451
C08451-K2,C08451
C08452-K1,C08452
C08453-K1,C08453
C08454-K1,C08454
C08455-K1,C08455
C08456-K1,C08456
C08457-K1,C08457
C08458-K1,C08458
C08459-K1,C08459
C08459-K2,C08459
C08460-K1,C08460
C08461-K1,C08461
C08462-K1,C08462
C08463-K1,C08463
C08464-K1,C08464
C08465-K1,C08465
C08466-K1,C08466
C08466-K2,C08466
C08467-K1,C08467
C08468-K1,C08468
C08469-K1,C08469
C08470-K1,C08470
C08471-K1,C08471
C08472-K1,C08472
C08473-K1,C08473
C08474-K1,C08474
C08475-K1,C08475
C08476-K1,C08476
C08477-K1,C08477
C08478-K1,C08478
C08479-K1,C08479
C08480-K1,C08480
C08481-K1,C08481
C08482-K1,C08482
C08483-K1,C08483
C08484-K1,C08484
C08485-K1,C08485
C08486-K1,C08486
C08487-K1,C08487
C08488-K1,C08488
C08489-K1,C08489
C08489-K2,C08489
C08490-K1,C08490
C08491-K1,C08491
C08492-K1,C08492
C08493-K1,C08493
C08494-K1,C08494
C08495-K1,C08495
C08496-K1,C08496
C08497-K1,C08497
C08498-K1,C08498
C08499-K1,C08499
C08500-K1,C08500
C08500-K2,C08500
C08501-K1,C08501
C08502-K1,C08502
C08503-K1,C08503
C08504-K1,C08504
C08505-K1,C08505
C08506-K1,C08506
C08507-K1,C08507
C08508-K1,C08508
C08509-K1,C08509
C08510-K1,C08510
C08511-K1,C08511
C08512-K1,C08512
C08513-K1,C08513
C08514-K1,C08514
C08515-K1,C08515
C08516-K1,C08516
C08517-K1,C08517
C08518-K1,C08518
C08519-K1,C08519
C08520-K1,C08520
C08521-K1,C08521
C08522-K1,C08522
C08523-K1,C08523
C08524-K1,C08524
C08525-K1,C08525
C08526-K1,C08526
C08527-K1,C08527
C08528-K1,C08528
C08529-K1,C08529
C08530-K1,C08530
C08531-K1,C08531
C08532-K1,C08532
C08533-K1,C08533
C08534-K1,C08534
C08535-K1,C08535
C08536-K1,C08536
C08537-K1,C08537
C08538-K1,C08538
C08539-K1,C08539
C08540-K1,C08540
C08541-K1,C08541
C08542-K1,C08542
C08543-K1,C08543
C08544-K1,C08544
C08545-K1,C08545
C08546-K1,C08546
C08547-K1,C08547
C08548-K1,C08548
C08549-K1,C08549
C08550-K1,C08550
C08551-K1,C08551
C08552-K1,C08552
C08553-K1,C08553
C08554-K1,C08554
C08555-K1,C08555
C08556-K1,C08556
C08557-K1,C08557
C08558-K1,C08558
C08559-K1,C08559
C08560-K1,C08560
C08561-K1,C08561
C08562-K1,C08562
C08563-K1,C08563
C08563-K2,C08563
C08564-K1,C08564
C08565-K1,C08565
C08566-K1,C08566
C08567-K1,C08567
C08568-K1,C08568
C08569-K1,C08569
C08569-K2,C08569
C08570-K1,C08570
C08571-K1,C08571
C08572-K1,C08572
C08572-K2,C08572
C08573-K1,C08573
C08574-K1,C08574
C08575-K1,C08575
C08576-K1,C08576
C08577-K1,C08577
C08578-K1,C08578
C08579-K1,C08579
C08580-K1,C08580
C08581-K1,C08581
C08582-K1,C08582
C08583-K1,C08583
C08583-K2,C08583
C08584-K1,C08584
C08585-K1,C08585
C08586-K1,C08586
C08587-K1,C08587
C08588-K1,C08588
C08589-K1,C08589
C08590-K1,C08590
C08591-K1,C08591
C08592-K1,C08592
C08593-K1,C08593
C08594-K1,C08594
C08595-K1,C08595
C08596-K1,C08596
C08597-K1,C08597
C08597-K2,C08597
C08598-K1,C08598
C08599-K1,C08599
C08600-K1,C08600
C08601-K1,C08601
C08602-K1,C08602
C08603-K1,C08603
C08604-K1,C08604
C08605-K1,C08605
C08606-K1,C08606
C08607-K1,C08607
C08608-K1,C08608
C08609-K1,C08609
C08610-K1,C08610
C08611-K1,C08611
C08612-K1,C08612
C08613-K1,C08613
C08614-K1,C08614
C08615-K1,C08615
C08616-K1,C08616
C08617-K1,C08617
C08618-K1,C08618
C08619-K1,C08619
C08620-K1,C08620
C08621-K1,C08621
C08622-K1,C08622
C08623-K1,C08623
C08623-K2,C08623
C08624-K1,C08624
C08624-K2,C08624
C08625-K1,C08625
C08626-K1,C08626
C08627-K1,C08627
C08628-K1,C08628
C08629-K1,C08629
C08630-K1,C08630
C08631-K1,C08631
C08631-K2,C08631
C08632-K1,C08632
C08633-K1,C08633
C08634-K1,C08634
C08634-K2,C08634
C08635-K1,C08635
C08636-K1,C08636
C08637-K1,C08637
C08637-K2,C08637
C08638-K1,C08638
C08639-K1,C08639
C08640-K1,C08640
C08641-K1,C08641
C08642-K1,C08642
C08643-K1,C08643
C08644-K1,C08644
C08645-K1,C08645
C08646-K1,C08646
C08647-K1,C08647
C08648-K1,C08648
C08649-K1,C08649
C08650-K1,C08650
C08651-K1,C08651
C08652-K1,C08652
C08653-K1,C08653
C08654-K1,C08654
C08655-K1,C08655
C08656-K1,C08656
C08657-K1,C08657
C08658-K1,C08658
C08659-K1,C08659
C08660-K1,C08660
C08661-K1,C08661
C08662-K1,C08662
C08663-K1,C08663
C08664-K1,C08664
C08665-K1,C08665
C08666-K1,C08666
C08667-K1,C08667
C08667-K2,C08667
C08668-K1,C08668
C08669-K1,C08669
C08670-K1,C08670
C08671-K1,C08671
C08672-K1,C08672
C08673-K1,C08673
C08674-K1,C08674
C08674-K2,C08674
C08675-K1,C08675
C08676-K1,C08676
C08677-K1,C08677
C08678-K1,C08678
C08679-K1,C08679
C08680-K1,C08680
C08681-K1,C08681
C08682-K1,C08682
C08683-K1,C08683
C08684-K1,C08684
C08684-K2,C08684
C08685-K1,C08685
C08686-K1,C08686
C08687-K1,C08687
C08688-K1,C08688
C08689-K1,C08689
C08690-K1,C08690
C08691-K1,C08691
C08692-K1,C08692
C08693-K1,C08693
C08694-K1,C08694
C08695-K1,C08695
C08695-K2,C08695
C08696-K1,C08696
C08697-K1,C08697
C08698-K1,C08698
C08699-K1,C08699
C08700-K1,C08700
C08701-K1,C08701
C08702-K1,C08702
C08703-K1,C08703
C08704-K1,C08704
C08705-K1,C08705
C08706-K1,C08706
C08707-K1,C08707
C08708-K1,C08708
C08709-K1,C08709
C08710-K1,C08710
C08711-K1,C08711
C08712-K1,C08712
C08713-K1,C08713
C08714-K1,C08714
C08715-K1,C08715
C08716-K1,C08716
C08717-K1,C08717
C08718-K1,C08718
C08719-K1,C08719
C08720-K1,C08720
C08721-K1,C08721
C08722-K1,C08722
C08723-K1,C08723
C08724-K1,C08724
C08725-K1,C08725
C08726-K1,C08726
C08727-K1,C08727
C08728-K1,C08728
C08729-K1,C08729
C08730-K1,C08730
C08731-K1,C08731
C08732-K1,C08732
C08733-K1,C08733
C08734-K1,C08734
C08735-K1,C08735
C08736-K1,C08736
C08737-K1,C08737
C08738-K1,C08738
C08739-K1,C08739
C08740-K1,C08740
C08741-K1,C08741
C08742-K1,C08742
C08743-K1,C08743
C08744-K1,C08744
C08745-K1,C08745
C08746-K1,C08746
C08747-K1,C08747
C08748-K1,C08748
C08749-K1,C08749
C08750-K1,C08750
C08750-K2,C08750
C08751-K1,C08751
C08752-K1,C08752
C08753-K1,C08753
C08754-K1,C08754
C08755-K1,C08755
C08755-K2,C08755
C08756-K1,C08756
C08757-K1,C08757
C08758-K1,C08758
C08759-K1,C08759
C08760-K1,C08760
C08761-K1,C08761
C08762-K1,C08762
C08763-K1,C08763
C08764-K1,C08764
C08765-K1,C08765
C08766-K1,C08766
C08767-K1,C08767
C08768-K1,C08768
C08769-K1,C08769
C08770-K1,C08770
C08771-K1,C08771
C08772-K1,C08772
C08773-K1,C08773
C08774-K1,C08774
C08775-K1,C08775
C08776-K1,C08776
C08777-K1,C08777
C08778-K1,C08778
C08779-K1,C08779
C08780-K1,C08780
C08781-K1,C08781
C08782-K1,C08782
C08783-K1,C08783
C08784-K1,C08784
C08785-K1,C08785
C08786-K1,C08786
C08787-K1,C08787
C08788-K1,C08788
C08789-K1,C08789
C08790-K1,C08790
C08791-K1,C08791
C08792-K1,C08792
C08793-K1,C08793
C08794-K1,C08794
C08795-K1,C08795
C08796-K1,C08796
C08796-K2,C08796
C08797-K1,C08797
C08798-K1,C08798
C08799-K1,C08799
C08800-K1,C08800
C08801-K1,C08801
C08802-K1,C08802
C08803-K1,C08803
C08804-K1,C08804
C08805-K1,C08805
C08806-K1,C08806
C08807-K1,C08807
C08808-K1,C08808
C08809-K1,C08809
C08810-K1,C08810
C08811-K1,C08811
C08812-K1,C08812
C08813-K1,C08813
C08814-K1,C08814
C08815-K1,C08815
C08816-K1,C08816
C08817-K1,C08817
C08818-K1,C08818
C08819-K1,C08819
C08820-K1,C08820
C08821-K1,C08821
C08822-K1,C08822
C08822-K2,C08822
C08823-K1,C08823
C08823-K2,C08823
C08824-K1,C08824
C08825-K1,C08825
C08826-K1,C08826
C08827-K1,C08827
C08828-K1,C08828
C08829-K1,C08829
C08830-K1,C08830
C08831-K1,C08831
C08832-K1,C08832
C08833-K1,C08833
C08834-K1,C08834
C08835-K1,C08835
C08836-K1,C08836
C08837-K1,C08837
C08838-K1,C08838
C08839-K1,C08839
C08840-K1,C08840
C08841-K1,C08841
C08842-K1,C08842
C08842-K2,C08842
C08843-K1,C08843
C08844-K1,C08844
C08845-K1,C08845
C08846-K1,C08846
C08847-K1,C08847
C08848-K1,C08848
C08849-K1,C08849
C08850-K1,C08850
C08851-K1,C08851
C08852-K1,C08852
C08853-K1,C08853
C08854-K1,C08854
C08855-K1,C08855
C08856-K1,C08856
C08857-K1,C08857
C08858-K1,C08858
C08859-K1,C08859
C08860-K1,C08860
C08861-K1,C08861
C08862-K1,C08862
C08863-K1,C08863
C08864-K1,C08864
C08865-K1,C08865
C08866-K1,C08866
C08867-K1,C08867
C08868-K1,C08868
C08869-K1,C08869
C08870-K1,C08870
C08871-K1,C08871
C08872-K1,C08872
C08873-K1,C08873
C08874-K1,C08874
C08875-K1,C08875
C08876-K1,C08876
C08877-K1,C08877
C08878-K1,C08878
C08879-K1,C08879
C08880-K1,C08880
C08881-K1,C08881
C08882-K1,C08882
C08883-K1,C08883
C08884-K1,C08884
C08885-K1,C08885
C08886-K1,C08886
C08887-K1,C08887
C08888-K1,C08888
C08889-K1,C08889
C08890-K1,C08890
C08891-K1,C08891
C08892-K1,C08892
C08893-K1,C08893
C08894-K1,C08894
C08895-K1,C08895
C08896-K1,C08896
C08897-K1,C08897
C08898-K1,C08898
C08899-K1,C08899
C08900-K1,C08900
C08901-K1,C08901
C08902-K1,C08902
C08903-K1,C08903
C08904-K1,C08904
C08905-K1,C08905
C08906-K1,C08906
C08907-K1,C08907
C08908-K1,C08908
C08909-K1,C08909
C08909-K2,C08909
C08910-K1,C08910
C08911-K1,C08911
C08912-K1,C08912
C08913-K1,C08913
C08913-K2,C08913
C08914-K1,C08914
C08915-K1,C08915
C08916-K1,C08916
C08917-K1,C08917
C08918-K1,C08918
C08918-K2,C08918
C08919-K1,C08919
C08920-K1,C08920
C08921-K1,C08921
C08922-K1,C08922
C08923-K1,C08923
C08924-K1,C08924
C08924-K2,C08924
C08925-K1,C08925
C08926-K1,C08926
C08927-K1,C08927
C08928-K1,C08928
C08929-K1,C08929
C08930-K1,C08930
C08931-K1,C08931
C08932-K1,C08932
C08933-K1,C08933
C08934-K1,C08934
C08935-K1,C08935
C08936-K1,C08936
C08937-K1,C08937
C08938-K1,C08938
C08939-K1,C08939
C08940-K1,C08940
C08941-K1,C08941
C08942-K1,C08942
C08943-K1,C08943
C08943-K2,C08943
C08944-K1,C08944
C08945-K1,C08945
C08945-K2,C08945
C08946-K1,C08946
C08947-K1,C08947
C08948-K1,C08948
C08949-K1,C08949
C08950-K1,C08950
C08951-K1,C08951
C08952-K1,C08952
C08953-K1,C08953
C08954-K1,C08954
C08955-K1,C08955
C08956-K1,C08956
C08957-K1,C08957
C08958-K1,C08958
C08959-K1,C08959
C08960-K1,C08960
C08961-K1,C08961
C08962-K1,C08962
C08962-K2,C08962
C08963-K1,C08963
C08964-K1,C08964
C08965-K1,C08965
C08966-K1,C08966
C08967-K1,C08967
C08968-K1,C08968
C08969-K1,C08969
C08969-K2,C08969
C08970-K1,C08970
C08971-K1,C08971
C08972-K1,C08972
C08973-K1,C08973
C08974-K1,C08974
C08975-K1,C08975
C08976-K1,C08976
C08977-K1,C08977
C08978-K1,C08978
C08979-K1,C08979
C08980-K1,C08980
C08981-K1,C08981
C08982-K1,C08982
C08983-K1,C08983
C08984-K1,C08984
C08985-K1,C08985
C08986-K1,C08986
C08987-K1,C08987
C08988-K1,C08988
C08989-K1,C08989
C08989-K2,C08989
C08989-K3,C08989
C08990-K1,C08990
C08991-K1,C08991
C08992-K1,C08992
C08993-K1,C08993
C08994-K1,C08994
C08995-K1,C08995
C08996-K1,C08996
C08997-K1,C08997
C08998-K1,C08998
C08998-K2,C08998
C08999-K1,C08999
C09000-K1,C09000
C09001-K1,C09001
C09002-K1,C09002
C09003-K1,C09003
C09004-K1,C09004
C09005-K1,C09005
C09006-K1,C09006
C09007-K1,C09007
C09008-K1,C09008
C09009-K1,C09009
C09010-K1,C09010
C09011-K1,C09011
C09012-K1,C09012
C09013-K1,C09013
C09014-K1,C09014
C09015-K1,C09015
C09016-K1,C09016
C09017-K1,C09017
C09017-K2,C09017
C09018-K1,C09018
C09019-K1,C09019
C09020-K1,C09020
C09021-K1,C09021
C09022-K1,C09022
C09023-K1,C09023
C09024-K1,C09024
C09025-K1,C09025
C09026-K1,C09026
C09027-K1,C09027
C09028-K1,C09028
C09029-K1,C09029
C09030-K1,C09030
C09031-K1,C09031
C09032-K1,C09032
C09033-K1,C09033
C09034-K1,C09034
C09035-K1,C09035
C09036-K1,C09036
C09037-K1,C09037
C09038-K1,C09038
C09039-K1,C09039
C09040-K1,C09040
C09041-K1,C09041
C09042-K1,C09042
C09043-K1,C09043
C09044-K1,C09044
C09045-K1,C09045
C09046-K1,C09046
C09047-K1,C09047
C09048-K1,C09048
C09048-K2,C09048
C09049-K1,C09049
C09050-K1,C09050
C09051-K1,C09051
C09051-K2,C09051
C09052-K1,C09052
C09053-K1,C09053
C09053-K2,C09053
C09054-K1,C09054
C09055-K1,C09055
C09056-K1,C09056
C09057-K1,C09057
C09058-K1,C09058
C09059-K1,C09059
C09060-K1,C09060
C09061-K1,C09061
C09062-K1,C09062
C09063-K1,C09063
C09064-K1,C09064
C09065-K1,C09065
C09066-K1,C09066
C09067-K1,C09067
C09068-K1,C09068
C09069-K1,C09069
C09070-K1,C09070
C09071-K1,C09071
C09072-K1,C09072
C09073-K1,C09073
C09074-K1,C09074
C09075-K1,C09075
C09076-K1,C09076
C09077-K1,C09077
C09078-K1,C09078
C09079-K1,C09079
C09080-K1,C09080
C09081-K1,C09081
C09082-K1,C09082
C09083-K1,C09083
C09084-K1,C09084
C09085-K1,C09085
C09086-K1,C09086
C09087-K1,C09087
C09088-K1,C09088
C09089-K1,C09089
C09090-K1,C09090
C09091-K1,C09091
C09092-K1,C09092
C09093-K1,C09093
C09094-K1,C09094
C09095-K1,C09095
C09096-K1,C09096
C09097-K1,C09097
C09098-K1,C09098
C09099-K1,C09099
C09100-K1,C09100
C09101-K1,C09101
C09102-K1,C09102
C09103-K1,C09103
C09104-K1,C09104
C09105-K1,C09105
C09106-K1,C09106
C09107-K1,C09107
C09108-K1,C09108
C09109-K1,C09109
C09110-K1,C09110
C09111-K1,C09111
C09112-K1,C09112
C09113-K1,C09113
C09114-K1,C09114
C09115-K1,C09115
C09116-K1,C09116
C09116-K2,C09116
C09117-K1,C09117
C09118-K1,C09118
C09119-K1,C09119
C09120-K1,C09120
C09121-K1,C09121
C09122-K1,C09122
C09123-K1,C09123
C09124-K1,C09124
C09125-K1,C09125
C09126-K1,C09126
C09127-K1,C09127
C09128-K1,C09128
C09129-K1,C09129
C09130-K1,C09130
C09131-K1,C09131
C09132-K1,C09132
C09133-K1,C09133
C09134-K1,C09134
C09134-K2,C09134
C09135-K1,C09135
C09136-K1,C09136
C09137-K1,C09137
C09138-K1,C09138
C09139-K1,C09139
C09140-K1,C09140
C09141-K1,C09141
C09142-K1,C09142
C09143-K1,C09143
C09144-K1,C09144
C09145-K1,C09145
C09146-K1,C09146
C09147-K1,C09147
C09148-K1,C09148
C09148-K2,C09148
C09149-K1,C09149
C09150-K1,C09150
C09151-K1,C09151
C09152-K1,C09152
C09153-K1,C09153
C09154-K1,C09154
C09155-K1,C09155
C09156-K1,C09156
C09157-K1,C09157
C09158-K1,C09158
C09159-K1,C09159
C09160-K1,C09160
C09161-K1,C09161
C09162-K1,C09162
C09163-K1,C09163
C09164-K1,C09164
C09165-K1,C09165
C09165-K2,C09165
C09166-K1,C09166
C09167-K1,C09167
C09168-K1,C09168
C09169-K1,C09169
C09170-K1,C09170
C09171-K1,C09171
C09172-K1,C09172
C09173-K1,C09173
C09174-K1,C09174
C09175-K1,C09175
C09176-K1,C09176
C09177-K1,C09177
C09178-K1,C09178
C09179-K1,C09179
C09180-K1,C09180
C09181-K1,C09181
C09182-K1,C09182
C09183-K1,C09183
C09184-K1,C09184
C09185-K1,C09185
C09186-K1,C09186
C09187-K1,C09187
C09188-K1,C09188
C09189-K1,C09189
C09190-K1,C09190
C09191-K1,C09191
C09192-K1,C09192
C09193-K1,C09193
C09194-K1,C09194
C09195-K1,C09195
C09196-K1,C09196
C09197-K1,C09197
C09198-K1,C09198
C09199-K1,C09199
C09200-K1,C09200
C09201-K1,C09201
C09202-K1,C09202
C09203-K1,C09203
C09204-K1,C09204
C09205-K1,C09205
C09206-K1,C09206
C09206-K2,C09206
C09206-K3,C09206
C09207-K1,C09207
C09208-K1,C09208
C09209-K1,C09209
C09210-K1,C09210
C09211-K1,C09211
C09212-K1,C09212
C09213-K1,C09213
C09214-K1,C09214
C09215-K1,C09215
C09216-K1,C09216
C09217-K1,C09217
C09218-K1,C09218
C09219-K1,C09219
C09220-K1,C09220
C09221-K1,C09221
C09221-K2,C09221
C09222-K1,C09222
C09223-K1,C09223
C09224-K1,C09224
C09225-K1,C09225
C09226-K1,C09226
C09227-K1,C09227
C09228-K1,C09228
C09229-K1,C09229
C09230-K1,C09230
C09231-K1,C09231
C09232-K1,C09232
C09233-K1,C09233
C09234-K1,C09234
C09235-K1,C09235
C09235-K2,C09235
C09236-K1,C09236
C09237-K1,C09237
C09238-K1,C09238
C09239-K1,C09239
C09240-K1,C09240
C09241-K1,C09241
C09241-K2,C09241
C09242-K1,C09242
C09243-K1,C09243
C09243-K2,C09243
C09244-K1,C09244
C09245-K1,C09245
C09246-K1,C09246
C09247-K1,C09247
C09248-K1,C09248
C09249-K1,C09249
C09250-K1,C09250
C09250-K2,C09250
C09251-K1,C09251
C09252-K1,C09252
C09253-K1,C09253
C09254-K1,C09254
C09255-K1,C09255
C09256-K1,C09256
C09257-K1,C09257
C09258-K1,C09258
C09259-K1,C09259
C09260-K1,C09260
C09261-K1,C09261
C09262-K1,C09262
C09263-K1,C09263
C09264-K1,C09264
C09265-K1,C09265
C09266-K1,C09266
C09267-K1,C09267
C09267-K2,C09267
C09268-K1,C09268
C09269-K1,C09269
C09270-K1,C09270
C09271-K1,C09271
C09272-K1,C09272
C09273-K1,C09273
C09274-K1,C09274
C09275-K1,C09275
C09276-K1,C09276
C09277-K1,C09277
C09278-K1,C09278
C09279-K1,C09279
C09280-K1,C09280
C09281-K1,C09281
C09282-K1,C09282
C09283-K1,C09283
C09284-K1,C09284
C09285-K1,C09285
C09285-K2,C09285
C09286-K1,C09286
C09287-K1,C09287
C09288-K1,C09288
C09289-K1,C09289
C09290-K1,C09290
C09291-K1,C09291
C09292-K1,C09292
C09292-K2,C09292
C09293-K1,C09293
C09294-K1,C09294
C09295-K1,C09295
C09296-K1,C09296
C09297-K1,C09297
C09298-K1,C09298
C09299-K1,C09299
C09299-K2,C09299
C09300-K1,C09300
C09301-K1,C09301
C09301-K2,C09301
C09302-K1,C09302
C09303-K1,C09303
C09304-K1,C09304
C09305-K1,C09305
C09306-K1,C09306
C09307-K1,C09307
C09308-K1,C09308
C09308-K2,C09308
C09309-K1,C09309
C09310-K1,C09310
C09311-K1,C09311
C09311-K2,C09311
C09312-K1,C09312
C09312-K2,C09312
C09313-K1,C09313
C09314-K1,C09314
C09315-K1,C09315
C09316-K1,C09316
C09317-K1,C09317
C09318-K1,C09318
C09319-K1,C09319
C09320-K1,C09320
C09321-K1,C09321
C09322-K1,C09322
C09323-K1,C09323
C09324-K1,C09324
C09325-K1,C09325
C09326-K1,C09326
C09327-K1,C09327
C09328-K1,C09328
C09329-K1,C09329
C09330-K1,C09330
C09331-K1,C09331
C09332-K1,C09332
C09333-K1,C09333
C09334-K1,C09334
C09335-K1,C09335
C09336-K1,C09336
C09337-K1,C09337
C09338-K1,C09338
C09339-K1,C09339
C09340-K1,C09340
C09341-K1,C09341
C09342-K1,C09342
C09343-K1,C09343
C09344-K1,C09344
C09345-K1,C09345
C09346-K1,C09346
C09347-K1,C09347
C09348-K1,C09348
C09349-K1,C09349
C09350-K1,C09350
C09351-K1,C09351
C09352-K1,C09352
C09353-K1,C09353
C09354-K1,C09354
C09355-K1,C09355
C09356-K1,C09356
C09357-K1,C09357
C09358-K1,C09358
C09358-K2,C09358
C09359-K1,C09359
C09360-K1,C09360
C09361-K1,C09361
C09362-K1,C09362
C09363-K1,C09363
C09363-K2,C09363
C09364-K1,C09364
C09365-K1,C09365
C09365-K2,C09365
C09366-K1,C09366
C09367-K1,C09367
C09368-K1,C09368
C09369-K1,C09369
C09370-K1,C09370
C09371-K1,C09371
C09372-K1,C09372
C09373-K1,C09373
C09374-K1,C09374
C09375-K1,C09375
C09376-K1,C09376
C09377-K1,C09377
C09378-K1,C09378
C09379-K1,C09379
C09380-K1,C09380
C09381-K1,C09381
C09382-K1,C09382
C09383-K1,C09383
C09384-K1,C09384
C09385-K1,C09385
C09386-K1,C09386
C09387-K1,C09387
C09388-K1,C09388
C09389-K1,C09389
C09390-K1,C09390
C09391-K1,C09391
C09392-K1,C09392
C09393-K1,C09393
C09394-K1,C09394
C09395-K1,C09395
C09396-K1,C09396
C09397-K1,C09397
C09398-K1,C09398
C09399-K1,C09399
C09400-K1,C09400
C09401-K1,C09401
C09402-K1,C09402
C09403-K1,C09403
C09404-K1,C09404
C09405-K1,C09405
C09406-K1,C09406
C09407-K1,C09407
C09408-K1,C09408
C09409-K1,C09409
C09410-K1,C09410
C09411-K1,C09411
C09412-K1,C09412
C09413-K1,C09413
C09414-K1,C09414
C09415-K1,C09415
C09416-K1,C09416
C09417-K1,C09417
C09418-K1,C09418
C09419-K1,C09419
C09420-K1,C09420
C09420-K2,C09420
C09421-K1,C09421
C09422-K1,C09422
C09423-K1,C09423
C09424-K1,C09424
C09425-K1,C09425
C09426-K1,C09426
C09427-K1,C09427
C09428-K1,C09428
C09429-K1,C09429
C09430-K1,C09430
C09430-K2,C09430
C09431-K1,C09431
C09432-K1,C09432
C09433-K1,C09433
C09434-K1,C09434
C09435-K1,C09435
C09436-K1,C09436
C09437-K1,C09437
C09438-K1,C09438
C09439-K1,C09439
C09440-K1,C09440
C09441-K1,C09441
C09442-K1,C09442
C09443-K1,C09443
C09444-K1,C09444
C09445-K1,C09445
C09446-K1,C09446
C09447-K1,C09447
C09448-K1,C09448
C09449-K1,C09449
C09450-K1,C09450
C09451-K1,C09451
C09452-K1,C09452
C09453-K1,C09453
C09454-K1,C09454
C09455-K1,C09455
C09456-K1,C09456
C09457-K1,C09457
C09458-K1,C09458
C09459-K1,C09459
C09460-K1,C09460
C09461-K1,C09461
C09462-K1,C09462
C09463-K1,C09463
C09464-K1,C09464
C09465-K1,C09465
C09466-K1,C09466
C09467-K1,C09467
C09468-K1,C09468
C09468-K2,C09468
C09469-K1,C09469
C09470-K1,C09470
C09471-K1,C09471
C09471-K2,C09471
C09472-K1,C09472
C09473-K1,C09473
C09474-K1,C09474
C09475-K1,C09475
C09476-K1,C09476
C09477-K1,C09477
C09478-K1,C09478
C09479-K1,C09479
C09480-K1,C09480
C09481-K1,C09481
C09482-K1,C09482
C09483-K1,C09483
C09484-K1,C09484
C09485-K1,C09485
C09486-K1,C09486
C09487-K1,C09487
C09488-K1,C09488
C09489-K1,C09489
C09490-K1,C09490
C09490-K2,C09490
C09491-K1,C09491
C09492-K1,C09492
C09493-K1,C09493
C09494-K1,C09494
C09495-K1,C09495
C09496-K1,C09496
C09497-K1,C09497
C09498-K1,C09498
C09499-K1,C09499
C09500-K1,C09500
C09501-K1,C09501
C09502-K1,C09502
C09503-K1,C09503
C09504-K1,C09504
C09505-K1,C09505
C09506-K1,C09506
C09507-K1,C09507
C09508-K1,C09508
C09509-K1,C09509
C09510-K1,C09510
C09511-K1,C09511
C09512-K1,C09512
C09513-K1,C09513
C09514-K1,C09514
C09515-K1,C09515
C09516-K1,C09516
C09517-K1,C09517
C09518-K1,C09518
C09519-K1,C09519
C09520-K1,C09520
C09521-K1,C09521
C09522-K1,C09522
C09523-K1,C09523
C09524-K1,C09524
C09525-K1,C09525
C09526-K1,C09526
C09527-K1,C09527
C09528-K1,C09528
C09529-K1,C09529
C09530-K1,C09530
C09531-K1,C09531
C09532-K1,C09532
C09533-K1,C09533
C09534-K1,C09534
C09535-K1,C09535
C09536-K1,C09536
C09537-K1,C09537
C09538-K1,C09538
C09539-K1,C09539
C09540-K1,C09540
C09541-K1,C09541
C09542-K1,C09542
C09543-K1,C09543
C09544-K1,C09544
C09545-K1,C09545
C09546-K1,C09546
C09547-K1,C09547
C09548-K1,C09548
C09549-K1,C09549
C09550-K1,C09550
C09551-K1,C09551
C09552-K1,C09552
C09553-K1,C09553
C09554-K1,C09554
C09555-K1,C09555
C09556-K1,C09556
C09557-K1,C09557
C09558-K1,C09558
C09559-K1,C09559
C09560-K1,C09560
C09561-K1,C09561
C09562-K1,C09562
C09563-K1,C09563
C09564-K1,C09564
C09565-K1,C09565
C09566-K1,C09566
C09567-K1,C09567
C09568-K1,C09568
C09569-K1,C09569
C09570-K1,C09570
C09571-K1,C09571
C09572-K1,C09572
C09573-K1,C09573
C09574-K1,C09574
C09575-K1,C09575
C09576-K1,C09576
C09577-K1,C09577
C09578-K1,C09578
C09579-K1,C09579
C09579-K2,C09579
C09580-K1,C09580
C09581-K1,C09581
C09582-K1,C09582
C09583-K1,C09583
C09584-K1,C09584
C09585-K1,C09585
C09586-K1,C09586
C09586-K2,C09586
C09587-K1,C09587
C09588-K1,C09588
C09589-K1,C09589
C09590-K1,C09590
C09591-K1,C09591
C09592-K1,C09592
C09593-K1,C09593
C09594-K1,C09594
C09595-K1,C09595
C09596-K1,C09596
C09597-K1,C09597
C09598-K1,C09598
C09599-K1,C09599
C09600-K1,C09600
C09601-K1,C09601
C09602-K1,C09602
C09603-K1,C09603
C09604-K1,C09604
C09605-K1,C09605
C09606-K1,C09606
C09607-K1,C09607
C09608-K1,C09608
C09609-K1,C09609
C09610-K1,C09610
C09611-K1,C09611
C09611-K2,C09611
C09612-K1,C09612
C09613-K1,C09613
C09614-K1,C09614
C09615-K1,C09615
C09616-K1,C09616
C09617-K1,C09617
C09618-K1,C09618
C09619-K1,C09619
C09620-K1,C09620
C09621-K1,C09621
C09622-K1,C09622
C09623-K1,C09623
C09623-K2,C09623
C09624-K1,C09624
C09625-K1,C09625
C09626-K1,C09626
C09627-K1,C09627
C09628-K1,C09628
C09629-K1,C09629
C09630-K1,C09630
C09631-K1,C09631
C09632-K1,C09632
C09633-K1,C09633
C09634-K1,C09634
C09635-K1,C09635
C09636-K1,C09636
C09637-K1,C09637
C09638-K1,C09638
C09639-K1,C09639
C09640-K1,C09640
C09641-K1,C09641
C09642-K1,C09642
C09643-K1,C09643
C09644-K1,C09644
C09645-K1,C09645
C09646-K1,C09646
C09647-K1,C09647
C09648-K1,C09648
C09649-K1,C09649
C09650-K1,C09650
C09651-K1,C09651
C09652-K1,C09652
C09653-K1,C09653
C09654-K1,C09654
C09655-K1,C09655
C09656-K1,C09656
C09657-K1,C09657
C09657-K2,C09657
C09658-K1,C09658
C09658-K2,C09658
C09659-K1,C09659
C09660-K1,C09660
C09661-K1,C09661
C09662-K1,C09662
C09663-K1,C09663
C09664-K1,C09664
C09665-K1,C09665
C09666-K1,C09666
C09666-K2,C09666
C09667-K1,C09667
C09668-K1,C09668
C09669-K1,C09669
C09670-K1,C09670
C09671-K1,C09671
C09672-K1,C09672
C09673-K1,C09673
C09674-K1,C09674
C09675-K1,C09675
C09676-K1,C09676
C09677-K1,C09677
C09678-K1,C09678
C09679-K1,C09679
C09680-K1,C09680
C09680-K2,C09680
C09681-K1,C09681
C09682-K1,C09682
C09683-K1,C09683
C09684-K1,C09684
C09685-K1,C09685
C09686-K1,C09686
C09687-K1,C09687
C09688-K1,C09688
C09689-K1,C09689
C09690-K1,C09690
C09691-K1,C09691
C09692-K1,C09692
C09693-K1,C09693
C09694-K1,C09694
C09695-K1,C09695
C09696-K1,C09696
C09697-K1,C09697
C09698-K1,C09698
C09699-K1,C09699
C09700-K1,C09700
C09701-K1,C09701
C09701-K2,C09701
C09702-K1,C09702
C09703-K1,C09703
C09704-K1,C09704
C09705-K1,C09705
C09706-K1,C09706
C09707-K1,C09707
C09708-K1,C09708
C09709-K1,C09709
C09710-K1,C09710
C09711-K1,C09711
C09712-K1,C09712
C09713-K1,C09713
C09714-K1,C09714
C09715-K1,C09715
C09716-K1,C09716
C09716-K2,C09716
C09717-K1,C09717
C09718-K1,C09718
C09719-K1,C09719
C09720-K1,C09720
C09721-K1,C09721
C09722-K1,C09722
C09723-K1,C09723
C09724-K1,C09724
C09725-K1,C09725
C09726-K1,C09726
C09727-K1,C09727
C09728-K1,C09728
C09729-K1,C09729
C09730-K1,C09730
C09731-K1,C09731
C09732-K1,C09732
C09733-K1,C09733
C09734-K1,C09734
C09735-K1,C09735
C09736-K1,C09736
C09737-K1,C09737
C09738-K1,C09738
C09739-K1,C09739
C09740-K1,C09740
C09741-K1,C09741
C09742-K1,C09742
C09742-K2,C09742
C09742-K3,C09742
C09743-K1,C09743
C09744-K1,C09744
C09745-K1,C09745
C09746-K1,C09746
C09747-K1,C09747
C09748-K1,C09748
C09749-K1,C09749
C09750-K1,C09750
C09751-K1,C09751
C09752-K1,C09752
C09753-K1,C09753
C09754-K1,C09754
C09755-K1,C09755
C09756-K1,C09756
C09757-K1,C09757
C09758-K1,C09758
C09759-K1,C09759
C09760-K1,C09760
C09761-K1,C09761
C09762-K1,C09762
C09763-K1,C09763
C09764-K1,C09764
C09765-K1,C09765
C09766-K1,C09766
C09767-K1,C09767
C09768-K1,C09768
C09769-K1,C09769
C09770-K1,C09770
C09771-K1,C09771
C09772-K1,C09772
C09773-K1,C09773
C09774-K1,C09774
C09775-K1,C09775
C09776-K1,C09776
C09777-K1,C09777
C09778-K1,C09778
C09779-K1,C09779
C09780-K1,C09780
C09781-K1,C09781
C09782-K1,C09782
C09783-K1,C09783
C09784-K1,C09784
C09785-K1,C09785
C09786-K1,C09786
C09787-K1,C09787
C09788-K1,C09788
C09789-K1,C09789
C09790-K1,C09790
C09791-K1,C09791
C09792-K1,C09792
C09793-K1,C09793
C09794-K1,C09794
C09795-K1,C09795
C09795-K2,C09795
C09796-K1,C09796
C09797-K1,C09797
C09798-K1,C09798
C09799-K1,C09799
C09800-K1,C09800
C09800-K2,C09800
C09801-K1,C09801
C09802-K1,C09802
C09802-K2,C09802
C09803-K1,C09803
C09804-K1,C09804
C09805-K1,C09805
C09806-K1,C09806
C09807-K1,C09807
C09808-K1,C09808
C09809-K1,C09809
C09810-K1,C09810
C09811-K1,C09811
C09812-K1,C09812
C09813-K1,C09813
C09814-K1,C09814
C09815-K1,C09815
C09816-K1,C09816
C09817-K1,C09817
C09818-K1,C09818
C09819-K1,C09819
C09820-K1,C09820
C09821-K1,C09821
C09822-K1,C09822
C09823-K1,C09823
C09824-K1,C09824
C09825-K1,C09825
C09826-K1,C09826
C09827-K1,C09827
C09827-K2,C09827
C09828-K1,C09828
C09829-K1,C09829
C09830-K1,C09830
C09831-K1,C09831
C09832-K1,C09832
C09833-K1,C09833
C09834-K1,C09834
C09835-K1,C09835
C09836-K1,C09836
C09837-K1,C09837
C09838-K1,C09838
C09839-K1,C09839
C09840-K1,C09840
C09841-K1,C09841
C09841-K2,C09841
C09842-K1,C09842
C09843-K1,C09843
C09844-K1,C09844
C09845-K1,C09845
C09846-K1,C09846
C09847-K1,C09847
C09848-K1,C09848
C09848-K2,C09848
C09849-K1,C09849
C09850-K1,C09850
C09851-K1,C09851
C09852-K1,C09852
C09853-K1,C09853
C09854-K1,C09854
C09855-K1,C09855
C09855-K2,C09855
C09856-K1,C09856
C09857-K1,C09857
C09858-K1,C09858
C09859-K1,C09859
C09860-K1,C09860
C09861-K1,C09861
C09862-K1,C09862
C09863-K1,C09863
C09864-K1,C09864
C09865-K1,C09865
C09866-K1,C09866
C09867-K1,C09867
C09868-K1,C09868
C09868-K2,C09868
C09869-K1,C09869
C09870-K1,C09870
C09871-K1,C09871
C09872-K1,C09872
C09873-K1,C09873
C09874-K1,C09874
C09875-K1,C09875
C09876-K1,C09876
C09877-K1,C09877
C09878-K1,C09878
C09879-K1,C09879
C09880-K1,C09880
C09881-K1,C09881
C09882-K1,C09882
C09883-K1,C09883
C09884-K1,C09884
C09885-K1,C09885
C09886-K1,C09886
C09887-K1,C09887
C09888-K1,C09888
C09889-K1,C09889
C09890-K1,C09890
C09891-K1,C09891
C09892-K1,C09892
C09893-K1,C09893
C09894-K1,C09894
C09895-K1,C09895
C09896-K1,C09896
C09897-K1,C09897
C09897-K2,C09897
C09898-K1,C09898
C09899-K1,C09899
C09900-K1,C09900
C09901-K1,C09901
C09902-K1,C09902
C09902-K2,C09902
C09903-K1,C09903
C09904-K1,C09904
C09905-K1,C09905
C09905-K2,C09905
C09906-K1,C09906
C09907-K1,C09907
C09908-K1,C09908
C09909-K1,C09909
C09910-K1,C09910
C09911-K1,C09911
C09912-K1,C09912
C09913-K1,C09913
C09914-K1,C09914
C09915-K1,C09915
C09916-K1,C09916
C09917-K1,C09917
C09918-K1,C09918
C09919-K1,C09919
C09920-K1,C09920
C09921-K1,C09921
C09922-K1,C09922
C09923-K1,C09923
C09924-K1,C09924
C09924-K2,C09924
C09925-K1,C09925
C09926-K1,C09926
C09927-K1,C09927
C09928-K1,C09928
C09929-K1,C09929
C09930-K1,C09930
C09931-K1,C09931
C09932-K1,C09932
C09933-K1,C09933
C09933-K2,C09933
C09934-K1,C09934
C09935-K1,C09935
C09936-K1,C09936
C09937-K1,C09937
C09938-K1,C09938
C09939-K1,C09939
C09940-K1,C09940
C09941-K1,C09941
C09942-K1,C09942
C09943-K1,C09943
C09944-K1,C09944
C09945-K1,C09945
C09946-K1,C09946
C09947-K1,C09947
C09948-K1,C09948
C09949-K1,C09949
C09950-K1,C09950
C09951-K1,C09951
C09952-K1,C09952
C09953-K1,C09953
C09953-K2,C09953
C09954-K1,C09954
C09955-K1,C09955
C09956-K1,C09956
C09957-K1,C09957
C09958-K1,C09958
C09959-K1,C09959
C09960-K1,C09960
C09961-K1,C09961
C09962-K1,C09962
C09963-K1,C09963
C09964-K1,C09964
C09965-K1,C09965
C09966-K1,C09966
C09967-K1,C09967
C09968-K1,C09968
C09969-K1,C09969
C09970-K1,C09970
C09971-K1,C09971
C09971-K2,C09971
C09972-K1,C09972
C09973-K1,C09973
C09974-K1,C09974
C09975-K1,C09975
C09976-K1,C09976
C09977-K1,C09977
C09978-K1,C09978
C09979-K1,C09979
C09980-K1,C09980
C09981-K1,C09981
C09981-K2,C09981
C09982-K1,C09982
C09983-K1,C09983
C09984-K1,C09984
C09985-K1,C09985
C09986-K1,C09986
C09987-K1,C09987
C09988-K1,C09988
C09989-K1,C09989
C09990-K1,C09990
C09991-K1,C09991
C09992-K1,C09992
C09993-K1,C09993
C09994-K1,C09994
C09995-K1,C09995
C09996-K1,C09996
C09997-K1,C09997
C09998-K1,C09998
C09999-K1,C09999
C10000-K1,C10000
C10001-K1,C10001
C10002-K1,C10002
C10003-K1,C10003
C10004-K1,C10004
C10005-K1,C10005
C10006-K1,C10006
C10007-K1,C10007
C10008-K1,C10008
C10008-K2,C10008
C10008-K3,C10008
C10009-K1,C10009
C10009-K2,C10009
C10010-K1,C10010
C10011-K1,C10011
C10012-K1,C10012
C10013-K1,C10013
C10013-K2,C10013
C10014-K1,C10014
C10015-K1,C10015
C10016-K1,C10016
C10016-K2,C10016
C10017-K1,C10017
C10018-K1,C10018
C10019-K1,C10019
C10020-K1,C10020
C10021-K1,C10021
C10022-K1,C10022
C10023-K1,C10023
C10024-K1,C10024
C10025-K1,C10025
C10026-K1,C10026
C10027-K1,C10027
C10028-K1,C10028
C10029-K1,C10029
C10030-K1,C10030
C10031-K1,C10031
C10032-K1,C10032
C10033-K1,C10033
C10034-K1,C10034
C10035-K1,C10035
C10035-K2,C10035
C10036-K1,C10036
C10037-K1,C10037
C10038-K1,C10038
C10039-K1,C10039
C10040-K1,C10040
C10041-K1,C10041
C10041-K2,C10041
C10042-K1,C10042
C10043-K1,C10043
C10044-K1,C10044
C10045-K1,C10045
C10046-K1,C10046
C10047-K1,C10047
C10048-K1,C10048
C10049-K1,C10049
C10050-K1,C10050
C10051-K1,C10051
C10052-K1,C10052
C10053-K1,C10053
C10053-K2,C10053
C10054-K1,C10054
C10055-K1,C10055
C10056-K1,C10056
C10057-K1,C10057
C10058-K1,C10058
C10059-K1,C10059
C10060-K1,C10060
C10061-K1,C10061
C10062-K1,C10062
C10063-K1,C10063
C10064-K1,C10064
C10065-K1,C10065
C10066-K1,C10066
C10067-K1,C10067
C10068-K1,C10068
C10069-K1,C10069
C10070-K1,C10070
C10071-K1,C10071
C10072-K1,C10072
C10073-K1,C10073
C10074-K1,C10074
C10075-K1,C10075
C10076-K1,C10076
C10077-K1,C10077
C10078-K1,C10078
C10079-K1,C10079
C10080-K1,C10080
C10081-K1,C10081
C10082-K1,C10082
C10083-K1,C10083
C10084-K1,C10084
C10085-K1,C10085
C10086-K1,C10086
C10087-K1,C10087
C10088-K1,C10088
C10089-K1,C10089
C10089-K2,C10089
C10090-K1,C10090
C10091-K1,C10091
C10092-K1,C10092
C10093-K1,C10093
C10094-K1,C10094
C10095-K1,C10095
C10096-K1,C10096
C10097-K1,C10097
C10098-K1,C10098
C10099-K1,C10099
C10100-K1,C10100
C10101-K1,C10101
C10102-K1,C10102
C10103-K1,C10103
C10104-K1,C10104
C10105-K1,C10105
C10106-K1,C10106
C10107-K1,C10107
C10108-K1,C10108
C10109-K1,C10109
C10110-K1,C10110
C10111-K1,C10111
C10112-K1,C10112
C10113-K1,C10113
C10114-K1,C10114
C10115-K1,C10115
C10116-K1,C10116
C10117-K1,C10117
C10118-K1,C10118
C10119-K1,C10119
C10120-K1,C10120
C10121-K1,C10121
C10122-K1,C10122
C10123-K1,C10123
C10124-K1,C10124
C10125-K1,C10125
C10126-K1,C10126
C10127-K1,C10127
C10127-K2,C10127
C10128-K1,C10128
C10129-K1,C10129
C10130-K1,C10130
C10131-K1,C10131
C10132-K1,C10132
C10133-K1,C10133
C10134-K1,C10134
C10135-K1,C10135
C10136-K1,C10136
C10137-K1,C10137
C10137-K2,C10137
C10138-K1,C10138
C10139-K1,C10139
C10140-K1,C10140
C10141-K1,C10141
C10142-K1,C10142
C10143-K1,C10143
C10144-K1,C10144
C10145-K1,C10145
C10146-K1,C10146
C10147-K1,C10147
C10148-K1,C10148
C10149-K1,C10149
C10150-K1,C10150
C10151-K1,C10151
C10152-K1,C10152
C10153-K1,C10153
C10153-K2,C10153
C10154-K1,C10154
C10155-K1,C10155
C10156-K1,C10156
C10157-K1,C10157
C10158-K1,C10158
C10159-K1,C10159
C10160-K1,C10160
C10161-K1,C10161
C10161-K2,C10161
C10162-K1,C10162
C10163-K1,C10163
C10164-K1,C10164
C10165-K1,C10165
C10166-K1,C10166
C10167-K1,C10167
C10168-K1,C10168
C10169-K1,C10169
C10170-K1,C10170
C10171-K1,C10171
C10172-K1,C10172
C10173-K1,C10173
C10174-K1,C10174
C10175-K1,C10175
C10176-K1,C10176
C10177-K1,C10177
C10178-K1,C10178
C10178-K2,C10178
C10179-K1,C10179
C10180-K1,C10180
C10181-K1,C10181
C10182-K1,C10182
C10183-K1,C10183
C10184-K1,C10184
C10185-K1,C10185
C10186-K1,C10186
C10187-K1,C10187
C10188-K1,C10188
C10189-K1,C10189
C10190-K1,C10190
C10191-K1,C10191
C10192-K1,C10192
C10193-K1,C10193
C10193-K2,C10193
C10194-K1,C10194
C10195-K1,C10195
C10196-K1,C10196
C10197-K1,C10197
C10198-K1,C10198
C10199-K1,C10199
C10200-K1,C10200
C10201-K1,C10201
C10202-K1,C10202
C10203-K1,C10203
C10204-K1,C10204
C10205-K1,C10205
C10206-K1,C10206
C10207-K1,C10207
C10208-K1,C10208
C10209-K1,C10209
C10210-K1,C10210
C10211-K1,C10211
C10212-K1,C10212
C10213-K1,C10213
C10214-K1,C10214
C10215-K1,C10215
C10216-K1,C10216
C10217-K1,C10217
C10218-K1,C10218
C10219-K1,C10219
C10220-K1,C10220
C10221-K1,C10221
C10222-K1,C10222
C10223-K1,C10223
C10223-K2,C10223
C10224-K1,C10224
C10225-K1,C10225
C10226-K1,C10226
C10227-K1,C10227
C10228-K1,C10228
C10229-K1,C10229
C10230-K1,C10230
C10231-K1,C10231
C10232-K1,C10232
C10233-K1,C10233
C10234-K1,C10234
C10234-K2,C10234
C10235-K1,C10235
C10236-K1,C10236
C10237-K1,C10237
C10238-K1,C10238
C10239-K1,C10239
C10240-K1,C10240
C10241-K1,C10241
C10242-K1,C10242
C10243-K1,C10243
C10244-K1,C10244
C10245-K1,C10245
C10246-K1,C10246
C10247-K1,C10247
C10248-K1,C10248
C10249-K1,C10249
C10250-K1,C10250
C10251-K1,C10251
C10252-K1,C10252
C10253-K1,C10253
C10254-K1,C10254
C10255-K1,C10255
C10256-K1,C10256
C10257-K1,C10257
C10258-K1,C10258
C10259-K1,C10259
C10260-K1,C10260
C10261-K1,C10261
C10262-K1,C10262
C10263-K1,C10263
C10264-K1,C10264
C10265-K1,C10265
C10266-K1,C10266
C10267-K1,C10267
C10268-K1,C10268
C10269-K1,C10269
C10270-K1,C10270
C10271-K1,C10271
C10272-K1,C10272
C10273-K1,C10273
C10274-K1,C10274
C10275-K1,C10275
C10276-K1,C10276
C10277-K1,C10277
C10278-K1,C10278
C10279-K1,C10279
C10280-K1,C10280
C10281-K1,C10281
C10282-K1,C10282
C10283-K1,C10283
C10284-K1,C10284
C10285-K1,C10285
C10285-K2,C10285
C10286-K1,C10286
C10287-K1,C10287
C10288-K1,C10288
C10289-K1,C10289
C10290-K1,C10290
C10291-K1,C10291
C10292-K1,C10292
C10293-K1,C10293
C10294-K1,C10294
C10295-K1,C10295
C10296-K1,C10296
C10297-K1,C10297
C10298-K1,C10298
C10299-K1,C10299
C10300-K1,C10300
C10301-K1,C10301
C10302-K1,C10302
C10302-K2,C10302
C10303-K1,C10303
C10304-K1,C10304
C10305-K1,C10305
C10306-K1,C10306
C10307-K1,C10307
C10308-K1,C10308
C10309-K1,C10309
C10310-K1,C10310
C10311-K1,C10311
C10312-K1,C10312
C10313-K1,C10313
C10314-K1,C10314
C10315-K1,C10315
C10316-K1,C10316
C10317-K1,C10317
C10318-K1,C10318
C10319-K1,C10319
C10320-K1,C10320
C10321-K1,C10321
C10322-K1,C10322
C10323-K1,C10323
C10324-K1,C10324
C10325-K1,C10325
C10326-K1,C10326
C10327-K1,C10327
C10328-K1,C10328
C10328-K2,C10328
C10329-K1,C10329
C10330-K1,C10330
C10331-K1,C10331
C10331-K2,C10331
C10332-K1,C10332
C10333-K1,C10333
C10334-K1,C10334
C10334-K2,C10334
C10335-K1,C10335
C10336-K1,C10336
C10337-K1,C10337
C10338-K1,C10338
C10339-K1,C10339
C10340-K1,C10340
C10341-K1,C10341
C10342-K1,C10342
C10343-K1,C10343
C10344-K1,C10344
C10344-K2,C10344
C10345-K1,C10345
C10346-K1,C10346
C10347-K1,C10347
C10348-K1,C10348
C10349-K1,C10349
C10350-K1,C10350
C10351-K1,C10351
C10352-K1,C10352
C10353-K1,C10353
C10354-K1,C10354
C10355-K1,C10355
C10356-K1,C10356
C10357-K1,C10357
C10358-K1,C10358
C10359-K1,C10359
C10360-K1,C10360
C10361-K1,C10361
C10361-K2,C10361
C10362-K1,C10362
C10363-K1,C10363
C10364-K1,C10364
C10365-K1,C10365
C10366-K1,C10366
C10367-K1,C10367
C10368-K1,C10368
C10369-K1,C10369
C10370-K1,C10370
C10371-K1,C10371
C10372-K1,C10372
C10373-K1,C10373
C10374-K1,C10374
C10375-K1,C10375
C10376-K1,C10376
C10377-K1,C10377
C10378-K1,C10378
C10379-K1,C10379
C10380-K1,C10380
C10381-K1,C10381
C10382-K1,C10382
C10383-K1,C10383
C10383-K2,C10383
C10384-K1,C10384
C10385-K1,C10385
C10386-K1,C10386
C10387-K1,C10387
C10388-K1,C10388
C10389-K1,C10389
C10390-K1,C10390
C10391-K1,C10391
C10392-K1,C10392
C10393-K1,C10393
C10394-K1,C10394
C10395-K1,C10395
C10396-K1,C10396
C10397-K1,C10397
C10398-K1,C10398
C10399-K1,C10399
C10400-K1,C10400
C10401-K1,C10401
C10402-K1,C10402
C10403-K1,C10403
C10404-K1,C10404
C10405-K1,C10405
C10406-K1,C10406
C10407-K1,C10407
C10408-K1,C10408
C10408-K2,C10408
C10409-K1,C10409
C10410-K1,C10410
C10411-K1,C10411
C10412-K1,C10412
C10413-K1,C10413
C10414-K1,C10414
C10415-K1,C10415
C10416-K1,C10416
C10417-K1,C10417
C10418-K1,C10418
C10419-K1,C10419
C10420-K1,C10420
C10421-K1,C10421
C10422-K1,C10422
C10422-K2,C10422
C10423-K1,C10423
C10424-K1,C10424
C10425-K1,C10425
C10426-K1,C10426
C10427-K1,C10427
C10428-K1,C10428
C10429-K1,C10429
C10430-K1,C10430
C10431-K1,C10431
C10432-K1,C10432
C10433-K1,C10433
C10434-K1,C10434
C10435-K1,C10435
C10436-K1,C10436
C10437-K1,C10437
C10438-K1,C10438
C10439-K1,C10439
C10440-K1,C10440
C10441-K1,C10441
C10442-K1,C10442
C10443-K1,C10443
C10444-K1,C10444
C10445-K1,C10445
C10446-K1,C10446
C10447-K1,C10447
C10448-K1,C10448
C10449-K1,C10449
C10450-K1,C10450
C10451-K1,C10451
C10452-K1,C10452
C10453-K1,C10453
C10454-K1,C10454
C10455-K1,C10455
C10456-K1,C10456
C10457-K1,C10457
C10458-K1,C10458
C10459-K1,C10459
C10460-K1,C10460
C10461-K1,C10461
C10462-K1,C10462
C10463-K1,C10463
C10464-K1,C10464
C10465-K1,C10465
C10466-K1,C10466
C10466-K2,C10466
C10467-K1,C10467
C10468-K1,C10468
C10469-K1,C10469
C10470-K1,C10470
C10471-K1,C10471
C10472-K1,C10472
C10473-K1,C10473
C10474-K1,C10474
C10475-K1,C10475
C10476-K1,C10476
C10477-K1,C10477
C10478-K1,C10478
C10479-K1,C10479
C10480-K1,C10480
C10481-K1,C10481
C10482-K1,C10482
C10483-K1,C10483
C10484-K1,C10484
C10485-K1,C10485
C10486-K1,C10486
C10487-K1,C10487
C10488-K1,C10488
C10489-K1,C10489
C10490-K1,C10490
C10491-K1,C10491
C10492-K1,C10492
C10493-K1,C10493
C10494-K1,C10494
C10495-K1,C10495
C10496-K1,C10496
C10497-K1,C10497
C10498-K1,C10498
C10499-K1,C10499
C10500-K1,C10500
C10501-K1,C10501
C10502-K1,C10502
C10503-K1,C10503
C10504-K1,C10504
C10505-K1,C10505
C10506-K1,C10506
C10507-K1,C10507
C10507-K2,C10507
C10508-K1,C10508
C10509-K1,C10509
C10510-K1,C10510
C10511-K1,C10511
C10512-K1,C10512
C10513-K1,C10513
C10514-K1,C10514
C10515-K1,C10515
C10516-K1,C10516
C10517-K1,C10517
C10518-K1,C10518
C10519-K1,C10519
C10520-K1,C10520
C10521-K1,C10521
C10522-K1,C10522
C10523-K1,C10523
C10524-K1,C10524
C10525-K1,C10525
C10526-K1,C10526
C10527-K1,C10527
C10528-K1,C10528
C10529-K1,C10529
C10530-K1,C10530
C10531-K1,C10531
C10532-K1,C10532
C10533-K1,C10533
C10534-K1,C10534
C10535-K1,C10535
C10536-K1,C10536
C10537-K1,C10537
C10538-K1,C10538
C10539-K1,C10539
C10540-K1,C10540
C10541-K1,C10541
C10542-K1,C10542
C10542-K2,C10542
C10543-K1,C10543
C10544-K1,C10544
C10545-K1,C10545
C10546-K1,C10546
C10547-K1,C10547
C10548-K1,C10548
C10549-K1,C10549
C10550-K1,C10550
C10551-K1,C10551
C10552-K1,C10552
C10552-K2,C10552
C10553-K1,C10553
C10554-K1,C10554
C10555-K1,C10555
C10556-K1,C10556
C10557-K1,C10557
C10558-K1,C10558
C10559-K1,C10559
C10560-K1,C10560
C10561-K1,C10561
C10562-K1,C10562
C10562-K2,C10562
C10563-K1,C10563
C10564-K1,C10564
C10565-K1,C10565
C10566-K1,C10566
C10567-K1,C10567
C10568-K1,C10568
C10569-K1,C10569
C10569-K2,C10569
C10570-K1,C10570
C10571-K1,C10571
C10572-K1,C10572
C10573-K1,C10573
C10574-K1,C10574
C10575-K1,C10575
C10576-K1,C10576
C10577-K1,C10577
C10578-K1,C10578
C10579-K1,C10579
C10580-K1,C10580
C10581-K1,C10581
C10582-K1,C10582
C10583-K1,C10583
C10584-K1,C10584
C10585-K1,C10585
C10586-K1,C10586
C10587-K1,C10587
C10588-K1,C10588
C10589-K1,C10589
C10590-K1,C10590
C10591-K1,C10591
C10592-K1,C10592
C10593-K1,C10593
C10594-K1,C10594
C10595-K1,C10595
C10596-K1,C10596
C10597-K1,C10597
C10598-K1,C10598
C10599-K1,C10599
C10600-K1,C10600
C10601-K1,C10601
C10602-K1,C10602
C10603-K1,C10603
C10604-K1,C10604
C10605-K1,C10605
C10606-K1,C10606
C10607-K1,C10607
C10608-K1,C10608
C10609-K1,C10609
C10610-K1,C10610
C10611-K1,C10611
C10611-K2,C10611
C10612-K1,C10612
C10613-K1,C10613
C10614-K1,C10614
C10615-K1,C10615
C10616-K1,C10616
C10617-K1,C10617
C10618-K1,C10618
C10619-K1,C10619
C10620-K1,C10620
C10621-K1,C10621
C10622-K1,C10622
C10623-K1,C10623
C10624-K1,C10624
C10625-K1,C10625
C10626-K1,C10626
C10627-K1,C10627
C10628-K1,C10628
C10629-K1,C10629
C10629-K2,C10629
C10630-K1,C10630
C10631-K1,C10631
C10632-K1,C10632
C10632-K2,C10632
C10633-K1,C10633
C10634-K1,C10634
C10635-K1,C10635
C10636-K1,C10636
C10637-K1,C10637
C10638-K1,C10638
C10639-K1,C10639
C10640-K1,C10640
C10641-K1,C10641
C10642-K1,C10642
C10643-K1,C10643
C10644-K1,C10644
C10645-K1,C10645
C10646-K1,C10646
C10647-K1,C10647
C10648-K1,C10648
C10649-K1,C10649
C10650-K1,C10650
C10651-K1,C10651
C10651-K2,C10651
C10652-K1,C10652
C10653-K1,C10653
C10654-K1,C10654
C10655-K1,C10655
C10656-K1,C10656
C10657-K1,C10657
C10658-K1,C10658
C10659-K1,C10659
C10660-K1,C10660
C10661-K1,C10661
C10662-K1,C10662
C10663-K1,C10663
C10664-K1,C10664
C10665-K1,C10665
C10666-K1,C10666
C10667-K1,C10667
C10668-K1,C10668
C10669-K1,C10669
C10670-K1,C10670
C10671-K1,C10671
C10672-K1,C10672
C10673-K1,C10673
C10674-K1,C10674
C10675-K1,C10675
C10676-K1,C10676
C10677-K1,C10677
C10678-K1,C10678
C10679-K1,C10679
C10680-K1,C10680
C10681-K1,C10681
C10681-K2,C10681
C10682-K1,C10682
C10683-K1,C10683
C10684-K1,C10684
C10685-K1,C10685
C10686-K1,C10686
C10687-K1,C10687
C10688-K1,C10688
C10689-K1,C10689
C10690-K1,C10690
C10690-K2,C10690
C10691-K1,C10691
C10692-K1,C10692
C10693-K1,C10693
C10694-K1,C10694
C10695-K1,C10695
C10696-K1,C10696
C10697-K1,C10697
C10697-K2,C10697
C10698-K1,C10698
C10699-K1,C10699
C10700-K1,C10700
C10701-K1,C10701
C10702-K1,C10702
C10703-K1,C10703
C10704-K1,C10704
C10705-K1,C10705
C10706-K1,C10706
C10707-K1,C10707
C10708-K1,C10708
C10709-K1,C10709
C10710-K1,C10710
C10711-K1,C10711
C10712-K1,C10712
C10713-K1,C10713
C10714-K1,C10714
C10715-K1,C10715
C10715-K2,C10715
C10716-K1,C10716
C10717-K1,C10717
C10718-K1,C10718
C10718-K2,C10718
C10719-K1,C10719
C10720-K1,C10720
C10721-K1,C10721
C10722-K1,C10722
C10723-K1,C10723
C10724-K1,C10724
C10725-K1,C10725
C10726-K1,C10726
C10727-K1,C10727
C10728-K1,C10728
C10729-K1,C10729
C10730-K1,C10730
C10731-K1,C10731
C10732-K1,C10732
C10733-K1,C10733
C10734-K1,C10734
C10735-K1,C10735
C10736-K1,C10736
C10737-K1,C10737
C10738-K1,C10738
C10739-K1,C10739
C10740-K1,C10740
C10741-K1,C10741
C10742-K1,C10742
C10743-K1,C10743
C10744-K1,C10744
C10745-K1,C10745
C10746-K1,C10746
C10747-K1,C10747
C10748-K1,C10748
C10749-K1,C10749
C10750-K1,C10750
C10751-K1,C10751
C10751-K2,C10751
C10752-K1,C10752
C10753-K1,C10753
C10754-K1,C10754
C10755-K1,C10755
C10756-K1,C10756
C10757-K1,C10757
C10757-K2,C10757
C10758-K1,C10758
C10759-K1,C10759
C10760-K1,C10760
C10760-K2,C10760
C10761-K1,C10761
C10762-K1,C10762
C10763-K1,C10763
C10764-K1,C10764
C10765-K1,C10765
C10766-K1,C10766
C10767-K1,C10767
C10768-K1,C10768
C10769-K1,C10769
C10770-K1,C10770
C10771-K1,C10771
C10772-K1,C10772
C10773-K1,C10773
C10774-K1,C10774
C10775-K1,C10775
C10776-K1,C10776
C10777-K1,C10777
C10778-K1,C10778
C10779-K1,C10779
C10780-K1,C10780
C10781-K1,C10781
C10782-K1,C10782
C10783-K1,C10783
C10784-K1,C10784
C10785-K1,C10785
C10786-K1,C10786
C10787-K1,C10787
C10788-K1,C10788
C10789-K1,C10789
C10790-K1,C10790
C10791-K1,C10791
C10792-K1,C10792
C10793-K1,C10793
C10794-K1,C10794
C10795-K1,C10795
C10796-K1,C10796
C10797-K1,C10797
C10798-K1,C10798
C10799-K1,C10799
C10800-K1,C10800
C10801-K1,C10801
C10802-K1,C10802
C10803-K1,C10803
C10804-K1,C10804
C10805-K1,C10805
C10806-K1,C10806
C10807-K1,C10807
C10808-K1,C10808
C10809-K1,C10809
C10810-K1,C10810
C10811-K1,C10811
C10812-K1,C10812
C10812-K2,C10812
C10813-K1,C10813
C10814-K1,C10814
C10814-K2,C10814
C10815-K1,C10815
C10816-K1,C10816
C10817-K1,C10817
C10818-K1,C10818
C10819-K1,C10819
C10820-K1,C10820
C10821-K1,C10821
C10822-K1,C10822
C10823-K1,C10823
C10824-K1,C10824
C10825-K1,C10825
C10826-K1,C10826
C10826-K2,C10826
C10827-K1,C10827
C10828-K1,C10828
C10829-K1,C10829
C10830-K1,C10830
C10831-K1,C10831
C10832-K1,C10832
C10833-K1,C10833
C10834-K1,C10834
C10835-K1,C10835
C10835-K2,C10835
C10836-K1,C10836
C10837-K1,C10837
C10837-K2,C10837
C10837-K3,C10837
C10838-K1,C10838
C10839-K1,C10839
C10840-K1,C10840
C10841-K1,C10841
C10842-K1,C10842
C10843-K1,C10843
C10844-K1,C10844
C10845-K1,C10845
C10846-K1,C10846
C10846-K2,C10846
C10847-K1,C10847
C10848-K1,C10848
C10849-K1,C10849
C10850-K1,C10850
C10851-K1,C10851
C10852-K1,C10852
C10853-K1,C10853
C10854-K1,C10854
C10855-K1,C10855
C10856-K1,C10856
C10857-K1,C10857
C10858-K1,C10858
C10859-K1,C10859
C10860-K1,C10860
C10861-K1,C10861
C10862-K1,C10862
C10863-K1,C10863
C10864-K1,C10864
C10865-K1,C10865
C10866-K1,C10866
C10867-K1,C10867
C10867-K2,C10867
C10868-K1,C10868
C10869-K1,C10869
C10870-K1,C10870
C10871-K1,C10871
C10872-K1,C10872
C10873-K1,C10873
C10874-K1,C10874
C10875-K1,C10875
C10876-K1,C10876
C10877-K1,C10877
C10878-K1,C10878
C10879-K1,C10879
C10880-K1,C10880
C10881-K1,C10881
C10882-K1,C10882
C10883-K1,C10883
C10884-K1,C10884
C10885-K1,C10885
C10886-K1,C10886
C10887-K1,C10887
C10888-K1,C10888
C10889-K1,C10889
C10889-K2,C10889
C10890-K1,C10890
C10891-K1,C10891
C10892-K1,C10892
C10892-K2,C10892
C10893-K1,C10893
C10894-K1,C10894
C10895-K1,C10895
C10896-K1,C10896
C10897-K1,C10897
C10898-K1,C10898
C10899-K1,C10899
C10900-K1,C10900
C10901-K1,C10901
C10902-K1,C10902
C10903-K1,C10903
C10904-K1,C10904
C10905-K1,C10905
C10906-K1,C10906
C10907-K1,C10907
C10908-K1,C10908
C10909-K1,C10909
C10910-K1,C10910
C10911-K1,C10911
C10912-K1,C10912
C10912-K2,C10912
C10913-K1,C10913
C10914-K1,C10914
C10915-K1,C10915
C10916-K1,C10916
C10917-K1,C10917
C10918-K1,C10918
C10919-K1,C10919
C10920-K1,C10920
C10921-K1,C10921
C10922-K1,C10922
C10922-K2,C10922
C10923-K1,C10923
C10924-K1,C10924
C10924-K2,C10924
C10925-K1,C10925
C10926-K1,C10926
C10927-K1,C10927
C10928-K1,C10928
C10929-K1,C10929
C10930-K1,C10930
C10930-K2,C10930
C10931-K1,C10931
C10932-K1,C10932
C10933-K1,C10933
C10934-K1,C10934
C10935-K1,C10935
C10936-K1,C10936
C10937-K1,C10937
C10938-K1,C10938
C10939-K1,C10939
C10940-K1,C10940
C10941-K1,C10941
C10942-K1,C10942
C10942-K2,C10942
C10943-K1,C10943
C10944-K1,C10944
C10945-K1,C10945
C10946-K1,C10946
C10947-K1,C10947
C10948-K1,C10948
C10949-K1,C10949
C10950-K1,C10950
C10951-K1,C10951
C10952-K1,C10952
C10953-K1,C10953
C10954-K1,C10954
C10955-K1,C10955
C10955-K2,C10955
C10956-K1,C10956
C10957-K1,C10957
C10957-K2,C10957
C10958-K1,C10958
C10959-K1,C10959
C10960-K1,C10960
C10961-K1,C10961
C10962-K1,C10962
C10963-K1,C10963
C10964-K1,C10964
C10965-K1,C10965
C10966-K1,C10966
C10967-K1,C10967
C10967-K2,C10967
C10968-K1,C10968
C10969-K1,C10969
C10970-K1,C10970
C10971-K1,C10971
C10972-K1,C10972
C10973-K1,C10973
C10974-K1,C10974
C10975-K1,C10975
C10976-K1,C10976
C10977-K1,C10977
C10978-K1,C10978
C10979-K1,C10979
C10980-K1,C10980
C10981-K1,C10981
C10982-K1,C10982
C10983-K1,C10983
C10984-K1,C10984
C10985-K1,C10985
C10986-K1,C10986
C10986-K2,C10986
C10987-K1,C10987
C10988-K1,C10988
C10989-K1,C10989
C10990-K1,C10990
C10991-K1,C10991
C10992-K1,C10992
C10993-K1,C10993
C10994-K1,C10994
C10995-K1,C10995
C10996-K1,C10996
C10996-K2,C10996
C10997-K1,C10997
C10998-K1,C10998
C10999-K1,C10999
C11000-K1,C11000
C11000-K2,C11000
C11001-K1,C11001
C11002-K1,C11002
C11003-K1,C11003
C11003-K2,C11003
C11004-K1,C11004
C11005-K1,C11005
C11006-K1,C11006
C11007-K1,C11007
C11008-K1,C11008
C11008-K2,C11008
C11009-K1,C11009
C11010-K1,C11010
C11011-K1,C11011
C11012-K1,C11012
C11013-K1,C11013
C11014-K1,C11014
C11015-K1,C11015
C11016-K1,C11016
C11017-K1,C11017
C11018-K1,C11018
C11019-K1,C11019
C11019-K2,C11019
C11020-K1,C11020
C11021-K1,C11021
C11022-K1,C11022
C11023-K1,C11023
C11024-K1,C11024
C11025-K1,C11025
C11026-K1,C11026
C11027-K1,C11027
C11028-K1,C11028
C11029-K1,C11029
C11030-K1,C11030
C11031-K1,C11031
C11031-K2,C11031
C11032-K1,C11032
C11032-K2,C11032
C11033-K1,C11033
C11034-K1,C11034
C11035-K1,C11035
C11036-K1,C11036
C11037-K1,C11037
C11038-K1,C11038
C11039-K1,C11039
C11039-K2,C11039
C11040-K1,C11040
C11041-K1,C11041
C11042-K1,C11042
C11043-K1,C11043
C11044-K1,C11044
C11045-K1,C11045
C11046-K1,C11046
C11047-K1,C11047
C11048-K1,C11048
C11049-K1,C11049
C11050-K1,C11050
C11051-K1,C11051
C11052-K1,C11052
C11053-K1,C11053
C11054-K1,C11054
C11055-K1,C11055
C11056-K1,C11056
C11057-K1,C11057
C11058-K1,C11058
C11059-K1,C11059
C11060-K1,C11060
C11061-K1,C11061
C11062-K1,C11062
C11063-K1,C11063
C11064-K1,C11064
C11065-K1,C11065
C11066-K1,C11066
C11067-K1,C11067
C11068-K1,C11068
C11069-K1,C11069
C11070-K1,C11070
C11071-K1,C11071
C11072-K1,C11072
C11073-K1,C11073
C11074-K1,C11074
C11075-K1,C11075
C11076-K1,C11076
C11077-K1,C11077
C11078-K1,C11078
C11079-K1,C11079
C11080-K1,C11080
C11081-K1,C11081
C11082-K1,C11082
C11083-K1,C11083
C11084-K1,C11084
C11085-K1,C11085
C11086-K1,C11086
C11087-K1,C11087
C11088-K1,C11088
C11089-K1,C11089
C11090-K1,C11090
C11091-K1,C11091
C11092-K1,C11092
C11092-K2,C11092
C11093-K1,C11093
C11094-K1,C11094
C11095-K1,C11095
C11096-K1,C11096
C11097-K1,C11097
C11098-K1,C11098
C11099-K1,C11099
C11100-K1,C11100
C11101-K1,C11101
C11102-K1,C11102
C11103-K1,C11103
C11104-K1,C11104
C11105-K1,C11105
C11106-K1,C11106
C11107-K1,C11107
C11108-K1,C11108
C11109-K1,C11109
C11110-K1,C11110
C11111-K1,C11111
C11112-K1,C11112
C11113-K1,C11113
C11114-K1,C11114
C11115-K1,C11115
C11116-K1,C11116
C11117-K1,C11117
C11118-K1,C11118
C11119-K1,C11119
C11120-K1,C11120
C11121-K1,C11121
C11122-K1,C11122
C11123-K1,C11123
C11124-K1,C11124
C11125-K1,C11125
C11126-K1,C11126
C11127-K1,C11127
C11128-K1,C11128
C11129-K1,C11129
C11130-K1,C11130
C11131-K1,C11131
C11132-K1,C11132
C11133-K1,C11133
C11134-K1,C11134
C11135-K1,C11135
C11136-K1,C11136
C11137-K1,C11137
C11138-K1,C11138
C11139-K1,C11139
C11140-K1,C11140
C11140-K2,C11140
C11141-K1,C11141
C11142-K1,C11142
C11143-K1,C11143
C11144-K1,C11144
C11145-K1,C11145
C11146-K1,C11146
C11147-K1,C11147
C11148-K1,C11148
C11149-K1,C11149
C11150-K1,C11150
C11151-K1,C11151
C11152-K1,C11152
C11153-K1,C11153
C11154-K1,C11154
C11155-K1,C11155
C11156-K1,C11156
C11157-K1,C11157
C11158-K1,C11158
C11159-K1,C11159
C11159-K2,C11159
C11160-K1,C11160
C11161-K1,C11161
C11162-K1,C11162
C11163-K1,C11163
C11164-K1,C11164
C11165-K1,C11165
C11166-K1,C11166
C11167-K1,C11167
C11168-K1,C11168
C11169-K1,C11169
C11170-K1,C11170
C11171-K1,C11171
C11172-K1,C11172
C11173-K1,C11173
C11174-K1,C11174
C11175-K1,C11175
C11176-K1,C11176
C11177-K1,C11177
C11178-K1,C11178
C11179-K1,C11179
C11180-K1,C11180
C11181-K1,C11181
C11182-K1,C11182
C11183-K1,C11183
C11184-K1,C11184
C11185-K1,C11185
C11186-K1,C11186
C11187-K1,C11187
C11188-K1,C11188
C11189-K1,C11189
C11190-K1,C11190
C11191-K1,C11191
C11192-K1,C11192
C11193-K1,C11193
C11194-K1,C11194
C11194-K2,C11194
C11195-K1,C11195
C11196-K1,C11196
C11197-K1,C11197
C11198-K1,C11198
C11199-K1,C11199
C11200-K1,C11200
C11201-K1,C11201
C11201-K2,C11201
C11202-K1,C11202
C11203-K1,C11203
C11204-K1,C11204
C11205-K1,C11205
C11206-K1,C11206
C11207-K1,C11207
C11208-K1,C11208
C11209-K1,C11209
C11210-K1,C11210
C11211-K1,C11211
C11212-K1,C11212
C11213-K1,C11213
C11214-K1,C11214
C11215-K1,C11215
C11216-K1,C11216
C11216-K2,C11216
C11217-K1,C11217
C11218-K1,C11218
C11219-K1,C11219
C11220-K1,C11220
C11221-K1,C11221
C11222-K1,C11222
C11223-K1,C11223
C11224-K1,C11224
C11225-K1,C11225
C11226-K1,C11226
C11227-K1,C11227
C11227-K2,C11227
C11228-K1,C11228
C11229-K1,C11229
C11230-K1,C11230
C11230-K2,C11230
C11231-K1,C11231
C11232-K1,C11232
C11233-K1,C11233
C11234-K1,C11234
C11235-K1,C11235
C11236-K1,C11236
C11237-K1,C11237
C11238-K1,C11238
C11239-K1,C11239
C11240-K1,C11240
C11241-K1,C11241
C11241-K2,C11241
C11242-K1,C11242
C11243-K1,C11243
C11244-K1,C11244
C11245-K1,C11245
C11246-K1,C11246
C11247-K1,C11247
C11248-K1,C11248
C11249-K1,C11249
C11250-K1,C11250
C11251-K1,C11251
C11252-K1,C11252
C11253-K1,C11253
C11254-K1,C11254
C11255-K1,C11255
C11256-K1,C11256
C11257-K1,C11257
C11258-K1,C11258
C11259-K1,C11259
C11260-K1,C11260
C11261-K1,C11261
C11262-K1,C11262
C11263-K1,C11263
C11264-K1,C11264
C11265-K1,C11265
C11266-K1,C11266
C11267-K1,C11267
C11268-K1,C11268
C11269-K1,C11269
C11270-K1,C11270
C11271-K1,C11271
C11272-K1,C11272
C11273-K1,C11273
C11274-K1,C11274
C11275-K1,C11275
C11276-K1,C11276
C11277-K1,C11277
C11278-K1,C11278
C11279-K1,C11279
C11280-K1,C11280
C11281-K1,C11281
C11282-K1,C11282
C11283-K1,C11283
C11284-K1,C11284
C11285-K1,C11285
C11286-K1,C11286
C11287-K1,C11287
C11288-K1,C11288
C11289-K1,C11289
C11290-K1,C11290
C11291-K1,C11291
C11292-K1,C11292
C11293-K1,C11293
C11294-K1,C11294
C11294-K2,C11294
C11295-K1,C11295
C11296-K1,C11296
C11297-K1,C11297
C11298-K1,C11298
C11299-K1,C11299
C11300-K1,C11300
C11301-K1,C11301
C11302-K1,C11302
C11303-K1,C11303
C11304-K1,C11304
C11305-K1,C11305
C11306-K1,C11306
C11307-K1,C11307
C11308-K1,C11308
C11309-K1,C11309
C11310-K1,C11310
C11311-K1,C11311
C11312-K1,C11312
C11313-K1,C11313
C11314-K1,C11314
C11315-K1,C11315
C11316-K1,C11316
C11317-K1,C11317
C11318-K1,C11318
C11319-K1,C11319
C11320-K1,C11320
C11321-K1,C11321
C11322-K1,C11322
C11323-K1,C11323
C11324-K1,C11324
C11325-K1,C11325
C11326-K1,C11326
C11327-K1,C11327
C11328-K1,C11328
C11329-K1,C11329
C11330-K1,C11330
C11331-K1,C11331
C11332-K1,C11332
C11333-K1,C11333
C11334-K1,C11334
C11335-K1,C11335
C11336-K1,C11336
C11337-K1,C11337
C11338-K1,C11338
C11339-K1,C11339
C11340-K1,C11340
C11341-K1,C11341
C11342-K1,C11342
C11343-K1,C11343
C11344-K1,C11344
C11345-K1,C11345
C11346-K1,C11346
C11347-K1,C11347
C11347-K2,C11347
C11348-K1,C11348
C11349-K1,C11349
C11350-K1,C11350
C11351-K1,C11351
C11352-K1,C11352
C11353-K1,C11353
C11354-K1,C11354
C11355-K1,C11355
C11356-K1,C11356
C11357-K1,C11357
C11358-K1,C11358
C11359-K1,C11359
C11360-K1,C11360
C11361-K1,C11361
C11362-K1,C11362
C11362-K2,C11362
C11363-K1,C11363
C11364-K1,C11364
C11365-K1,C11365
C11366-K1,C11366
C11367-K1,C11367
C11368-K1,C11368
C11369-K1,C11369
C11370-K1,C11370
C11371-K1,C11371
C11372-K1,C11372
C11373-K1,C11373
C11374-K1,C11374
C11375-K1,C11375
C11376-K1,C11376
C11377-K1,C11377
C11378-K1,C11378
C11379-K1,C11379
C11380-K1,C11380
C11381-K1,C11381
C11381-K2,C11381
C11382-K1,C11382
C11383-K1,C11383
C11384-K1,C11384
C11385-K1,C11385
C11386-K1,C11386
C11387-K1,C11387
C11388-K1,C11388
C11389-K1,C11389
C11390-K1,C11390
C11391-K1,C11391
C11392-K1,C11392
C11393-K1,C11393
C11394-K1,C11394
C11395-K1,C11395
C11396-K1,C11396
C11397-K1,C11397
C11398-K1,C11398
C11399-K1,C11399
C11400-K1,C11400
C11401-K1,C11401
C11402-K1,C11402
C11403-K1,C11403
C11404-K1,C11404
C11405-K1,C11405
C11406-K1,C11406
C11407-K1,C11407
C11407-K2,C11407
C11408-K1,C11408
C11409-K1,C11409
C11410-K1,C11410
C11411-K1,C11411
C11412-K1,C11412
C11412-K2,C11412
C11413-K1,C11413
C11414-K1,C11414
C11415-K1,C11415
C11416-K1,C11416
C11416-K2,C11416
C11417-K1,C11417
C11418-K1,C11418
C11419-K1,C11419
C11420-K1,C11420
C11421-K1,C11421
C11422-K1,C11422
C11423-K1,C11423
C11424-K1,C11424
C11425-K1,C11425
C11426-K1,C11426
C11427-K1,C11427
C11428-K1,C11428
C11429-K1,C11429
C11430-K1,C11430
C11431-K1,C11431
C11432-K1,C11432
C11433-K1,C11433
C11434-K1,C11434
C11435-K1,C11435
C11436-K1,C11436
C11436-K2,C11436
C11437-K1,C11437
C11438-K1,C11438
C11438-K2,C11438
C11439-K1,C11439
C11440-K1,C11440
C11441-K1,C11441
C11442-K1,C11442
C11443-K1,C11443
C11444-K1,C11444
C11445-K1,C11445
C11445-K2,C11445
C11446-K1,C11446
C11447-K1,C11447
C11448-K1,C11448
C11449-K1,C11449
C11450-K1,C11450
C11451-K1,C11451
C11452-K1,C11452
C11453-K1,C11453
C11454-K1,C11454
C11455-K1,C11455
C11456-K1,C11456
C11457-K1,C11457
C11458-K1,C11458
C11459-K1,C11459
C11459-K2,C11459
C11460-K1,C11460
C11461-K1,C11461
C11462-K1,C11462
C11463-K1,C11463
C11464-K1,C11464
C11464-K2,C11464
C11465-K1,C11465
C11466-K1,C11466
C11467-K1,C11467
C11468-K1,C11468
C11469-K1,C11469
C11470-K1,C11470
C11471-K1,C11471
C11472-K1,C11472
C11473-K1,C11473
C11474-K1,C11474
C11475-K1,C11475
C11476-K1,C11476
C11477-K1,C11477
C11478-K1,C11478
C11479-K1,C11479
C11480-K1,C11480
C11481-K1,C11481
C11482-K1,C11482
C11483-K1,C11483
C11484-K1,C11484
C11485-K1,C11485
C11485-K2,C11485
C11486-K1,C11486
C11487-K1,C11487
C11488-K1,C11488
C11489-K1,C11489
C11490-K1,C11490
C11491-K1,C11491
C11492-K1,C11492
C11493-K1,C11493
C11493-K2,C11493
C11494-K1,C11494
C11495-K1,C11495
C11496-K1,C11496
C11496-K2,C11496
C11497-K1,C11497
C11498-K1,C11498
C11499-K1,C11499
C11500-K1,C11500
C11501-K1,C11501
C11502-K1,C11502
C11503-K1,C11503
C11504-K1,C11504
C11504-K2,C11504
C11505-K1,C11505
C11506-K1,C11506
C11507-K1,C11507
C11508-K1,C11508
C11508-K2,C11508
C11509-K1,C11509
C11509-K2,C11509
C11510-K1,C11510
C11511-K1,C11511
C11512-K1,C11512
C11513-K1,C11513
C11514-K1,C11514
C11514-K2,C11514
C11514-K3,C11514
C11515-K1,C11515
C11515-K2,C11515
C11516-K1,C11516
C11517-K1,C11517
C11518-K1,C11518
C11519-K1,C11519
C11520-K1,C11520
C11521-K1,C11521
C11522-K1,C11522
C11522-K2,C11522
C11522-K3,C11522
C11523-K1,C11523
C11524-K1,C11524
C11525-K1,C11525
C11526-K1,C11526
C11527-K1,C11527
C11528-K1,C11528
C11529-K1,C11529
C11530-K1,C11530
C11531-K1,C11531
C11532-K1,C11532
C11533-K1,C11533
C11533-K2,C11533
C11534-K1,C11534
C11535-K1,C11535
C11536-K1,C11536
C11537-K1,C11537
C11538-K1,C11538
C11539-K1,C11539
C11539-K2,C11539
C11540-K1,C11540
C11541-K1,C11541
C11542-K1,C11542
C11543-K1,C11543
C11543-K2,C11543
C11544-K1,C11544
C11545-K1,C11545
C11546-K1,C11546
C11547-K1,C11547
C11548-K1,C11548
C11549-K1,C11549
C11550-K1,C11550
C11551-K1,C11551
C11552-K1,C11552
C11553-K1,C11553
C11554-K1,C11554
C11555-K1,C11555
C11556-K1,C11556
C11557-K1,C11557
C11558-K1,C11558
C11558-K2,C11558
C11559-K1,C11559
C11560-K1,C11560
C11561-K1,C11561
C11561-K2,C11561
C11562-K1,C11562
C11563-K1,C11563
C11564-K1,C11564
C11565-K1,C11565
C11566-K1,C11566
C11567-K1,C11567
C11568-K1,C11568
C11569-K1,C11569
C11570-K1,C11570
C11571-K1,C11571
C11572-K1,C11572
C11573-K1,C11573
C11574-K1,C11574
C11575-K1,C11575
C11576-K1,C11576
C11576-K2,C11576
C11577-K1,C11577
C11578-K1,C11578
C11579-K1,C11579
C11580-K1,C11580
C11581-K1,C11581
C11582-K1,C11582
C11583-K1,C11583
C11584-K1,C11584
C11585-K1,C11585
C11586-K1,C11586
C11587-K1,C11587
C11588-K1,C11588
C11589-K1,C11589
C11590-K1,C11590
C11591-K1,C11591
C11592-K1,C11592
C11593-K1,C11593
C11594-K1,C11594
C11595-K1,C11595
C11596-K1,C11596
C11596-K2,C11596
C11597-K1,C11597
C11597-K2,C11597
C11598-K1,C11598
C11599-K1,C11599
C11600-K1,C11600
C11601-K1,C11601
C11602-K1,C11602
C11603-K1,C11603
C11604-K1,C11604
C11605-K1,C11605
C11606-K1,C11606
C11607-K1,C11607
C11608-K1,C11608
C11609-K1,C11609
C11610-K1,C11610
C11611-K1,C11611
C11612-K1,C11612
C11612-K2,C11612
C11613-K1,C11613
C11614-K1,C11614
C11615-K1,C11615
C11616-K1,C11616
C11617-K1,C11617
C11618-K1,C11618
C11619-K1,C11619
C11620-K1,C11620
C11621-K1,C11621
C11622-K1,C11622
C11623-K1,C11623
C11624-K1,C11624
C11625-K1,C11625
C11625-K2,C11625
C11626-K1,C11626
C11627-K1,C11627
C11627-K2,C11627
C11628-K1,C11628
C11629-K1,C11629
C11630-K1,C11630
C11631-K1,C11631
C11632-K1,C11632
C11633-K1,C11633
C11633-K2,C11633
C11634-K1,C11634
C11635-K1,C11635
C11636-K1,C11636
C11637-K1,C11637
C11638-K1,C11638
C11639-K1,C11639
C11640-K1,C11640
C11641-K1,C11641
C11642-K1,C11642
C11643-K1,C11643
C11644-K1,C11644
C11645-K1,C11645
C11646-K1,C11646
C11647-K1,C11647
C11648-K1,C11648
C11649-K1,C11649
C11650-K1,C11650
C11651-K1,C11651
C11652-K1,C11652
C11653-K1,C11653
C11654-K1,C11654
C11655-K1,C11655
C11656-K1,C11656
C11657-K1,C11657
C11657-K2,C11657
C11658-K1,C11658
C11659-K1,C11659
C11660-K1,C11660
C11661-K1,C11661
C11662-K1,C11662
C11663-K1,C11663
C11664-K1,C11664
C11665-K1,C11665
C11666-K1,C11666
C11667-K1,C11667
C11668-K1,C11668
C11668-K2,C11668
C11669-K1,C11669
C11670-K1,C11670
C11671-K1,C11671
C11672-K1,C11672
C11673-K1,C11673
C11674-K1,C11674
C11675-K1,C11675
C11676-K1,C11676
C11677-K1,C11677
C11677-K2,C11677
C11678-K1,C11678
C11679-K1,C11679
C11680-K1,C11680
C11681-K1,C11681
C11682-K1,C11682
C11683-K1,C11683
C11684-K1,C11684
C11685-K1,C11685
C11686-K1,C11686
C11687-K1,C11687
C11687-K2,C11687
C11688-K1,C11688
C11689-K1,C11689
C11690-K1,C11690
C11691-K1,C11691
C11692-K1,C11692
C11693-K1,C11693
C11694-K1,C11694
C11695-K1,C11695
C11696-K1,C11696
C11697-K1,C11697
C11697-K2,C11697
C11698-K1,C11698
C11699-K1,C11699
C11700-K1,C11700
C11701-K1,C11701
C11702-K1,C11702
C11703-K1,C11703
C11704-K1,C11704
C11705-K1,C11705
C11706-K1,C11706
C11707-K1,C11707
C11708-K1,C11708
C11709-K1,C11709
C11709-K2,C11709
C11710-K1,C11710
C11711-K1,C11711
C11712-K1,C11712
C11713-K1,C11713
C11714-K1,C11714
C11715-K1,C11715
C11716-K1,C11716
C11717-K1,C11717
C11717-K2,C11717
C11718-K1,C11718
C11719-K1,C11719
C11720-K1,C11720
C11721-K1,C11721
C11722-K1,C11722
C11722-K2,C11722
C11723-K1,C11723
C11724-K1,C11724
C11725-K1,C11725
C11726-K1,C11726
C11727-K1,C11727
C11728-K1,C11728
C11729-K1,C11729
C11730-K1,C11730
C11731-K1,C11731
C11732-K1,C11732
C11733-K1,C11733
C11734-K1,C11734
C11735-K1,C11735
C11736-K1,C11736
C11737-K1,C11737
C11738-K1,C11738
C11739-K1,C11739
C11740-K1,C11740
C11740-K2,C11740
C11741-K1,C11741
C11742-K1,C11742
C11743-K1,C11743
C11743-K2,C11743
C11744-K1,C11744
C11745-K1,C11745
C11746-K1,C11746
C11747-K1,C11747
C11748-K1,C11748
C11749-K1,C11749
C11750-K1,C11750
C11751-K1,C11751
C11752-K1,C11752
C11753-K1,C11753
C11754-K1,C11754
C11755-K1,C11755
C11756-K1,C11756
C11757-K1,C11757
C11758-K1,C11758
C11759-K1,C11759
C11760-K1,C11760
C11761-K1,C11761
C11762-K1,C11762
C11763-K1,C11763
C11764-K1,C11764
C11765-K1,C11765
C11766-K1,C11766
C11767-K1,C11767
C11768-K1,C11768
C11769-K1,C11769
C11770-K1,C11770
C11771-K1,C11771
C11772-K1,C11772
C11773-K1,C11773
C11774-K1,C11774
C11775-K1,C11775
C11776-K1,C11776
C11777-K1,C11777
C11778-K1,C11778
C11779-K1,C11779
C11780-K1,C11780
C11781-K1,C11781
C11781-K2,C11781
C11782-K1,C11782
C11783-K1,C11783
C11783-K2,C11783
C11784-K1,C11784
C11785-K1,C11785
C11786-K1,C11786
C11787-K1,C11787
C11788-K1,C11788
C11789-K1,C11789
C11790-K1,C11790
C11791-K1,C11791
C11792-K1,C11792
C11793-K1,C11793
C11794-K1,C11794
C11795-K1,C11795
C11796-K1,C11796
C11797-K1,C11797
C11798-K1,C11798
C11799-K1,C11799
C11799-K2,C11799
C11800-K1,C11800
C11801-K1,C11801
C11802-K1,C11802
C11803-K1,C11803
C11804-K1,C11804
C11805-K1,C11805
C11806-K1,C11806
C11807-K1,C11807
C11808-K1,C11808
C11809-K1,C11809
C11810-K1,C11810
C11811-K1,C11811
C11812-K1,C11812
C11813-K1,C11813
C11814-K1,C11814
C11815-K1,C11815
C11816-K1,C11816
C11817-K1,C11817
C11818-K1,C11818
C11818-K2,C11818
C11819-K1,C11819
C11820-K1,C11820
C11821-K1,C11821
C11822-K1,C11822
C11823-K1,C11823
C11824-K1,C11824
C11825-K1,C11825
C11826-K1,C11826
C11827-K1,C11827
C11828-K1,C11828
C11829-K1,C11829
C11830-K1,C11830
C11831-K1,C11831
C11832-K1,C11832
C11833-K1,C11833
C11833-K2,C11833
C11834-K1,C11834
C11835-K1,C11835
C11836-K1,C11836
C11837-K1,C11837
C11838-K1,C11838
C11839-K1,C11839
C11840-K1,C11840
C11841-K1,C11841
C11842-K1,C11842
C11843-K1,C11843
C11844-K1,C11844
C11844-K2,C11844
C11845-K1,C11845
C11845-K2,C11845
C11846-K1,C11846
C11846-K2,C11846
C11847-K1,C11847
C11847-K2,C11847
C11848-K1,C11848
C11849-K1,C11849
C11850-K1,C11850
C11851-K1,C11851
C11852-K1,C11852
C11853-K1,C11853
C11854-K1,C11854
C11855-K1,C11855
C11856-K1,C11856
C11857-K1,C11857
C11858-K1,C11858
C11859-K1,C11859
C11860-K1,C11860
C11861-K1,C11861
C11862-K1,C11862
C11863-K1,C11863
C11864-K1,C11864
C11865-K1,C11865
C11866-K1,C11866
C11867-K1,C11867
C11868-K1,C11868
C11869-K1,C11869
C11870-K1,C11870
C11871-K1,C11871
C11872-K1,C11872
C11873-K1,C11873
C11873-K2,C11873
C11874-K1,C11874
C11875-K1,C11875
C11876-K1,C11876
C11877-K1,C11877
C11878-K1,C11878
C11879-K1,C11879
C11880-K1,C11880
C11881-K1,C11881
C11882-K1,C11882
C11883-K1,C11883
C11884-K1,C11884
C11885-K1,C11885
C11886-K1,C11886
C11887-K1,C11887
C11888-K1,C11888
C11889-K1,C11889
C11889-K2,C11889
C11890-K1,C11890
C11891-K1,C11891
C11892-K1,C11892
C11893-K1,C11893
C11894-K1,C11894
C11895-K1,C11895
C11896-K1,C11896
C11897-K1,C11897
C11898-K1,C11898
C11899-K1,C11899
C11900-K1,C11900
C11901-K1,C11901
C11902-K1,C11902
C11903-K1,C11903
C11904-K1,C11904
C11905-K1,C11905
C11906-K1,C11906
C11907-K1,C11907
C11908-K1,C11908
C11909-K1,C11909
C11910-K1,C11910
C11911-K1,C11911
C11912-K1,C11912
C11913-K1,C11913
C11914-K1,C11914
C11915-K1,C11915
C11916-K1,C11916
C11917-K1,C11917
C11918-K1,C11918
C11918-K2,C11918
C11919-K1,C11919
C11919-K2,C11919
C11920-K1,C11920
C11921-K1,C11921
C11922-K1,C11922
C11923-K1,C11923
C11923-K2,C11923
C11924-K1,C11924
C11925-K1,C11925
C11926-K1,C11926
C11927-K1,C11927
C11928-K1,C11928
C11929-K1,C11929
C11929-K2,C11929
C11930-K1,C11930
C11931-K1,C11931
C11932-K1,C11932
C11933-K1,C11933
C11934-K1,C11934
C11935-K1,C11935
C11936-K1,C11936
C11937-K1,C11937
C11938-K1,C11938
C11939-K1,C11939
C11940-K1,C11940
C11941-K1,C11941
C11942-K1,C11942
C11943-K1,C11943
C11944-K1,C11944
C11945-K1,C11945
C11945-K2,C11945
C11946-K1,C11946
C11947-K1,C11947
C11948-K1,C11948
C11949-K1,C11949
C11950-K1,C11950
C11951-K1,C11951
C11952-K1,C11952
C11953-K1,C11953
C11954-K1,C11954
C11955-K1,C11955
C11956-K1,C11956
C11957-K1,C11957
C11958-K1,C11958
C11959-K1,C11959
C11959-K2,C11959
C11960-K1,C11960
C11961-K1,C11961
C11962-K1,C11962
C11963-K1,C11963
C11964-K1,C11964
C11965-K1,C11965
C11966-K1,C11966
C11966-K2,C11966
C11967-K1,C11967
C11967-K2,C11967
C11968-K1,C11968
C11969-K1,C11969
C11970-K1,C11970
C11971-K1,C11971
C11972-K1,C11972
C11973-K1,C11973
C11974-K1,C11974
C11975-K1,C11975
C11976-K1,C11976
C11977-K1,C11977
C11977-K2,C11977
C11978-K1,C11978
C11979-K1,C11979
C11980-K1,C11980
C11981-K1,C11981
C11982-K1,C11982
C11983-K1,C11983
C11984-K1,C11984
C11985-K1,C11985
C11986-K1,C11986
C11987-K1,C11987
C11988-K1,C11988
C11989-K1,C11989
C11990-K1,C11990
C11991-K1,C11991
C11992-K1,C11992
C11993-K1,C11993
C11994-K1,C11994
C11995-K1,C11995
C11996-K1,C11996
C11996-K2,C11996
C11997-K1,C11997
C11998-K1,C11998
C11999-K1,C11999
C12000-K1,C12000
C12001-K1,C12001
C12001-K2,C12001
C12002-K1,C12002
C12003-K1,C12003
C12004-K1,C12004
C12005-K1,C12005
C12006-K1,C12006
C12007-K1,C12007
C12007-K2,C12007
C12008-K1,C12008
C12009-K1,C12009
C12010-K1,C12010
C12011-K1,C12011
C12012-K1,C12012
C12013-K1,C12013
C12014-K1,C12014
C12015-K1,C12015
C12016-K1,C12016
C12017-K1,C12017
C12018-K1,C12018
C12019-K1,C12019
C12020-K1,C12020
C12021-K1,C12021
C12022-K1,C12022
C12023-K1,C12023
C12024-K1,C12024
C12025-K1,C12025
C12026-K1,C12026
C12027-K1,C12027
C12028-K1,C12028
C12028-K2,C12028
C12029-K1,C12029
C12030-K1,C12030
C12030-K2,C12030
C12031-K1,C12031
C12032-K1,C12032
C12033-K1,C12033
C12033-K2,C12033
C12034-K1,C12034
C12035-K1,C12035
C12036-K1,C12036
C12036-K2,C12036
C12037-K1,C12037
C12038-K1,C12038
C12039-K1,C12039
C12040-K1,C12040
C12041-K1,C12041
C12042-K1,C12042
C12043-K1,C12043
C12044-K1,C12044
C12045-K1,C12045
C12045-K2,C12045
C12046-K1,C12046
C12047-K1,C12047
C12048-K1,C12048
C12049-K1,C12049
C12050-K1,C12050
C12051-K1,C12051
C12052-K1,C12052
C12053-K1,C12053
C12054-K1,C12054
C12055-K1,C12055
C12056-K1,C12056
C12057-K1,C12057
C12058-K1,C12058
C12059-K1,C12059
C12060-K1,C12060
C12061-K1,C12061
C12061-K2,C12061
C12062-K1,C12062
C12063-K1,C12063
C12064-K1,C12064
C12064-K2,C12064
C12065-K1,C12065
C12066-K1,C12066
C12067-K1,C12067
C12068-K1,C12068
C12069-K1,C12069
C12070-K1,C12070
C12071-K1,C12071
C12072-K1,C12072
C12073-K1,C12073
C12074-K1,C12074
C12075-K1,C12075
C12076-K1,C12076
C12077-K1,C12077
C12078-K1,C12078
C12079-K1,C12079
C12080-K1,C12080
C12081-K1,C12081
C12082-K1,C12082
C12083-K1,C12083
C12084-K1,C12084
C12084-K2,C12084
C12085-K1,C12085
C12086-K1,C12086
C12087-K1,C12087
C12088-K1,C12088
C12089-K1,C12089
C12090-K1,C12090
C12091-K1,C12091
C12092-K1,C12092
C12093-K1,C12093
C12094-K1,C12094
C12094-K2,C12094
C12095-K1,C12095
C12096-K1,C12096
C12097-K1,C12097
C12098-K1,C12098
C12099-K1,C12099
C12100-K1,C12100
C12101-K1,C12101
C12102-K1,C12102
C12103-K1,C12103
C12104-K1,C12104
C12105-K1,C12105
C12106-K1,C12106
C12107-K1,C12107
C12108-K1,C12108
C12109-K1,C12109
C12110-K1,C12110
C12111-K1,C12111
C12112-K1,C12112
C12113-K1,C12113
C12114-K1,C12114
C12115-K1,C12115
C12116-K1,C12116
C12117-K1,C12117
C12118-K1,C12118
C12119-K1,C12119
C12120-K1,C12120
C12121-K1,C12121
C12122-K1,C12122
C12123-K1,C12123
C12124-K1,C12124
C12124-K2,C12124
C12125-K1,C12125
C12126-K1,C12126
C12127-K1,C12127
C12128-K1,C12128
C12129-K1,C12129
C12129-K2,C12129
C12130-K1,C12130
C12131-K1,C12131
C12132-K1,C12132
C12132-K2,C12132
C12133-K1,C12133
C12134-K1,C12134
C12135-K1,C12135
C12136-K1,C12136
C12136-K2,C12136
C12137-K1,C12137
C12138-K1,C12138
C12139-K1,C12139
C12140-K1,C12140
C12141-K1,C12141
C12142-K1,C12142
C12143-K1,C12143
C12144-K1,C12144
C12144-K2,C12144
C12145-K1,C12145
C12146-K1,C12146
C12147-K1,C12147
C12148-K1,C12148
C12149-K1,C12149
C12150-K1,C12150
C12151-K1,C12151
C12152-K1,C12152
C12153-K1,C12153
C12154-K1,C12154
C12155-K1,C12155
C12155-K2,C12155
C12156-K1,C12156
C12157-K1,C12157
C12158-K1,C12158
C12159-K1,C12159
C12160-K1,C12160
C12161-K1,C12161
C12162-K1,C12162
C12163-K1,C12163
C12164-K1,C12164
C12165-K1,C12165
C12165-K2,C12165
C12166-K1,C12166
C12166-K2,C12166
C12167-K1,C12167
C12168-K1,C12168
C12169-K1,C12169
C12170-K1,C12170
C12171-K1,C12171
C12172-K1,C12172
C12173-K1,C12173
C12174-K1,C12174
C12175-K1,C12175
C12176-K1,C12176
C12177-K1,C12177
C12178-K1,C12178
C12179-K1,C12179
C12180-K1,C12180
C12181-K1,C12181
C12181-K2,C12181
C12182-K1,C12182
C12183-K1,C12183
C12184-K1,C12184
C12184-K2,C12184
C12184-K3,C12184
C12185-K1,C12185
C12186-K1,C12186
C12187-K1,C12187
C12188-K1,C12188
C12189-K1,C12189
C12190-K1,C12190
C12191-K1,C12191
C12192-K1,C12192
C12193-K1,C12193
C12194-K1,C12194
C12195-K1,C12195
C12196-K1,C12196
C12197-K1,C12197
C12198-K1,C12198
C12199-K1,C12199
C12200-K1,C12200
C12201-K1,C12201
C12202-K1,C12202
C12203-K1,C12203
C12204-K1,C12204
C12204-K2,C12204
C12205-K1,C12205
C12206-K1,C12206
C12207-K1,C12207
C12208-K1,C12208
C12209-K1,C12209
C12210-K1,C12210
C12211-K1,C12211
C12211-K2,C12211
C12212-K1,C12212
C12213-K1,C12213
C12214-K1,C12214
C12215-K1,C12215
C12216-K1,C12216
C12217-K1,C12217
C12218-K1,C12218
C12219-K1,C12219
C12220-K1,C12220
C12221-K1,C12221
C12222-K1,C12222
C12223-K1,C12223
C12224-K1,C12224
C12225-K1,C12225
C12225-K2,C12225
C12226-K1,C12226
C12226-K2,C12226
C12227-K1,C12227
C12228-K1,C12228
C12229-K1,C12229
C12230-K1,C12230
C12231-K1,C12231
C12232-K1,C12232
C12233-K1,C12233
C12234-K1,C12234
C12234-K2,C12234
C12235-K1,C12235
C12236-K1,C12236
C12237-K1,C12237
C12238-K1,C12238
C12239-K1,C12239
C12240-K1,C12240
C12240-K2,C12240
C12241-K1,C12241
C12242-K1,C12242
C12243-K1,C12243
C12244-K1,C12244
C12245-K1,C12245
C12245-K2,C12245
C12246-K1,C12246
C12247-K1,C12247
C12248-K1,C12248
C12249-K1,C12249
C12249-K2,C12249
C12250-K1,C12250
C12251-K1,C12251
C12252-K1,C12252
C12253-K1,C12253
C12254-K1,C12254
C12255-K1,C12255
C12256-K1,C12256
C12257-K1,C12257
C12258-K1,C12258
C12258-K2,C12258
C12259-K1,C12259
C12260-K1,C12260
C12261-K1,C12261
C12262-K1,C12262
C12263-K1,C12263
C12264-K1,C12264
C12265-K1,C12265
C12265-K2,C12265
C12266-K1,C12266
C12267-K1,C12267
C12267-K2,C12267
C12268-K1,C12268
C12269-K1,C12269
C12270-K1,C12270
C12271-K1,C12271
C12272-K1,C12272
C12273-K1,C12273
C12274-K1,C12274
C12275-K1,C12275
C12276-K1,C12276
C12277-K1,C12277
C12278-K1,C12278
C12279-K1,C12279
C12280-K1,C12280
C12281-K1,C12281
C12282-K1,C12282
C12283-K1,C12283
C12284-K1,C12284
C12285-K1,C12285
C12286-K1,C12286
C12287-K1,C12287
C12288-K1,C12288
C12289-K1,C12289
C12290-K1,C12290
C12291-K1,C12291
C12292-K1,C12292
C12293-K1,C12293
C12294-K1,C12294
C12295-K1,C12295
C12295-K2,C12295
C12296-K1,C12296
C12297-K1,C12297
C12298-K1,C12298
C12299-K1,C12299
C12300-K1,C12300
C12301-K1,C12301
C12302-K1,C12302
C12303-K1,C12303
C12304-K1,C12304
C12305-K1,C12305
C12306-K1,C12306
C12307-K1,C12307
C12308-K1,C12308
C12309-K1,C12309
C12310-K1,C12310
C12311-K1,C12311
C12311-K2,C12311
C12312-K1,C12312
C12313-K1,C12313
C12314-K1,C12314
C12315-K1,C12315
C12316-K1,C12316
C12317-K1,C12317
C12318-K1,C12318
C12319-K1,C12319
C12320-K1,C12320
C12321-K1,C12321
C12322-K1,C12322
C12322-K2,C12322
C12323-K1,C12323
C12323-K2,C12323
C12324-K1,C12324
C12325-K1,C12325
C12326-K1,C12326
C12327-K1,C12327
C12328-K1,C12328
C12329-K1,C12329
C12330-K1,C12330
C12331-K1,C12331
C12332-K1,C12332
C12333-K1,C12333
C12334-K1,C12334
C12335-K1,C12335
C12335-K2,C12335
C12336-K1,C12336
C12337-K1,C12337
C12338-K1,C12338
C12339-K1,C12339
C12340-K1,C12340
C12341-K1,C12341
C12342-K1,C12342
C12343-K1,C12343
C12344-K1,C12344
C12345-K1,C12345
C12346-K1,C12346
C12347-K1,C12347
C12348-K1,C12348
C12349-K1,C12349
C12350-K1,C12350
C12351-K1,C12351
C12352-K1,C12352
C12352-K2,C12352
C12353-K1,C12353
C12354-K1,C12354
C12354-K2,C12354
C12355-K1,C12355
C12356-K1,C12356
C12356-K2,C12356
C12357-K1,C12357
C12358-K1,C12358
C12359-K1,C12359
C12360-K1,C12360
C12361-K1,C12361
C12362-K1,C12362
C12363-K1,C12363
C12364-K1,C12364
C12365-K1,C12365
C12366-K1,C12366
C12367-K1,C12367
C12368-K1,C12368
C12369-K1,C12369
C12370-K1,C12370
C12371-K1,C12371
C12372-K1,C12372
C12373-K1,C12373
C12374-K1,C12374
C12375-K1,C12375
C12376-K1,C12376
C12377-K1,C12377
C12378-K1,C12378
C12379-K1,C12379
C12380-K1,C12380
C12381-K1,C12381
C12382-K1,C12382
C12383-K1,C12383
C12384-K1,C12384
C12385-K1,C12385
C12386-K1,C12386
C12387-K1,C12387
C12387-K2,C12387
C12388-K1,C12388
C12389-K1,C12389
C12390-K1,C12390
C12391-K1,C12391
C12392-K1,C12392
C12393-K1,C12393
C12394-K1,C12394
C12395-K1,C12395
C12395-K2,C12395
C12396-K1,C12396
C12396-K2,C12396
C12397-K1,C12397
C12398-K1,C12398
C12398-K2,C12398
C12399-K1,C12399
C12400-K1,C12400
C12401-K1,C12401
C12402-K1,C12402
C12403-K1,C12403
C12404-K1,C12404
C12405-K1,C12405
C12406-K1,C12406
C12407-K1,C12407
C12408-K1,C12408
C12409-K1,C12409
C12410-K1,C12410
C12411-K1,C12411
C12412-K1,C12412
C12413-K1,C12413
C12414-K1,C12414
C12415-K1,C12415
C12415-K2,C12415
C12416-K1,C12416
C12417-K1,C12417
C12418-K1,C12418
C12419-K1,C12419
C12420-K1,C12420
C12421-K1,C12421
C12422-K1,C12422
C12423-K1,C12423
C12424-K1,C12424
C12425-K1,C12425
C12426-K1,C12426
C12426-K2,C12426
C12427-K1,C12427
C12428-K1,C12428
C12429-K1,C12429
C12430-K1,C12430
C12431-K1,C12431
C12432-K1,C12432
C12433-K1,C12433
C12434-K1,C12434
C12435-K1,C12435
C12436-K1,C12436
C12437-K1,C12437
C12438-K1,C12438
C12439-K1,C12439
C12440-K1,C12440
C12441-K1,C12441
C12442-K1,C12442
C12443-K1,C12443
C12444-K1,C12444
C12445-K1,C12445
C12446-K1,C12446
C12447-K1,C12447
C12448-K1,C12448
C12449-K1,C12449
C12450-K1,C12450
C12451-K1,C12451
C12452-K1,C12452
C12453-K1,C12453
C12454-K1,C12454
C12455-K1,C12455
C12456-K1,C12456
C12457-K1,C12457
C12458-K1,C12458
C12459-K1,C12459
C12460-K1,C12460
C12461-K1,C12461
C12462-K1,C12462
C12463-K1,C12463
C12464-K1,C12464
C12465-K1,C12465
C12466-K1,C12466
C12466-K2,C12466
C12467-K1,C12467
C12468-K1,C12468
C12469-K1,C12469
C12470-K1,C12470
C12471-K1,C12471
C12472-K1,C12472
C12473-K1,C12473
C12474-K1,C12474
C12475-K1,C12475
C12476-K1,C12476
C12477-K1,C12477
C12478-K1,C12478
C12479-K1,C12479
C12480-K1,C12480
C12481-K1,C12481
C12482-K1,C12482
C12483-K1,C12483
C12483-K2,C12483
C12484-K1,C12484
C12485-K1,C12485
C12486-K1,C12486
C12487-K1,C12487
C12488-K1,C12488
C12489-K1,C12489
C12490-K1,C12490
C12491-K1,C12491
C12492-K1,C12492
C12493-K1,C12493
C12494-K1,C12494
C12495-K1,C12495
C12496-K1,C12496
C12497-K1,C12497
C12498-K1,C12498
C12499-K1,C12499
C12500-K1,C12500
C12501-K1,C12501
C12502-K1,C12502
C12503-K1,C12503
C12504-K1,C12504
C12504-K2,C12504
C12504-K3,C12504
C12505-K1,C12505
C12505-K2,C12505
C12506-K1,C12506
C12507-K1,C12507
C12508-K1,C12508
C12509-K1,C12509
C12509-K2,C12509
C12510-K1,C12510
C12510-K2,C12510
C12511-K1,C12511
C12512-K1,C12512
C12513-K1,C12513
C12513-K2,C12513
C12514-K1,C12514
C12515-K1,C12515
C12516-K1,C12516
C12517-K1,C12517
C12517-K2,C12517
C12518-K1,C12518
C12519-K1,C12519
C12520-K1,C12520
C12521-K1,C12521
C12522-K1,C12522
C12523-K1,C12523
C12524-K1,C12524
C12525-K1,C12525
C12526-K1,C12526
C12527-K1,C12527
C12528-K1,C12528
C12529-K1,C12529
C12530-K1,C12530
C12531-K1,C12531
C12532-K1,C12532
C12533-K1,C12533
C12534-K1,C12534
C12535-K1,C12535
C12536-K1,C12536
C12537-K1,C12537
C12538-K1,C12538
C12539-K1,C12539
C12540-K1,C12540
C12541-K1,C12541
C12542-K1,C12542
C12543-K1,C12543
C12544-K1,C12544
C12545-K1,C12545
C12546-K1,C12546
C12547-K1,C12547
C12548-K1,C12548
C12549-K1,C12549
C12550-K1,C12550
C12551-K1,C12551
C12552-K1,C12552
C12553-K1,C12553
C12554-K1,C12554
C12555-K1,C12555
C12556-K1,C12556
C12557-K1,C12557
C12558-K1,C12558
C12559-K1,C12559
C12560-K1,C12560
C12561-K1,C12561
C12562-K1,C12562
C12563-K1,C12563
C12564-K1,C12564
C12565-K1,C12565
C12566-K1,C12566
C12567-K1,C12567
C12568-K1,C12568
C12569-K1,C12569
C12570-K1,C12570
C12571-K1,C12571
C12572-K1,C12572
C12572-K2,C12572
C12573-K1,C12573
C12574-K1,C12574
C12575-K1,C12575
C12576-K1,C12576
C12577-K1,C12577
C12578-K1,C12578
C12579-K1,C12579
C12580-K1,C12580
C12581-K1,C12581
C12582-K1,C12582
C12583-K1,C12583
C12584-K1,C12584
C12585-K1,C12585
C12586-K1,C12586
C12587-K1,C12587
C12588-K1,C12588
C12589-K1,C12589
C12590-K1,C12590
C12591-K1,C12591
C12592-K1,C12592
C12593-K1,C12593
C12593-K2,C12593
C12594-K1,C12594
C12595-K1,C12595
C12596-K1,C12596
C12597-K1,C12597
C12598-K1,C12598
C12598-K2,C12598
C12599-K1,C12599
C12600-K1,C12600
C12601-K1,C12601
C12602-K1,C12602
C12603-K1,C12603
C12604-K1,C12604
C12605-K1,C12605
C12606-K1,C12606
C12607-K1,C12607
C12607-K2,C12607
C12608-K1,C12608
C12609-K1,C12609
C12610-K1,C12610
C12611-K1,C12611
C12612-K1,C12612
C12613-K1,C12613
C12614-K1,C12614
C12615-K1,C12615
C12616-K1,C12616
C12617-K1,C12617
C12618-K1,C12618
C12619-K1,C12619
C12620-K1,C12620
C12621-K1,C12621
C12622-K1,C12622
C12623-K1,C12623
C12624-K1,C12624
C12625-K1,C12625
C12626-K1,C12626
C12626-K2,C12626
C12627-K1,C12627
C12628-K1,C12628
C12628-K2,C12628
C12629-K1,C12629
C12630-K1,C12630
C12631-K1,C12631
C12632-K1,C12632
C12633-K1,C12633
C12634-K1,C12634
C12635-K1,C12635
C12636-K1,C12636
C12637-K1,C12637
C12638-K1,C12638
C12639-K1,C12639
C12640-K1,C12640
C12641-K1,C12641
C12641-K2,C12641
C12642-K1,C12642
C12643-K1,C12643
C12644-K1,C12644
C12645-K1,C12645
C12646-K1,C12646
C12646-K2,C12646
C12647-K1,C12647
C12648-K1,C12648
C12649-K1,C12649
C12650-K1,C12650
C12651-K1,C12651
C12652-K1,C12652
C12653-K1,C12653
C12654-K1,C12654
C12655-K1,C12655
C12656-K1,C12656
C12657-K1,C12657
C12658-K1,C12658
C12659-K1,C12659
C12660-K1,C12660
C12661-K1,C12661
C12662-K1,C12662
C12663-K1,C12663
C12664-K1,C12664
C12665-K1,C12665
C12666-K1,C12666
C12667-K1,C12667
C12668-K1,C12668
C12669-K1,C12669
C12670-K1,C12670
C12671-K1,C12671
C12672-K1,C12672
C12673-K1,C12673
C12674-K1,C12674
C12675-K1,C12675
C12676-K1,C12676
C12677-K1,C12677
C12678-K1,C12678
C12679-K1,C12679
C12680-K1,C12680
C12681-K1,C12681
C12682-K1,C12682
C12683-K1,C12683
C12684-K1,C12684
C12685-K1,C12685
C12686-K1,C12686
C12687-K1,C12687
C12688-K1,C12688
C12689-K1,C12689
C12690-K1,C12690
C12690-K2,C12690
C12691-K1,C12691
C12692-K1,C12692
C12693-K1,C12693
C12694-K1,C12694
C12695-K1,C12695
C12696-K1,C12696
C12697-K1,C12697
C12698-K1,C12698
C12699-K1,C12699
C12700-K1,C12700
C12701-K1,C12701
C12702-K1,C12702
C12703-K1,C12703
C12704-K1,C12704
C12705-K1,C12705
C12705-K2,C12705
C12706-K1,C12706
C12707-K1,C12707
C12708-K1,C12708
C12709-K1,C12709
C12710-K1,C12710
C12711-K1,C12711
C12712-K1,C12712
C12713-K1,C12713
C12714-K1,C12714
C12715-K1,C12715
C12716-K1,C12716
C12717-K1,C12717
C12718-K1,C12718
C12719-K1,C12719
C12720-K1,C12720
C12721-K1,C12721
C12722-K1,C12722
C12723-K1,C12723
C12724-K1,C12724
C12725-K1,C12725
C12725-K2,C12725
C12726-K1,C12726
C12727-K1,C12727
C12727-K2,C12727
C12728-K1,C12728
C12729-K1,C12729
C12730-K1,C12730
C12731-K1,C12731
C12732-K1,C12732
C12733-K1,C12733
C12734-K1,C12734
C12735-K1,C12735
C12736-K1,C12736
C12737-K1,C12737
C12738-K1,C12738
C12739-K1,C12739
C12740-K1,C12740
C12741-K1,C12741
C12742-K1,C12742
C12743-K1,C12743
C12744-K1,C12744
C12745-K1,C12745
C12746-K1,C12746
C12747-K1,C12747
C12748-K1,C12748
C12748-K2,C12748
C12749-K1,C12749
C12750-K1,C12750
C12751-K1,C12751
C12752-K1,C12752
C12753-K1,C12753
C12754-K1,C12754
C12755-K1,C12755
C12756-K1,C12756
C12757-K1,C12757
C12758-K1,C12758
C12759-K1,C12759
C12760-K1,C12760
C12761-K1,C12761
C12762-K1,C12762
C12763-K1,C12763
C12764-K1,C12764
C12765-K1,C12765
C12766-K1,C12766
C12767-K1,C12767
C12768-K1,C12768
C12769-K1,C12769
C12770-K1,C12770
C12771-K1,C12771
C12772-K1,C12772
C12773-K1,C12773
C12774-K1,C12774
C12775-K1,C12775
C12776-K1,C12776
C12777-K1,C12777
C12778-K1,C12778
C12779-K1,C12779
C12780-K1,C12780
C12781-K1,C12781
C12782-K1,C12782
C12783-K1,C12783
C12784-K1,C12784
C12785-K1,C12785
C12785-K2,C12785
C12785-K3,C12785
C12786-K1,C12786
C12787-K1,C12787
C12788-K1,C12788
C12789-K1,C12789
C12790-K1,C12790
C12791-K1,C12791
C12792-K1,C12792
C12793-K1,C12793
C12794-K1,C12794
C12795-K1,C12795
C12796-K1,C12796
C12796-K2,C12796
C12797-K1,C12797
C12798-K1,C12798
C12799-K1,C12799
C12800-K1,C12800
C12801-K1,C12801
C12802-K1,C12802
C12803-K1,C12803
C12804-K1,C12804
C12805-K1,C12805
C12806-K1,C12806
C12807-K1,C12807
C12808-K1,C12808
C12809-K1,C12809
C12810-K1,C12810
C12811-K1,C12811
C12812-K1,C12812
C12813-K1,C12813
C12814-K1,C12814
C12815-K1,C12815
C12816-K1,C12816
C12817-K1,C12817
C12818-K1,C12818
C12819-K1,C12819
C12820-K1,C12820
C12821-K1,C12821
C12822-K1,C12822
C12823-K1,C12823
C12824-K1,C12824
C12825-K1,C12825
C12826-K1,C12826
C12827-K1,C12827
C12828-K1,C12828
C12829-K1,C12829
C12830-K1,C12830
C12831-K1,C12831
C12832-K1,C12832
C12833-K1,C12833
C12834-K1,C12834
C12835-K1,C12835
C12835-K2,C12835
C12836-K1,C12836
C12837-K1,C12837
C12838-K1,C12838
C12839-K1,C12839
C12840-K1,C12840
C12841-K1,C12841
C12842-K1,C12842
C12843-K1,C12843
C12844-K1,C12844
C12845-K1,C12845
C12846-K1,C12846
C12847-K1,C12847
C12848-K1,C12848
C12849-K1,C12849
C12850-K1,C12850
C12851-K1,C12851
C12851-K2,C12851
C12852-K1,C12852
C12853-K1,C12853
C12854-K1,C12854
C12855-K1,C12855
C12856-K1,C12856
C12857-K1,C12857
C12858-K1,C12858
C12859-K1,C12859
C12860-K1,C12860
C12861-K1,C12861
C12862-K1,C12862
C12863-K1,C12863
C12864-K1,C12864
C12865-K1,C12865
C12865-K2,C12865
C12866-K1,C12866
C12867-K1,C12867
C12868-K1,C12868
C12869-K1,C12869
C12870-K1,C12870
C12871-K1,C12871
C12872-K1,C12872
C12873-K1,C12873
C12874-K1,C12874
C12875-K1,C12875
C12876-K1,C12876
C12877-K1,C12877
C12878-K1,C12878
C12879-K1,C12879
C12880-K1,C12880
C12881-K1,C12881
C12882-K1,C12882
C12883-K1,C12883
C12884-K1,C12884
C12885-K1,C12885
C12886-K1,C12886
C12887-K1,C12887
C12888-K1,C12888
C12889-K1,C12889
C12890-K1,C12890
C12891-K1,C12891
C12892-K1,C12892
C12893-K1,C12893
C12894-K1,C12894
C12895-K1,C12895
C12896-K1,C12896
C12897-K1,C12897
C12898-K1,C12898
C12899-K1,C12899
C12900-K1,C12900
C12900-K2,C12900
C12901-K1,C12901
C12902-K1,C12902
C12902-K2,C12902
C12903-K1,C12903
C12904-K1,C12904
C12905-K1,C12905
C12906-K1,C12906
C12907-K1,C12907
C12908-K1,C12908
C12909-K1,C12909
C12909-K2,C12909
C12910-K1,C12910
C12911-K1,C12911
C12912-K1,C12912
C12913-K1,C12913
C12914-K1,C12914
C12915-K1,C12915
C12916-K1,C12916
C12917-K1,C12917
C12918-K1,C12918
C12919-K1,C12919
C12920-K1,C12920
C12921-K1,C12921
C12922-K1,C12922
C12923-K1,C12923
C12924-K1,C12924
C12925-K1,C12925
C12926-K1,C12926
C12927-K1,C12927
C12928-K1,C12928
C12929-K1,C12929
C12930-K1,C12930
C12931-K1,C12931
C12931-K2,C12931
C12932-K1,C12932
C12933-K1,C12933
C12934-K1,C12934
C12935-K1,C12935
C12936-K1,C12936
C12937-K1,C12937
C12938-K1,C12938
C12939-K1,C12939
C12940-K1,C12940
C12941-K1,C12941
C12942-K1,C12942
C12942-K2,C12942
C12943-K1,C12943
C12944-K1,C12944
C12945-K1,C12945
C12946-K1,C12946
C12947-K1,C12947
C12948-K1,C12948
C12949-K1,C12949
C12950-K1,C12950
C12951-K1,C12951
C12952-K1,C12952
C12953-K1,C12953
C12954-K1,C12954
C12955-K1,C12955
C12956-K1,C12956
C12957-K1,C12957
C12958-K1,C12958
C12959-K1,C12959
C12960-K1,C12960
C12961-K1,C12961
C12961-K2,C12961
C12962-K1,C12962
C12963-K1,C12963
C12964-K1,C12964
C12965-K1,C12965
C12966-K1,C12966
C12967-K1,C12967
C12968-K1,C12968
C12969-K1,C12969
C12970-K1,C12970
C12971-K1,C12971
C12972-K1,C12972
C12973-K1,C12973
C12973-K2,C12973
C12974-K1,C12974
C12975-K1,C12975
C12975-K2,C12975
C12976-K1,C12976
C12977-K1,C12977
C12978-K1,C12978
C12979-K1,C12979
C12980-K1,C12980
C12981-K1,C12981
C12982-K1,C12982
C12983-K1,C12983
C12984-K1,C12984
C12984-K2,C12984
C12985-K1,C12985
C12986-K1,C12986
C12987-K1,C12987
C12988-K1,C12988
C12989-K1,C12989
C12990-K1,C12990
C12991-K1,C12991
C12992-K1,C12992
C12993-K1,C12993
C12994-K1,C12994
C12995-K1,C12995
C12996-K1,C12996
C12997-K1,C12997
C12998-K1,C12998
C12999-K1,C12999
C12999-K2,C12999
C13000-K1,C13000
C13000-K2,C13000
C13001-K1,C13001
C13002-K1,C13002
C13003-K1,C13003
C13004-K1,C13004
C13005-K1,C13005
C13006-K1,C13006
C13007-K1,C13007
C13008-K1,C13008
C13009-K1,C13009
C13010-K1,C13010
C13011-K1,C13011
C13012-K1,C13012
C13013-K1,C13013
C13014-K1,C13014
C13015-K1,C13015
C13015-K2,C13015
C13016-K1,C13016
C13017-K1,C13017
C13018-K1,C13018
C13019-K1,C13019
C13020-K1,C13020
C13021-K1,C13021
C13022-K1,C13022
C13023-K1,C13023
C13024-K1,C13024
C13025-K1,C13025
C13025-K2,C13025
C13026-K1,C13026
C13027-K1,C13027
C13028-K1,C13028
C13029-K1,C13029
C13030-K1,C13030
C13031-K1,C13031
C13032-K1,C13032
C13032-K2,C13032
C13033-K1,C13033
C13034-K1,C13034
C13035-K1,C13035
C13036-K1,C13036
C13037-K1,C13037
C13038-K1,C13038
C13039-K1,C13039
C13040-K1,C13040
C13041-K1,C13041
C13041-K2,C13041
C13042-K1,C13042
C13043-K1,C13043
C13044-K1,C13044
C13045-K1,C13045
C13046-K1,C13046
C13047-K1,C13047
C13048-K1,C13048
C13049-K1,C13049
C13050-K1,C13050
C13051-K1,C13051
C13052-K1,C13052
C13053-K1,C13053
C13054-K1,C13054
C13055-K1,C13055
C13056-K1,C13056
C13057-K1,C13057
C13058-K1,C13058
C13058-K2,C13058
C13059-K1,C13059
C13060-K1,C13060
C13061-K1,C13061
C13062-K1,C13062
C13063-K1,C13063
C13064-K1,C13064
C13065-K1,C13065
C13066-K1,C13066
C13067-K1,C13067
C13068-K1,C13068
C13069-K1,C13069
C13070-K1,C13070
C13071-K1,C13071
C13072-K1,C13072
C13073-K1,C13073
C13074-K1,C13074
C13075-K1,C13075
C13076-K1,C13076
C13077-K1,C13077
C13078-K1,C13078
C13079-K1,C13079
C13080-K1,C13080
C13081-K1,C13081
C13082-K1,C13082
C13083-K1,C13083
C13084-K1,C13084
C13085-K1,C13085
C13086-K1,C13086
C13086-K2,C13086
C13087-K1,C13087
C13088-K1,C13088
C13089-K1,C13089
C13090-K1,C13090
C13091-K1,C13091
C13092-K1,C13092
C13093-K1,C13093
C13094-K1,C13094
C13095-K1,C13095
C13096-K1,C13096
C13097-K1,C13097
C13098-K1,C13098
C13099-K1,C13099
C13100-K1,C13100
C13101-K1,C13101
C13102-K1,C13102
C13103-K1,C13103
C13104-K1,C13104
C13105-K1,C13105
C13106-K1,C13106
C13107-K1,C13107
C13108-K1,C13108
C13109-K1,C13109
C13110-K1,C13110
C13111-K1,C13111
C13112-K1,C13112
C13113-K1,C13113
C13114-K1,C13114
C13115-K1,C13115
C13116-K1,C13116
C13117-K1,C13117
C13118-K1,C13118
C13119-K1,C13119
C13120-K1,C13120
C13121-K1,C13121
C13122-K1,C13122
C13123-K1,C13123
C13124-K1,C13124
C13125-K1,C13125
C13126-K1,C13126
C13127-K1,C13127
C13128-K1,C13128
C13129-K1,C13129
C13130-K1,C13130
C13131-K1,C13131
C13132-K1,C13132
C13133-K1,C13133
C13134-K1,C13134
C13135-K1,C13135
C13136-K1,C13136
C13137-K1,C13137
C13138-K1,C13138
C13139-K1,C13139
C13140-K1,C13140
C13141-K1,C13141
C13142-K1,C13142
C13143-K1,C13143
C13144-K1,C13144
C13145-K1,C13145
C13146-K1,C13146
C13147-K1,C13147
C13148-K1,C13148
C13149-K1,C13149
C13150-K1,C13150
C13151-K1,C13151
C13152-K1,C13152
C13153-K1,C13153
C13154-K1,C13154
C13155-K1,C13155
C13156-K1,C13156
C13157-K1,C13157
C13158-K1,C13158
C13159-K1,C13159
C13160-K1,C13160
C13161-K1,C13161
C13162-K1,C13162
C13163-K1,C13163
C13164-K1,C13164
C13165-K1,C13165
C13166-K1,C13166
C13167-K1,C13167
C13168-K1,C13168
C13169-K1,C13169
C13170-K1,C13170
C13171-K1,C13171
C13171-K2,C13171
C13172-K1,C13172
C13173-K1,C13173
C13174-K1,C13174
C13175-K1,C13175
C13176-K1,C13176
C13177-K1,C13177
C13178-K1,C13178
C13179-K1,C13179
C13180-K1,C13180
C13181-K1,C13181
C13182-K1,C13182
C13183-K1,C13183
C13184-K1,C13184
C13185-K1,C13185
C13186-K1,C13186
C13187-K1,C13187
C13188-K1,C13188
C13189-K1,C13189
C13190-K1,C13190
C13190-K2,C13190
C13191-K1,C13191
C13192-K1,C13192
C13193-K1,C13193
C13194-K1,C13194
C13195-K1,C13195
C13196-K1,C13196
C13197-K1,C13197
C13198-K1,C13198
C13199-K1,C13199
C13200-K1,C13200
C13201-K1,C13201
C13202-K1,C13202
C13203-K1,C13203
C13204-K1,C13204
C13205-K1,C13205
C13206-K1,C13206
C13207-K1,C13207
C13208-K1,C13208
C13209-K1,C13209
C13210-K1,C13210
C13210-K2,C13210
C13211-K1,C13211
C13212-K1,C13212
C13213-K1,C13213
C13214-K1,C13214
C13215-K1,C13215
C13216-K1,C13216
C13217-K1,C13217
C13218-K1,C13218
C13219-K1,C13219
C13220-K1,C13220
C13221-K1,C13221
C13222-K1,C13222
C13223-K1,C13223
C13224-K1,C13224
C13225-K1,C13225
C13226-K1,C13226
C13227-K1,C13227
C13228-K1,C13228
C13229-K1,C13229
C13230-K1,C13230
C13230-K2,C13230
C13231-K1,C13231
C13232-K1,C13232
C13233-K1,C13233
C13234-K1,C13234
C13235-K1,C13235
C13236-K1,C13236
C13237-K1,C13237
C13238-K1,C13238
C13239-K1,C13239
C13240-K1,C13240
C13241-K1,C13241
C13242-K1,C13242
C13243-K1,C13243
C13244-K1,C13244
C13245-K1,C13245
C13246-K1,C13246
C13247-K1,C13247
C13248-K1,C13248
C13249-K1,C13249
C13250-K1,C13250
C13251-K1,C13251
C13252-K1,C13252
C13253-K1,C13253
C13253-K2,C13253
C13254-K1,C13254
C13255-K1,C13255
C13256-K1,C13256
C13257-K1,C13257
C13258-K1,C13258
C13259-K1,C13259
C13260-K1,C13260
C13261-K1,C13261
C13262-K1,C13262
C13263-K1,C13263
C13264-K1,C13264
C13264-K2,C13264
C13265-K1,C13265
C13266-K1,C13266
C13267-K1,C13267
C13268-K1,C13268
C13269-K1,C13269
C13269-K2,C13269
C13270-K1,C13270
C13271-K1,C13271
C13272-K1,C13272
C13273-K1,C13273
C13274-K1,C13274
C13275-K1,C13275
C13276-K1,C13276
C13277-K1,C13277
C13278-K1,C13278
C13279-K1,C13279
C13280-K1,C13280
C13281-K1,C13281
C13282-K1,C13282
C13283-K1,C13283
C13284-K1,C13284
C13285-K1,C13285
C13286-K1,C13286
C13287-K1,C13287
C13288-K1,C13288
C13289-K1,C13289
C13290-K1,C13290
C13291-K1,C13291
C13292-K1,C13292
C13293-K1,C13293
C13294-K1,C13294
C13295-K1,C13295
C13296-K1,C13296
C13297-K1,C13297
C13298-K1,C13298
C13299-K1,C13299
C13300-K1,C13300
C13301-K1,C13301
C13302-K1,C13302
C13303-K1,C13303
C13304-K1,C13304
C13305-K1,C13305
C13306-K1,C13306
C13307-K1,C13307
C13308-K1,C13308
C13309-K1,C13309
C13310-K1,C13310
C13311-K1,C13311
C13312-K1,C13312
C13313-K1,C13313
C13314-K1,C13314
C13315-K1,C13315
C13316-K1,C13316
C13317-K1,C13317
C13317-K2,C13317
C13318-K1,C13318
C13318-K2,C13318
C13319-K1,C13319
C13320-K1,C13320
C13321-K1,C13321
C13322-K1,C13322
C13323-K1,C13323
C13324-K1,C13324
C13325-K1,C13325
C13326-K1,C13326
C13327-K1,C13327
C13328-K1,C13328
C13329-K1,C13329
C13330-K1,C13330
C13331-K1,C13331
C13332-K1,C13332
C13333-K1,C13333
C13334-K1,C13334
C13335-K1,C13335
C13336-K1,C13336
C13337-K1,C13337
C13338-K1,C13338
C13339-K1,C13339
C13340-K1,C13340
C13340-K2,C13340
C13341-K1,C13341
C13342-K1,C13342
C13343-K1,C13343
C13343-K2,C13343
C13344-K1,C13344
C13345-K1,C13345
C13346-K1,C13346
C13347-K1,C13347
C13348-K1,C13348
C13349-K1,C13349
C13349-K2,C13349
C13350-K1,C13350
C13351-K1,C13351
C13352-K1,C13352
C13353-K1,C13353
C13354-K1,C13354
C13354-K2,C13354
C13355-K1,C13355
C13356-K1,C13356
C13357-K1,C13357
C13358-K1,C13358
C13359-K1,C13359
C13359-K2,C13359
C13360-K1,C13360
C13361-K1,C13361
C13362-K1,C13362
C13363-K1,C13363
C13364-K1,C13364
C13364-K2,C13364
C13365-K1,C13365
C13366-K1,C13366
C13367-K1,C13367
C13368-K1,C13368
C13369-K1,C13369
C13370-K1,C13370
C13371-K1,C13371
C13372-K1,C13372
C13373-K1,C13373
C13374-K1,C13374
C13375-K1,C13375
C13376-K1,C13376
C13377-K1,C13377
C13378-K1,C13378
C13379-K1,C13379
C13380-K1,C13380
C13381-K1,C13381
C13382-K1,C13382
C13383-K1,C13383
C13384-K1,C13384
C13385-K1,C13385
C13386-K1,C13386
C13387-K1,C13387
C13388-K1,C13388
C13389-K1,C13389
C13390-K1,C13390
C13391-K1,C13391
C13392-K1,C13392
C13393-K1,C13393
C13394-K1,C13394
C13395-K1,C13395
C13396-K1,C13396
C13397-K1,C13397
C13398-K1,C13398
C13399-K1,C13399
C13399-K2,C13399
C13400-K1,C13400
C13401-K1,C13401
C13402-K1,C13402
C13403-K1,C13403
C13403-K2,C13403
C13404-K1,C13404
C13405-K1,C13405
C13406-K1,C13406
C13407-K1,C13407
C13408-K1,C13408
C13409-K1,C13409
C13410-K1,C13410
C13411-K1,C13411
C13412-K1,C13412
C13413-K1,C13413
C13414-K1,C13414
C13415-K1,C13415
C13416-K1,C13416
C13417-K1,C13417
C13418-K1,C13418
C13419-K1,C13419
C13420-K1,C13420
C13421-K1,C13421
C13422-K1,C13422
C13423-K1,C13423
C13424-K1,C13424
C13425-K1,C13425
C13426-K1,C13426
C13427-K1,C13427
C13428-K1,C13428
C13429-K1,C13429
C13430-K1,C13430
C13431-K1,C13431
C13432-K1,C13432
C13433-K1,C13433
C13434-K1,C13434
C13435-K1,C13435
C13436-K1,C13436
C13437-K1,C13437
C13438-K1,C13438
C13439-K1,C13439
C13440-K1,C13440
C13440-K2,C13440
C13441-K1,C13441
C13442-K1,C13442
C13443-K1,C13443
C13444-K1,C13444
C13445-K1,C13445
C13446-K1,C13446
C13447-K1,C13447
C13448-K1,C13448
C13449-K1,C13449
C13450-K1,C13450
C13451-K1,C13451
C13452-K1,C13452
C13453-K1,C13453
C13454-K1,C13454
C13455-K1,C13455
C13456-K1,C13456
C13457-K1,C13457
C13458-K1,C13458
C13459-K1,C13459
C13460-K1,C13460
C13460-K2,C13460
C13461-K1,C13461
C13462-K1,C13462
C13463-K1,C13463
C13464-K1,C13464
C13465-K1,C13465
C13466-K1,C13466
C13467-K1,C13467
C13468-K1,C13468
C13469-K1,C13469
C13470-K1,C13470
C13470-K2,C13470
C13471-K1,C13471
C13472-K1,C13472
C13473-K1,C13473
C13474-K1,C13474
C13475-K1,C13475
C13476-K1,C13476
C13477-K1,C13477
C13478-K1,C13478
C13479-K1,C13479
C13480-K1,C13480
C13481-K1,C13481
C13482-K1,C13482
C13483-K1,C13483
C13484-K1,C13484
C13485-K1,C13485
C13486-K1,C13486
C13486-K2,C13486
C13487-K1,C13487
C13488-K1,C13488
C13489-K1,C13489
C13490-K1,C13490
C13491-K1,C13491
C13492-K1,C13492
C13493-K1,C13493
C13494-K1,C13494
C13494-K2,C13494
C13495-K1,C13495
C13495-K2,C13495
C13496-K1,C13496
C13497-K1,C13497
C13498-K1,C13498
C13499-K1,C13499
C13500-K1,C13500
C13501-K1,C13501
C13502-K1,C13502
C13503-K1,C13503
C13503-K2,C13503
C13504-K1,C13504
C13505-K1,C13505
C13506-K1,C13506
C13507-K1,C13507
C13508-K1,C13508
C13509-K1,C13509
C13510-K1,C13510
C13511-K1,C13511
C13511-K2,C13511
C13512-K1,C13512
C13513-K1,C13513
C13514-K1,C13514
C13515-K1,C13515
C13516-K1,C13516
C13517-K1,C13517
C13517-K2,C13517
C13518-K1,C13518
C13519-K1,C13519
C13520-K1,C13520
C13521-K1,C13521
C13522-K1,C13522
C13523-K1,C13523
C13524-K1,C13524
C13525-K1,C13525
C13526-K1,C13526
C13527-K1,C13527
C13528-K1,C13528
C13529-K1,C13529
C13530-K1,C13530
C13531-K1,C13531
C13532-K1,C13532
C13533-K1,C13533
C13534-K1,C13534
C13535-K1,C13535
C13536-K1,C13536
C13537-K1,C13537
C13538-K1,C13538
C13539-K1,C13539
C13540-K1,C13540
C13541-K1,C13541
C13542-K1,C13542
C13543-K1,C13543
C13544-K1,C13544
C13545-K1,C13545
C13546-K1,C13546
C13547-K1,C13547
C13548-K1,C13548
C13549-K1,C13549
C13550-K1,C13550
C13551-K1,C13551
C13552-K1,C13552
C13553-K1,C13553
