device_id,device_info,device_os,device_browser,device_screen,device_type
D000001,,,,,desktop
D000002,,,android browser 4.0,,mobile
D000003,,,android webview 4.0,,mobile
D000004,,,chrome 49.0,,desktop
D000005,,,chrome 51.0,,desktop
D000006,,,chrome 55.0,,desktop
D000007,,,chrome 56.0,,desktop
D000008,,,chrome 57.0,,desktop
D000009,,,chrome 58.0,,desktop
D000010,,,chrome 59.0,,desktop
D000011,,,chrome 60.0,,desktop
D000012,,,chrome 61.0,,desktop
D000013,,,chrome 62.0 for ios,,mobile
D000014,,,chrome 62.0,,desktop
D000015,,,chrome 63.0 for ios,,mobile
D000016,,,chrome 63.0,,desktop
D000017,,,chrome 64.0 for ios,,mobile
D000018,,,chrome 64.0,,desktop
D000019,,,chrome 65.0 for ios,,mobile
D000020,,,chrome 65.0,,desktop
D000021,,,chrome 66.0 for ios,,mobile
D000022,,,chrome 66.0,,desktop
D000023,,,chrome 67.0,,desktop
D000024,,,chrome generic,,desktop
D000025,,,chrome,,desktop
D000026,,,comodo,,desktop
D000027,,,edge 14.0,,desktop
D000028,,,edge 15.0,,desktop
D000029,,,edge 16.0,,desktop
D000030,,,facebook,,mobile
D000031,,,firefox 47.0,,desktop
D000032,,,firefox 48.0,,desktop
D000033,,,firefox 52.0,,desktop
D000034,,,firefox 55.0,,desktop
D000035,,,firefox 56.0,,desktop
D000036,,,firefox 57.0,,desktop
D000037,,,firefox 58.0,,desktop
D000038,,,firefox 59.0,,desktop
D000039,,,firefox 60.0,,desktop
D000040,,,firefox,,desktop
D000041,,,google search application 48.0,,mobile
D000042,,,google search application 49.0,,mobile
D000043,,,google,,mobile
D000044,,,iron,,desktop
D000045,,,line,,mobile
D000046,,,maxthon,,desktop
D000047,,,mobile safari 10.0,,mobile
D000048,,,mobile safari 10.0,2208x1242,mobile
D000049,,,mobile safari 11.0,,mobile
D000050,,,mobile safari 8.0,,mobile
D000051,,,mobile safari 9.0,,mobile
D000052,,,mobile safari generic,,mobile
D000053,,,mobile safari generic,2208x1242,mobile
D000054,,,mobile safari uiwebview,,mobile
D000055,,,mobile,,mobile
D000056,,,opera 49.0,,desktop
D000057,,,opera 51.0,,desktop
D000058,,,opera 52.0,,desktop
D000059,,,opera 53.0,,desktop
D000060,,,opera generic,,desktop
D000061,,,opera,,desktop
D000062,,,other,,mobile
D000063,,,safari 10.0,,desktop
D000064,,,safari 11.0,,desktop
D000065,,,safari 9.0,,desktop
D000066,,,safari generic,,desktop
D000067,,,safari generic,1136x640,desktop
D000068,,,safari generic,2048x1536,desktop
D000069,,,safari,,desktop
D000070,,,samsung browser 6.2,,mobile
D000071,,,samsung browser 7.0,,mobile
D000072,,Android 6.0.1,android webview 4.0,1920x1080,mobile
D000073,,Android 7.1.1,android webview 4.0,,mobile
D000074,,Android 8.0.0,android webview 4.0,2220x1080,mobile
D000075,,Android,,855x480,mobile
D000076,,Android,chrome 56.0,1280x720,mobile
D000077,,Android,chrome 56.0,1920x1080,mobile
D000078,,Android,chrome 56.0,855x480,mobile
D000079,,Android,chrome 58.0,801x480,mobile
D000080,,Android,chrome 58.0,960x540,mobile
D000081,,Android,chrome 59.0,1280x720,mobile
D000082,,Android,chrome 59.0,1366x768,mobile
D000083,,Android,chrome 60.0,1920x1080,mobile
D000084,,Android,chrome 60.0,855x480,mobile
D000085,,Android,chrome 60.0,960x540,mobile
D000086,,Android,chrome 61.0,1280x720,mobile
D000087,,Android,chrome 61.0,1366x768,mobile
D000088,,Android,chrome 61.0,1920x1080,mobile
D000089,,Android,chrome 61.0,2400x1350,mobile
D000090,,Android,chrome 61.0,855x480,mobile
D000091,,Android,chrome 61.0,960x540,mobile
D000092,,Android,chrome 62.0,,mobile
D000093,,Android,chrome 62.0,1280x720,mobile
D000094,,Android,chrome 62.0,1280x800,mobile
D000095,,Android,chrome 62.0,1366x768,mobile
D000096,,Android,chrome 62.0,1536x864,mobile
D000097,,Android,chrome 62.0,1920x1080,mobile
D000098,,Android,chrome 62.0,2560x1440,mobile
D000099,,Android,chrome 62.0,801x480,mobile
D000100,,Android,chrome 62.0,855x480,mobile
D000101,,Android,chrome 62.0,960x540,mobile
D000102,,Android,chrome 63.0,,mobile
D000103,,Android,chrome 63.0,1280x720,mobile
D000104,,Android,chrome 63.0,1366x768,mobile
D000105,,Android,chrome 63.0,1920x1080,mobile
D000106,,Android,chrome 63.0,2560x1440,mobile
D000107,,Android,chrome 63.0,2560x1600,mobile
D000108,,Android,chrome 63.0,801x480,mobile
D000109,,Android,chrome 63.0,855x480,mobile
D000110,,Android,chrome 63.0,960x540,mobile
D000111,,Android,chrome 64.0,,mobile
D000112,,Android,chrome 64.0,1280x720,mobile
D000113,,Android,chrome 64.0,1280x800,mobile
D000114,,Android,chrome 64.0,1366x768,mobile
D000115,,Android,chrome 64.0,1920x1080,mobile
D000116,,Android,chrome 64.0,2560x1600,mobile
D000117,,Android,chrome 64.0,855x480,mobile
D000118,,Android,chrome 65.0,,mobile
D000119,,Android,chrome 65.0,1280x720,mobile
D000120,,Android,chrome 65.0,1280x800,mobile
D000121,,Android,chrome 65.0,1281x721,mobile
D000122,,Android,chrome 65.0,1366x768,mobile
D000123,,Android,chrome 65.0,1920x1080,mobile
D000124,,Android,chrome 65.0,2560x1440,mobile
D000125,,Android,chrome 65.0,801x480,mobile
D000126,,Android,chrome 65.0,855x480,mobile
D000127,,Android,chrome 66.0,1024x600,mobile
D000128,,Android,chrome 66.0,1280x720,mobile
D000129,,Android,chrome 66.0,1280x800,mobile
D000130,,Android,chrome 66.0,1920x1080,mobile
D000131,,Android,chrome 66.0,2560x1440,mobile
D000132,,Android,chrome 66.0,801x480,mobile
D000133,,Android,chrome 66.0,855x480,mobile
D000134,,Android,chrome generic,,mobile
D000135,,Android,chrome generic,1280x720,mobile
D000136,,Android,chrome generic,1920x1080,mobile
D000137,,Android,chrome generic,801x480,mobile
D000138,,Android,chrome generic,855x480,mobile
D000139,,Android,chrome,1280x720,mobile
D000140,,Android,chrome,1366x768,desktop
D000141,,Android,chrome,1920x1080,mobile
D000142,,Android,chrome,855x480,mobile
D000143,,Android,samsung browser 6.2,1280x720,mobile
D000144,,Android,samsung browser 6.2,1920x1080,mobile
D000145,,Android,samsung browser 6.2,801x480,mobile
D000146,,Android,silk,,mobile
D000147,,Android,silk,1281x801,mobile
D000148,,Linux,,,desktop
D000149,,Linux,,1366x768,desktop
D000150,,Linux,,1536x864,desktop
D000151,,Linux,,1920x1080,desktop
D000152,,Linux,chrome 55.0,,desktop
D000153,,Linux,chrome 55.0,1366x768,desktop
D000154,,Linux,chrome 55.0,1920x1080,desktop
D000155,,Linux,chrome 56.0,1280x720,desktop
D000156,,Linux,chrome 56.0,1366x768,desktop
D000157,,Linux,chrome 56.0,1536x864,desktop
D000158,,Linux,chrome 56.0,1920x1200,desktop
D000159,,Linux,chrome 56.0,2220x1081,desktop
D000160,,Linux,chrome 57.0,1366x768,desktop
D000161,,Linux,chrome 59.0,1366x768,desktop
D000162,,Linux,chrome 59.0,1920x1080,desktop
D000163,,Linux,chrome 60.0,,desktop
D000164,,Linux,chrome 60.0,1360x768,desktop
D000165,,Linux,chrome 60.0,1366x768,desktop
D000166,,Linux,chrome 60.0,1536x864,desktop
D000167,,Linux,chrome 60.0,1920x1080,desktop
D000168,,Linux,chrome 60.0,2560x1440,desktop
D000169,,Linux,chrome 60.0,3200x1800,desktop
D000170,,Linux,chrome 61.0,1280x1024,desktop
D000171,,Linux,chrome 61.0,1366x768,desktop
D000172,,Linux,chrome 61.0,1920x1080,desktop
D000173,,Linux,chrome 61.0,2672x1440,desktop
D000174,,Linux,chrome 62.0,,desktop
D000175,,Linux,chrome 62.0,1200x675,desktop
D000176,,Linux,chrome 62.0,1280x1024,desktop
D000177,,Linux,chrome 62.0,1366x768,desktop
D000178,,Linux,chrome 62.0,1536x864,desktop
D000179,,Linux,chrome 62.0,1600x900,desktop
D000180,,Linux,chrome 62.0,1680x1050,desktop
D000181,,Linux,chrome 62.0,1920x1080,desktop
D000182,,Linux,chrome 62.0,1920x1200,desktop
D000183,,Linux,chrome 62.0,2049x1152,desktop
D000184,,Linux,chrome 62.0,2160x1215,desktop
D000185,,Linux,chrome 62.0,2220x1080,desktop
D000186,,Linux,chrome 62.0,2400x1600,desktop
D000187,,Linux,chrome 62.0,2560x1440,desktop
D000188,,Linux,chrome 62.0,2562x1442,desktop
D000189,,Linux,chrome 62.0,2880x1620,desktop
D000190,,Linux,chrome 62.0,2960x1440,desktop
D000191,,Linux,chrome 62.0,3200x1800,desktop
D000192,,Linux,chrome 62.0,3360x1890,desktop
D000193,,Linux,chrome 63.0,,desktop
D000194,,Linux,chrome 63.0,1200x675,desktop
D000195,,Linux,chrome 63.0,1280x720,desktop
D000196,,Linux,chrome 63.0,1280x800,desktop
D000197,,Linux,chrome 63.0,1366x768,desktop
D000198,,Linux,chrome 63.0,1440x810,desktop
D000199,,Linux,chrome 63.0,1536x864,desktop
D000200,,Linux,chrome 63.0,1920x1080,desktop
D000201,,Linux,chrome 63.0,1920x1280,desktop
D000202,,Linux,chrome 63.0,2220x1080,desktop
D000203,,Linux,chrome 63.0,2400x1350,desktop
D000204,,Linux,chrome 63.0,2400x1600,desktop
D000205,,Linux,chrome 63.0,2560x1440,desktop
D000206,,Linux,chrome 63.0,2560x1700,desktop
D000207,,Linux,chrome 63.0,2562x1442,desktop
D000208,,Linux,chrome 63.0,2672x1440,desktop
D000209,,Linux,chrome 63.0,2960x1440,desktop
D000210,,Linux,chrome 63.0,2961x1442,desktop
D000211,,Linux,chrome 64.0,,desktop
D000212,,Linux,chrome 64.0,1280x720,desktop
D000213,,Linux,chrome 64.0,1366x768,desktop
D000214,,Linux,chrome 64.0,1536x864,desktop
D000215,,Linux,chrome 64.0,1920x1080,desktop
D000216,,Linux,chrome 64.0,2560x1440,desktop
D000217,,Linux,chrome 64.0,2560x1700,desktop
D000218,,Linux,chrome 64.0,2960x1440,desktop
D000219,,Linux,chrome 64.0,2961x1442,desktop
D000220,,Linux,chrome 65.0,,desktop
D000221,,Linux,chrome 65.0,1280x720,desktop
D000222,,Linux,chrome 65.0,1366x768,desktop
D000223,,Linux,chrome 65.0,1536x864,desktop
D000224,,Linux,chrome 65.0,1920x1080,desktop
D000225,,Linux,chrome 65.0,1921x1081,desktop
D000226,,Linux,chrome 65.0,2220x1080,desktop
D000227,,Linux,chrome 65.0,2220x1081,desktop
D000228,,Linux,chrome 65.0,2400x1600,desktop
D000229,,Linux,chrome 65.0,2560x1440,desktop
D000230,,Linux,chrome 65.0,2562x1442,desktop
D000231,,Linux,chrome 65.0,2880x1620,desktop
D000232,,Linux,chrome 65.0,2961x1442,desktop
D000233,,Linux,chrome 66.0,1280x1024,desktop
D000234,,Linux,chrome 66.0,1280x720,desktop
D000235,,Linux,chrome 66.0,1280x800,desktop
D000236,,Linux,chrome 66.0,1366x768,desktop
D000237,,Linux,chrome 66.0,1920x1080,desktop
D000238,,Linux,chrome 66.0,2220x1080,desktop
D000239,,Linux,chrome 66.0,2220x1081,desktop
D000240,,Linux,chrome 66.0,2400x1600,desktop
D000241,,Linux,chrome 66.0,2560x1440,desktop
D000242,,Linux,chrome 66.0,2961x1442,desktop
D000243,,Linux,chrome generic,,desktop
D000244,,Linux,chrome generic,1280x720,desktop
D000245,,Linux,chrome generic,1280x800,desktop
D000246,,Linux,chrome generic,1366x768,desktop
D000247,,Linux,chrome generic,1920x1080,desktop
D000248,,Linux,chrome generic,2220x1080,desktop
D000249,,Linux,chrome generic,2220x1081,desktop
D000250,,Linux,chrome generic,2560x1440,desktop
D000251,,Linux,chrome generic,2961x1442,desktop
D000252,,Linux,chrome,1366x768,desktop
D000253,,Linux,chrome,1920x1080,desktop
D000254,,Linux,firefox,1280x1024,desktop
D000255,,Linux,samsung browser 6.2,,mobile
D000256,,Linux,samsung browser 6.2,1920x1080,mobile
D000257,,Linux,samsung browser 6.2,2220x1080,mobile
D000258,,Linux,samsung browser 6.2,2560x1440,mobile
D000259,,Linux,samsung browser 6.2,2960x1440,mobile
D000260,,Linux,samsung browser 6.2,2961x1442,mobile
D000261,,Linux,samsung browser 6.4,2560x1440,mobile
D000262,,func,chrome 58.0,1280x1024,desktop
D000263,,func,chrome 62.0 for ios,2048x1536,mobile
D000264,,func,chrome 62.0,1366x768,desktop
D000265,,func,mobile safari 11.0,2436x1125,mobile
D000266,,func,safari generic,2560x1600,desktop
D000267,,other,mobile safari 10.0,1136x640,mobile
D000268,,other,mobile safari 11.0,1334x750,mobile
D000269,,other,mobile safari 11.0,2208x1242,mobile
D000270,,other,mobile safari generic,2436x1125,mobile
D000271,0PAJ5,Android 6.0.1,chrome 63.0 for android,1920x1080,mobile
D000272,0PJA2,Android 7.0,chrome 61.0 for android,1920x1080,mobile
D000273,0PM92,,chrome 64.0 for android,,mobile
D000274,0PM92,Android 6.0.1,chrome 46.0 for android,1280x720,mobile
D000275,0PM92,Android 6.0.1,chrome 56.0 for android,1280x720,mobile
D000276,1016S,,chrome generic,,mobile
D000277,2PQ93,Android 7.0,chrome 59.0 for android,1920x1080,mobile
D000278,2PS64 Build/NRD90M,,chrome 63.0 for android,,mobile
D000279,2PS64 Build/NRD90M,Android 7.0,chrome 62.0 for android,2560x1440,mobile
D000280,2PS64 Build/NRD90M,Android 7.0,chrome 63.0 for android,,mobile
D000281,2PS64 Build/NRD90M,Android 7.0,chrome 63.0 for android,2560x1440,mobile
D000282,2PYB2,,chrome 63.0 for android,,mobile
D000283,2PYB2,,chrome 66.0 for android,,mobile
D000284,2PYB2,Android 7.0,chrome 63.0 for android,1920x1080,mobile
D000285,2PYB2,Android 7.0,chrome 63.0 for android,2560x1440,mobile
D000286,2PZC5,Android 7.1.1,chrome 63.0 for android,,mobile
D000287,2PZC5,Android 7.1.1,chrome 63.0 for android,2560x1440,mobile
D000288,4003A,,chrome 53.0 for android,,mobile
D000289,4009F,,chrome 65.0 for android,,mobile
D000290,4013M Build/KOT49H,,chrome 62.0 for android,,mobile
D000291,4013M Build/KOT49H,,chrome 64.0 for android,,mobile
D000292,4013M Build/KOT49H,,chrome,,mobile
D000293,4027A Build/KOT49H,,chrome 54.0 for android,,mobile
D000294,4027A Build/KOT49H,,chrome 64.0 for android,,mobile
D000295,4034E,,chrome 64.0 for android,,mobile
D000296,4034G,,chrome 64.0 for android,,mobile
D000297,4047A Build/NRD90M,,chrome 56.0 for android,,mobile
D000298,4047A Build/NRD90M,,chrome 65.0 for android,,mobile
D000299,4047A Build/NRD90M,,chrome 66.0 for android,,mobile
D000300,4047G Build/NRD90M,,chrome 56.0 for android,,mobile
D000301,4047G Build/NRD90M,,chrome 62.0 for android,,mobile
D000302,4047G Build/NRD90M,,chrome 64.0 for android,,mobile
D000303,4047G Build/NRD90M,,chrome 65.0 for android,,mobile
D000304,47418,,chrome 65.0 for android,,mobile
D000305,5010G Build/MRA58K,,android webview 4.0,,mobile
D000306,5010G Build/MRA58K,,chrome 50.0 for android,,mobile
D000307,5010G Build/MRA58K,,chrome 52.0 for android,,mobile
D000308,5010G Build/MRA58K,,chrome 59.0 for android,,mobile
D000309,5010G Build/MRA58K,,chrome 60.0 for android,,mobile
D000310,5010G Build/MRA58K,,chrome 61.0 for android,,mobile
D000311,5010G Build/MRA58K,,chrome 62.0 for android,,mobile
D000312,5010G Build/MRA58K,,chrome 63.0 for android,,mobile
D000313,5010G Build/MRA58K,,chrome 64.0 for android,,mobile
D000314,5010G Build/MRA58K,,chrome 65.0 for android,,mobile
D000315,5010G Build/MRA58K,,chrome 66.0 for android,,mobile
D000316,5010G Build/MRA58K,,chrome generic for android,,mobile
D000317,5010G Build/MRA58K,,chrome,,mobile
D000318,5010G Build/MRA58K,,other,,mobile
D000319,5010S Build/MRA58K,,chrome 62.0 for android,,mobile
D000320,5010S Build/MRA58K,,chrome 63.0 for android,,mobile
D000321,5010S Build/MRA58K,,chrome 64.0 for android,,mobile
D000322,5010S Build/MRA58K,,chrome 65.0 for android,,mobile
D000323,5010S Build/MRA58K,,chrome 66.0 for android,,mobile
D000324,5011A Build/NRD90M,,chrome 56.0 for android,,mobile
D000325,5011A Build/NRD90M,,chrome 62.0 for android,,mobile
D000326,5011A Build/NRD90M,,chrome 63.0 for android,,mobile
D000327,5011A Build/NRD90M,,chrome 64.0 for android,,mobile
D000328,5011A Build/NRD90M,,chrome 65.0 for android,,mobile
D000329,5011A Build/NRD90M,,chrome 66.0 for android,,mobile
D000330,5011A Build/NRD90M,,chrome generic for android,,mobile
D000331,5012G Build/MRA58K,,chrome 55.0 for android,,mobile
D000332,5012G Build/MRA58K,,chrome 62.0 for android,,mobile
D000333,5012G Build/MRA58K,,chrome 63.0 for android,,mobile
D000334,5012G Build/MRA58K,,chrome 64.0 for android,,mobile
D000335,5012G Build/MRA58K,,chrome 65.0 for android,,mobile
D000336,5012G Build/MRA58K,,chrome 66.0 for android,,mobile
D000337,5015A Build/LMY47I,,chrome 43.0 for android,,mobile
D000338,5015A Build/LMY47I,,chrome 55.0 for android,,mobile
D000339,5015A Build/LMY47I,,chrome 58.0 for android,,mobile
D000340,5015A Build/LMY47I,,chrome 59.0 for android,,mobile
D000341,5015A Build/LMY47I,,chrome 62.0 for android,,mobile
D000342,5015A Build/LMY47I,,chrome 63.0 for android,,mobile
D000343,5015A Build/LMY47I,,chrome 64.0 for android,,mobile
D000344,5015A Build/LMY47I,,chrome 65.0 for android,,mobile
D000345,5015A Build/LMY47I,,chrome 66.0 for android,,mobile
D000346,5017A,,chrome 64.0 for android,,mobile
D000347,5017A,,chrome 65.0 for android,,mobile
D000348,5025G Build/LMY47I,,chrome 43.0 for android,,mobile
D000349,5025G Build/LMY47I,,chrome 55.0 for android,,mobile
D000350,5025G Build/LMY47I,,chrome 58.0 for android,,mobile
D000351,5025G Build/LMY47I,,chrome 60.0 for android,,mobile
D000352,5025G Build/LMY47I,,chrome 61.0 for android,,mobile
D000353,5025G Build/LMY47I,,chrome 62.0 for android,,mobile
D000354,5025G Build/LMY47I,,chrome 63.0 for android,,mobile
D000355,5025G Build/LMY47I,,chrome 64.0 for android,,mobile
D000356,5025G Build/LMY47I,,chrome 65.0 for android,,mobile
D000357,5042A,,chrome 64.0 for android,,mobile
D000358,5044A,,chrome 64.0 for android,,mobile
D000359,5045I,,chrome generic for android,,mobile
D000360,5049W Build/NRD90M,Android 7.0,chrome 56.0 for android,1280x720,mobile
D000361,5049W Build/NRD90M,Android 7.0,chrome 62.0 for android,1280x720,mobile
D000362,5049W Build/NRD90M,Android 7.0,chrome 63.0 for android,,mobile
D000363,5049W Build/NRD90M,Android 7.0,chrome 66.0 for android,1280x720,mobile
D000364,5051A Build/MMB29M,,chrome 50.0 for android,,mobile
D000365,5051A Build/MMB29M,,chrome 58.0 for android,,mobile
D000366,5051A Build/MMB29M,,chrome 61.0 for android,,mobile
D000367,5051A Build/MMB29M,,chrome 62.0 for android,,mobile
D000368,5051A Build/MMB29M,,chrome 65.0 for android,,mobile
D000369,5054N,,chrome 61.0 for android,,mobile
D000370,5054N,Android 5.1.1,chrome 53.0 for android,1280x720,mobile
D000371,5054S Build/LMY47V,,chrome 43.0 for android,,mobile
D000372,5054S Build/LMY47V,,chrome 56.0 for android,,mobile
D000373,5054S Build/LMY47V,,chrome 58.0 for android,,mobile
D000374,5054S Build/LMY47V,,chrome 61.0 for android,,mobile
D000375,5054S Build/LMY47V,,chrome 62.0 for android,,mobile
D000376,5054S Build/LMY47V,,chrome 63.0 for android,,mobile
D000377,5054S Build/LMY47V,,chrome 64.0 for android,,mobile
D000378,5056A Build/MMB29M,,chrome 52.0 for android,,mobile
D000379,5056A Build/MMB29M,,chrome 60.0 for android,,mobile
D000380,5056A Build/MMB29M,,chrome 63.0 for android,,mobile
D000381,5056A Build/MMB29M,,chrome 64.0 for android,,mobile
D000382,5056A Build/MMB29M,,chrome 65.0 for android,,mobile
D000383,5056N,Android 6.0.1,chrome 64.0 for android,1280x720,mobile
D000384,5056N,Android 6.0.1,chrome generic for android,1280x720,mobile
D000385,5057M,,chrome 63.0 for android,,mobile
D000386,5080A Build/MRA58K,,chrome 52.0 for android,,mobile
D000387,5080A Build/MRA58K,,chrome 60.0 for android,,mobile
D000388,5080A Build/MRA58K,,chrome 61.0 for android,,mobile
D000389,5080A Build/MRA58K,,chrome 62.0 for android,,mobile
D000390,5080A Build/MRA58K,,chrome 63.0 for android,,mobile
D000391,5080A Build/MRA58K,,chrome 64.0 for android,,mobile
D000392,5080A Build/MRA58K,,chrome 65.0 for android,,mobile
D000393,5080A Build/MRA58K,,chrome 66.0 for android,,mobile
D000394,5080A Build/MRA58K,,chrome generic for android,,mobile
D000395,5085B Build/MRA58K,,chrome 55.0 for android,,mobile
D000396,5085B Build/MRA58K,,chrome 63.0 for android,,mobile
D000397,5085B Build/MRA58K,,chrome 65.0 for android,,mobile
D000398,5095I Build/MRA58K,,chrome 63.0 for android,,mobile
D000399,5095I Build/MRA58K,,chrome 64.0 for android,,mobile
D000400,6037B,,chrome 66.0 for android,,mobile
D000401,6039A Build/LRX22G,,chrome 43.0 for android,,mobile
D000402,6039A Build/LRX22G,,chrome 63.0 for android,,mobile
D000403,6039A Build/LRX22G,,chrome 66.0 for android,,mobile
D000404,6045I Build/LRX22G,,chrome 58.0 for android,,mobile
D000405,6045I Build/LRX22G,,chrome 63.0 for android,,mobile
D000406,6055B,,chrome 65.0 for android,,mobile
D000407,7048A Build/LRX22G,,chrome 46.0 for android,,mobile
D000408,7048A Build/LRX22G,,chrome 57.0 for android,,mobile
D000409,7048A Build/LRX22G,,chrome 66.0 for android,,mobile
D000410,7055A Build/KVT49L,,chrome 59.0 for android,,mobile
D000411,7055A Build/KVT49L,,chrome 62.0 for android,,mobile
D000412,7055A Build/KVT49L,,chrome 63.0 for android,,mobile
D000413,7055A Build/KVT49L,,chrome 64.0 for android,,mobile
D000414,7055A Build/KVT49L,,chrome 65.0 for android,,mobile
D000415,7_Plus,,android webview 4.0,,mobile
D000416,8050G Build/LMY47I,,chrome 46.0 for android,,mobile
D000417,8050G Build/LMY47I,,chrome 50.0 for android,,mobile
D000418,8050G Build/LMY47I,,chrome 55.0 for android,,mobile
D000419,8050G Build/LMY47I,,chrome 56.0 for android,,mobile
D000420,8050G Build/LMY47I,,chrome 59.0 for android,,mobile
D000421,8050G Build/LMY47I,,chrome 61.0 for android,,mobile
D000422,8050G Build/LMY47I,,chrome 63.0 for android,,mobile
D000423,8050G Build/LMY47I,,chrome 64.0 for android,,mobile
D000424,8050G Build/LMY47I,,chrome 65.0 for android,,mobile
D000425,8050G Build/LMY47I,,chrome 66.0 for android,,mobile
D000426,8050G Build/LMY47I,,chrome generic,,desktop
D000427,8062 Build/MRA58K,,chrome 55.0 for android,,mobile
D000428,8062 Build/MRA58K,,chrome 64.0 for android,,mobile
D000429,8080 Build/LRX21M,,chrome 64.0 for android,,mobile
D000430,8080 Build/LRX21M,,chrome 65.0 for android,,mobile
D000431,831C,Android 6.0,chrome 63.0 for android,1920x1080,mobile
D000432,9002A,,chrome 63.0 for android,,mobile
D000433,9003A Build/MRA58K,,chrome 60.0 for android,,mobile
D000434,9003A Build/MRA58K,,chrome 61.0 for android,,mobile
D000435,9003A Build/MRA58K,,chrome 62.0 for android,,mobile
D000436,9008A Build/NRD90M,,chrome 55.0 for android,,mobile
D000437,9008A Build/NRD90M,,chrome 65.0 for android,,mobile
D000438,9008A Build/NRD90M,,chrome 66.0 for android,,mobile
D000439,9022X,,chrome 63.0 for android,,mobile
D000440,916,,chrome 59.0 for android,,mobile
D000441,9203A Build/MRA58K,,chrome 49.0 for android,,mobile
D000442,A0001 Build/MHC19Q,,chrome 64.0 for android,,mobile
D000443,A0001 Build/MHC19Q,Android 6.0.1,chrome 62.0 for android,1920x1080,mobile
D000444,A0001,,chrome 66.0 for android,,mobile
D000445,A1-850,,chrome 64.0 for android,,mobile
D000446,A1601 Build/LMY47I,,chrome 60.0 for android,,mobile
D000447,A1601 Build/LMY47I,,chrome 63.0 for android,,mobile
D000448,A3-A20,,chrome 66.0 for android,,mobile
D000449,A37f,,chrome 63.0 for android,,mobile
D000450,A3_mini,,android webview 4.0,,mobile
D000451,A3_mini,,chrome 63.0 for android,,mobile
D000452,A463BG,Android 4.4.2,chrome 56.0 for android,480x320,mobile
D000453,A466BG,Android 6.0,android webview 4.0,801x480,mobile
D000454,A5002,Android 6.0,chrome 55.0 for android,855x480,mobile
D000455,A50C+,,chrome 63.0 for android,,mobile
D000456,A574BL Build/NMF26F,Android 7.1.1,chrome 55.0 for android,855x480,mobile
D000457,A574BL Build/NMF26F,Android 7.1.1,chrome 64.0 for android,855x480,mobile
D000458,A577VL,Android 7.1.1,chrome 65.0 for android,1280x720,mobile
D000459,A621R,Android 5.1.1,chrome 62.0 for android,1280x720,mobile
D000460,A9,,android webview 4.0,,mobile
D000461,A952,,android webview 4.0,,mobile
D000462,A96 Build/LMY47I,,chrome 61.0 for android,,mobile
D000463,A97,,chrome 64.0 for android,,mobile
D000464,AERIAL Build/NRD90M,,chrome 65.0 for android,,mobile
D000465,AERIAL,,chrome 60.0 for android,,mobile
D000466,AERIAL,,chrome 64.0 for android,,mobile
D000467,AERIAL,,chrome 66.0 for android,,mobile
D000468,AKUS,,chrome 66.0 for android,,mobile
D000469,ALCATEL ONE TOUCH 5036A Build/JDQ39,,chrome 52.0 for android,,mobile
D000470,ALCATEL ONE TOUCH 5036A Build/JDQ39,,chrome 58.0 for android,,mobile
D000471,ALCATEL ONE TOUCH 5036A Build/JDQ39,,chrome 61.0 for android,,mobile
D000472,ALCATEL ONE TOUCH 5036A Build/JDQ39,,chrome 63.0 for android,,mobile
D000473,ALCATEL ONE TOUCH 5036A Build/JDQ39,,chrome 64.0 for android,,mobile
D000474,ALCATEL ONE TOUCH 7040A Build/JDQ39,,chrome 64.0 for android,,mobile
D000475,ALCATEL ONE TOUCH 7040A Build/JDQ39,,chrome generic,,desktop
D000476,ALCATEL ONE TOUCH 7042A Build/JDQ39,,chrome 60.0 for android,,mobile
D000477,ALCATEL ONE TOUCH 7042A Build/JDQ39,,chrome 61.0 for android,,mobile
D000478,ALCATEL ONE TOUCH 7042A Build/JDQ39,,chrome 64.0 for android,,mobile
D000479,ALCATEL ONE TOUCH 7042A Build/JDQ39,,chrome,,mobile
D000480,ALCATEL ONE TOUCH 7047A Build/JDQ39,,chrome 51.0 for android,,mobile
D000481,ALCATEL ONE TOUCH 7047A Build/JDQ39,,chrome 58.0 for android,,mobile
D000482,ALCATEL ONE TOUCH 7047A Build/JDQ39,,chrome 63.0 for android,,mobile
D000483,ALCATEL ONE TOUCH 7047A Build/JDQ39,,chrome 65.0 for android,,mobile
D000484,ALCATEL ONE TOUCH 7047A Build/JDQ39,,chrome,,mobile
D000485,ALCATEL,,chrome 61.0 for android,,mobile
D000486,ALCATEL,,chrome 62.0 for android,,mobile
D000487,ALCATEL,,chrome 63.0 for android,,mobile
D000488,ALCATEL,,chrome 64.0 for android,,mobile
D000489,ALCATEL,,chrome generic,,desktop
D000490,ALE-L21 Build/HuaweiALE-L21,,android webview 4.0,,mobile
D000491,ALE-L21 Build/HuaweiALE-L21,,chrome 50.0 for android,,mobile
D000492,ALE-L21 Build/HuaweiALE-L21,,chrome 62.0 for android,,mobile
D000493,ALE-L21 Build/HuaweiALE-L21,,chrome 63.0 for android,,mobile
D000494,ALE-L21 Build/HuaweiALE-L21,,chrome 64.0 for android,,mobile
D000495,ALE-L21 Build/HuaweiALE-L21,,chrome 65.0 for android,,mobile
D000496,ALE-L21 Build/HuaweiALE-L21,,chrome generic for android,,mobile
D000497,ALE-L21 Build/HuaweiALE-L21,,chrome generic,,desktop
D000498,ALE-L23 Build/HuaweiALE-L23,,chrome 43.0 for android,,mobile
D000499,ALE-L23 Build/HuaweiALE-L23,,chrome 46.0 for android,,mobile
D000500,ALE-L23 Build/HuaweiALE-L23,,chrome 50.0 for android,,mobile
D000501,ALE-L23 Build/HuaweiALE-L23,,chrome 51.0 for android,,mobile
D000502,ALE-L23 Build/HuaweiALE-L23,,chrome 52.0 for android,,mobile
D000503,ALE-L23 Build/HuaweiALE-L23,,chrome 56.0 for android,,mobile
D000504,ALE-L23 Build/HuaweiALE-L23,,chrome 57.0 for android,,mobile
D000505,ALE-L23 Build/HuaweiALE-L23,,chrome 58.0 for android,,mobile
D000506,ALE-L23 Build/HuaweiALE-L23,,chrome 59.0 for android,,mobile
D000507,ALE-L23 Build/HuaweiALE-L23,,chrome 60.0 for android,,mobile
D000508,ALE-L23 Build/HuaweiALE-L23,,chrome 61.0 for android,,mobile
D000509,ALE-L23 Build/HuaweiALE-L23,,chrome 62.0 for android,,mobile
D000510,ALE-L23 Build/HuaweiALE-L23,,chrome 63.0 for android,,mobile
D000511,ALE-L23 Build/HuaweiALE-L23,,chrome 64.0 for android,,mobile
D000512,ALE-L23 Build/HuaweiALE-L23,,chrome 65.0 for android,,mobile
D000513,ALE-L23 Build/HuaweiALE-L23,,chrome 66.0 for android,,mobile
D000514,ALE-L23 Build/HuaweiALE-L23,,chrome generic,,mobile
D000515,ALP-L09 Build/HUAWEIALP-L09,,chrome 62.0 for android,,mobile
D000516,ALP-L09 Build/HUAWEIALP-L09,,chrome 65.0 for android,,mobile
D000517,ALP-L09 Build/HUAWEIALP-L09,,chrome 66.0 for android,,mobile
D000518,ALP-L09 Build/HUAWEIALP-L09,,chrome generic for android,,mobile
D000519,ALP-L09 Build/HUAWEIALP-L09,,samsung browser 6.2,,mobile
D000520,ALP-L09 Build/HUAWEIALP-L09S,,chrome 65.0 for android,,mobile
D000521,ALP-L09 Build/HUAWEIALP-L09S,,chrome 66.0 for android,,mobile
D000522,ALP-L09 Build/HUAWEIALP-L09S,,chrome generic for android,,mobile
D000523,ALP-L09 Build/HUAWEIALP-L09S,,samsung browser 6.4,,mobile
D000524,ALTER,,chrome 63.0 for android,,mobile
D000525,ALUMINI,,chrome 43.0 for android,,mobile
D000526,ALUMINI,,chrome 63.0 for android,,mobile
D000527,AM508,,android webview 4.0,,mobile
D000528,ANE-LX3 Build/HUAWEIANE-LX3,,chrome 66.0 for android,,mobile
D000529,AOC_U706G,,chrome 64.0 for android,,mobile
D000530,ASTRO,,chrome 63.0 for android,,mobile
D000531,ASUS,Android 5.1.1,android browser 4.0,,mobile
D000532,ASUS_A001,,chrome 66.0 for android,,mobile
D000533,ASUS_P00J,Android 7.0,chrome 63.0 for android,,mobile
D000534,ASUS_X008D Build/NRD90M,,android webview 4.0,,mobile
D000535,ASUS_X008DC Build/NRD90M,,chrome 63.0 for android,,mobile
D000536,ASUS_X008DC Build/NRD90M,,chrome 64.0 for android,,mobile
D000537,ASUS_X008DC Build/NRD90M,,chrome 65.0 for android,,mobile
D000538,ASUS_X00DD,,chrome 63.0 for android,,mobile
D000539,ASUS_X00DD,,chrome 64.0 for android,,mobile
D000540,ASUS_X00DDA,,chrome 64.0 for android,,mobile
D000541,ASUS_X00HD Build/NMF26F,,chrome generic for android,,mobile
D000542,ASUS_X00ID,,chrome 65.0 for android,,mobile
D000543,ASUS_X00ID,Android 7.1.1,chrome 65.0 for android,1280x720,mobile
D000544,ASUS_X015D Build/NRD90M,,chrome 63.0 for android,,mobile
D000545,ASUS_X018D,,chrome generic for android,,mobile
D000546,ASUS_Z00AD Build/LRX21V,,chrome 63.0 for android,,mobile
D000547,ASUS_Z00AD Build/LRX21V,,chrome 65.0 for android,,mobile
D000548,ASUS_Z00AD Build/LRX21V,,chrome generic,,mobile
D000549,ASUS_Z00ED,,android webview 4.0,,mobile
D000550,ASUS_Z00UD,,android webview 4.0,,mobile
D000551,ASUS_Z017D,,,,mobile
D000552,ASUS_Z017D,,chrome 64.0 for android,,mobile
D000553,ASUS_Z017D,,chrome 66.0 for android,,mobile
D000554,ASUS_Z017DA,,chrome 64.0 for android,,mobile
D000555,ASUS_Z01BDA,,chrome 63.0 for android,,mobile
D000556,ASUS_Z01BDC,,chrome 65.0 for android,,mobile
D000557,ASUS_Z01KD,Android 7.1.1,chrome 63.0 for android,1920x1080,mobile
D000558,ATT,Windows 7,ie 11.0 for desktop,,desktop
D000559,ATT-IE11,Windows 7,ie 11.0 for desktop,1364x768,desktop
D000560,ATT-IE11,Windows 7,ie 11.0 for desktop,1680x1050,desktop
D000561,AX1060,,chrome 65.0 for android,,mobile
D000562,AX1070,,chrome 62.0 for android,,mobile
D000563,AX1070,,chrome 63.0 for android,,mobile
D000564,AX705,,chrome 65.0 for android,,mobile
D000565,AX820 Build/MRA58K,,chrome 54.0 for android,,mobile
D000566,AX820 Build/MRA58K,,chrome 63.0 for android,,mobile
D000567,AX820 Build/MRA58K,,chrome 64.0 for android,,mobile
D000568,AX821 Build/MRA58K,,chrome 66.0 for android,,mobile
D000569,AX821 Build/MRA58K,,chrome generic for android,,mobile
D000570,AX920,,chrome 61.0 for android,,mobile
D000571,AX920,,chrome 62.0 for android,,mobile
D000572,AX920,,chrome 63.0 for android,,mobile
D000573,AX921 Build/MRA58K,,chrome 63.0 for android,,mobile
D000574,AX921 Build/MRA58K,,chrome 64.0 for android,,mobile
D000575,AX921 Build/MRA58K,,chrome 66.0 for android,,mobile
D000576,Advance,,chrome 56.0 for android,,mobile
D000577,Alcatel,Android 7.0,chrome 65.0 for android,1280x720,mobile
D000578,Alcatel_4060A,Android 5.1.1,chrome 60.0 for android,855x480,mobile
D000579,Alcatel_4060A,Android 5.1.1,chrome generic,855x480,mobile
D000580,Alcatel_4060O Build/MMB29M,Android 6.0.1,chrome 50.0 for android,855x480,mobile
D000581,Alcatel_4060O Build/MMB29M,Android 6.0.1,chrome generic for android,855x480,mobile
D000582,Alcatel_5044R Build/NRD90M,Android 7.0,android webview 4.0,855x480,mobile
D000583,Alcatel_5044R Build/NRD90M,Android 7.0,chrome 63.0 for android,,mobile
D000584,Alcatel_5044R Build/NRD90M,Android 7.0,chrome 66.0 for android,855x480,mobile
D000585,Alcatel_5054O,Android 5.1.1,chrome 63.0 for android,1280x720,mobile
D000586,Alcatel_5056O,,chrome 64.0 for android,,mobile
D000587,Alcatel_5098O Build/MMB29M,,chrome 50.0 for android,,mobile
D000588,Alcatel_5098O Build/MMB29M,,chrome 61.0 for android,,mobile
D000589,Alcatel_5098O Build/MMB29M,,chrome 62.0 for android,,mobile
D000590,Alcatel_5098O Build/MMB29M,,chrome 63.0 for android,,mobile
D000591,Alcatel_5098O Build/MMB29M,,chrome 64.0 for android,,mobile
D000592,Alcatel_5098O Build/MMB29M,,chrome 65.0 for android,,mobile
D000593,Alcatel_5098O Build/MMB29M,Android 6.0.1,chrome 63.0 for android,1280x720,mobile
D000594,Alumini3 Build/MRA58K,,chrome 51.0 for android,,mobile
D000595,Alumini3Plus,,android webview 4.0,,mobile
D000596,Alumini3Plus,,chrome 66.0 for android,,mobile
D000597,Android 4.4.2,,android browser 4.0,,mobile
D000598,Android 4.4.2,,android,,mobile
D000599,Android 4.4.2,,chrome generic,,mobile
D000600,Android 4.4.2,,other,,mobile
D000601,Android 4.4.2,Android 4.4.2,chrome generic,1280x732,mobile
D000602,Android 4.4.2,Android 4.4.2,other,1024x600,mobile
D000603,Android 5.1,,android browser 4.0,,mobile
D000604,Android 5.1,,chrome 43.0 for android,,mobile
D000605,Android 5.1,,other,,mobile
D000606,Android 5.1.1,,android browser 4.0,,mobile
D000607,Android 5.1.1,,chrome generic,,mobile
D000608,Android 6.0,,android webview 4.0,,mobile
D000609,Android 6.0.1,,,,mobile
D000610,Android 6.0.1,,android webview 4.0,,mobile
D000611,Android 7.0,,,,mobile
D000612,Android 7.0,,android webview 4.0,,mobile
D000613,Android 7.1.2,,android webview 4.0,,mobile
D000614,Android,,,,mobile
D000615,Android,,android browser 4.0,,mobile
D000616,Android,,chrome generic,,mobile
D000617,Aquaris U Plus Build/NMF26F,,chrome 62.0 for android,,mobile
D000618,Aquaris U Plus Build/NMF26F,,chrome 63.0 for android,,mobile
D000619,Aquaris V Build/N2G47H,,chrome 65.0 for android,,mobile
D000620,Aquaris X Build/NMF26F,,chrome generic for android,,mobile
D000621,Aquaris X5 Plus Build/NMF26F,,chrome 64.0 for android,,mobile
D000622,Aquaris X5 Plus Build/NMF26F,,chrome 66.0 for android,,mobile
D000623,Aquaris,,chrome 61.0 for android,,mobile
D000624,Aquaris,,chrome 62.0 for android,,mobile
D000625,Aquaris,,chrome 63.0 for android,,mobile
D000626,Aquaris,,chrome 64.0 for android,,mobile
D000627,Aquaris,,chrome 66.0 for android,,mobile
D000628,Aquaris,,chrome generic for android,,mobile
D000629,Aquaris_A4.5,,chrome 63.0 for android,,mobile
D000630,Aquaris_A4.5,,chrome 65.0 for android,,mobile
D000631,Aquaris_A4.5,,chrome generic for android,,mobile
D000632,Archos,,chrome 63.0 for android,,mobile
D000633,Archos,,chrome 66.0 for android,,mobile
D000634,Azumi_KINZO_A5_QL,,chrome 65.0 for android,,mobile
D000635,B1-750,,chrome 60.0 for android,,mobile
D000636,B1-750,,chrome 65.0 for android,,mobile
D000637,B1-750,,chrome 66.0 for android,,mobile
D000638,B1-790,,chrome 65.0 for android,,mobile
D000639,B1-810,,chrome 61.0 for android,,mobile
D000640,B3-A20,,chrome 50.0 for android,,mobile
D000641,B3-A40,,chrome 64.0 for android,,mobile
D000642,BAC-L03 Build/HUAWEIBAC-L03,,chrome 60.0 for android,,mobile
D000643,BAC-L03 Build/HUAWEIBAC-L03,,chrome 62.0 for android,,mobile
D000644,BAC-L03 Build/HUAWEIBAC-L03,,chrome 63.0 for android,,mobile
D000645,BAC-L03 Build/HUAWEIBAC-L03,,chrome 64.0 for android,,mobile
D000646,BAC-L03 Build/HUAWEIBAC-L03,,chrome 65.0 for android,,mobile
D000647,BAC-L03 Build/HUAWEIBAC-L03,,chrome 66.0 for android,,mobile
D000648,BAC-L03 Build/HUAWEIBAC-L03,,chrome generic for android,,mobile
D000649,BAH-L09 Build/HUAWEIBAH-L09,,chrome 64.0 for android,,mobile
D000650,BAH-L09 Build/HUAWEIBAH-L09,,chrome generic for android,,mobile
D000651,BBA100-1,Android 6.0.1,chrome 63.0 for android,2562x1442,mobile
D000652,BBA100-2,,chrome 63.0 for android,,mobile
D000653,BBB100-1,,chrome 66.0 for android,,mobile
D000654,BBB100-1,Android 7.1.1,chrome 63.0 for android,,mobile
D000655,BBB100-1,Android 7.1.1,chrome 64.0 for android,,mobile
D000656,BBB100-2,Android 7.1.1,chrome 63.0 for android,,mobile
D000657,BBB100-3,Android 7.1.1,chrome 63.0 for android,,mobile
D000658,BG2-W09,,chrome 63.0 for android,,mobile
D000659,BLA-L09 Build/HUAWEIBLA-L09,,chrome 64.0 for android,,mobile
D000660,BLA-L29 Build/HUAWEIBLA-L29,,chrome 63.0 for android,,mobile
D000661,BLA-L29 Build/HUAWEIBLA-L29,,chrome 65.0 for android,,mobile
D000662,BLADE A520 Build/NRD90M,,chrome 55.0 for android,,mobile
D000663,BLADE A520 Build/NRD90M,,chrome 60.0 for android,,mobile
D000664,BLADE A520 Build/NRD90M,,chrome 61.0 for android,,mobile
D000665,BLADE A520 Build/NRD90M,,chrome 62.0 for android,,mobile
D000666,BLADE A520 Build/NRD90M,,chrome 63.0 for android,,mobile
D000667,BLADE A520 Build/NRD90M,,chrome 64.0 for android,,mobile
D000668,BLADE A520 Build/NRD90M,,chrome 66.0 for android,,mobile
D000669,BLADE A602 Build/MRA58K,,chrome 53.0 for android,,mobile
D000670,BLADE A602 Build/MRA58K,,chrome 60.0 for android,,mobile
D000671,BLADE A602 Build/MRA58K,,chrome 62.0 for android,,mobile
D000672,BLADE A602 Build/MRA58K,,chrome 63.0 for android,,mobile
D000673,BLADE A602 Build/MRA58K,,chrome 64.0 for android,,mobile
D000674,BLADE A602 Build/MRA58K,,chrome 65.0 for android,,mobile
D000675,BLADE A602 Build/MRA58K,,chrome 66.0 for android,,mobile
D000676,BLADE A602 Build/MRA58K,,chrome generic for android,,mobile
D000677,BLADE L7 Build/MRA58K,,chrome 53.0 for android,,mobile
D000678,BLADE L7 Build/MRA58K,,chrome 63.0 for android,,mobile
D000679,BLADE L7 Build/MRA58K,,chrome 64.0 for android,,mobile
D000680,BLADE L7 Build/MRA58K,,chrome 65.0 for android,,mobile
D000681,BLADE V7 Build/MRA58K,,chrome 63.0 for android,,mobile
D000682,BLADE V7 Build/MRA58K,,chrome 64.0 for android,,mobile
D000683,BLADE V7 Build/MRA58K,,chrome generic for android,,mobile
D000684,BLADE V8 Build/NRD90M,,chrome 55.0 for android,,mobile
D000685,BLADE V8 Build/NRD90M,,chrome 58.0 for android,,mobile
D000686,BLADE V8 Build/NRD90M,,chrome 63.0 for android,,mobile
D000687,BLADE V8 Build/NRD90M,,chrome 64.0 for android,,mobile
D000688,BLADE V8 Build/NRD90M,,chrome 65.0 for android,,mobile
D000689,BLADE V8 SE Build/NRD90M,,android webview 4.0,,mobile
D000690,BLADE V8 SE Build/NRD90M,,chrome 55.0 for android,,mobile
D000691,BLADE V8 SE Build/NRD90M,,chrome 62.0 for android,,mobile
D000692,BLADE V8 SE Build/NRD90M,,chrome 63.0 for android,,mobile
D000693,BLADE V8 SE Build/NRD90M,,chrome 64.0 for android,,mobile
D000694,BLADE V8 SE Build/NRD90M,,chrome 65.0 for android,,mobile
D000695,BLADE V8 SE Build/NRD90M,,chrome 66.0 for android,,mobile
D000696,BLADE V8 SE Build/NRD90M,,chrome generic for android,,mobile
D000697,BLADE V8Q Build/N2G47H,,chrome 58.0 for android,,mobile
D000698,BLADE V8Q Build/N2G47H,,chrome 66.0 for android,,mobile
D000699,BLADE V8Q Build/N2G47H,,chrome generic for android,,mobile
D000700,BLL-L23 Build/HUAWEIBLL-L23,,chrome 54.0 for android,,mobile
D000701,BLL-L23 Build/HUAWEIBLL-L23,,chrome 60.0 for android,,mobile
D000702,BLL-L23 Build/HUAWEIBLL-L23,,chrome 62.0 for android,,mobile
D000703,BLL-L23 Build/HUAWEIBLL-L23,,chrome 63.0 for android,,mobile
D000704,BLL-L23 Build/HUAWEIBLL-L23,,chrome 64.0 for android,,mobile
D000705,BLL-L23 Build/HUAWEIBLL-L23,,chrome 65.0 for android,,mobile
D000706,BLL-L23 Build/HUAWEIBLL-L23,,chrome 66.0 for android,,mobile
D000707,BLL-L23 Build/HUAWEIBLL-L23,,chrome generic for android,,mobile
D000708,BLL-L23 Build/HUAWEIBLL-L23,,other,,mobile
D000709,BLN-L21 Build/HONORBLN-L21,,chrome 64.0 for android,,mobile
D000710,BLN-L21 Build/HONORBLN-L21,,chrome 66.0 for android,,mobile
D000711,BLN-L21 Build/HONORBLN-L21,,chrome generic for android,,mobile
D000712,BLN-L24 Build/HONORBLN-L24,,chrome 63.0 for android,,mobile
D000713,BLN-L24 Build/HONORBLN-L24,,chrome 64.0 for android,,mobile
D000714,BLN-L24 Build/HONORBLN-L24,Android 7.0,chrome 62.0 for android,1920x1080,mobile
D000715,BLN-L24 Build/HONORBLN-L24,Android 7.0,chrome 63.0 for android,1920x1080,mobile
D000716,BLU ENERGY X PLUS Build/LRX21M,,chrome 55.0 for android,,mobile
D000717,BLU ENERGY X PLUS Build/LRX21M,,chrome 64.0 for android,,mobile
D000718,BLU ENERGY X PLUS Build/LRX21M,,chrome 65.0 for android,,mobile
D000719,BLU ENERGY X PLUS Build/LRX21M,,chrome 66.0 for android,,mobile
D000720,BLU LIFE XL Build/L050U,,chrome 62.0 for android,,mobile
D000721,BLU LIFE XL Build/L050U,,chrome 63.0 for android,,mobile
D000722,BLU LIFE XL Build/L050U,,chrome 66.0 for android,,mobile
D000723,BLU STUDIO C 5+5 Build/LRX21M,,chrome 63.0 for android,,mobile
D000724,BLU STUDIO C 5+5 Build/LRX21M,,chrome 64.0 for android,,mobile
D000725,BLU,,BLU/Dash,,mobile
D000726,BLU,,android webview 4.0,,mobile
D000727,BLU,,chrome 43.0 for android,,mobile
D000728,BLU,,chrome 59.0 for android,,mobile
D000729,BLU,,chrome 60.0 for android,,mobile
D000730,BLU,,chrome 63.0 for android,,mobile
D000731,BLU,,chrome 64.0 for android,,mobile
D000732,BLU,,chrome 65.0 for android,,mobile
D000733,BLU,,opera,,mobile
D000734,BLU,Android 5.0,chrome 62.0 for android,1280x720,mobile
D000735,BLU,Android 6.0,chrome 65.0 for android,1280x720,mobile
D000736,BND-L21 Build/HONORBND-L21,,chrome 63.0 for android,,mobile
D000737,BND-L34,,chrome generic for android,,mobile
D000738,BNTV400,Android,chrome generic for android,1356x900,mobile
D000739,BOIE9,,ie 11.0 for desktop,,desktop
D000740,BOIE9,Windows 7,ie 11.0 for desktop,1600x900,desktop
D000741,BOIE9,Windows 7,ie 11.0 for desktop,1680x1050,desktop
D000742,BV6000,,chrome 62.0 for android,,mobile
D000743,BV7000,,android webview 4.0,,mobile
D000744,BV8000Pro,,chrome 65.0 for android,,mobile
D000745,Beat,Android,android browser 4.0,,mobile
D000746,Blade A460 Build/LMY47O,,chrome 62.0 for android,,mobile
D000747,Blade A460 Build/LMY47O,,chrome 64.0 for android,,mobile
D000748,Blade A465 Build/LMY47D,,chrome 61.0 for android,,mobile
D000749,Blade A465 Build/LMY47D,,chrome 64.0 for android,,mobile
D000750,Blade A465 Build/LMY47D,,chrome 66.0 for android,,mobile
D000751,Blade A475 Build/LMY47D,,chrome 52.0 for android,,mobile
D000752,Blade A475 Build/LMY47D,,chrome 56.0 for android,,mobile
D000753,Blade A475 Build/LMY47D,,chrome 61.0 for android,,mobile
D000754,Blade A475 Build/LMY47D,,chrome 64.0 for android,,mobile
D000755,Blade A510 Build/MRA58K,,chrome 49.0 for android,,mobile
D000756,Blade A510 Build/MRA58K,,chrome 58.0 for android,,mobile
D000757,Blade A510 Build/MRA58K,,chrome 60.0 for android,,mobile
D000758,Blade A510 Build/MRA58K,,chrome 61.0 for android,,mobile
D000759,Blade A510 Build/MRA58K,,chrome 62.0 for android,,mobile
D000760,Blade A510 Build/MRA58K,,chrome 63.0 for android,,mobile
D000761,Blade A510 Build/MRA58K,,chrome 64.0 for android,,mobile
D000762,Blade A510 Build/MRA58K,,chrome 65.0 for android,,mobile
D000763,Blade A510 Build/MRA58K,,chrome 66.0 for android,,mobile
D000764,Blade A510 Build/MRA58K,,chrome generic for android,,mobile
D000765,Blade L2 Plus Build/KOT49H,,ZTE/Blade,,mobile
D000766,Blade L2 Plus Build/KOT49H,,chrome 61.0 for android,,mobile
D000767,Blade L2 Plus Build/KOT49H,,chrome 62.0 for android,,mobile
D000768,Blade L2 Plus Build/KOT49H,,chrome 63.0 for android,,mobile
D000769,Blade L2 Plus Build/KOT49H,,chrome 64.0 for android,,mobile
D000770,Blade L2 Plus Build/KOT49H,,chrome 65.0 for android,,mobile
D000771,Blade L3 Build/KOT49H,,chrome 61.0 for android,,mobile
D000772,Blade L5 Build/LMY47I,,chrome 43.0 for android,,mobile
D000773,Blade L5 Build/LMY47I,,chrome 61.0 for android,,mobile
D000774,Blade L5 Build/LMY47I,,chrome 62.0 for android,,mobile
D000775,Blade L5 Build/LMY47I,,chrome 63.0 for android,,mobile
D000776,Blade L5 Build/LMY47I,,chrome 64.0 for android,,mobile
D000777,Blade L5 Build/LMY47I,,chrome 65.0 for android,,mobile
D000778,Blade L5 Build/LMY47I,,chrome 66.0 for android,,mobile
D000779,Blade L5 Build/LMY47I,,chrome generic,,desktop
D000780,Blade V580 Build/LMY47D,,chrome 43.0 for android,,mobile
D000781,Blade V580 Build/LMY47D,,chrome 55.0 for android,,mobile
D000782,Blade V580 Build/LMY47D,,chrome 58.0 for android,,mobile
D000783,Blade V580 Build/LMY47D,,chrome 61.0 for android,,mobile
D000784,Blade V580 Build/LMY47D,,chrome 62.0 for android,,mobile
D000785,Blade V580 Build/LMY47D,,chrome 63.0 for android,,mobile
D000786,Blade V580 Build/LMY47D,,chrome 64.0 for android,,mobile
D000787,Blade V580 Build/LMY47D,,chrome 65.0 for android,,mobile
D000788,Blade V580 Build/LMY47D,,chrome 66.0 for android,,mobile
D000789,Blade V580 Build/LMY47D,,chrome generic,,desktop
D000790,Blade V6 Build/LRX22G,,chrome 55.0 for android,,mobile
D000791,Blade V6 Build/LRX22G,,chrome 60.0 for android,,mobile
D000792,Blade V6 Build/LRX22G,,chrome 62.0 for android,,mobile
D000793,Blade V6 Build/LRX22G,,chrome 63.0 for android,,mobile
D000794,Blade V6 Build/LRX22G,,chrome 64.0 for android,,mobile
D000795,Blade V6 Build/LRX22G,,chrome 65.0 for android,,mobile
D000796,Blade V6 Build/LRX22G,,chrome 66.0 for android,,mobile
D000797,Blade V6 Build/LRX22G,,chrome generic,,desktop
D000798,Blade V6 Max Build/MRA58K,,chrome 49.0 for android,,mobile
D000799,Blade V6 Max Build/MRA58K,,chrome 58.0 for android,,mobile
D000800,Blade V6 Max Build/MRA58K,,chrome 60.0 for android,,mobile
D000801,Blade V6 Max Build/MRA58K,,chrome 61.0 for android,,mobile
D000802,Blade V6 Max Build/MRA58K,,chrome 62.0 for android,,mobile
D000803,Blade V6 Max Build/MRA58K,,chrome 63.0 for android,,mobile
D000804,Blade V6 Max Build/MRA58K,,chrome 64.0 for android,,mobile
D000805,Blade V6 Plus Build/MRA58K,,chrome 50.0 for android,,mobile
D000806,Blade V6 Plus Build/MRA58K,,chrome 55.0 for android,,mobile
D000807,Blade V6 Plus Build/MRA58K,,chrome 56.0 for android,,mobile
D000808,Blade V6 Plus Build/MRA58K,,chrome 58.0 for android,,mobile
D000809,Blade V6 Plus Build/MRA58K,,chrome 61.0 for android,,mobile
D000810,Blade V6 Plus Build/MRA58K,,chrome 62.0 for android,,mobile
D000811,Blade V6 Plus Build/MRA58K,,chrome 63.0 for android,,mobile
D000812,Blade V6 Plus Build/MRA58K,,chrome 64.0 for android,,mobile
D000813,Blade V6 Plus Build/MRA58K,,chrome 65.0 for android,,mobile
D000814,Blade V6 Plus Build/MRA58K,,chrome 66.0 for android,,mobile
D000815,Blade V6 Plus Build/MRA58K,,chrome generic for android,,mobile
D000816,Blade,,chrome 62.0 for android,,mobile
D000817,Blade,,chrome 63.0 for android,,mobile
D000818,Blade,,chrome 64.0 for android,,mobile
D000819,Bolt,,chrome 66.0 for android,,mobile
D000820,Build/KOT49H,,chrome 66.0 for android,,mobile
D000821,Build/OPM1.171019.011,,chrome 66.0 for android,,mobile
D000822,Build/OPM1.171019.011,,chrome generic for android,,mobile
D000823,Build/OPM1.171019.011,Android 8.1.0,chrome 66.0 for android,2160x1081,mobile
D000824,Build/OPR1.170623.032,,,,mobile
D000825,Build/OPR1.170623.032,,chrome 66.0 for android,,mobile
D000826,Build/OPR6.170623.013,,,,mobile
D000827,Build/OPR6.170623.013,Android 8.0.0,,,mobile
D000828,Build/OPR6.170623.013,Android 8.0.0,,1920x1080,mobile
D000829,C1904,,chrome 60.0 for android,,mobile
D000830,C2104,,chrome 60.0 for android,,mobile
D000831,C6603,,chrome 65.0 for android,,mobile
D000832,C6743 Build/LMY47V,Android 5.1.1,android browser 4.0,960x540,mobile
D000833,C6743 Build/LMY47V,Android 5.1.1,chrome 62.0 for android,960x540,mobile
D000834,C6743 Build/LMY47V,Android 5.1.1,chrome generic,960x540,mobile
D000835,C6903,,chrome generic,,desktop
D000836,C6906 Build/14.6.A.1.236,,chrome 62.0 for android,,mobile
D000837,C6906 Build/14.6.A.1.236,,chrome 63.0 for android,,mobile
D000838,C6906 Build/14.6.A.1.236,,chrome 64.0 for android,,mobile
D000839,C6906,,chrome 50.0 for android,,mobile
D000840,C6906,,chrome 63.0 for android,,mobile
D000841,C6906,,chrome 64.0 for android,,mobile
D000842,C6906,,chrome 65.0 for android,,mobile
D000843,CAM-L03 Build/HUAWEICAM-L03,,chrome 54.0 for android,,mobile
D000844,CAM-L03 Build/HUAWEICAM-L03,,chrome 60.0 for android,,mobile
D000845,CAM-L03 Build/HUAWEICAM-L03,,chrome 61.0 for android,,mobile
D000846,CAM-L03 Build/HUAWEICAM-L03,,chrome 62.0 for android,,mobile
D000847,CAM-L03 Build/HUAWEICAM-L03,,chrome 63.0 for android,,mobile
D000848,CAM-L03 Build/HUAWEICAM-L03,,chrome 64.0 for android,,mobile
D000849,CAM-L03 Build/HUAWEICAM-L03,,chrome 65.0 for android,,mobile
D000850,CAM-L03 Build/HUAWEICAM-L03,,chrome 66.0 for android,,mobile
D000851,CAM-L03 Build/HUAWEICAM-L03,,chrome generic for android,,mobile
D000852,CAM-L23,,chrome 63.0 for android,,mobile
D000853,CHC-U03 Build/HuaweiCHC-U03,,chrome 56.0 for android,,mobile
D000854,CHC-U03 Build/HuaweiCHC-U03,,chrome 57.0 for android,,mobile
D000855,CHC-U03 Build/HuaweiCHC-U03,,chrome 58.0 for android,,mobile
D000856,CHC-U03 Build/HuaweiCHC-U03,,chrome 59.0 for android,,mobile
D000857,CHC-U03 Build/HuaweiCHC-U03,,chrome 61.0 for android,,mobile
D000858,CHC-U03 Build/HuaweiCHC-U03,,chrome 62.0 for android,,mobile
D000859,CHC-U03 Build/HuaweiCHC-U03,,chrome 63.0 for android,,mobile
D000860,CHC-U03 Build/HuaweiCHC-U03,,chrome 64.0 for android,,mobile
D000861,CHC-U03 Build/HuaweiCHC-U03,,chrome 65.0 for android,,mobile
D000862,CHC-U03 Build/HuaweiCHC-U03,,chrome generic,,desktop
D000863,CHC-U03 Build/HuaweiCHC-U03,,other,,mobile
D000864,CLT-L09,,chrome 66.0 for android,,mobile
D000865,COVET Build/NRD90M,,android webview 4.0,,mobile
D000866,COVET Build/NRD90M,,chrome 65.0 for android,,mobile
D000867,CPH1607,,chrome 66.0 for android,,mobile
D000868,CPH1701,,chrome 64.0 for android,,mobile
D000869,CPH1723,Android 7.1.1,chrome 66.0 for android,2160x1080,mobile
D000870,CRO-L03 Build/HUAWEICRO-L03,,chrome 52.0 for android,,mobile
D000871,CRO-L03 Build/HUAWEICRO-L03,,chrome 62.0 for android,,mobile
D000872,CRO-L03 Build/HUAWEICRO-L03,,chrome 64.0 for android,,mobile
D000873,CRO-L03 Build/HUAWEICRO-L03,,chrome 65.0 for android,,mobile
D000874,CRO-L03 Build/HUAWEICRO-L03,,chrome 66.0 for android,,mobile
D000875,Coolpad,Android 7.1.1,chrome 62.0 for android,855x480,mobile
D000876,D2306 Build/18.6.A.0.182,,android browser 4.0,,mobile
D000877,D2306 Build/18.6.A.0.182,,chrome 62.0 for android,,mobile
D000878,D2306 Build/18.6.A.0.182,,chrome 66.0 for android,,mobile
D000879,D2306,,chrome 63.0 for android,,mobile
D000880,D2306,,chrome generic,,desktop
D000881,D2406,,chrome 43.0 for android,,mobile
D000882,D5106,,chrome 62.0 for android,,mobile
D000883,D5306 Build/19.4.A.0.182,,chrome 54.0 for android,,mobile
D000884,D5306 Build/19.4.A.0.182,,chrome 60.0 for android,,mobile
D000885,D5306 Build/19.4.A.0.182,,chrome 62.0 for android,,mobile
D000886,D5306,,chrome generic,,desktop
D000887,D5316 Build/19.4.A.0.182,,android browser 4.0,,mobile
D000888,D5316 Build/19.4.A.0.182,,chrome 55.0 for android,,mobile
D000889,D5316 Build/19.4.A.0.182,,chrome 62.0 for android,,mobile
D000890,D5316 Build/19.4.A.0.182,,chrome 64.0 for android,,mobile
D000891,D5316 Build/19.4.A.0.182,,chrome 65.0 for android,,mobile
D000892,D5316 Build/19.4.A.0.182,,chrome,,mobile
D000893,D5316,,chrome 62.0 for android,,mobile
D000894,D5503,,chrome generic,,desktop
D000895,D5803 Build/23.5.A.1.291,,chrome 62.0 for android,,mobile
D000896,D5803 Build/23.5.A.1.291,,chrome 63.0 for android,,mobile
D000897,D5803 Build/23.5.A.1.291,,chrome 64.0 for android,,mobile
D000898,D5803 Build/23.5.A.1.291,,chrome generic for android,,mobile
D000899,D6503,,chrome 62.0 for android,,mobile
D000900,D6503,,chrome 66.0 for android,,mobile
D000901,D6503,,chrome generic for android,,mobile
D000902,D6603 Build/23.5.A.1.291,,chrome 61.0 for android,,mobile
D000903,D6603 Build/23.5.A.1.291,,chrome 62.0 for android,,mobile
D000904,D6603 Build/23.5.A.1.291,,chrome 63.0 for android,,mobile
D000905,D6603 Build/23.5.A.1.291,,chrome 64.0 for android,,mobile
D000906,D6603 Build/23.5.A.1.291,,chrome 65.0 for android,,mobile
D000907,D6603 Build/23.5.A.1.291,,chrome 66.0 for android,,mobile
D000908,D6603,,chrome 57.0 for android,,mobile
D000909,D6708,Android 5.1.1,chrome 61.0 for android,1920x1080,mobile
D000910,D6708,Android 5.1.1,chrome 63.0 for android,1920x1080,mobile
D000911,DASH,,chrome 65.0 for android,,mobile
D000912,DLI-L22 Build/HONORDLI-L22,,chrome 64.0 for android,,mobile
D000913,DLI-L22 Build/HONORDLI-L22,,chrome 66.0 for android,,mobile
D000914,DOMOS,,chrome 65.0 for android,,mobile
D000915,DT0704K08,,chrome 63.0 for android,,mobile
D000916,DUK-AL20,,chrome 62.0 for android,,mobile
D000917,Dash,,chrome 61.0 for android,,mobile
D000918,Dream,,chrome 65.0 for android,,mobile
D000919,E2006,,chrome 62.0 for android,,mobile
D000920,E2104 Build/24.0.A.5.14,,chrome 57.0 for android,,mobile
D000921,E2104 Build/24.0.A.5.14,,chrome 64.0 for android,,mobile
D000922,E2104 Build/24.0.A.5.14,,chrome 66.0 for android,,mobile
D000923,E2104 Build/24.0.A.5.14,,chrome generic,,mobile
D000924,E2104,,chrome 63.0 for android,,mobile
D000925,E2104,,chrome 64.0 for android,,mobile
D000926,E2303,,chrome 63.0 for android,,mobile
D000927,E2306 Build/26.1.A.3.111,,chrome 56.0 for android,,mobile
D000928,E2306 Build/26.1.A.3.111,,chrome 63.0 for android,,mobile
D000929,E2306 Build/26.1.A.3.111,,chrome 64.0 for android,,mobile
D000930,E2306 Build/26.1.A.3.111,,chrome 65.0 for android,,mobile
D000931,E2306 Build/26.1.A.3.111,,chrome 66.0 for android,,mobile
D000932,E2306 Build/26.1.A.3.111,,chrome generic,,mobile
D000933,E2306 Build/26.3.A.1.33,,chrome 51.0 for android,,mobile
D000934,E2306 Build/26.3.A.1.33,,chrome 57.0 for android,,mobile
D000935,E2306 Build/26.3.A.1.33,,chrome 62.0 for android,,mobile
D000936,E2306 Build/26.3.A.1.33,,chrome 63.0 for android,,mobile
D000937,E2306 Build/26.3.A.1.33,,chrome 64.0 for android,,mobile
D000938,E2306 Build/26.3.A.1.33,,chrome 65.0 for android,,mobile
D000939,E2306 Build/26.3.A.1.33,,chrome generic for android,,mobile
D000940,E501,,chrome 64.0 for android,,mobile
D000941,E5306 Build/27.3.A.0.129,,chrome 65.0 for android,,mobile
D000942,E5306 Build/27.3.A.0.129,,chrome generic for android,,mobile
D000943,E5306 Build/27.3.A.0.165,,chrome 64.0 for android,,mobile
D000944,E5306 Build/27.3.A.0.165,,chrome 65.0 for android,,mobile
D000945,E5306,,chrome 65.0 for android,,mobile
D000946,E5506 Build/29.1.A.0.101,,chrome 49.0 for android,,mobile
D000947,E5506 Build/29.1.A.0.101,,chrome 62.0 for android,,mobile
D000948,E5506 Build/29.1.A.0.101,,chrome 63.0 for android,,mobile
D000949,E5506 Build/29.1.A.0.101,,chrome 64.0 for android,,mobile
D000950,E5506 Build/29.1.A.0.101,,chrome 65.0 for android,,mobile
D000951,E5506 Build/29.2.A.0.166,,chrome 56.0 for android,,mobile
D000952,E5506 Build/29.2.A.0.166,,chrome 62.0 for android,,mobile
D000953,E5506 Build/29.2.A.0.166,,chrome 63.0 for android,,mobile
D000954,E5506 Build/29.2.A.0.166,,chrome 66.0 for android,,mobile
D000955,E5506 Build/29.2.A.0.166,,chrome generic for android,,mobile
D000956,E5506,,chrome 56.0 for android,,mobile
D000957,E5506,,chrome 63.0 for android,,mobile
D000958,E5506,,chrome 65.0 for android,,mobile
D000959,E5506,,chrome generic for android,,mobile
D000960,E5606 Build/30.2.A.1.21,,chrome 62.0 for android,,mobile
D000961,E5606 Build/30.2.A.1.21,,chrome 63.0 for android,,mobile
D000962,E5606 Build/30.2.A.1.21,,chrome 64.0 for android,,mobile
D000963,E5606 Build/30.2.A.1.21,,chrome 65.0 for android,,mobile
D000964,E5606 Build/30.2.A.1.21,,chrome generic for android,,mobile
D000965,E5606,,chrome 62.0 for android,,mobile
D000966,E5606,,chrome 64.0 for android,,mobile
D000967,E5606,,chrome 65.0 for android,,mobile
D000968,E5606,,other,,mobile
D000969,E5803 Build/32.4.A.1.54,,chrome 62.0 for android,,mobile
D000970,E5803 Build/32.4.A.1.54,,chrome 63.0 for android,,mobile
D000971,E5803 Build/32.4.A.1.54,,chrome 64.0 for android,,mobile
D000972,E5803 Build/32.4.A.1.54,,opera,,mobile
D000973,E5803,,chrome 55.0 for android,,mobile
D000974,E5803,,chrome 62.0 for android,,mobile
D000975,E5823 Build/32.4.A.1.54,,chrome 63.0 for android,,mobile
D000976,E5823 Build/32.4.A.1.54,,chrome 64.0 for android,,mobile
D000977,E5823 Build/32.4.A.1.54,,chrome 65.0 for android,,mobile
D000978,E5823 Build/32.4.A.1.54,,chrome 66.0 for android,,mobile
D000979,E5823 Build/32.4.A.1.54,,chrome generic for android,,mobile
D000980,E5823,,chrome 63.0 for android,,mobile
D000981,E5823,,chrome generic for android,,mobile
D000982,E6553,,chrome 63.0 for android,,mobile
D000983,E6553,,chrome 64.0 for android,,mobile
D000984,E6553,,chrome 65.0 for android,,mobile
D000985,E6553,,chrome 66.0 for android,,mobile
D000986,E6553,,chrome generic for android,,mobile
D000987,E6603 Build/32.4.A.1.54,,chrome 58.0 for android,,mobile
D000988,E6603 Build/32.4.A.1.54,,chrome 62.0 for android,,mobile
D000989,E6603 Build/32.4.A.1.54,,chrome 63.0 for android,,mobile
D000990,E6603 Build/32.4.A.1.54,,chrome 64.0 for android,,mobile
D000991,E6603 Build/32.4.A.1.54,,chrome 65.0 for android,,mobile
D000992,E6603 Build/32.4.A.1.54,,chrome 66.0 for android,,mobile
D000993,E6603,,chrome 63.0 for android,,mobile
D000994,E6633,,chrome 63.0 for android,,mobile
D000995,E6633,,chrome 65.0 for android,,mobile
D000996,E6653 Build/32.4.A.1.54,,chrome 64.0 for android,,mobile
D000997,E6683,,chrome 65.0 for android,,mobile
D000998,E6790TM,Android 5.1.1,chrome 66.0 for android,1281x720,mobile
D000999,E6810 Build/5.320VZ.03.r,Android 7.1.2,chrome 58.0 for android,1920x1080,mobile
D001000,E6810 Build/5.320VZ.03.r,Android 7.1.2,chrome 62.0 for android,1920x1080,mobile
D001001,E6810 Build/5.320VZ.03.r,Android 7.1.2,chrome 63.0 for android,1920x1080,mobile
D001002,E6810 Build/5.320VZ.03.r,Android 7.1.2,other,1920x1080,mobile
D001003,E6810,,chrome 63.0 for android,,mobile
D001004,E6810,Android 7.1.2,chrome 63.0 for android,1920x1080,mobile
D001005,E6810,Android 7.1.2,chrome generic for android,1920x1080,mobile
D001006,E6833,,chrome 62.0 for android,,mobile
D001007,E6833,,chrome 64.0 for android,,mobile
D001008,E6833,,chrome 65.0 for android,,mobile
D001009,E6853 Build/32.4.A.1.54,,chrome 62.0 for android,,mobile
D001010,E6853 Build/32.4.A.1.54,,chrome 64.0 for android,,mobile
D001011,E6853 Build/32.4.A.1.54,,chrome 65.0 for android,,mobile
D001012,E6853 Build/32.4.A.1.54,,chrome 66.0 for android,,mobile
D001013,E6853,,chrome 62.0 for android,,mobile
D001014,E6853,,chrome 63.0 for android,,mobile
D001015,E6853,,chrome 65.0 for android,,mobile
D001016,E6853,,chrome,,mobile
D001017,E8QP,,chrome generic,,mobile
D001018,EGO,,chrome 63.0 for android,,mobile
D001019,EGO,,chrome 65.0 for android,,mobile
D001020,EML-L29 Build/HUAWEIEML-L29,,chrome 66.0 for android,,mobile
D001021,EML-L29 Build/HUAWEIEML-L29,,chrome generic for android,,mobile
D001022,EVA-L09 Build/HUAWEIEVA-L09,,chrome 60.0 for android,,mobile
D001023,EVA-L09 Build/HUAWEIEVA-L09,,chrome 62.0 for android,,mobile
D001024,EVA-L09 Build/HUAWEIEVA-L09,,chrome 63.0 for android,,mobile
D001025,EVA-L09 Build/HUAWEIEVA-L09,,chrome 64.0 for android,,mobile
D001026,EVA-L09 Build/HUAWEIEVA-L09,,chrome 65.0 for android,,mobile
D001027,EVA-L09 Build/HUAWEIEVA-L09,,chrome 66.0 for android,,mobile
D001028,EVA-L09 Build/HUAWEIEVA-L09,,chrome generic for android,,mobile
D001029,EVA-L19 Build/HUAWEIEVA-L19,,android webview 4.0,,mobile
D001030,EVA-L19 Build/HUAWEIEVA-L19,,chrome 63.0 for android,,mobile
D001031,EVA-L19 Build/HUAWEIEVA-L19,,chrome 66.0 for android,,mobile
D001032,Edison,,chrome 62.0 for android,,mobile
D001033,Energy X 2 Build/E050L,,chrome 50.0 for android,,mobile
D001034,Energy X 2 Build/E050L,,chrome 64.0 for android,,mobile
D001035,F1f Build/LMY47V,,chrome 56.0 for android,,mobile
D001036,F1f Build/LMY47V,,chrome 63.0 for android,,mobile
D001037,F3111 Build/33.3.A.1.115,,chrome 65.0 for android,,mobile
D001038,F3111 Build/33.3.A.1.97,,chrome 64.0 for android,,mobile
D001039,F3111 Build/33.3.A.1.97,,chrome 65.0 for android,,mobile
D001040,F3111 Build/33.3.A.1.97,,chrome 66.0 for android,,mobile
D001041,F3111 Build/33.3.A.1.97,,chrome generic for android,,mobile
D001042,F3113 Build/33.2.A.3.81,,chrome 51.0 for android,,mobile
D001043,F3113 Build/33.2.A.3.81,,chrome 62.0 for android,,mobile
D001044,F3113 Build/33.2.A.3.81,,chrome 63.0 for android,,mobile
D001045,F3113 Build/33.2.A.4.70,,chrome 62.0 for android,,mobile
D001046,F3113 Build/33.2.A.4.70,,chrome 63.0 for android,,mobile
D001047,F3113 Build/33.3.A.1.97,,android webview 4.0,,mobile
D001048,F3113 Build/33.3.A.1.97,,chrome 61.0 for android,,mobile
D001049,F3113 Build/33.3.A.1.97,,chrome 62.0 for android,,mobile
D001050,F3113 Build/33.3.A.1.97,,chrome 63.0 for android,,mobile
D001051,F3113 Build/33.3.A.1.97,,chrome 64.0 for android,,mobile
D001052,F3113 Build/33.3.A.1.97,,chrome 65.0 for android,,mobile
D001053,F3113 Build/33.3.A.1.97,,chrome 66.0 for android,,mobile
D001054,F3113 Build/33.3.A.1.97,,chrome generic for android,,mobile
D001055,F3113,,chrome 63.0 for android,,mobile
D001056,F3113,,chrome 64.0 for android,,mobile
D001057,F3213 Build/36.0.A.2.146,,chrome 61.0 for android,,mobile
D001058,F3213 Build/36.0.A.2.146,,chrome 62.0 for android,,mobile
D001059,F3213 Build/36.0.A.2.146,,chrome 63.0 for android,,mobile
D001060,F3213 Build/36.0.A.2.146,,chrome 64.0 for android,,mobile
D001061,F3213 Build/36.0.A.2.146,,chrome 65.0 for android,,mobile
D001062,F3213 Build/36.1.A.1.86,,chrome 58.0 for android,,mobile
D001063,F3213 Build/36.1.A.1.86,,chrome 62.0 for android,,mobile
D001064,F3213 Build/36.1.A.1.86,,chrome 63.0 for android,,mobile
D001065,F3213 Build/36.1.A.1.86,,chrome 64.0 for android,,mobile
D001066,F3213 Build/36.1.A.1.86,,chrome 65.0 for android,,mobile
D001067,F3213 Build/36.1.A.1.86,,chrome 66.0 for android,,mobile
D001068,F3213 Build/36.1.A.1.86,,chrome generic for android,,mobile
D001069,F3213 Build/36.1.A.1.86,Android 7.0,chrome 63.0 for android,,mobile
D001070,F3213,,chrome 60.0 for android,,mobile
D001071,F3213,,chrome 64.0 for android,,mobile
D001072,F3311,,chrome 65.0 for android,,mobile
D001073,F3311,,chrome generic for android,,mobile
D001074,F3313 Build/37.0.A.2.108,,chrome 55.0 for android,,mobile
D001075,F3313 Build/37.0.A.2.108,,chrome 61.0 for android,,mobile
D001076,F3313 Build/37.0.A.2.108,,chrome 62.0 for android,,mobile
D001077,F3313 Build/37.0.A.2.108,,chrome 63.0 for android,,mobile
D001078,F3313 Build/37.0.A.2.108,,chrome 64.0 for android,,mobile
D001079,F3313 Build/37.0.A.2.108,,chrome 65.0 for android,,mobile
D001080,F3313 Build/37.0.A.2.108,,chrome generic for android,,mobile
D001081,F3313 Build/37.0.A.2.248,,chrome 56.0 for android,,mobile
D001082,F3313 Build/37.0.A.2.248,,chrome 64.0 for android,,mobile
D001083,F3313 Build/37.0.A.2.248,,chrome 65.0 for android,,mobile
D001084,F3313 Build/37.0.A.2.248,,chrome 66.0 for android,,mobile
D001085,F3313 Build/37.0.A.2.248,,chrome generic for android,,mobile
D001086,F3313,,chrome 63.0 for android,,mobile
D001087,F5121 Build/34.3.A.0.228,,chrome 62.0 for android,,mobile
D001088,F5121 Build/34.3.A.0.238,,android webview 4.0,,mobile
D001089,F5121 Build/34.3.A.0.238,,chrome 62.0 for android,,mobile
D001090,F5121 Build/34.3.A.0.238,,chrome 63.0 for android,,mobile
D001091,F5121 Build/34.3.A.0.238,,chrome 64.0 for android,,mobile
D001092,F5121 Build/34.3.A.0.238,,chrome generic for android,,mobile
D001093,F5121 Build/34.3.A.0.252,,chrome 61.0 for android,,mobile
D001094,F5121 Build/34.3.A.0.252,,chrome 63.0 for android,,mobile
D001095,F5121 Build/34.3.A.0.252,,chrome 64.0 for android,,mobile
D001096,F5121 Build/34.3.A.0.252,,chrome 65.0 for android,,mobile
D001097,F5121 Build/34.3.A.0.252,,chrome 66.0 for android,,mobile
D001098,F5121 Build/34.3.A.0.252,,chrome generic for android,,mobile
D001099,F5121 Build/34.4.A.2.19,,chrome 66.0 for android,,mobile
D001100,F5121,,chrome 63.0 for android,,mobile
D001101,F5121,,chrome 65.0 for android,,mobile
D001102,F5122,,chrome generic for android,,mobile
D001103,F5321 Build/34.2.A.2.47,Android 7.0,chrome 64.0 for android,1280x720,mobile
D001104,F5321 Build/34.3.A.0.238,,chrome 61.0 for android,,mobile
D001105,F5321 Build/34.3.A.0.238,,chrome 63.0 for android,,mobile
D001106,F5321 Build/34.3.A.0.238,,chrome 64.0 for android,,mobile
D001107,F5321 Build/34.3.A.0.238,,chrome 65.0 for android,,mobile
D001108,F5321,,chrome 62.0 for android,,mobile
D001109,F5321,,chrome 63.0 for android,,mobile
D001110,F5321,,chrome 65.0 for android,,mobile
D001111,F5321,,chrome 66.0 for android,,mobile
D001112,F5321,Android 7.1.1,chrome 63.0 for android,1280x720,mobile
D001113,F80 PIABELLA Build/MRA58K,,chrome 63.0 for android,,mobile
D001114,F80 PIABELLA Build/MRA58K,,chrome 64.0 for android,,mobile
D001115,F80 PIABELLA Build/MRA58K,,chrome generic for android,,mobile
D001116,F80'S+,,android webview 4.0,,mobile
D001117,F8131,,chrome 65.0 for android,,mobile
D001118,F8331 Build/41.2.A.7.76,,chrome 62.0 for android,,mobile
D001119,F8331 Build/41.2.A.7.76,,chrome 63.0 for android,,mobile
D001120,F8331 Build/41.2.A.7.76,,chrome 64.0 for android,,mobile
D001121,F8331 Build/41.2.A.7.76,,chrome 65.0 for android,,mobile
D001122,F8331 Build/41.2.A.7.76,,chrome generic for android,,mobile
D001123,F8331,,chrome 62.0 for android,,mobile
D001124,F8331,,chrome 63.0 for android,,mobile
D001125,F8331,,chrome 64.0 for android,,mobile
D001126,F8331,,chrome 65.0 for android,,mobile
D001127,F8331,,chrome 66.0 for android,,mobile
D001128,F8331,,chrome generic for android,,mobile
D001129,F8332,,chrome generic for android,,mobile
D001130,FEVER,,chrome 63.0 for android,,mobile
D001131,FEVER,,chrome 66.0 for android,,mobile
D001132,FIG-LX3 Build/HUAWEIFIG-LX3,,chrome 62.0 for android,,mobile
D001133,FIG-LX3 Build/HUAWEIFIG-LX3,,chrome 65.0 for android,,mobile
D001134,FIG-LX3 Build/HUAWEIFIG-LX3,,chrome 66.0 for android,,mobile
D001135,FP2,,chrome 62.0 for android,,mobile
D001136,FP2,,chrome 63.0 for android,,mobile
D001137,FP2,,chrome 65.0 for android,,mobile
D001138,FP2,,chrome 66.0 for android,,mobile
D001139,FRD-L04 Build/HUAWEIFRD-L04,,chrome 63.0 for android,,mobile
D001140,FRD-L04 Build/HUAWEIFRD-L04,,chrome 64.0 for android,,mobile
D001141,FRD-L04 Build/HUAWEIFRD-L04,,chrome 65.0 for android,,mobile
D001142,FRD-L04 Build/HUAWEIFRD-L04,,chrome generic for android,,mobile
D001143,FRD-L04 Build/HUAWEIFRD-L04,Android 7.0,chrome 62.0 for android,1920x1080,mobile
D001144,FRD-L09 Build/HUAWEIFRD-L09,,chrome 64.0 for android,,mobile
D001145,FRD-L09 Build/HUAWEIFRD-L09,,chrome 65.0 for android,,mobile
D001146,FRD-L09 Build/HUAWEIFRD-L09,,chrome generic for android,,mobile
D001147,FRD-L09 Build/HUAWEIFRD-L09,Android 7.0,chrome 66.0 for android,1920x1080,mobile
D001148,FRD-L14 Build/HUAWEIFRD-L14,,chrome 63.0 for android,,mobile
D001149,FRD-L14 Build/HUAWEIFRD-L14,Android 7.0,chrome 63.0 for android,1920x1080,mobile
D001150,FTJ152D,,chrome 63.0 for android,,mobile
D001151,Fractal,,android webview 4.0,,mobile
D001152,Fractal,,chrome 63.0 for android,,mobile
D001153,Fusion5_u7,,chrome generic for android,,mobile
D001154,G25524K,,chrome generic for android,,mobile
D001155,G3123 Build/40.0.A.6.135,,chrome 62.0 for android,,mobile
D001156,G3123 Build/40.0.A.6.135,,chrome 63.0 for android,,mobile
D001157,G3123 Build/40.0.A.6.135,,chrome 65.0 for android,,mobile
D001158,G3123 Build/40.0.A.6.175,,chrome 66.0 for android,,mobile
D001159,G3123 Build/40.0.A.6.175,,chrome generic for android,,mobile
D001160,G3123 Build/40.0.A.6.189,,chrome 65.0 for android,,mobile
D001161,G3123 Build/40.0.A.6.189,,chrome 66.0 for android,,mobile
D001162,G3123 Build/40.0.A.6.189,,chrome generic for android,,mobile
D001163,G3123,,chrome 56.0 for android,,mobile
D001164,G3123,,chrome 66.0 for android,,mobile
D001165,G3123,Android 8.0.0,chrome 66.0 for android,1280x720,mobile
D001166,G3223 Build/42.0.A.4.101,,chrome 63.0 for android,,mobile
D001167,G3223 Build/42.0.A.4.101,,chrome 64.0 for android,,mobile
D001168,G3223 Build/42.0.A.4.101,,chrome 65.0 for android,,mobile
D001169,G3223 Build/42.0.A.4.101,,chrome 66.0 for android,,mobile
D001170,G3223 Build/42.0.A.4.167,,chrome 63.0 for android,,mobile
D001171,G3223 Build/42.0.A.4.167,,chrome 64.0 for android,,mobile
D001172,G3223 Build/42.0.A.4.167,,chrome 65.0 for android,,mobile
D001173,G3223 Build/42.0.A.4.167,,chrome 66.0 for android,,mobile
D001174,G3223 Build/42.0.A.4.167,,chrome generic for android,,mobile
D001175,G3223,,chrome 56.0 for android,,mobile
D001176,G3223,,chrome 65.0 for android,,mobile
D001177,G3223,,chrome generic for android,,mobile
D001178,G3313 Build/43.0.A.5.79,,chrome 63.0 for android,,mobile
D001179,G3313 Build/43.0.A.5.79,,chrome 64.0 for android,,mobile
D001180,G3313 Build/43.0.A.5.79,,chrome 65.0 for android,,mobile
D001181,G3313 Build/43.0.A.5.79,,chrome generic for android,,mobile
D001182,G3313 Build/43.0.A.7.25,,android webview 4.0,,mobile
D001183,G3313 Build/43.0.A.7.25,,chrome 65.0 for android,,mobile
D001184,G3313 Build/43.0.A.7.25,,chrome 66.0 for android,,mobile
D001185,G3313 Build/43.0.A.7.25,,chrome generic for android,,mobile
D001186,G3313,,chrome 55.0 for android,,mobile
D001187,G3313,,chrome 62.0 for android,,mobile
D001188,G3313,,chrome 63.0 for android,,mobile
D001189,G3423,,chrome 63.0 for android,,mobile
D001190,G3423,,chrome 66.0 for android,,mobile
D001191,G527-U081,,chrome 62.0 for android,,mobile
D001192,G620S-L03,,chrome 63.0 for android,,mobile
D001193,G630-U251,,chrome,,mobile
D001194,G8141 Build/47.1.A.5.51,,chrome 63.0 for android,,mobile
D001195,G8141,,chrome 55.0 for android,,mobile
D001196,G8141,,chrome 64.0 for android,,mobile
D001197,G8141,,chrome 65.0 for android,,mobile
D001198,G8141,,chrome 66.0 for android,,mobile
D001199,G8142,,chrome 66.0 for android,,mobile
D001200,G8341,,chrome 65.0 for android,,mobile
D001201,GRACE,,chrome 65.0 for android,,mobile
D001202,GRANT,,chrome 65.0 for android,,mobile
D001203,GRANT,,chrome 66.0 for android,,mobile
D001204,GT-I8190L Build/JZO54K,,chrome 52.0 for android,,mobile
D001205,GT-I8190L Build/JZO54K,,chrome 59.0 for android,,mobile
D001206,GT-I8190L Build/JZO54K,,chrome 61.0 for android,,mobile
D001207,GT-I8190L Build/JZO54K,,chrome 63.0 for android,,mobile
D001208,GT-I8190L Build/JZO54K,,chrome 66.0 for android,,mobile
D001209,GT-I8190L Build/JZO54K,,chrome generic,,desktop
D001210,GT-I8190N,,chrome 65.0 for android,,mobile
D001211,GT-I8200N,,chrome 64.0 for android,,mobile
D001212,GT-I9060L Build/JDQ39,,chrome 54.0 for android,,mobile
D001213,GT-I9060L Build/JDQ39,,chrome 59.0 for android,,mobile
D001214,GT-I9060L Build/JDQ39,,chrome 62.0 for android,,mobile
D001215,GT-I9060L Build/JDQ39,,chrome 63.0 for android,,mobile
D001216,GT-I9060L Build/JDQ39,,chrome 64.0 for android,,mobile
D001217,GT-I9060L Build/JDQ39,,chrome 65.0 for android,,mobile
D001218,GT-I9060M Build/KTU84P,,chrome 59.0 for android,,mobile
D001219,GT-I9060M Build/KTU84P,,chrome 60.0 for android,,mobile
D001220,GT-I9060M Build/KTU84P,,chrome 61.0 for android,,mobile
D001221,GT-I9060M Build/KTU84P,,chrome 62.0 for android,,mobile
D001222,GT-I9060M Build/KTU84P,,chrome 63.0 for android,,mobile
D001223,GT-I9060M Build/KTU84P,,chrome 64.0 for android,,mobile
D001224,GT-I9060M Build/KTU84P,,chrome 65.0 for android,,mobile
D001225,GT-I9060M Build/KTU84P,,chrome 66.0 for android,,mobile
D001226,GT-I9060M Build/KTU84P,,chrome generic,,desktop
D001227,GT-I9060M Build/KTU84P,,chrome,,mobile
D001228,GT-I9195I,,chrome 63.0 for android,,mobile
D001229,GT-I9195L,,chrome 63.0 for android,,mobile
D001230,GT-I9195L,,chrome 65.0 for android,,mobile
D001231,GT-I9300,,chrome 51.0 for android,,mobile
D001232,GT-I9300,,chrome 62.0 for android,,mobile
D001233,GT-I9300,,chrome 63.0 for android,,mobile
D001234,GT-I9300,,chrome 64.0 for android,,mobile
D001235,GT-I9500,,chrome 62.0 for android,,mobile
D001236,GT-I9500,,chrome 63.0 for android,,mobile
D001237,GT-I9505 Build/LRX22C,,chrome 53.0 for android,,mobile
D001238,GT-I9505 Build/LRX22C,,chrome 58.0 for android,,mobile
D001239,GT-I9505 Build/LRX22C,,opera,,mobile
D001240,GT-I9506,,chrome 66.0 for android,,mobile
D001241,GT-I9515,,chrome 63.0 for android,,mobile
D001242,GT-I9515,,chrome 65.0 for android,,mobile
D001243,GT-N5110 Build/JDQ39,,chrome 65.0 for android,,mobile
D001244,GT-N5110 Build/JDQ39,,chrome 66.0 for android,,mobile
D001245,GT-N5110 Build/JDQ39,,chrome generic,,desktop
D001246,GT-N5110,Android 4.4.2,chrome 61.0 for android,,mobile
D001247,GT-N7100,,chrome 63.0 for android,,mobile
D001248,GT-N7100,,chrome 64.0 for android,,mobile
D001249,GT-N8000,,chrome 59.0 for android,,mobile
D001250,GT-N8000,,chrome 63.0 for android,,mobile
D001251,GT-N8010,,chrome 65.0 for android,,mobile
D001252,GT-P3100,,chrome generic for android,,mobile
D001253,GT-P5110,,chrome 63.0 for android,,mobile
D001254,GT-P5110,,chrome generic for android,,mobile
D001255,GT-P5113,Android,chrome 56.0 for android,1280x800,mobile
D001256,GT-P5113,Android,chrome 62.0 for android,1280x800,mobile
D001257,GT-P5210 Build/JDQ39,,chrome 52.0 for android,,mobile
D001258,GT-P5210 Build/JDQ39,,chrome 59.0 for android,,mobile
D001259,GT-P5210 Build/JDQ39,,chrome 62.0 for android,,mobile
D001260,GT-P5210 Build/JDQ39,,chrome 63.0 for android,,mobile
D001261,GT-P5210 Build/JDQ39,,chrome 64.0 for android,,mobile
D001262,GT-P5210 Build/JDQ39,,chrome 65.0 for android,,mobile
D001263,GT-P5210 Build/KOT49H,,chrome 53.0 for android,,mobile
D001264,GT-P5210 Build/KOT49H,Android 4.4.2,chrome 62.0 for android,1280x800,mobile
D001265,GT-P5210 Build/KOT49H,Android 4.4.2,chrome 63.0 for android,1280x800,mobile
D001266,GT-S5310L,,chrome 55.0 for android,,mobile
D001267,GT-S7275B,,chrome 64.0 for android,,mobile
D001268,GT-S7390,,chrome 58.0 for android,,mobile
D001269,GT-S7390,,chrome 59.0 for android,,mobile
D001270,GT-S7580L Build/JDQ39,,chrome 55.0 for android,,mobile
D001271,GT-S7580L Build/JDQ39,,other,,mobile
D001272,GT-S7582,,chrome 66.0 for android,,mobile
D001273,GT-S7582L,,chrome 64.0 for android,,mobile
D001274,Gigaset,,chrome 65.0 for android,,mobile
D001275,Grand,,chrome 56.0 for android,,mobile
D001276,Grand,,chrome 59.0 for android,,mobile
D001277,Grand2c,,android webview 4.0,,mobile
D001278,Gravity Build/NRD90M,,chrome 58.0 for android,,mobile
D001279,Gravity Build/NRD90M,,chrome 66.0 for android,,mobile
D001280,H1611,Android 6.0.1,chrome 63.0 for android,1280x720,mobile
D001281,H1711 Build/HUAWEIH1711,,chrome 64.0 for android,,mobile
D001282,H1711 Build/HUAWEIH1711,Android 7.0,chrome 58.0 for android,1280x720,mobile
D001283,H1711 Build/HUAWEIH1711,Android 7.0,chrome 62.0 for android,1280x720,mobile
D001284,H3321,,chrome 66.0 for android,,mobile
D001285,H550,,android webview 4.0,,mobile
D001286,HELIO,,chrome 59.0 for android,,mobile
D001287,HIGHWAY,,chrome 63.0 for android,,mobile
D001288,HIGHWAY,,chrome 64.0 for android,,mobile
D001289,HP,,chrome 60.0 for android,,mobile
D001290,HP,,chrome 63.0 for android,,mobile
D001291,HT0701A16,,chrome 50.0 for android,,mobile
D001292,HT0703K16,,chrome 64.0 for android,,mobile
D001293,HTC 10 Build/NRD90M,,chrome 62.0 for android,,mobile
D001294,HTC 10 Build/NRD90M,,chrome 63.0 for android,,mobile
D001295,HTC 10 Build/NRD90M,,chrome generic for android,,mobile
D001296,HTC 10 Build/NRD90M,Android 7.0,chrome 62.0 for android,2560x1440,mobile
D001297,HTC Desire 10 lifestyle Build/MMB29M,,chrome 51.0 for android,,mobile
D001298,HTC Desire 10 lifestyle Build/MMB29M,,chrome 60.0 for android,,mobile
D001299,HTC Desire 10 lifestyle Build/MMB29M,,chrome 61.0 for android,,mobile
D001300,HTC Desire 10 lifestyle Build/MMB29M,,chrome 62.0 for android,,mobile
D001301,HTC Desire 10 lifestyle Build/MMB29M,,chrome 63.0 for android,,mobile
D001302,HTC Desire 10 lifestyle Build/MMB29M,,chrome 64.0 for android,,mobile
D001303,HTC Desire 10 lifestyle Build/MMB29M,,chrome 65.0 for android,,mobile
D001304,HTC Desire 10 lifestyle Build/MMB29M,,chrome 66.0 for android,,mobile
D001305,HTC Desire 10 lifestyle Build/MMB29M,,chrome generic for android,,mobile
D001306,HTC Desire 510 Build/KOT49H,,chrome 62.0 for android,,mobile
D001307,HTC Desire 510 Build/KOT49H,,chrome 64.0 for android,,mobile
D001308,HTC Desire 510 Build/KOT49H,Android 4.4.2,chrome 62.0 for android,855x480,mobile
D001309,HTC Desire 526G Build/KOT49H,,chrome 63.0 for android,,mobile
D001310,HTC Desire 526G Build/KOT49H,,chrome 65.0 for android,,mobile
D001311,HTC Desire 530 Build/MMB29M,,chrome 58.0 for android,,mobile
D001312,HTC Desire 530 Build/MMB29M,,chrome 60.0 for android,,mobile
D001313,HTC Desire 530 Build/MMB29M,,chrome 62.0 for android,,mobile
D001314,HTC Desire 530 Build/MMB29M,,chrome 63.0 for android,,mobile
D001315,HTC Desire 530 Build/MMB29M,,chrome 64.0 for android,,mobile
D001316,HTC Desire 530 Build/MMB29M,,chrome 65.0 for android,,mobile
D001317,HTC Desire 530 Build/MMB29M,,chrome 66.0 for android,,mobile
D001318,HTC Desire 530 Build/MMB29M,,chrome generic for android,,mobile
D001319,HTC Desire 530 Build/MMB29M,Android 6.0.1,chrome 63.0 for android,1280x720,mobile
D001320,HTC Desire 626s Build/LMY47O,,chrome 43.0 for android,,mobile
D001321,HTC Desire 626s Build/LMY47O,,chrome 50.0 for android,,mobile
D001322,HTC Desire 626s Build/LMY47O,,chrome 55.0 for android,,mobile
D001323,HTC Desire 626s Build/LMY47O,,chrome 56.0 for android,,mobile
D001324,HTC Desire 626s Build/LMY47O,,chrome 58.0 for android,,mobile
D001325,HTC Desire 626s Build/LMY47O,,chrome 59.0 for android,,mobile
D001326,HTC Desire 626s Build/LMY47O,,chrome 60.0 for android,,mobile
D001327,HTC Desire 626s Build/LMY47O,,chrome 61.0 for android,,mobile
D001328,HTC Desire 626s Build/LMY47O,,chrome 62.0 for android,,mobile
D001329,HTC Desire 626s Build/LMY47O,,chrome 63.0 for android,,mobile
D001330,HTC Desire 626s Build/LMY47O,,chrome 64.0 for android,,mobile
D001331,HTC Desire 626s Build/LMY47O,,chrome 65.0 for android,,mobile
D001332,HTC Desire 626s Build/LMY47O,,chrome 66.0 for android,,mobile
D001333,HTC Desire 626s Build/LMY47O,Android,chrome 61.0 for android,1280x720,mobile
D001334,HTC Desire 626s Build/LMY47O,Android,chrome 64.0 for android,1280x720,mobile
D001335,HTC Desire 626s Build/LMY47O,Android,chrome generic,1184x720,mobile
D001336,HTC Desire 650 Build/MMB29M,,chrome 56.0 for android,,mobile
D001337,HTC Desire 650 Build/MMB29M,,chrome 60.0 for android,,mobile
D001338,HTC Desire 650 Build/MMB29M,,chrome 61.0 for android,,mobile
D001339,HTC Desire 650 Build/MMB29M,,chrome 62.0 for android,,mobile
D001340,HTC Desire 650 Build/MMB29M,,chrome 63.0 for android,,mobile
D001341,HTC Desire 650 Build/MMB29M,,chrome 64.0 for android,,mobile
D001342,HTC Desire 650 Build/MMB29M,,chrome 65.0 for android,,mobile
D001343,HTC Desire 650 Build/MMB29M,,chrome 66.0 for android,,mobile
D001344,HTC Desire 650 Build/MMB29M,,chrome generic for android,,mobile
D001345,HTC One A9 Build/NRD90M,,chrome 62.0 for android,,mobile
D001346,HTC One A9 Build/NRD90M,,chrome 64.0 for android,,mobile
D001347,HTC One A9 Build/NRD90M,,chrome 65.0 for android,,mobile
D001348,HTC One A9 Build/NRD90M,,other,,mobile
D001349,HTC One A9s Build/MRA58K,,chrome 52.0 for android,,mobile
D001350,HTC One A9s Build/MRA58K,,chrome 62.0 for android,,mobile
D001351,HTC One A9s Build/MRA58K,,chrome 63.0 for android,,mobile
D001352,HTC One A9s Build/MRA58K,,chrome 64.0 for android,,mobile
D001353,HTC One A9s Build/MRA58K,,chrome 66.0 for android,,mobile
D001354,HTC One A9s Build/MRA58K,,chrome generic for android,,mobile
D001355,HTC One Build/LRX22G,,chrome 60.0 for android,,mobile
D001356,HTC One Build/LRX22G,,chrome 64.0 for android,,mobile
D001357,HTC One Build/LRX22G,Android 5.0.2,chrome 63.0 for android,1920x1080,mobile
D001358,HTC One M9 Build/NRD90M,,chrome 61.0 for android,,mobile
D001359,HTC One M9 Build/NRD90M,,chrome 62.0 for android,,mobile
D001360,HTC One M9 Build/NRD90M,,chrome 63.0 for android,,mobile
D001361,HTC One M9 Build/NRD90M,,chrome 64.0 for android,,mobile
D001362,HTC One M9 Build/NRD90M,Android 7.0,chrome 62.0 for android,1920x1080,mobile
D001363,HTC One M9 Build/NRD90M,Android 7.0,chrome 65.0 for android,1920x1080,mobile
D001364,HTC One mini Build/KOT49H,,chrome 64.0 for android,,mobile
D001365,HTC One mini Build/KOT49H,,chrome 65.0 for android,,mobile
D001366,HTC One mini Build/KOT49H,,chrome generic,,desktop
D001367,HTC One_M8 Build/MRA58K,,chrome 61.0 for android,,mobile
D001368,HTC One_M8 Build/MRA58K,,chrome 63.0 for android,,mobile
D001369,HTC One_M8 Build/MRA58K,,chrome 64.0 for android,,mobile
D001370,HTC One_M8 Build/MRA58K,,chrome 65.0 for android,,mobile
D001371,HTC One_M8 Build/MRA58K,Android 6.0,chrome 63.0 for android,1920x1080,mobile
D001372,HTC U11 Build/NMF26X,,chrome 62.0 for android,,mobile
D001373,HTC U11 Build/NMF26X,,chrome 63.0 for android,,mobile
D001374,HTC U11 Build/NMF26X,,chrome 64.0 for android,,mobile
D001375,HTC U11 Build/NMF26X,,chrome 65.0 for android,,mobile
D001376,HTC U11 Build/NMF26X,,chrome 66.0 for android,,mobile
D001377,HTC U11 Build/OPR6.170623.013,Android 8.0.0,,2560x1440,mobile
D001378,HTC,,chrome 60.0 for android,,mobile
D001379,HTC,,chrome 61.0 for android,,mobile
D001380,HTC,,chrome 62.0 for android,,mobile
D001381,HTC,,chrome 63.0 for android,,mobile
D001382,HTC,,chrome 64.0 for android,,mobile
D001383,HTC,,chrome 65.0 for android,,mobile
D001384,HTC,,chrome 66.0 for android,,mobile
D001385,HTC,Android 6.0,chrome 63.0 for android,1920x1080,mobile
D001386,HTC,Android 6.0.1,chrome 62.0 for android,1280x720,mobile
D001387,HTC,Android 8.0.0,chrome 66.0 for android,1920x1080,mobile
D001388,HTC,Android,chrome 50.0 for android,1280x720,mobile
D001389,HTC,Android,chrome 63.0 for android,1280x720,mobile
D001390,HTC6500LVW,Android 5.0.2,chrome generic,1920x1080,mobile
D001391,HTC6525LVW,Android 6.0,android webview 4.0,1920x1080,mobile
D001392,HTC6535LVW,Android 7.0,chrome 63.0 for android,1920x1080,mobile
D001393,HTC6535LVW,Android 7.0,chrome 65.0 for android,1920x1080,mobile
D001394,HTC6535LVW,Android 7.0,chrome 66.0 for android,1920x1080,mobile
D001395,HTC6545LVW,Android 7.0,chrome 63.0 for android,2560x1440,mobile
D001396,HTC6545LVW,Android 8.0.0,chrome 66.0 for android,2560x1440,mobile
D001397,HTCD100LVWPP,Android,chrome 65.0 for android,960x540,mobile
D001398,HTCD160LVWPP,,chrome 64.0 for android,,mobile
D001399,HTCD160LVWPP,,chrome 65.0 for android,,mobile
D001400,HTCD200LVW,Android 6.0.1,chrome 58.0 for android,1280x720,mobile
D001401,HTC_D10i,,,,mobile
D001402,HTC_Desire_820,,android webview 4.0,,mobile
D001403,HTC_One,,,,mobile
D001404,HTC_One_M8/4.28.502.2,,,,mobile
D001405,HTC_One_M8s/2.12.111.1,,,,mobile
D001406,HUAWEI Build/MMB28B,,chrome 63.0 for android,,mobile
D001407,HUAWEI Build/MMB28B,,chrome 65.0 for android,,mobile
D001408,HUAWEI CAN-L01 Build/HUAWEICAN-L01,,chrome 63.0 for android,,mobile
D001409,HUAWEI CAN-L01 Build/HUAWEICAN-L01,,chrome 64.0 for android,,mobile
D001410,HUAWEI CAN-L01 Build/HUAWEICAN-L01,,chrome 65.0 for android,,mobile
D001411,HUAWEI CAN-L11 Build/HUAWEICAN-L11,,chrome 64.0 for android,,mobile
D001412,HUAWEI CAN-L11 Build/HUAWEICAN-L11,,chrome 65.0 for android,,mobile
D001413,HUAWEI CAN-L11 Build/HUAWEICAN-L11,,chrome 66.0 for android,,mobile
D001414,HUAWEI CUN-L03 Build/HUAWEICUN-L03,,android browser 4.0,,mobile
D001415,HUAWEI CUN-L03 Build/HUAWEICUN-L03,,chrome 46.0 for android,,mobile
D001416,HUAWEI CUN-L03 Build/HUAWEICUN-L03,,chrome 50.0 for android,,mobile
D001417,HUAWEI CUN-L03 Build/HUAWEICUN-L03,,chrome 55.0 for android,,mobile
D001418,HUAWEI CUN-L03 Build/HUAWEICUN-L03,,chrome 61.0 for android,,mobile
D001419,HUAWEI CUN-L03 Build/HUAWEICUN-L03,,chrome 62.0 for android,,mobile
D001420,HUAWEI CUN-L03 Build/HUAWEICUN-L03,,chrome 63.0 for android,,mobile
D001421,HUAWEI CUN-L03 Build/HUAWEICUN-L03,,chrome 64.0 for android,,mobile
D001422,HUAWEI CUN-L03 Build/HUAWEICUN-L03,,chrome 65.0 for android,,mobile
D001423,HUAWEI CUN-L03 Build/HUAWEICUN-L03,,chrome 66.0 for android,,mobile
D001424,HUAWEI CUN-L03 Build/HUAWEICUN-L03,,chrome generic,,desktop
D001425,HUAWEI G7-L03 Build/HuaweiG7-L03,,chrome 54.0 for android,,mobile
D001426,HUAWEI G7-L03 Build/HuaweiG7-L03,,chrome 57.0 for android,,mobile
D001427,HUAWEI G7-L03 Build/HuaweiG7-L03,,chrome 60.0 for android,,mobile
D001428,HUAWEI G7-L03 Build/HuaweiG7-L03,,chrome 61.0 for android,,mobile
D001429,HUAWEI G7-L03 Build/HuaweiG7-L03,,chrome 62.0 for android,,mobile
D001430,HUAWEI G7-L03 Build/HuaweiG7-L03,,chrome 63.0 for android,,mobile
D001431,HUAWEI G7-L03 Build/HuaweiG7-L03,,chrome 64.0 for android,,mobile
D001432,HUAWEI G7-L03 Build/HuaweiG7-L03,,chrome 65.0 for android,,mobile
D001433,HUAWEI G7-L03 Build/HuaweiG7-L03,,chrome 66.0 for android,,mobile
D001434,HUAWEI G7-L03 Build/HuaweiG7-L03,,chrome generic,,mobile
D001435,HUAWEI GRA-L09 Build/HUAWEIGRA-L09,,chrome 63.0 for android,,mobile
D001436,HUAWEI GRA-L09 Build/HUAWEIGRA-L09,,chrome generic,,desktop
D001437,HUAWEI LUA-U23 Build/HUAWEILUA-U23,,chrome 63.0 for android,,mobile
D001438,HUAWEI LYO-L21 Build/HUAWEILYO-L21,,chrome 63.0 for android,,mobile
D001439,HUAWEI M2-801W Build/HUAWEIM2-801W,,chrome 64.0 for android,,mobile
D001440,HUAWEI NXT-L09 Build/HUAWEINXT-L09,,chrome 62.0 for android,,mobile
D001441,HUAWEI NXT-L09 Build/HUAWEINXT-L09,,chrome 63.0 for android,,mobile
D001442,HUAWEI NXT-L09 Build/HUAWEINXT-L09,,chrome 64.0 for android,,mobile
D001443,HUAWEI NXT-L09 Build/HUAWEINXT-L09,,chrome 65.0 for android,,mobile
D001444,HUAWEI NXT-L09 Build/HUAWEINXT-L09,,chrome 66.0 for android,,mobile
D001445,HUAWEI NXT-L09 Build/HUAWEINXT-L09,,chrome generic for android,,mobile
D001446,HUAWEI RIO-L03 Build/HUAWEIRIO-L03,,chrome 59.0 for android,,mobile
D001447,HUAWEI RIO-L03 Build/HUAWEIRIO-L03,,chrome 62.0 for android,,mobile
D001448,HUAWEI RIO-L03 Build/HUAWEIRIO-L03,,chrome 63.0 for android,,mobile
D001449,HUAWEI RIO-L03 Build/HUAWEIRIO-L03,,chrome 64.0 for android,,mobile
D001450,HUAWEI RIO-L03 Build/HUAWEIRIO-L03,,chrome 65.0 for android,,mobile
D001451,HUAWEI RIO-L03 Build/HUAWEIRIO-L03,,chrome 66.0 for android,,mobile
D001452,HUAWEI RIO-L03 Build/HUAWEIRIO-L03,,chrome generic,,mobile
D001453,HUAWEI TAG-L13 Build/HUAWEITAG-L13,,chrome 43.0 for android,,mobile
D001454,HUAWEI TAG-L13 Build/HUAWEITAG-L13,,chrome 55.0 for android,,mobile
D001455,HUAWEI TAG-L13 Build/HUAWEITAG-L13,,chrome 57.0 for android,,mobile
D001456,HUAWEI TAG-L13 Build/HUAWEITAG-L13,,chrome 59.0 for android,,mobile
D001457,HUAWEI TAG-L13 Build/HUAWEITAG-L13,,chrome 60.0 for android,,mobile
D001458,HUAWEI TAG-L13 Build/HUAWEITAG-L13,,chrome 61.0 for android,,mobile
D001459,HUAWEI TAG-L13 Build/HUAWEITAG-L13,,chrome 62.0 for android,,mobile
D001460,HUAWEI TAG-L13 Build/HUAWEITAG-L13,,chrome 63.0 for android,,mobile
D001461,HUAWEI TAG-L13 Build/HUAWEITAG-L13,,chrome 64.0 for android,,mobile
D001462,HUAWEI TAG-L13 Build/HUAWEITAG-L13,,chrome 65.0 for android,,mobile
D001463,HUAWEI TAG-L13 Build/HUAWEITAG-L13,,chrome 66.0 for android,,mobile
D001464,HUAWEI TAG-L13 Build/HUAWEITAG-L13,,chrome generic,,mobile
D001465,HUAWEI VNS-L21 Build/HUAWEIVNS-L21,,chrome 62.0 for android,,mobile
D001466,HUAWEI VNS-L21 Build/HUAWEIVNS-L21,,chrome 64.0 for android,,mobile
D001467,HUAWEI VNS-L21 Build/HUAWEIVNS-L21,,chrome 65.0 for android,,mobile
D001468,HUAWEI VNS-L23 Build/HUAWEIVNS-L23,,chrome 52.0 for android,,mobile
D001469,HUAWEI VNS-L23 Build/HUAWEIVNS-L23,,chrome 54.0 for android,,mobile
D001470,HUAWEI VNS-L23 Build/HUAWEIVNS-L23,,chrome 56.0 for android,,mobile
D001471,HUAWEI VNS-L23 Build/HUAWEIVNS-L23,,chrome 59.0 for android,,mobile
D001472,HUAWEI VNS-L23 Build/HUAWEIVNS-L23,,chrome 60.0 for android,,mobile
D001473,HUAWEI VNS-L23 Build/HUAWEIVNS-L23,,chrome 62.0 for android,,mobile
D001474,HUAWEI VNS-L23 Build/HUAWEIVNS-L23,,chrome 63.0 for android,,mobile
D001475,HUAWEI VNS-L23 Build/HUAWEIVNS-L23,,chrome 64.0 for android,,mobile
D001476,HUAWEI VNS-L23 Build/HUAWEIVNS-L23,,chrome 65.0 for android,,mobile
D001477,HUAWEI VNS-L23 Build/HUAWEIVNS-L23,,chrome 66.0 for android,,mobile
D001478,HUAWEI VNS-L23 Build/HUAWEIVNS-L23,,chrome generic for android,,mobile
D001479,HUAWEI VNS-L23 Build/HUAWEIVNS-L23,,facebook,,mobile
D001480,HUAWEI VNS-L23 Build/HUAWEIVNS-L23,,opera,,mobile
D001481,HUAWEI VNS-L31 Build/HUAWEIVNS-L31,,chrome 62.0 for android,,mobile
D001482,HUAWEI VNS-L31 Build/HUAWEIVNS-L31,,chrome 63.0 for android,,mobile
D001483,HUAWEI VNS-L31 Build/HUAWEIVNS-L31,,chrome 64.0 for android,,mobile
D001484,HUAWEI VNS-L31 Build/HUAWEIVNS-L31,,chrome 65.0 for android,,mobile
D001485,HUAWEI VNS-L31 Build/HUAWEIVNS-L31,,chrome 66.0 for android,,mobile
D001486,HUAWEI VNS-L31 Build/HUAWEIVNS-L31,,chrome generic for android,,mobile
D001487,HUAWEI VNS-L53 Build/HUAWEIVNS-L53,,chrome 59.0 for android,,mobile
D001488,HUAWEI VNS-L53 Build/HUAWEIVNS-L53,,chrome 60.0 for android,,mobile
D001489,HUAWEI VNS-L53 Build/HUAWEIVNS-L53,,chrome 61.0 for android,,mobile
D001490,HUAWEI VNS-L53 Build/HUAWEIVNS-L53,,chrome 62.0 for android,,mobile
D001491,HUAWEI VNS-L53 Build/HUAWEIVNS-L53,,chrome 63.0 for android,,mobile
D001492,HUAWEI VNS-L53 Build/HUAWEIVNS-L53,,chrome 64.0 for android,,mobile
D001493,HUAWEI VNS-L53 Build/HUAWEIVNS-L53,,chrome 65.0 for android,,mobile
D001494,HUAWEI VNS-L53 Build/HUAWEIVNS-L53,,chrome 66.0 for android,,mobile
D001495,HUAWEI VNS-L53 Build/HUAWEIVNS-L53,,chrome generic for android,,mobile
D001496,HUAWEI VNS-L53 Build/HUAWEIVNS-L53,,other,,mobile
D001497,HUAWEI Y360-U23 Build/HUAWEIY360-U23,,chrome 62.0 for android,,mobile
D001498,HUAWEI Y360-U23 Build/HUAWEIY360-U23,,chrome,,mobile
D001499,HUAWEI Y360-U23 Build/HUAWEIY360-U23,,other,,mobile
D001500,HUAWEI Y520-U03 Build/HUAWEIY520-U03,,chrome 60.0 for android,,mobile
D001501,HUAWEI Y520-U03 Build/HUAWEIY520-U03,,chrome 63.0 for android,,mobile
D001502,HUAWEI Y520-U03 Build/HUAWEIY520-U03,,chrome 65.0 for android,,mobile
D001503,HUAWEI Y560-L03 Build/HUAWEIY560-L03,,chrome 43.0 for android,,mobile
D001504,HUAWEI Y560-L03 Build/HUAWEIY560-L03,,chrome 61.0 for android,,mobile
D001505,HUAWEI Y560-L03 Build/HUAWEIY560-L03,,chrome 65.0 for android,,mobile
D001506,HUAWEI Y560-L03 Build/HUAWEIY560-L03,,chrome 66.0 for android,,mobile
D001507,HUAWEI Y625-U13 Build/HUAWEIY625-U13,,chrome 56.0 for android,,mobile
D001508,HUAWEI Y625-U13 Build/HUAWEIY625-U13,,chrome 59.0 for android,,mobile
D001509,HUAWEI Y625-U13 Build/HUAWEIY625-U13,,chrome 60.0 for android,,mobile
D001510,HUAWEI Y625-U13 Build/HUAWEIY625-U13,,chrome 62.0 for android,,mobile
D001511,HUAWEI Y625-U13 Build/HUAWEIY625-U13,,chrome 63.0 for android,,mobile
D001512,HUAWEI,,chrome 56.0 for android,,mobile
D001513,HUAWEI,,chrome 58.0 for android,,mobile
D001514,HUAWEI,,chrome 59.0 for android,,mobile
D001515,HUAWEI,,chrome 61.0 for android,,mobile
D001516,HUAWEI,,chrome 62.0 for android,,mobile
D001517,HUAWEI,,chrome 63.0 for android,,mobile
D001518,HUAWEI,,chrome 64.0 for android,,mobile
D001519,HUAWEI,,chrome 65.0 for android,,mobile
D001520,HUAWEI,,chrome 66.0 for android,,mobile
D001521,HUAWEI,,chrome generic for android,,mobile
D001522,HUAWEI,,chrome generic,,mobile
D001523,HUAWEI,Android,chrome generic,1184x720,mobile
D001524,Helix,,chrome 65.0 for android,,mobile
D001525,Hisense E51 Build/LMY47V,,chrome 43.0 for android,,mobile
D001526,Hisense F102 Build/NRD90M,,chrome 54.0 for android,,mobile
D001527,Hisense F102 Build/NRD90M,,chrome 64.0 for android,,mobile
D001528,Hisense F102 Build/NRD90M,,chrome 65.0 for android,,mobile
D001529,Hisense F20 Build/MMB29M,,chrome 46.0 for android,,mobile
D001530,Hisense F20 Build/MMB29M,,chrome 58.0 for android,,mobile
D001531,Hisense F20 Build/MMB29M,,chrome 59.0 for android,,mobile
D001532,Hisense F20 Build/MMB29M,,chrome 61.0 for android,,mobile
D001533,Hisense F20 Build/MMB29M,,chrome 62.0 for android,,mobile
D001534,Hisense F20 Build/MMB29M,,chrome 63.0 for android,,mobile
D001535,Hisense F20 Build/MMB29M,,chrome 64.0 for android,,mobile
D001536,Hisense F20 Build/MMB29M,,chrome 65.0 for android,,mobile
D001537,Hisense F20 Build/MMB29M,,chrome 66.0 for android,,mobile
D001538,Hisense F20 Build/MMB29M,,chrome generic for android,,mobile
D001539,Hisense F23 Build/NRD90M,,chrome 54.0 for android,,mobile
D001540,Hisense F23 Build/NRD90M,,chrome 62.0 for android,,mobile
D001541,Hisense F23 Build/NRD90M,,chrome 63.0 for android,,mobile
D001542,Hisense F23 Build/NRD90M,,chrome 64.0 for android,,mobile
D001543,Hisense F23 Build/NRD90M,,chrome 65.0 for android,,mobile
D001544,Hisense F23 Build/NRD90M,,chrome 66.0 for android,,mobile
D001545,Hisense F23 Build/NRD90M,,chrome generic for android,,mobile
D001546,Hisense F24 Build/NRD90M,,chrome generic for android,,mobile
D001547,Hisense F32 Build/NMF26F,,chrome 64.0 for android,,mobile
D001548,Hisense F32 Build/NMF26F,,chrome 66.0 for android,,mobile
D001549,Hisense F32 Build/NMF26F,,chrome generic for android,,mobile
D001550,Hisense F8 MINI Build/NRD90M,,chrome 66.0 for android,,mobile
D001551,Hisense L675 Build/MRA58K,,chrome 46.0 for android,,mobile
D001552,Hisense L675 Build/MRA58K,,chrome 55.0 for android,,mobile
D001553,Hisense L675 Build/MRA58K,,chrome 59.0 for android,,mobile
D001554,Hisense L675 Build/MRA58K,,chrome 60.0 for android,,mobile
D001555,Hisense L675 Build/MRA58K,,chrome 61.0 for android,,mobile
D001556,Hisense L675 Build/MRA58K,,chrome 62.0 for android,,mobile
D001557,Hisense L675 Build/MRA58K,,chrome 63.0 for android,,mobile
D001558,Hisense L675 Build/MRA58K,,chrome 64.0 for android,,mobile
D001559,Hisense L675 Build/MRA58K,,chrome 65.0 for android,,mobile
D001560,Hisense L675 Build/MRA58K,,chrome generic for android,,mobile
D001561,Hisense L675 PRO Build/NRD90M,,chrome 56.0 for android,,mobile
D001562,Hisense L675 PRO Build/NRD90M,,chrome 63.0 for android,,mobile
D001563,Hisense L675 PRO Build/NRD90M,,chrome 66.0 for android,,mobile
D001564,Hisense T963 Build/MRA58K,,chrome 64.0 for android,,mobile
D001565,Hisense U963 Build/MRA58K,,android webview 4.0,,mobile
D001566,Hisense U963 Build/MRA58K,,chrome 54.0 for android,,mobile
D001567,Hisense U963 Build/MRA58K,,chrome 62.0 for android,,mobile
D001568,Hisense U963 Build/MRA58K,,chrome 63.0 for android,,mobile
D001569,Hisense U963 Build/MRA58K,,chrome 64.0 for android,,mobile
D001570,Hisense U963 Build/MRA58K,,chrome 65.0 for android,,mobile
D001571,Hisense U963 Build/MRA58K,,chrome 66.0 for android,,mobile
D001572,Hisense U963 Build/MRA58K,,chrome generic for android,,mobile
D001573,Hisense U963 Build/MRA58K,,other,,mobile
D001574,Hisense,,chrome 61.0 for android,,mobile
D001575,Hisense,,chrome 63.0 for android,,mobile
D001576,Hisense,,chrome 65.0 for android,,mobile
D001577,ICON,,chrome 60.0 for android,,mobile
D001578,ILIUM,,chrome 57.0 for android,,mobile
D001579,ILIUM,,chrome 58.0 for android,,mobile
D001580,ILIUM,,chrome 59.0 for android,,mobile
D001581,ILIUM,,chrome 60.0 for android,,mobile
D001582,ILIUM,,chrome 63.0 for android,,mobile
D001583,ILIUM,,chrome 64.0 for android,,mobile
D001584,ILIUM,,chrome 65.0 for android,,mobile
D001585,ILIUM,,chrome generic,,desktop
D001586,ILIUM,,chrome,,desktop
D001587,IO,,chrome 65.0 for android,,mobile
D001588,IdeaTab,,chrome 63.0 for android,,mobile
D001589,IdeaTabA1000-F,,chrome 61.0 for android,,mobile
D001590,IdeaTabA2109A,,chrome 63.0 for android,,mobile
D001591,Ilium L1000 Build/LRX22G,,chrome 64.0 for android,,mobile
D001592,Ilium L1000 Build/LRX22G,,chrome 66.0 for android,,mobile
D001593,Ilium L1120 Build/NRD90M,,chrome 60.0 for android,,mobile
D001594,Ilium L1120 Build/NRD90M,,chrome 62.0 for android,,mobile
D001595,Ilium L1120 Build/NRD90M,,chrome 63.0 for android,,mobile
D001596,Ilium L1120 Build/NRD90M,,chrome 64.0 for android,,mobile
D001597,Ilium L1120 Build/NRD90M,,chrome 65.0 for android,,mobile
D001598,Ilium L1120 Build/NRD90M,,chrome 66.0 for android,,mobile
D001599,Ilium L610 Build/MRA58K,,chrome 63.0 for android,,mobile
D001600,Ilium L610 Build/MRA58K,,chrome 64.0 for android,,mobile
D001601,Ilium L610 Build/MRA58K,,chrome generic for android,,mobile
D001602,Ilium L620 Build/NRD90M,,chrome 63.0 for android,,mobile
D001603,Ilium L620 Build/NRD90M,,chrome 64.0 for android,,mobile
D001604,Ilium L910 Build/MRA58K,,chrome 46.0 for android,,mobile
D001605,Ilium L910 Build/MRA58K,,chrome 62.0 for android,,mobile
D001606,Ilium L910 Build/MRA58K,,chrome 63.0 for android,,mobile
D001607,Ilium L910 Build/MRA58K,,chrome 64.0 for android,,mobile
D001608,Ilium L910 Build/MRA58K,,chrome 65.0 for android,,mobile
D001609,Ilium L910 Build/MRA58K,,chrome generic for android,,mobile
D001610,Ilium L950 Build/KTU84P,,chrome 63.0 for android,,mobile
D001611,Ilium L950 Build/KTU84P,,chrome 64.0 for android,,mobile
D001612,Ilium L950 Build/KTU84P,,chrome,,mobile
D001613,Ilium LT500 Build/LMY47O,,chrome 49.0 for android,,mobile
D001614,Ilium LT500 Build/LMY47O,,chrome 51.0 for android,,mobile
D001615,Ilium LT500 Build/LMY47O,,chrome 59.0 for android,,mobile
D001616,Ilium LT500 Build/LMY47O,,chrome 60.0 for android,,mobile
D001617,Ilium LT500 Build/LMY47O,,chrome 62.0 for android,,mobile
D001618,Ilium LT500 Build/LMY47O,,chrome 64.0 for android,,mobile
D001619,Ilium LT500 Build/LMY47O,,chrome 65.0 for android,,mobile
D001620,Ilium LT510 Build/MRA58K,,chrome 50.0 for android,,mobile
D001621,Ilium LT510 Build/MRA58K,,chrome 57.0 for android,,mobile
D001622,Ilium LT510 Build/MRA58K,,chrome 59.0 for android,,mobile
D001623,Ilium LT510 Build/MRA58K,,chrome 60.0 for android,,mobile
D001624,Ilium LT510 Build/MRA58K,,chrome 61.0 for android,,mobile
D001625,Ilium LT510 Build/MRA58K,,chrome 62.0 for android,,mobile
D001626,Ilium LT510 Build/MRA58K,,chrome 63.0 for android,,mobile
D001627,Ilium LT510 Build/MRA58K,,chrome 64.0 for android,,mobile
D001628,Ilium LT510 Build/MRA58K,,chrome 65.0 for android,,mobile
D001629,Ilium LT520 Build/NRD90M,,chrome 56.0 for android,,mobile
D001630,Ilium LT520 Build/NRD90M,,chrome 64.0 for android,,mobile
D001631,Ilium LT520 Build/NRD90M,,chrome 65.0 for android,,mobile
D001632,Ilium Pad T7X Build/LMY47I,,chrome 50.0 for android,,mobile
D001633,Ilium Pad T7X Build/LMY47I,,chrome 66.0 for android,,mobile
D001634,Ilium Pad T7X Build/LMY47I,,chrome generic,,desktop
D001635,Ilium X210 Build/LMY47I,,chrome 46.0 for android,,mobile
D001636,Ilium X210 Build/LMY47I,,chrome 49.0 for android,,mobile
D001637,Ilium X210 Build/LMY47I,,chrome 63.0 for android,,mobile
D001638,Ilium X220 Build/MRA58K,,chrome 56.0 for android,,mobile
D001639,Ilium X220 Build/MRA58K,,chrome 64.0 for android,,mobile
D001640,Ilium X510 Build/MRA58K,,chrome 49.0 for android,,mobile
D001641,Ilium X510 Build/MRA58K,,chrome 55.0 for android,,mobile
D001642,Ilium X510 Build/MRA58K,,chrome 61.0 for android,,mobile
D001643,Ilium X510 Build/MRA58K,,chrome 62.0 for android,,mobile
D001644,Ilium X510 Build/MRA58K,,chrome 63.0 for android,,mobile
D001645,Ilium X510 Build/MRA58K,,chrome 64.0 for android,,mobile
D001646,Ilium X510 Build/MRA58K,,chrome 65.0 for android,,mobile
D001647,Ilium X510 Build/MRA58K,,chrome 66.0 for android,,mobile
D001648,Ilium X520 Build/NRD90M,,Lanix/Ilium,,mobile
D001649,Ilium X520 Build/NRD90M,,chrome 58.0 for android,,mobile
D001650,Ilium X520 Build/NRD90M,,chrome 60.0 for android,,mobile
D001651,Ilium X520 Build/NRD90M,,chrome 62.0 for android,,mobile
D001652,Ilium X520 Build/NRD90M,,chrome 63.0 for android,,mobile
D001653,Ilium X520 Build/NRD90M,,chrome 64.0 for android,,mobile
D001654,Ilium X520 Build/NRD90M,,chrome 65.0 for android,,mobile
D001655,Ilium X710 Build/MRA58K,,chrome 50.0 for android,,mobile
D001656,Ilium X710 Build/MRA58K,,chrome 61.0 for android,,mobile
D001657,Ilium X710 Build/MRA58K,,chrome 62.0 for android,,mobile
D001658,Ilium X710 Build/MRA58K,,chrome 63.0 for android,,mobile
D001659,Ilium X710 Build/MRA58K,,chrome 64.0 for android,,mobile
D001660,Ilium X710 Build/MRA58K,,chrome 65.0 for android,,mobile
D001661,Ilium X710 Build/MRA58K,,chrome 66.0 for android,,mobile
D001662,Ilium X710 Build/MRA58K,,chrome generic for android,,mobile
D001663,Ilium,,chrome 62.0 for android,,mobile
D001664,Ilium,,chrome 63.0 for android,,mobile
D001665,Ilium,,chrome 65.0 for android,,mobile
D001666,Ilium,,chrome 66.0 for android,,mobile
D001667,Infinit,,chrome 63.0 for android,,mobile
D001668,Infinix,,chrome 65.0 for android,,mobile
D001669,Intel,Mac OS X 10_6_8,safari,1920x1080,desktop
D001670,Intel,Mac,safari,1680x1050,desktop
D001671,Intel,Mac,safari,2880x1800,desktop
D001672,Joy,,android webview 4.0,,mobile
D001673,Joy,,chrome 64.0 for android,,mobile
D001674,K10,,android webview 4.0,,mobile
D001675,K88 Build/MMB29M,Android 6.0.1,android webview 4.0,,mobile
D001676,K88 Build/MMB29M,Android 6.0.1,chrome 60.0 for android,,mobile
D001677,K88,Android 7.1.1,chrome 56.0 for android,,mobile
D001678,K90U,Android 6.0.1,chrome 56.0 for android,1920x1200,mobile
D001679,K90U,Android 6.0.1,chrome 63.0 for android,1920x1200,mobile
D001680,K92,Android 7.1.1,chrome 62.0 for android,1920x1200,mobile
D001681,KFAPWI Build/KTU84M,Android,chrome generic,2560x1600,mobile
D001682,KFASWI Build/LVY48F,,chrome generic,,desktop
D001683,KFASWI Build/LVY48F,Android 5.1.1,chrome generic,,mobile
D001684,KFAUWI Build/LVY48F,Android 5.1.1,chrome generic,1024x600,mobile
D001685,KFDOWI Build/LVY48F,,chrome generic,,mobile
D001686,KFDOWI Build/LVY48F,Android 5.1.1,chrome 62.0 for android,,mobile
D001687,KFDOWI Build/LVY48F,Android 5.1.1,chrome 63.0 for android,,mobile
D001688,KFDOWI Build/LVY48F,Android 5.1.1,chrome 66.0 for android,1280x800,mobile
D001689,KFDOWI Build/LVY48F,Android 5.1.1,chrome generic,,mobile
D001690,KFDOWI Build/LVY48F,Android 5.1.1,chrome generic,1280x800,mobile
D001691,KFFOWI Build/LVY48F,,chrome generic,,desktop
D001692,KFFOWI Build/LVY48F,Android 5.1.1,chrome generic,1024x600,mobile
D001693,KFGIWI Build/LVY48F,,chrome generic,,desktop
D001694,KFGIWI Build/LVY48F,Android 5.1.1,chrome 66.0 for android,1280x800,mobile
D001695,KFGIWI Build/LVY48F,Android 5.1.1,chrome generic,,mobile
D001696,KFGIWI Build/LVY48F,Android 5.1.1,chrome generic,1280x800,mobile
D001697,KFJWI,Android,silk,1920x1200,mobile
D001698,KFMEWI,Android 5.1.1,chrome generic,,mobile
D001699,KFSAWI,Android 5.1.1,chrome 65.0 for android,2560x1600,mobile
D001700,KFSAWI,Android 5.1.1,chrome generic,2560x1600,mobile
D001701,KFSOWI,Android,chrome generic,1281x801,mobile
D001702,KFSUWI Build/LVY48F,,chrome generic,,mobile
D001703,KFSUWI Build/LVY48F,Android 5.1.1,chrome 63.0 for android,1920x1200,mobile
D001704,KFSUWI Build/LVY48F,Android 5.1.1,chrome 66.0 for android,1920x1200,mobile
D001705,KFSUWI Build/LVY48F,Android 5.1.1,chrome generic,1920x1200,mobile
D001706,KFTBWI Build/LVY48F,Android 5.1.1,chrome generic,1280x800,mobile
D001707,KFTHWI Build/KTU84M,,chrome generic,,desktop
D001708,KFTHWI Build/KTU84M,Android,chrome generic,1920x1200,mobile
D001709,KFTT Build/IML74K,Android,silk,1281x801,mobile
D001710,KIW-L24,,chrome 56.0 for android,,mobile
D001711,KIW-L24,,chrome 63.0 for android,,mobile
D001712,KIW-L24,,chrome 65.0 for android,,mobile
D001713,KIW-L24,Android 6.0.1,chrome 63.0 for android,1920x1080,mobile
D001714,KYOCERA-C6742A Build/LMY47V,Android 5.1.1,chrome 62.0 for android,960x540,mobile
D001715,KYOCERA-C6742A Build/LMY47V,Android 5.1.1,chrome generic,960x540,mobile
D001716,KYY22,,chrome 63.0 for android,,mobile
D001717,Kylin,,chrome 65.0 for android,,mobile
D001718,LAVA_A3,,chrome 63.0 for android,,mobile
D001719,LDN-LX3 Build/HUAWEILDN-LX3,,chrome 66.0 for android,,mobile
D001720,LEX829,,chrome 65.0 for android,,mobile
D001721,LG-D213,,chrome 61.0 for android,,mobile
D001722,LG-D213,,chrome,,mobile
D001723,LG-D320 Build/KOT49I.V10a,,chrome 57.0 for android,,mobile
D001724,LG-D320 Build/KOT49I.V10a,,chrome 62.0 for android,,mobile
D001725,LG-D320 Build/KOT49I.V10a,,chrome 63.0 for android,,mobile
D001726,LG-D320 Build/KOT49I.V10a,,chrome generic,,desktop
D001727,LG-D320 Build/KOT49I.V10a,,chrome,,mobile
D001728,LG-D320,,chrome 61.0 for android,,mobile
D001729,LG-D331 Build/LRX22G,,chrome 58.0 for android,,mobile
D001730,LG-D331 Build/LRX22G,,chrome 59.0 for android,,mobile
D001731,LG-D331 Build/LRX22G,,chrome 60.0 for android,,mobile
D001732,LG-D331 Build/LRX22G,,chrome 62.0 for android,,mobile
D001733,LG-D331 Build/LRX22G,,chrome 63.0 for android,,mobile
D001734,LG-D331 Build/LRX22G,,chrome 64.0 for android,,mobile
D001735,LG-D331 Build/LRX22G,,chrome generic,,mobile
D001736,LG-D331 Build/LRX22G,,chrome,,mobile
D001737,LG-D331,,chrome 60.0 for android,,mobile
D001738,LG-D331,,chrome 63.0 for android,,mobile
D001739,LG-D331,,chrome 64.0 for android,,mobile
D001740,LG-D331,,chrome 65.0 for android,,mobile
D001741,LG-D373 Build/KOT49I.V10a,,chrome 61.0 for android,,mobile
D001742,LG-D373 Build/KOT49I.V10a,,chrome 62.0 for android,,mobile
D001743,LG-D373 Build/KOT49I.V10a,,chrome 64.0 for android,,mobile
D001744,LG-D373 Build/KOT49I.V10a,,chrome 65.0 for android,,mobile
D001745,LG-D373,,chrome 64.0 for android,,mobile
D001746,LG-D400,,chrome 64.0 for android,,mobile
D001747,LG-D625,,chrome 62.0 for android,,mobile
D001748,LG-D680 Build/KOT49I,,chrome 52.0 for android,,mobile
D001749,LG-D680 Build/KOT49I,,chrome 55.0 for android,,mobile
D001750,LG-D680 Build/KOT49I,,chrome 61.0 for android,,mobile
D001751,LG-D680 Build/KOT49I,,chrome 62.0 for android,,mobile
D001752,LG-D680 Build/KOT49I,,chrome 63.0 for android,,mobile
D001753,LG-D680 Build/KOT49I,,chrome 64.0 for android,,mobile
D001754,LG-D680 Build/KOT49I,,chrome 65.0 for android,,mobile
D001755,LG-D680 Build/KOT49I,,chrome 66.0 for android,,mobile
D001756,LG-D680 Build/KOT49I,,chrome generic,,desktop
D001757,LG-D680,,chrome 62.0 for android,,mobile
D001758,LG-D681,,chrome 65.0 for android,,mobile
D001759,LG-D693n Build/KOT49I.V10a,,chrome 60.0 for android,,mobile
D001760,LG-D693n Build/LRX22G,,chrome 49.0 for android,,mobile
D001761,LG-D693n Build/LRX22G,,chrome 50.0 for android,,mobile
D001762,LG-D693n Build/LRX22G,,chrome 52.0 for android,,mobile
D001763,LG-D693n Build/LRX22G,,chrome 53.0 for android,,mobile
D001764,LG-D693n Build/LRX22G,,chrome 54.0 for android,,mobile
D001765,LG-D693n Build/LRX22G,,chrome 55.0 for android,,mobile
D001766,LG-D693n Build/LRX22G,,chrome 56.0 for android,,mobile
D001767,LG-D693n Build/LRX22G,,chrome 57.0 for android,,mobile
D001768,LG-D693n Build/LRX22G,,chrome 58.0 for android,,mobile
D001769,LG-D693n Build/LRX22G,,chrome 59.0 for android,,mobile
D001770,LG-D693n Build/LRX22G,,chrome 60.0 for android,,mobile
D001771,LG-D693n Build/LRX22G,,chrome 61.0 for android,,mobile
D001772,LG-D693n Build/LRX22G,,chrome 62.0 for android,,mobile
D001773,LG-D693n Build/LRX22G,,chrome 63.0 for android,,mobile
D001774,LG-D693n Build/LRX22G,,chrome 64.0 for android,,mobile
D001775,LG-D693n Build/LRX22G,,chrome 65.0 for android,,mobile
D001776,LG-D693n Build/LRX22G,,chrome 66.0 for android,,mobile
D001777,LG-D693n Build/LRX22G,,chrome generic,,mobile
D001778,LG-D693n Build/LRX22G,,chrome,,mobile
D001779,LG-D693n,,chrome 62.0 for android,,mobile
D001780,LG-D693n,,chrome 64.0 for android,,mobile
D001781,LG-D722,,chrome 61.0 for android,,mobile
D001782,LG-D722,,chrome 66.0 for android,,mobile
D001783,LG-D725,Android 5.0.2,chrome 62.0 for android,1280x720,mobile
D001784,LG-D802,,chrome 63.0 for android,,mobile
D001785,LG-D850,,chrome 58.0 for android,,mobile
D001786,LG-D850,,chrome 64.0 for android,,mobile
D001787,LG-D850,Android 6.0,chrome 63.0 for android,2560x1440,mobile
D001788,LG-D850,Android,chrome 66.0 for android,2560x1440,mobile
D001789,LG-D851,Android 6.0,android webview 4.0,2560x1440,mobile
D001790,LG-D855 Build/LRX21R,,chrome 60.0 for android,,mobile
D001791,LG-D855 Build/LRX21R,,chrome 62.0 for android,,mobile
D001792,LG-D855 Build/LRX21R,,chrome 65.0 for android,,mobile
D001793,LG-D855,,chrome 63.0 for android,,mobile
D001794,LG-D855,,chrome 64.0 for android,,mobile
D001795,LG-D855,,chrome 65.0 for android,,mobile
D001796,LG-D855,,chrome generic,,desktop
D001797,LG-D959,Android 4.4.2,chrome 62.0 for android,1280x720,mobile
D001798,LG-E450f,,chrome 62.0 for android,,mobile
D001799,LG-E975,,chrome 57.0 for android,,mobile
D001800,LG-E980h,,chrome 64.0 for android,,mobile
D001801,LG-F400K,,chrome generic,,mobile
D001802,LG-H221,,chrome,,desktop
D001803,LG-H320 Build/LRX21Y,,chrome 46.0 for android,,mobile
D001804,LG-H320 Build/LRX21Y,,chrome 51.0 for android,,mobile
D001805,LG-H320 Build/LRX21Y,,chrome 56.0 for android,,mobile
D001806,LG-H320 Build/LRX21Y,,chrome 63.0 for android,,mobile
D001807,LG-H320 Build/LRX21Y,,chrome 64.0 for android,,mobile
D001808,LG-H320 Build/LRX21Y,,chrome 66.0 for android,,mobile
D001809,LG-H320 Build/LRX21Y,,chrome generic,,desktop
D001810,LG-H320 Build/LRX21Y,,chrome,,mobile
D001811,LG-H320 Build/LRX21Y,,other,,mobile
D001812,LG-H340AR,,chrome 63.0 for android,,mobile
D001813,LG-H343,Android 5.1.1,chrome 58.0 for android,855x480,mobile
D001814,LG-H345,,chrome 61.0 for android,,mobile
D001815,LG-H420 Build/LRX21Y,,android browser 4.0,,mobile
D001816,LG-H420 Build/LRX21Y,,chrome 46.0 for android,,mobile
D001817,LG-H420 Build/LRX21Y,,chrome 49.0 for android,,mobile
D001818,LG-H420 Build/LRX21Y,,chrome 61.0 for android,,mobile
D001819,LG-H420 Build/LRX21Y,,chrome 63.0 for android,,mobile
D001820,LG-H420 Build/LRX21Y,,chrome 64.0 for android,,mobile
D001821,LG-H420 Build/LRX21Y,,chrome 65.0 for android,,mobile
D001822,LG-H420 Build/LRX21Y,,chrome 66.0 for android,,mobile
D001823,LG-H420 Build/LRX21Y,,other,,mobile
D001824,LG-H443/H44312g,Android 5.1.1,android browser 4.0,1280x720,mobile
D001825,LG-H500 Build/LRX21Y,,chrome 43.0 for android,,mobile
D001826,LG-H500 Build/LRX21Y,,chrome 51.0 for android,,mobile
D001827,LG-H500 Build/LRX21Y,,chrome 55.0 for android,,mobile
D001828,LG-H500 Build/LRX21Y,,chrome 56.0 for android,,mobile
D001829,LG-H500 Build/LRX21Y,,chrome 59.0 for android,,mobile
D001830,LG-H500 Build/LRX21Y,,chrome 60.0 for android,,mobile
D001831,LG-H500 Build/LRX21Y,,chrome 61.0 for android,,mobile
D001832,LG-H500 Build/LRX21Y,,chrome 62.0 for android,,mobile
D001833,LG-H500 Build/LRX21Y,,chrome 63.0 for android,,mobile
D001834,LG-H500 Build/LRX21Y,,chrome 64.0 for android,,mobile
D001835,LG-H500 Build/LRX21Y,,chrome 65.0 for android,,mobile
D001836,LG-H500 Build/LRX21Y,,chrome 66.0 for android,,mobile
D001837,LG-H500 Build/LRX21Y,,chrome generic,,mobile
D001838,LG-H500 Build/LRX21Y,,other,,mobile
D001839,LG-H520,,chrome 64.0 for android,,mobile
D001840,LG-H525n Build/MRA58K,,chrome 61.0 for android,,mobile
D001841,LG-H540,,chrome 56.0 for android,,mobile
D001842,LG-H540,,other,,mobile
D001843,LG-H542 Build/LRX22G,,chrome 52.0 for android,,mobile
D001844,LG-H542 Build/LRX22G,,chrome 60.0 for android,,mobile
D001845,LG-H542 Build/LRX22G,,chrome 61.0 for android,,mobile
D001846,LG-H542 Build/LRX22G,,chrome 62.0 for android,,mobile
D001847,LG-H542 Build/LRX22G,,chrome 63.0 for android,,mobile
D001848,LG-H542 Build/LRX22G,,chrome 64.0 for android,,mobile
D001849,LG-H542 Build/LRX22G,,chrome,,desktop
D001850,LG-H542 Build/LRX22G,,other,,mobile
D001851,LG-H542 Build/MRA58K,,chrome 50.0 for android,,mobile
D001852,LG-H542 Build/MRA58K,,chrome 52.0 for android,,mobile
D001853,LG-H542 Build/MRA58K,,chrome 54.0 for android,,mobile
D001854,LG-H542 Build/MRA58K,,chrome 58.0 for android,,mobile
D001855,LG-H542 Build/MRA58K,,chrome 61.0 for android,,mobile
D001856,LG-H542 Build/MRA58K,,chrome 62.0 for android,,mobile
D001857,LG-H542 Build/MRA58K,,chrome 63.0 for android,,mobile
D001858,LG-H542 Build/MRA58K,,chrome 64.0 for android,,mobile
D001859,LG-H542 Build/MRA58K,,chrome 66.0 for android,,mobile
D001860,LG-H542 Build/MRA58K,,chrome generic for android,,mobile
D001861,LG-H542 Build/MRA58K,,other,,mobile
D001862,LG-H631,,chrome 64.0 for android,,mobile
D001863,LG-H631,Android 6.0,chrome 59.0 for android,1280x720,mobile
D001864,LG-H650 Build/LMY47V,,chrome 51.0 for android,,mobile
D001865,LG-H650 Build/LMY47V,,chrome 60.0 for android,,mobile
D001866,LG-H650 Build/LMY47V,,chrome 63.0 for android,,mobile
D001867,LG-H650 Build/LMY47V,,chrome 64.0 for android,,mobile
D001868,LG-H650 Build/MRA58K,,chrome 61.0 for android,,mobile
D001869,LG-H650 Build/MRA58K,,chrome 62.0 for android,,mobile
D001870,LG-H650 Build/MRA58K,,chrome 63.0 for android,,mobile
D001871,LG-H650 Build/MRA58K,,chrome 64.0 for android,,mobile
D001872,LG-H650 Build/MRA58K,,chrome 65.0 for android,,mobile
D001873,LG-H650 Build/MRA58K,,chrome 66.0 for android,,mobile
D001874,LG-H700 Build/NRD90U,,chrome 63.0 for android,,mobile
D001875,LG-H700 Build/NRD90U,Android 7.0,chrome 63.0 for android,,mobile
D001876,LG-H700 Build/NRD90U,Android 7.0,chrome 65.0 for android,1920x1080,mobile
D001877,LG-H735 Build/LMY47V,,chrome 63.0 for android,,mobile
D001878,LG-H735 Build/LMY47V,,chrome 64.0 for android,,mobile
D001879,LG-H810,,chrome 65.0 for android,,mobile
D001880,LG-H810,Android 6.0,chrome 62.0 for android,2560x1440,mobile
D001881,LG-H810/H81021z,Android 6.0,android webview 4.0,2560x1440,mobile
D001882,LG-H810/H81022f,Android 6.0,android webview 4.0,2560x1440,mobile
D001883,LG-H811 Build/MRA58K,Android 6.0,chrome 60.0 for android,2560x1440,mobile
D001884,LG-H811 Build/MRA58K,Android 6.0,chrome 62.0 for android,2560x1440,mobile
D001885,LG-H811 Build/MRA58K,Android 6.0,chrome 63.0 for android,2560x1440,mobile
D001886,LG-H811 Build/MRA58K,Android 6.0,chrome 66.0 for android,2560x1440,mobile
D001887,LG-H812,,chrome 64.0 for android,,mobile
D001888,LG-H812,,chrome 65.0 for android,,mobile
D001889,LG-H815 Build/MRA58K,,chrome 62.0 for android,,mobile
D001890,LG-H815 Build/MRA58K,,chrome 63.0 for android,,mobile
D001891,LG-H815 Build/MRA58K,,chrome 65.0 for android,,mobile
D001892,LG-H815 Build/MRA58K,,chrome generic for android,,mobile
D001893,LG-H815 Build/MRA58K,,other,,mobile
D001894,LG-H815,,chrome 63.0 for android,,mobile
D001895,LG-H820 Build/NRD90U,,chrome 63.0 for android,,mobile
D001896,LG-H820 Build/NRD90U,Android 7.0,chrome 62.0 for android,2560x1440,mobile
D001897,LG-H820 Build/NRD90U,Android 7.0,chrome 63.0 for android,2560x1440,mobile
D001898,LG-H820,,chrome 65.0 for android,,mobile
D001899,LG-H830 Build/NRD90U,,chrome 63.0 for android,,mobile
D001900,LG-H830 Build/NRD90U,Android 7.0,chrome 62.0 for android,2560x1440,mobile
D001901,LG-H830 Build/NRD90U,Android 7.0,chrome 63.0 for android,2560x1440,mobile
D001902,LG-H830,Android 6.0.1,chrome 63.0 for android,2560x1440,mobile
D001903,LG-H830,Android 6.0.1,chrome 66.0 for android,2560x1440,mobile
D001904,LG-H831 Build/NRD90U,,chrome 59.0 for android,,mobile
D001905,LG-H831 Build/NRD90U,,chrome 63.0 for android,,mobile
D001906,LG-H831 Build/NRD90U,,chrome generic for android,,mobile
D001907,LG-H831 Build/NRD90U,Android 7.0,chrome 65.0 for android,2560x1440,mobile
D001908,LG-H840 Build/MMB29M,,chrome 60.0 for android,,mobile
D001909,LG-H840 Build/MMB29M,,chrome 62.0 for android,,mobile
D001910,LG-H840 Build/MMB29M,,chrome 63.0 for android,,mobile
D001911,LG-H840 Build/MMB29M,,chrome 64.0 for android,,mobile
D001912,LG-H840 Build/MMB29M,,chrome 65.0 for android,,mobile
D001913,LG-H840 Build/MMB29M,,chrome 66.0 for android,,mobile
D001914,LG-H840 Build/MMB29M,,chrome generic for android,,mobile
D001915,LG-H840 Build/NRD90U,,chrome 58.0 for android,,mobile
D001916,LG-H840 Build/NRD90U,,chrome 62.0 for android,,mobile
D001917,LG-H840 Build/NRD90U,,chrome 63.0 for android,,mobile
D001918,LG-H840 Build/NRD90U,,chrome 64.0 for android,,mobile
D001919,LG-H840 Build/NRD90U,,chrome 65.0 for android,,mobile
D001920,LG-H840 Build/NRD90U,,chrome 66.0 for android,,mobile
D001921,LG-H840 Build/NRD90U,,chrome generic for android,,mobile
D001922,LG-H850 Build/MMB29M,,chrome 59.0 for android,,mobile
D001923,LG-H850 Build/MMB29M,,chrome 65.0 for android,,mobile
D001924,LG-H850,,chrome 59.0 for android,,mobile
D001925,LG-H850,,chrome 63.0 for android,,mobile
D001926,LG-H870 Build/NRD90U,,chrome 58.0 for android,,mobile
D001927,LG-H870 Build/NRD90U,,chrome 61.0 for android,,mobile
D001928,LG-H870 Build/NRD90U,,chrome 62.0 for android,,mobile
D001929,LG-H870 Build/NRD90U,,chrome 63.0 for android,,mobile
D001930,LG-H870 Build/NRD90U,,chrome 64.0 for android,,mobile
D001931,LG-H870 Build/NRD90U,,chrome 65.0 for android,,mobile
D001932,LG-H870 Build/NRD90U,,chrome 66.0 for android,,mobile
D001933,LG-H870 Build/NRD90U,,chrome generic for android,,mobile
D001934,LG-H870 Build/NRD90U,,other,,mobile
D001935,LG-H870DS Build/NRD90U,,chrome 64.0 for android,,mobile
D001936,LG-H871,Android 7.0,chrome 63.0 for android,2672x1440,mobile
D001937,LG-H871,Android 7.0,firefox,2672x1440,mobile
D001938,LG-H872 Build/NRD90U,,chrome 65.0 for android,,mobile
D001939,LG-H872 Build/NRD90U,Android 7.0,chrome 60.0 for android,2672x1440,mobile
D001940,LG-H872 Build/NRD90U,Android 7.0,chrome 62.0 for android,2672x1440,mobile
D001941,LG-H872 Build/NRD90U,Android 7.0,chrome 63.0 for android,2672x1440,mobile
D001942,LG-H872 Build/NRD90U,Android 7.0,chrome 64.0 for android,2672x1440,mobile
D001943,LG-H872 Build/NRD90U,Android 7.0,chrome 65.0 for android,2672x1440,mobile
D001944,LG-H872 Build/NRD90U,Android 7.0,chrome generic for android,2672x1440,mobile
D001945,LG-H900/H90022b,Android 6.0,android webview 4.0,2560x1440,mobile
D001946,LG-H901,,chrome 63.0 for android,,mobile
D001947,LG-H901,Android 6.0,chrome 62.0 for android,2560x1440,mobile
D001948,LG-H901,Android 7.0,chrome 63.0 for android,2560x1440,mobile
D001949,LG-H901,Android 7.0,chrome 64.0 for android,2560x1440,mobile
D001950,LG-H910 Build/NRD90M,Android 7.0,chrome 62.0 for android,2560x1440,mobile
D001951,LG-H910 Build/NRD90M,Android 7.0,chrome 63.0 for android,2560x1440,mobile
D001952,LG-H910 Build/NRD90M,Android 7.0,chrome 66.0 for android,2560x1440,mobile
D001953,LG-H918 Build/NRD90M,,chrome 63.0 for android,,mobile
D001954,LG-H918 Build/NRD90M,Android 7.0,chrome 61.0 for android,2560x1440,mobile
D001955,LG-H918 Build/NRD90M,Android 7.0,chrome 62.0 for android,,mobile
D001956,LG-H918 Build/NRD90M,Android 7.0,chrome 62.0 for android,2560x1440,mobile
D001957,LG-H918 Build/NRD90M,Android 7.0,chrome 63.0 for android,2560x1440,mobile
D001958,LG-H918 Build/NRD90M,Android 7.0,chrome 65.0 for android,,mobile
D001959,LG-H918 Build/NRD90M,Android 7.0,chrome 65.0 for android,2560x1440,mobile
D001960,LG-H931,Android 7.1.2,firefox,,mobile
D001961,LG-H932,Android 7.1.2,chrome 60.0 for android,1440x720,mobile
D001962,LG-H932,Android 7.1.2,chrome 65.0 for android,2880x1440,mobile
D001963,LG-H933,,chrome generic for android,,mobile
D001964,LG-H960,,chrome 63.0 for android,,mobile
D001965,LG-H960,,chrome generic for android,,mobile
D001966,LG-H990 Build/NRD90M,,chrome 64.0 for android,,mobile
D001967,LG-H990 Build/NRD90M,,chrome 65.0 for android,,mobile
D001968,LG-H990 Build/NRD90M,,chrome 66.0 for android,,mobile
D001969,LG-H990 Build/NRD90M,Android 7.0,chrome 62.0 for android,2560x1440,mobile
D001970,LG-H990 Build/NRD90M,Android 7.0,chrome 63.0 for android,2560x1440,mobile
D001971,LG-K200 Build/MXB48T,,LG/K-200,,mobile
D001972,LG-K200 Build/MXB48T,,chrome 58.0 for android,,mobile
D001973,LG-K200 Build/MXB48T,,chrome 59.0 for android,,mobile
D001974,LG-K200 Build/MXB48T,,chrome 60.0 for android,,mobile
D001975,LG-K200 Build/MXB48T,,chrome 61.0 for android,,mobile
D001976,LG-K200 Build/MXB48T,,chrome 62.0 for android,,mobile
D001977,LG-K200 Build/MXB48T,,chrome 63.0 for android,,mobile
D001978,LG-K200 Build/MXB48T,,chrome 64.0 for android,,mobile
D001979,LG-K200 Build/MXB48T,,chrome 65.0 for android,,mobile
D001980,LG-K200 Build/MXB48T,,chrome 66.0 for android,,mobile
D001981,LG-K200 Build/MXB48T,,chrome generic for android,,mobile
D001982,LG-K212,Android 6.0.1,chrome 66.0 for android,1280x720,mobile
D001983,LG-K220 Build/MXB48T,,chrome 58.0 for android,,mobile
D001984,LG-K220 Build/MXB48T,,chrome 62.0 for android,,mobile
D001985,LG-K220 Build/MXB48T,,chrome 63.0 for android,,mobile
D001986,LG-K220 Build/MXB48T,,chrome 64.0 for android,,mobile
D001987,LG-K220 Build/MXB48T,,chrome 65.0 for android,,mobile
D001988,LG-K220 Build/MXB48T,,chrome generic for android,,mobile
D001989,LG-K240 Build/MXB48T,,chrome 58.0 for android,,mobile
D001990,LG-K240 Build/MXB48T,,chrome 62.0 for android,,mobile
D001991,LG-K240 Build/MXB48T,,chrome 63.0 for android,,mobile
D001992,LG-K240 Build/MXB48T,,chrome 64.0 for android,,mobile
D001993,LG-K240 Build/MXB48T,,chrome 65.0 for android,,mobile
D001994,LG-K240 Build/MXB48T,,chrome generic for android,,mobile
D001995,LG-K330,,chrome 54.0 for android,,mobile
D001996,LG-K330,Android 5.1.1,chrome 52.0 for android,855x480,mobile
D001997,LG-K350,,chrome 66.0 for android,,mobile
D001998,LG-K371,,chrome 65.0 for android,,mobile
D001999,LG-K371,Android 7.0,chrome 62.0 for android,1280x720,mobile
D002000,LG-K371,Android 7.0,firefox,1188x720,mobile
D002001,LG-K373,,chrome 61.0 for android,,mobile
D002002,LG-K373,,chrome 65.0 for android,,mobile
D002003,LG-K373,Android 6.0,chrome 62.0 for android,1280x720,mobile
D002004,LG-K410 Build/LRX22G,,chrome 56.0 for android,,mobile
D002005,LG-K410 Build/LRX22G,,chrome 59.0 for android,,mobile
D002006,LG-K410 Build/LRX22G,,chrome 60.0 for android,,mobile
D002007,LG-K410 Build/LRX22G,,chrome 61.0 for android,,mobile
D002008,LG-K410 Build/LRX22G,,chrome 62.0 for android,,mobile
D002009,LG-K410 Build/LRX22G,,chrome 63.0 for android,,mobile
D002010,LG-K410 Build/LRX22G,,chrome 64.0 for android,,mobile
D002011,LG-K410 Build/LRX22G,,chrome 65.0 for android,,mobile
D002012,LG-K410 Build/LRX22G,,chrome 66.0 for android,,mobile
D002013,LG-K410 Build/LRX22G,,chrome generic,,desktop
D002014,LG-K410 Build/LRX22G,,other,,mobile
D002015,LG-K420,,chrome 59.0 for android,,mobile
D002016,LG-K420,,chrome 65.0 for android,,mobile
D002017,LG-K428 Build/MMB29M,Android 6.0.1,chrome 54.0 for android,1280x720,mobile
D002018,LG-K428 Build/MMB29M,Android 6.0.1,chrome 59.0 for android,1280x720,mobile
D002019,LG-K428 Build/MMB29M,Android 6.0.1,chrome 65.0 for android,1280x720,mobile
D002020,LG-K428 Build/MMB29M,Android 6.0.1,chrome generic for android,1280x720,mobile
D002021,LG-K428 Build/NRD90U,Android 7.0,chrome 62.0 for android,1280x720,mobile
D002022,LG-K428 Build/NRD90U,Android 7.0,chrome 63.0 for android,,mobile
D002023,LG-K428 Build/NRD90U,Android 7.0,chrome 63.0 for android,1280x720,mobile
D002024,LG-K430 Build/MRA58K,,chrome 63.0 for android,,mobile
D002025,LG-K430 Build/MRA58K,,chrome 64.0 for android,,mobile
D002026,LG-K430 Build/MRA58K,,chrome 65.0 for android,,mobile
D002027,LG-K430 Build/MRA58K,,chrome generic for android,,mobile
D002028,LG-K450 Build/MXB48T,Android 6.0.1,chrome 62.0 for android,1280x720,mobile
D002029,LG-K450 Build/MXB48T,Android 6.0.1,chrome 63.0 for android,1280x720,mobile
D002030,LG-K450 Build/MXB48T,Android 6.0.1,chrome 64.0 for android,1280x720,mobile
D002031,LG-K500 Build/MMB29M,,chrome 50.0 for android,,mobile
D002032,LG-K500 Build/MMB29M,,chrome 54.0 for android,,mobile
D002033,LG-K500 Build/MMB29M,,chrome 62.0 for android,,mobile
D002034,LG-K500 Build/MMB29M,,chrome 63.0 for android,,mobile
D002035,LG-K500 Build/MMB29M,,chrome 64.0 for android,,mobile
D002036,LG-K500 Build/MMB29M,,chrome 65.0 for android,,mobile
D002037,LG-K500 Build/MMB29M,,chrome 66.0 for android,,mobile
D002038,LG-K500 Build/MMB29M,,chrome generic for android,,mobile
D002039,LG-K530 Build/MMB29M,,chrome 55.0 for android,,mobile
D002040,LG-K530 Build/MMB29M,,chrome 60.0 for android,,mobile
D002041,LG-K530 Build/MMB29M,,chrome 62.0 for android,,mobile
D002042,LG-K530 Build/MMB29M,,chrome 63.0 for android,,mobile
D002043,LG-K530 Build/MMB29M,,chrome 64.0 for android,,mobile
D002044,LG-K530 Build/MMB29M,,chrome 65.0 for android,,mobile
D002045,LG-K530 Build/MMB29M,,chrome 66.0 for android,,mobile
D002046,LG-K530 Build/MMB29M,,chrome generic for android,,mobile
D002047,LG-K530 Build/NRD90U,,chrome 53.0 for android,,mobile
D002048,LG-K530 Build/NRD90U,,chrome 58.0 for android,,mobile
D002049,LG-K530 Build/NRD90U,,chrome 63.0 for android,,mobile
D002050,LG-K530 Build/NRD90U,,chrome 65.0 for android,,mobile
D002051,LG-K540 Build/MMB29M,Android 6.0.1,chrome 61.0 for android,1280x720,mobile
D002052,LG-K540 Build/MMB29M,Android 6.0.1,chrome 62.0 for android,1280x720,mobile
D002053,LG-K540 Build/MMB29M,Android 6.0.1,chrome 63.0 for android,1280x720,mobile
D002054,LG-K550 Build/NRD90U,Android 7.0,chrome 59.0 for android,1280x720,mobile
D002055,LG-K550 Build/NRD90U,Android 7.0,chrome 60.0 for android,1280x720,mobile
D002056,LG-K550 Build/NRD90U,Android 7.0,chrome 62.0 for android,1280x720,mobile
D002057,LG-K550,Android 6.0.1,chrome 62.0 for android,1280x720,mobile
D002058,LG-K550,Android 6.0.1,chrome 63.0 for android,1280x720,mobile
D002059,LG-K580 Build/MRA58K,,chrome 50.0 for android,,mobile
D002060,LG-K580 Build/MRA58K,,chrome 53.0 for android,,mobile
D002061,LG-K580 Build/MRA58K,,chrome 61.0 for android,,mobile
D002062,LG-K580 Build/MRA58K,,chrome 62.0 for android,,mobile
D002063,LG-K580 Build/MRA58K,,chrome 63.0 for android,,mobile
D002064,LG-K580 Build/MRA58K,,chrome 64.0 for android,,mobile
D002065,LG-K580 Build/MRA58K,,chrome 65.0 for android,,mobile
D002066,LG-K580 Build/MRA58K,,chrome 66.0 for android,,mobile
D002067,LG-K580 Build/MRA58K,,chrome generic for android,,mobile
D002068,LG-LG870,,chrome 64.0 for android,,mobile
D002069,LG-LK460,Android 7.1.1,chrome 58.0 for android,,mobile
D002070,LG-LK460,Android 7.1.1,chrome 62.0 for android,,mobile
D002071,LG-LS777 Build/NRD90U,Android 7.0,chrome 62.0 for android,1280x720,mobile
D002072,LG-LS777 Build/NRD90U,Android 7.0,chrome 63.0 for android,1280x720,mobile
D002073,LG-LS777 Build/NRD90U,Android 7.0,chrome 64.0 for android,1280x720,mobile
D002074,LG-LS777 Build/NRD90U,Android 7.0,chrome 65.0 for android,1280x720,mobile
D002075,LG-LS777 Build/NRD90U,Android 7.0,chrome 66.0 for android,1280x720,mobile
D002076,LG-LS993 Build/NRD90U,,chrome 64.0 for android,,mobile
D002077,LG-LS993 Build/NRD90U,,chrome 65.0 for android,,mobile
D002078,LG-LS993 Build/NRD90U,,chrome generic for android,,mobile
D002079,LG-LS993 Build/NRD90U,Android 7.0,chrome 62.0 for android,2672x1440,mobile
D002080,LG-LS993 Build/NRD90U,Android 7.0,chrome 63.0 for android,2672x1440,mobile
D002081,LG-LS993 Build/NRD90U,Android 7.0,chrome 65.0 for android,2672x1440,mobile
D002082,LG-LS995,Android 4.4.2,chrome 63.0 for android,1280x720,mobile
D002083,LG-LS997 Build/NRD90M,Android 7.0,chrome 56.0 for android,2560x1440,mobile
D002084,LG-LS997 Build/NRD90M,Android 7.0,chrome 63.0 for android,,mobile
D002085,LG-LS997 Build/NRD90M,Android 7.0,chrome 63.0 for android,2560x1440,mobile
D002086,LG-LS997 Build/NRD90M,Android 7.0,chrome 64.0 for android,2560x1440,mobile
D002087,LG-LS998,Android 7.1.2,chrome 62.0 for android,,mobile
D002088,LG-LS998,Android 7.1.2,chrome 63.0 for android,1440x720,mobile
D002089,LG-LS998,Android 7.1.2,chrome 63.0 for android,2880x1440,mobile
D002090,LG-M150,,chrome 62.0 for android,,mobile
D002091,LG-M150,,chrome 66.0 for android,,mobile
D002092,LG-M153 Build/MXB48T,,chrome 53.0 for android,,mobile
D002093,LG-M153 Build/MXB48T,,chrome 64.0 for android,,mobile
D002094,LG-M153 Build/MXB48T,,chrome 65.0 for android,,mobile
D002095,LG-M154,,chrome 63.0 for android,,mobile
D002096,LG-M154,,chrome 65.0 for android,,mobile
D002097,LG-M200 Build/NRD90U,,chrome 64.0 for android,,mobile
D002098,LG-M200 Build/NRD90U,,chrome 66.0 for android,,mobile
D002099,LG-M210 Build/NRD90U,,chrome 65.0 for android,,mobile
D002100,LG-M210 Build/NRD90U,Android 7.0,chrome 58.0 for android,1280x720,mobile
D002101,LG-M210 Build/NRD90U,Android 7.0,chrome 62.0 for android,1280x720,mobile
D002102,LG-M210 Build/NRD90U,Android 7.0,chrome 63.0 for android,1280x720,mobile
D002103,LG-M210 Build/NRD90U,Android 7.0,chrome 65.0 for android,1280x720,mobile
D002104,LG-M210 Build/NRD90U,Android 7.0,chrome 66.0 for android,1280x720,mobile
D002105,LG-M210 Build/NRD90U,Android 7.0,other,1280x720,mobile
D002106,LG-M250 Build/NRD90U,,chrome 55.0 for android,,mobile
D002107,LG-M250 Build/NRD90U,,chrome 62.0 for android,,mobile
D002108,LG-M250 Build/NRD90U,,chrome 63.0 for android,,mobile
D002109,LG-M250 Build/NRD90U,,chrome 64.0 for android,,mobile
D002110,LG-M250 Build/NRD90U,,chrome 65.0 for android,,mobile
D002111,LG-M250 Build/NRD90U,,chrome 66.0 for android,,mobile
D002112,LG-M250 Build/NRD90U,,chrome generic for android,,mobile
D002113,LG-M250 Build/NRD90U,,other,,mobile
D002114,LG-M255,Android 7.0,chrome 61.0 for android,1280x720,mobile
D002115,LG-M257,,chrome 64.0 for android,,mobile
D002116,LG-M257,,chrome 66.0 for android,,mobile
D002117,LG-M320 Build/NRD90U,,chrome 55.0 for android,,mobile
D002118,LG-M320 Build/NRD90U,,chrome 60.0 for android,,mobile
D002119,LG-M320 Build/NRD90U,,chrome 62.0 for android,,mobile
D002120,LG-M320 Build/NRD90U,,chrome 63.0 for android,,mobile
D002121,LG-M320 Build/NRD90U,,chrome 64.0 for android,,mobile
D002122,LG-M320 Build/NRD90U,,chrome 65.0 for android,,mobile
D002123,LG-M320 Build/NRD90U,,chrome generic for android,,mobile
D002124,LG-M322,Android 7.0,chrome 62.0 for android,1280x720,mobile
D002125,LG-M327 Build/NRD90U,,chrome 56.0 for android,,mobile
D002126,LG-M327 Build/NRD90U,,chrome 63.0 for android,,mobile
D002127,LG-M327 Build/NRD90U,Android 7.0,chrome 56.0 for android,1280x720,mobile
D002128,LG-M327 Build/NRD90U,Android 7.0,chrome 65.0 for android,1280x720,mobile
D002129,LG-M400 Build/NRD90U,,chrome 60.0 for android,,mobile
D002130,LG-M400 Build/NRD90U,,chrome 61.0 for android,,mobile
D002131,LG-M400 Build/NRD90U,,chrome 62.0 for android,,mobile
D002132,LG-M400 Build/NRD90U,,chrome 63.0 for android,,mobile
D002133,LG-M400 Build/NRD90U,,chrome 64.0 for android,,mobile
D002134,LG-M400 Build/NRD90U,,chrome 65.0 for android,,mobile
D002135,LG-M400 Build/NRD90U,,chrome 66.0 for android,,mobile
D002136,LG-M400 Build/NRD90U,,chrome generic for android,,mobile
D002137,LG-M430 Build/NRD90U,Android 7.0,chrome 63.0 for android,1280x720,mobile
D002138,LG-M430 Build/NRD90U,Android 7.0,chrome 64.0 for android,1280x720,mobile
D002139,LG-M430 Build/NRD90U,Android 7.0,chrome generic for android,1280x720,mobile
D002140,LG-M700 Build/NMF26X,,android webview 4.0,,mobile
D002141,LG-M700 Build/NMF26X,,chrome 56.0 for android,,mobile
D002142,LG-M700 Build/NMF26X,,chrome 58.0 for android,,mobile
D002143,LG-M700 Build/NMF26X,,chrome 61.0 for android,,mobile
D002144,LG-M700 Build/NMF26X,,chrome 62.0 for android,,mobile
D002145,LG-M700 Build/NMF26X,,chrome 63.0 for android,,mobile
D002146,LG-M700 Build/NMF26X,,chrome 64.0 for android,,mobile
D002147,LG-M700 Build/NMF26X,,chrome 65.0 for android,,mobile
D002148,LG-M700 Build/NMF26X,,chrome 66.0 for android,,mobile
D002149,LG-M700 Build/NMF26X,,chrome generic for android,,mobile
D002150,LG-M700 Build/NMF26X,,other,,mobile
D002151,LG-M710 Build/NRD90U,,chrome 63.0 for android,,mobile
D002152,LG-M710 Build/NRD90U,,chrome 64.0 for android,,mobile
D002153,LG-M710 Build/NRD90U,,chrome 65.0 for android,,mobile
D002154,LG-M710 Build/NRD90U,,chrome generic for android,,mobile
D002155,LG-P708g,,chrome 53.0 for android,,mobile
D002156,LG-P714,,chrome 59.0 for android,,mobile
D002157,LG-P714,,chrome 61.0 for android,,mobile
D002158,LG-P714,,chrome 62.0 for android,,mobile
D002159,LG-SP200,Android 7.1.2,chrome generic for android,1280x720,mobile
D002160,LG-SP320,Android 7.1.1,chrome 65.0 for android,1280x720,mobile
D002161,LG-SP320,Android 7.1.1,chrome 66.0 for android,1280x720,mobile
D002162,LG-TP260 Build/NRD90U,,chrome 62.0 for android,,mobile
D002163,LG-TP260 Build/NRD90U,Android 7.0,chrome 58.0 for android,1280x720,mobile
D002164,LG-TP260 Build/NRD90U,Android 7.0,chrome 61.0 for android,1280x720,mobile
D002165,LG-TP260 Build/NRD90U,Android 7.0,chrome 62.0 for android,1280x720,mobile
D002166,LG-TP260 Build/NRD90U,Android 7.0,chrome 63.0 for android,1280x720,mobile
D002167,LG-TP260 Build/NRD90U,Android 7.0,chrome generic for android,1280x720,mobile
D002168,LG-TP260 Build/NRD90U,func,chrome 63.0 for android,1280x720,mobile
D002169,LG-TP450 Build/NRD90U,,chrome 60.0 for android,,mobile
D002170,LG-TP450 Build/NRD90U,,chrome 63.0 for android,,mobile
D002171,LG-TP450 Build/NRD90U,,chrome 66.0 for android,,mobile
D002172,LG-TP450 Build/NRD90U,Android 7.0,chrome 58.0 for android,1920x1080,mobile
D002173,LG-TP450 Build/NRD90U,Android 7.0,chrome 64.0 for android,1920x1080,mobile
D002174,LG-TP450 Build/NRD90U,Android 7.0,chrome 66.0 for android,1920x1080,mobile
D002175,LG-V410,,chrome 62.0 for android,,mobile
D002176,LG-V410,,chrome 65.0 for android,,mobile
D002177,LG-V410,Android 4.4.2,chrome 64.0 for android,,mobile
D002178,LG-V410,Android 5.0.2,chrome 52.0 for android,1280x800,mobile
D002179,LG-V410,Android 5.0.2,chrome 61.0 for android,,mobile
D002180,LG-V410,Android 5.0.2,chrome,,mobile
D002181,LG-V410/V41020c,Android 5.0.2,chrome generic,1280x740,mobile
D002182,LG-V495,,chrome 61.0 for android,,mobile
D002183,LG-V495,Android 5.0.2,chrome 60.0 for android,,mobile
D002184,LG-V495,Android 6.0,chrome 63.0 for android,,mobile
D002185,LG-V495/V49520l,Android 6.0,android webview 4.0,,mobile
D002186,LG-V496,Android 5.0.2,chrome 62.0 for android,,mobile
D002187,LG-V500,,chrome 53.0 for android,,mobile
D002188,LG-V520,Android 6.0.1,chrome 63.0 for android,1920x1200,mobile
D002189,LG-V521,,chrome 63.0 for android,,mobile
D002190,LG-V521,Android 6.0.1,chrome 63.0 for android,1920x1200,mobile
D002191,LG-V521,Android 7.0,chrome 59.0 for android,1920x1200,mobile
D002192,LG-V522,Android 7.0,chrome 65.0 for android,1920x1200,mobile
D002193,LG-V700,,chrome 52.0 for android,,mobile
D002194,LG-V930,Android 6.0,chrome 63.0 for android,1920x1200,mobile
D002195,LG-X165g Build/LRX21M,,chrome 43.0 for android,,mobile
D002196,LG-X165g Build/LRX21M,,chrome 52.0 for android,,mobile
D002197,LG-X165g Build/LRX21M,,chrome 53.0 for android,,mobile
D002198,LG-X165g Build/LRX21M,,chrome 56.0 for android,,mobile
D002199,LG-X165g Build/LRX21M,,chrome 60.0 for android,,mobile
D002200,LG-X165g Build/LRX21M,,chrome 62.0 for android,,mobile
D002201,LG-X165g Build/LRX21M,,chrome 63.0 for android,,mobile
D002202,LG-X165g Build/LRX21M,,chrome 64.0 for android,,mobile
D002203,LG-X165g Build/LRX21M,,chrome 65.0 for android,,mobile
D002204,LG-X165g Build/LRX21M,,chrome 66.0 for android,,mobile
D002205,LG-X165g Build/LRX21M,,other,,mobile
D002206,LG-X180g Build/LMY47I,,android browser 4.0,,mobile
D002207,LG-X180g Build/LMY47I,,chrome 46.0 for android,,mobile
D002208,LG-X180g Build/LMY47I,,chrome 51.0 for android,,mobile
D002209,LG-X180g Build/LMY47I,,chrome 52.0 for android,,mobile
D002210,LG-X180g Build/LMY47I,,chrome 53.0 for android,,mobile
D002211,LG-X180g Build/LMY47I,,chrome 55.0 for android,,mobile
D002212,LG-X180g Build/LMY47I,,chrome 57.0 for android,,mobile
D002213,LG-X180g Build/LMY47I,,chrome 58.0 for android,,mobile
D002214,LG-X180g Build/LMY47I,,chrome 60.0 for android,,mobile
D002215,LG-X180g Build/LMY47I,,chrome 61.0 for android,,mobile
D002216,LG-X180g Build/LMY47I,,chrome 62.0 for android,,mobile
D002217,LG-X180g Build/LMY47I,,chrome 63.0 for android,,mobile
D002218,LG-X180g Build/LMY47I,,chrome 64.0 for android,,mobile
D002219,LG-X180g Build/LMY47I,,chrome 65.0 for android,,mobile
D002220,LG-X180g Build/LMY47I,,chrome 66.0 for android,,mobile
D002221,LG-X180g Build/LMY47I,,chrome generic,,mobile
D002222,LG-X210 Build/LMY47I,,chrome 46.0 for android,,mobile
D002223,LG-X210 Build/LMY47I,,chrome 50.0 for android,,mobile
D002224,LG-X210 Build/LMY47I,,chrome 59.0 for android,,mobile
D002225,LG-X210 Build/LMY47I,,chrome 60.0 for android,,mobile
D002226,LG-X210 Build/LMY47I,,chrome 62.0 for android,,mobile
D002227,LG-X210 Build/LMY47I,,chrome 63.0 for android,,mobile
D002228,LG-X210 Build/LMY47I,,chrome 64.0 for android,,mobile
D002229,LG-X210 Build/LMY47I,,chrome 65.0 for android,,mobile
D002230,LG-X210 Build/LMY47I,,chrome 66.0 for android,,mobile
D002231,LG-X210 Build/LMY47I,,chrome generic,,mobile
D002232,LG-X220 Build/LMY47I,,chrome 50.0 for android,,mobile
D002233,LG-X220 Build/LMY47I,,chrome 55.0 for android,,mobile
D002234,LG-X220 Build/LMY47I,,chrome 62.0 for android,,mobile
D002235,LG-X220 Build/LMY47I,,chrome 63.0 for android,,mobile
D002236,LG-X220 Build/LMY47I,,chrome 64.0 for android,,mobile
D002237,LG-X220 Build/LMY47I,,chrome 65.0 for android,,mobile
D002238,LG-X220 Build/LMY47I,,chrome 66.0 for android,,mobile
D002239,LG-X220 Build/LMY47I,,chrome generic,,desktop
D002240,LG-X230 Build/MRA58K,,chrome 55.0 for android,,mobile
D002241,LG-X230 Build/MRA58K,,chrome 56.0 for android,,mobile
D002242,LG-X230 Build/MRA58K,,chrome 59.0 for android,,mobile
D002243,LG-X230 Build/MRA58K,,chrome 60.0 for android,,mobile
D002244,LG-X230 Build/MRA58K,,chrome 61.0 for android,,mobile
D002245,LG-X230 Build/MRA58K,,chrome 62.0 for android,,mobile
D002246,LG-X230 Build/MRA58K,,chrome 63.0 for android,,mobile
D002247,LG-X230 Build/MRA58K,,chrome 64.0 for android,,mobile
D002248,LG-X230 Build/MRA58K,,chrome 65.0 for android,,mobile
D002249,LG-X230 Build/MRA58K,,chrome 66.0 for android,,mobile
D002250,LG-X230 Build/MRA58K,,chrome generic for android,,mobile
D002251,LG-X240 Build/MRA58K,,chrome 55.0 for android,,mobile
D002252,LG-X240 Build/MRA58K,,chrome 61.0 for android,,mobile
D002253,LG-X240 Build/MRA58K,,chrome 62.0 for android,,mobile
D002254,LG-X240 Build/MRA58K,,chrome 63.0 for android,,mobile
D002255,LG-X240 Build/MRA58K,,chrome 64.0 for android,,mobile
D002256,LG-X240 Build/MRA58K,,chrome 65.0 for android,,mobile
D002257,LG-X240 Build/MRA58K,,chrome 66.0 for android,,mobile
D002258,LG-X240 Build/MRA58K,,chrome generic for android,,mobile
D002259,LGL163BL,Android 7.0,chrome 63.0 for android,1280x720,mobile
D002260,LGL163BL,Android 7.0,chrome 66.0 for android,1280x720,mobile
D002261,LGL164VL Build/NRD90U,Android 7.0,chrome 64.0 for android,1280x720,mobile
D002262,LGL164VL Build/NRD90U,Android 7.0,chrome generic for android,1280x720,mobile
D002263,LGL33L/V100,Android,other,855x480,mobile
D002264,LGL41C,Android 4.4.2,chrome 63.0 for android,801x480,mobile
D002265,LGL52VL Build/LMY47V,Android 5.1.1,other,855x480,mobile
D002266,LGL57BL,Android 6.0.1,chrome 63.0 for android,855x480,mobile
D002267,LGL58VL,Android 6.0.1,chrome 62.0 for android,855x480,mobile
D002268,LGL62VL,,chrome 59.0 for android,,mobile
D002269,LGL62VL,Android 5.1.1,chrome 43.0 for android,1280x720,mobile
D002270,LGL83BL,,chrome 66.0 for android,,mobile
D002271,LGL83BL,Android 7.0,chrome 63.0 for android,1280x720,mobile
D002272,LGL84VL Build/NRD90U,Android 7.0,chrome 63.0 for android,1280x720,mobile
D002273,LGL84VL Build/NRD90U,Android 7.0,chrome 65.0 for android,1280x720,mobile
D002274,LGLK430,Android,chrome generic,,mobile
D002275,LGLS665 Build/LMY47V,Android 5.1.1,chrome 61.0 for android,855x480,mobile
D002276,LGLS675 Build/LMY47V,Android 5.1.1,chrome 59.0 for android,855x480,mobile
D002277,LGLS676 Build/MXB48T,,chrome 62.0 for android,,mobile
D002278,LGLS676 Build/MXB48T,,chrome 64.0 for android,,mobile
D002279,LGLS676 Build/MXB48T,,chrome 65.0 for android,,mobile
D002280,LGLS676 Build/MXB48T,,chrome 66.0 for android,,mobile
D002281,LGLS676 Build/MXB48T,Android 6.0.1,chrome 53.0 for android,1280x720,mobile
D002282,LGLS676 Build/MXB48T,Android 6.0.1,chrome 55.0 for android,1280x720,mobile
D002283,LGLS676 Build/MXB48T,Android 6.0.1,chrome 62.0 for android,1280x720,mobile
D002284,LGLS676 Build/MXB48T,Android 6.0.1,chrome 63.0 for android,1280x720,mobile
D002285,LGLS676 Build/MXB48T,Android 6.0.1,chrome 64.0 for android,1280x720,mobile
D002286,LGLS676 Build/MXB48T,Android 6.0.1,chrome 65.0 for android,1280x720,mobile
D002287,LGLS676 Build/MXB48T,Android 6.0.1,chrome 66.0 for android,1280x720,mobile
D002288,LGLS676 Build/MXB48T,Android 6.0.1,chrome generic for android,1280x720,mobile
D002289,LGLS751,,chrome 43.0 for android,,mobile
D002290,LGLS751,Android 5.1.1,chrome 60.0 for android,1280x720,mobile
D002291,LGLS751,Android 5.1.1,chrome 61.0 for android,1280x720,mobile
D002292,LGLS755,,chrome 63.0 for android,,mobile
D002293,LGLS770,,chrome 60.0 for android,,mobile
D002294,LGLS770,Android 6.0,android webview 4.0,1280x720,mobile
D002295,LGLS770,Android 6.0,chrome 61.0 for android,1280x720,mobile
D002296,LGLS770,Android 6.0,chrome 63.0 for android,1280x720,mobile
D002297,LGLS775 Build/MMB29M,Android 6.0.1,chrome 62.0 for android,1280x720,mobile
D002298,LGLS775 Build/NRD90U,,chrome 66.0 for android,,mobile
D002299,LGLS775 Build/NRD90U,Android 7.0,chrome 61.0 for android,1280x720,mobile
D002300,LGLS775 Build/NRD90U,Android 7.0,chrome 63.0 for android,1280x720,mobile
D002301,LGLS775 Build/NRD90U,Android 7.0,chrome 65.0 for android,1280x720,mobile
D002302,LGLS775 Build/NRD90U,Android 7.0,chrome generic for android,1280x720,mobile
D002303,LGLS990,Android,chrome 62.0 for android,2560x1440,mobile
D002304,LGLS990,Android,chrome 66.0 for android,2560x1440,mobile
D002305,LGLS990,Android,chrome generic,2560x1440,mobile
D002306,LGLS991,Android 6.0,chrome 58.0 for android,2560x1440,mobile
D002307,LGLS991,Android 6.0,chrome 62.0 for android,2560x1440,mobile
D002308,LGLS992,Android 6.0.1,chrome 64.0 for android,2560x1440,mobile
D002309,LGLS992,Android 7.0,chrome 64.0 for android,,mobile
D002310,LGLS992,Android 7.0,chrome 65.0 for android,2560x1440,mobile
D002311,LGLS992,Android 7.0,chrome generic for android,2560x1440,mobile
D002312,LGMP260 Build/NRD90U,,chrome 62.0 for android,,mobile
D002313,LGMP260 Build/NRD90U,,chrome 64.0 for android,,mobile
D002314,LGMP260 Build/NRD90U,,chrome generic for android,,mobile
D002315,LGMP260 Build/NRD90U,Android 7.0,chrome 58.0 for android,1280x720,mobile
D002316,LGMP260 Build/NRD90U,Android 7.0,chrome 61.0 for android,1280x720,mobile
D002317,LGMP260 Build/NRD90U,Android 7.0,chrome 62.0 for android,1280x720,mobile
D002318,LGMP260 Build/NRD90U,Android 7.0,chrome 63.0 for android,1280x720,mobile
D002319,LGMP260 Build/NRD90U,Android 7.0,chrome 64.0 for android,1280x720,mobile
D002320,LGMP260 Build/NRD90U,Android 7.0,chrome 65.0 for android,1280x720,mobile
D002321,LGMP260 Build/NRD90U,Android 7.0,chrome 66.0 for android,1280x720,mobile
D002322,LGMP450 Build/NRD90U,Android 7.0,chrome 58.0 for android,1920x1080,mobile
D002323,LGMP450 Build/NRD90U,Android 7.0,chrome 62.0 for android,,mobile
D002324,LGMP450 Build/NRD90U,Android 7.0,chrome 62.0 for android,1920x1080,mobile
D002325,LGMP450 Build/NRD90U,Android 7.0,chrome 63.0 for android,1920x1080,mobile
D002326,LGMP450 Build/NRD90U,Android 7.0,chrome 64.0 for android,1920x1080,mobile
D002327,LGMP450 Build/NRD90U,Android 7.0,chrome 66.0 for android,1920x1080,mobile
D002328,LGMS210 Build/NRD90U,,chrome 64.0 for android,,mobile
D002329,LGMS210 Build/NRD90U,Android 7.0,chrome 58.0 for android,1280x720,mobile
D002330,LGMS210 Build/NRD90U,Android 7.0,chrome 61.0 for android,1280x720,mobile
D002331,LGMS210 Build/NRD90U,Android 7.0,chrome 62.0 for android,,mobile
D002332,LGMS210 Build/NRD90U,Android 7.0,chrome 62.0 for android,1280x720,mobile
D002333,LGMS210 Build/NRD90U,Android 7.0,chrome 63.0 for android,1280x720,mobile
D002334,LGMS210 Build/NRD90U,Android 7.0,chrome 64.0 for android,1280x720,mobile
D002335,LGMS210 Build/NRD90U,Android 7.0,other,1280x720,mobile
D002336,LGMS323,,chrome generic,,mobile
D002337,LGMS330 Build/LMY47V,,chrome 50.0 for android,,mobile
D002338,LGMS330 Build/LMY47V,,chrome 63.0 for android,,mobile
D002339,LGMS330 Build/LMY47V,Android 5.1.1,chrome 51.0 for android,855x480,mobile
D002340,LGMS330 Build/LMY47V,Android 5.1.1,chrome 62.0 for android,855x480,mobile
D002341,LGMS345,,android browser 4.0,,mobile
D002342,LGMS395,Android 4.4.2,chrome 65.0 for android,801x480,mobile
D002343,LGMS428,,chrome 64.0 for android,,mobile
D002344,LGMS428,,chrome 65.0 for android,,mobile
D002345,LGMS550 Build/MXB48T,,chrome 55.0 for android,,mobile
D002346,LGMS550 Build/MXB48T,,chrome 58.0 for android,,mobile
D002347,LGMS550 Build/MXB48T,,chrome 62.0 for android,,mobile
D002348,LGMS550 Build/MXB48T,Android 6.0.1,chrome 55.0 for android,1280x720,mobile
D002349,LGMS550 Build/MXB48T,Android 6.0.1,chrome 66.0 for android,1280x720,mobile
D002350,LGMS550 Build/NRD90U,,chrome 66.0 for android,,mobile
D002351,LGMS550 Build/NRD90U,Android 7.0,chrome 58.0 for android,1280x720,mobile
D002352,LGMS550 Build/NRD90U,Android 7.0,chrome 62.0 for android,1280x720,mobile
D002353,LGMS550 Build/NRD90U,Android 7.0,chrome 63.0 for android,,mobile
D002354,LGMS550 Build/NRD90U,Android 7.0,chrome 63.0 for android,1280x720,mobile
D002355,LGMS631 Build/MRA58K,,chrome 62.0 for android,,mobile
D002356,LGMS631 Build/MRA58K,,chrome 64.0 for android,,mobile
D002357,LGMS631 Build/MRA58K,,other,,mobile
D002358,LGMS631 Build/MRA58K,Android 6.0,chrome 62.0 for android,1280x720,mobile
D002359,LGMS631 Build/MRA58K,Android 6.0,chrome 66.0 for android,1280x720,mobile
D002360,LGMS631,,chrome generic,,desktop
D002361,LGUS215 Build/NRD90U,Android 7.0,chrome 61.0 for android,1280x720,mobile
D002362,LGUS215 Build/NRD90U,Android 7.0,chrome 62.0 for android,1280x720,mobile
D002363,LGUS215 Build/NRD90U,Android 7.0,chrome 65.0 for android,1280x720,mobile
D002364,LGUS215 Build/NRD90U,Android 7.0,chrome generic for android,1280x720,mobile
D002365,LGUS990,Android 4.4.2,chrome 63.0 for android,2560x1440,mobile
D002366,LGUS991,Android 6.0,chrome 63.0 for android,2560x1440,mobile
D002367,LGUS992,Android 7.0,chrome generic for android,2560x1440,mobile
D002368,LIMIT,,chrome 64.0 for android,,mobile
D002369,LIMIT,,chrome 66.0 for android,,mobile
D002370,LIMIT,,chrome generic for android,,mobile
D002371,LM-X210(G,Android 7.1.2,chrome generic,1280x720,mobile
D002372,LOGIC,,android webview 4.0,,mobile
D002373,LS5,,chrome 65.0 for android,,mobile
D002374,LT22i Build/6.2.A.1.100,,chrome 62.0 for android,,mobile
D002375,LT30p,,chrome 50.0 for android,,mobile
D002376,LT30p,,chrome 56.0 for android,,mobile
D002377,Le X520 Build/IEXCNFN5902303111S,,chrome 62.0 for android,,mobile
D002378,Le X520 Build/IEXCNFN5902303111S,,chrome 63.0 for android,,mobile
D002379,Le X520 Build/IEXCNFN5902303111S,,chrome 65.0 for android,,mobile
D002380,Le X520 Build/IEXCNFN5902303111S,,chrome generic for android,,mobile
D002381,Le,Android,chrome 62.0 for android,1024x768,mobile
D002382,Lenovo A2016b30 Build/MRA58K,,chrome 50.0 for android,,mobile
D002383,Lenovo A2016b30 Build/MRA58K,,chrome 55.0 for android,,mobile
D002384,Lenovo A2016b30 Build/MRA58K,,chrome 56.0 for android,,mobile
D002385,Lenovo A2016b30 Build/MRA58K,,chrome 58.0 for android,,mobile
D002386,Lenovo A2016b30 Build/MRA58K,,chrome 59.0 for android,,mobile
D002387,Lenovo A2016b30 Build/MRA58K,,chrome 60.0 for android,,mobile
D002388,Lenovo A2016b30 Build/MRA58K,,chrome 61.0 for android,,mobile
D002389,Lenovo A2016b30 Build/MRA58K,,chrome 62.0 for android,,mobile
D002390,Lenovo A2016b30 Build/MRA58K,,chrome 63.0 for android,,mobile
D002391,Lenovo A2016b30 Build/MRA58K,,chrome 64.0 for android,,mobile
D002392,Lenovo A2016b30 Build/MRA58K,,chrome 65.0 for android,,mobile
D002393,Lenovo A2016b30 Build/MRA58K,,chrome 66.0 for android,,mobile
D002394,Lenovo A2016b30 Build/MRA58K,,chrome generic for android,,mobile
D002395,Lenovo A6020l37 Build/LMY47V,,chrome 62.0 for android,,mobile
D002396,Lenovo A6020l37 Build/LMY47V,,chrome 63.0 for android,,mobile
D002397,Lenovo A6020l37 Build/LMY47V,,chrome 64.0 for android,,mobile
D002398,Lenovo A6020l37 Build/LMY47V,,chrome 65.0 for android,,mobile
D002399,Lenovo K33b36 Build/MMB29M,,android webview 4.0,,mobile
D002400,Lenovo K33b36 Build/MMB29M,,chrome 51.0 for android,,mobile
D002401,Lenovo K33b36 Build/MMB29M,,chrome 55.0 for android,,mobile
D002402,Lenovo K33b36 Build/MMB29M,,chrome 58.0 for android,,mobile
D002403,Lenovo K33b36 Build/MMB29M,,chrome 61.0 for android,,mobile
D002404,Lenovo K33b36 Build/MMB29M,,chrome 62.0 for android,,mobile
D002405,Lenovo K33b36 Build/MMB29M,,chrome 63.0 for android,,mobile
D002406,Lenovo K33b36 Build/MMB29M,,chrome 64.0 for android,,mobile
D002407,Lenovo K33b36 Build/MMB29M,,chrome 65.0 for android,,mobile
D002408,Lenovo K33b36 Build/MMB29M,,chrome 66.0 for android,,mobile
D002409,Lenovo K33b36 Build/MMB29M,,chrome generic for android,,mobile
D002410,Lenovo K33b36 Build/NRD90N,,chrome 55.0 for android,,mobile
D002411,Lenovo K33b36 Build/NRD90N,,chrome 62.0 for android,,mobile
D002412,Lenovo K33b36 Build/NRD90N,,chrome 63.0 for android,,mobile
D002413,Lenovo K33b36 Build/NRD90N,,chrome 64.0 for android,,mobile
D002414,Lenovo K33b36 Build/NRD90N,,chrome 65.0 for android,,mobile
D002415,Lenovo K33b36 Build/NRD90N,,chrome 66.0 for android,,mobile
D002416,Lenovo K33b36 Build/NRD90N,,chrome generic for android,,mobile
D002417,Lenovo PB1-750M Build/S100,,chrome 62.0 for android,,mobile
D002418,Lenovo PB1-750M Build/S100,,chrome 65.0 for android,,mobile
D002419,Lenovo PB1-750M Build/S100,,chrome 66.0 for android,,mobile
D002420,Lenovo PB2-650Y Build/MRA58K,,chrome 52.0 for android,,mobile
D002421,Lenovo PB2-650Y Build/MRA58K,,chrome 62.0 for android,,mobile
D002422,Lenovo PB2-650Y Build/MRA58K,,chrome 63.0 for android,,mobile
D002423,Lenovo PB2-650Y Build/MRA58K,,chrome 64.0 for android,,mobile
D002424,Lenovo PB2-650Y Build/MRA58K,,chrome 65.0 for android,,mobile
D002425,Lenovo PB2-650Y Build/MRA58K,,chrome 66.0 for android,,mobile
D002426,Lenovo PB2-650Y Build/MRA58K,,chrome generic for android,,mobile
D002427,Lenovo PB2-670Y Build/MRA58K,,chrome 61.0 for android,,mobile
D002428,Lenovo PB2-670Y Build/MRA58K,,chrome 64.0 for android,,mobile
D002429,Lenovo TAB 2 A7-30GC Build/KOT49H,,chrome 55.0 for android,,mobile
D002430,Lenovo TB-7703X Build/S100,,chrome 62.0 for android,,mobile
D002431,Lenovo TB-7703X Build/S100,,chrome 63.0 for android,,mobile
D002432,Lenovo TB-7703X Build/S100,,chrome generic for android,,mobile
D002433,Lenovo TB-X103F Build/LenovoTB-X103F,,chrome generic for android,,mobile
D002434,Lenovo TB-X103F Build/LenovoTB-X103F,Android 6.0.1,chrome 59.0 for android,1280x800,mobile
D002435,Lenovo TB-X103F Build/LenovoTB-X103F,Android 6.0.1,chrome 63.0 for android,1280x800,mobile
D002436,Lenovo TB2-X30F Build/LenovoTB2-X30F,,chrome 63.0 for android,,mobile
D002437,Lenovo TB3-710F Build/LRX21M,,chrome 46.0 for android,,mobile
D002438,Lenovo TB3-710F Build/LRX21M,,chrome 55.0 for android,,mobile
D002439,Lenovo TB3-710F Build/LRX21M,,chrome 62.0 for android,,mobile
D002440,Lenovo TB3-710F Build/LRX21M,,chrome 64.0 for android,,mobile
D002441,Lenovo TB3-710F Build/LRX21M,,chrome 65.0 for android,,mobile
D002442,Lenovo TB3-710F Build/LRX21M,,chrome 66.0 for android,,mobile
D002443,Lenovo TB3-710F Build/LRX21M,,chrome generic,,desktop
D002444,Lenovo TB3-710F Build/LRX21M,,opera,,mobile
D002445,Lenovo TB3-710I Build/LMY47I,,chrome 46.0 for android,,mobile
D002446,Lenovo TB3-710I Build/LMY47I,,chrome 62.0 for android,,mobile
D002447,Lenovo TB3-710I Build/LMY47I,,chrome 63.0 for android,,mobile
D002448,Lenovo TB3-710I Build/LMY47I,,chrome 65.0 for android,,mobile
D002449,Lenovo TB3-710I Build/LMY47I,,chrome generic,,desktop
D002450,Lenovo YT3-850F Build/MMB29M,,chrome 54.0 for android,,mobile
D002451,Lenovo YT3-850F Build/MMB29M,,chrome 64.0 for android,,mobile
D002452,Lenovo YT3-850F Build/MMB29M,,chrome 65.0 for android,,mobile
D002453,Lenovo YT3-850F Build/MMB29M,,chrome 66.0 for android,,mobile
D002454,Lenovo YT3-850M Build/MMB29M,,android webview 4.0,,mobile
D002455,Lenovo YT3-850M Build/MMB29M,,chrome 65.0 for android,,mobile
D002456,Lenovo YT3-850M Build/MMB29M,,chrome generic for android,,mobile
D002457,Lenovo YT3-X50F Build/MMB29M,,chrome 54.0 for android,,mobile
D002458,Lenovo YT3-X50F Build/MMB29M,,chrome 63.0 for android,,mobile
D002459,Lenovo,,chrome 51.0 for android,,mobile
D002460,Lenovo,,chrome 53.0 for android,,mobile
D002461,Lenovo,,chrome 54.0 for android,,mobile
D002462,Lenovo,,chrome 62.0 for android,,mobile
D002463,Lenovo,,chrome 63.0 for android,,mobile
D002464,Lenovo,,chrome 64.0 for android,,mobile
D002465,Lenovo,,chrome 65.0 for android,,mobile
D002466,Lenovo,,chrome 66.0 for android,,mobile
D002467,Lenovo,,chrome generic,,desktop
D002468,Lenovo,,opera,,mobile
D002469,Lenovo,,other,,mobile
D002470,Lenovo,Android 4.4.2,chrome 62.0 for android,1280x800,mobile
D002471,Lenovo,Android 5.1.1,chrome 63.0 for android,,mobile
D002472,Lenovo,Android 6.0,chrome 63.0 for android,1920x1200,mobile
D002473,Lenovo,Android 6.0,chrome 66.0 for android,1920x1200,mobile
D002474,Lenovo,Android 6.0.1,chrome 66.0 for android,2560x1600,mobile
D002475,Lenovo-A6020l36 Build/LMY47V,,chrome 43.0 for android,,mobile
D002476,Lenovo-A6020l36 Build/LMY47V,,other,,mobile
D002477,LenovoA3300-GV Build/JDQ39,,chrome 62.0 for android,,mobile
D002478,LenovoA3300-GV Build/JDQ39,,chrome 65.0 for android,,mobile
D002479,LenovoA3300-GV Build/JDQ39,,chrome generic,,desktop
D002480,Linux i686,,firefox 47.0,,desktop
D002481,Linux i686,,firefox 56.0,,desktop
D002482,Linux i686,,firefox 57.0,,desktop
D002483,Linux i686,,firefox 58.0,,desktop
D002484,Linux i686,,firefox 59.0,,desktop
D002485,Linux i686,,firefox,,desktop
D002486,Linux i686,Linux,firefox 47.0,1440x900,desktop
D002487,Linux i686,Linux,firefox 57.0,1920x1080,desktop
D002488,Linux i686,Linux,firefox,1280x800,desktop
D002489,Linux x86_64,,chrome 63.0,,desktop
D002490,Linux x86_64,,chrome 66.0,,desktop
D002491,Linux x86_64,,chrome,,desktop
D002492,Linux x86_64,,firefox 47.0,,desktop
D002493,Linux x86_64,,firefox 56.0,,desktop
D002494,Linux x86_64,,firefox 57.0,,desktop
D002495,Linux x86_64,,firefox 58.0,,desktop
D002496,Linux x86_64,,firefox 59.0,,desktop
D002497,Linux x86_64,,firefox 60.0,,desktop
D002498,Linux x86_64,,firefox,,desktop
D002499,Linux x86_64,Linux,chrome 61.0,1920x1080,desktop
D002500,Linux x86_64,Linux,chrome 64.0,1920x1080,desktop
D002501,Linux x86_64,Linux,chrome 65.0,1600x900,desktop
D002502,Linux x86_64,Linux,chrome,1920x1080,desktop
D002503,Linux x86_64,Linux,firefox 47.0,1024x768,desktop
D002504,Linux x86_64,Linux,firefox 57.0,1366x768,desktop
D002505,Linux x86_64,Linux,firefox 57.0,1920x1080,desktop
D002506,Linux x86_64,Linux,firefox 58.0,1440x900,desktop
D002507,Linux x86_64,Linux,firefox 58.0,1920x1080,desktop
D002508,Linux x86_64,Linux,firefox 59.0,1280x800,desktop
D002509,Linux x86_64,Linux,firefox 59.0,1366x768,desktop
D002510,Linux x86_64,Linux,firefox 59.0,1888x941,desktop
D002511,Linux x86_64,Linux,firefox 59.0,1920x1080,desktop
D002512,Linux x86_64,Linux,firefox 60.0,1366x768,desktop
D002513,Linux x86_64,Linux,firefox 60.0,1920x1080,desktop
D002514,Linux x86_64,Linux,firefox generic,1920x1080,desktop
D002515,Linux x86_64,Linux,firefox,1024x768,desktop
D002516,Linux x86_64,Linux,firefox,1600x900,desktop
D002517,Linux x86_64,Linux,puffin,2001x1125,mobile
D002518,Linux x86_64,Linux,puffin,2048x1536,mobile
D002519,Linux,,chromium,,desktop
D002520,M10/Q1010,,chrome 65.0 for android,,mobile
D002521,M4 SS4450 Build/MRA58K,,chrome 52.0 for android,,mobile
D002522,M4 SS4450 Build/MRA58K,,chrome 55.0 for android,,mobile
D002523,M4 SS4450 Build/MRA58K,,chrome 58.0 for android,,mobile
D002524,M4 SS4450 Build/MRA58K,,chrome 59.0 for android,,mobile
D002525,M4 SS4450 Build/MRA58K,,chrome 62.0 for android,,mobile
D002526,M4 SS4450 Build/MRA58K,,other,,mobile
D002527,M4 SS4451 Build/LMY47D,,android browser 4.0,,mobile
D002528,M4 SS4451 Build/LMY47D,,chrome 51.0 for android,,mobile
D002529,M4 SS4451 Build/LMY47D,,chrome 59.0 for android,,mobile
D002530,M4 SS4451 Build/LMY47D,,chrome 61.0 for android,,mobile
D002531,M4 SS4451 Build/LMY47D,,chrome 62.0 for android,,mobile
D002532,M4 SS4451 Build/LMY47D,,chrome 66.0 for android,,mobile
D002533,M4 SS4451 Build/LMY47D,,chrome,,mobile
D002534,M4 SS4452 Build/LMY47V,,chrome 46.0 for android,,mobile
D002535,M4 SS4452 Build/LMY47V,,other,,mobile
D002536,M4 SS4453 Build/MMB29M,,chrome 51.0 for android,,mobile
D002537,M4 SS4453 Build/MMB29M,,chrome 57.0 for android,,mobile
D002538,M4 SS4453 Build/MMB29M,,chrome 61.0 for android,,mobile
D002539,M4 SS4453 Build/MMB29M,,chrome 62.0 for android,,mobile
D002540,M4 SS4453 Build/MMB29M,,chrome 63.0 for android,,mobile
D002541,M4 SS4453 Build/MMB29M,,chrome 64.0 for android,,mobile
D002542,M4 SS4453 Build/MMB29M,,chrome 65.0 for android,,mobile
D002543,M4 SS4453 Build/MMB29M,,chrome generic for android,,mobile
D002544,M4 SS4456 Build/LMY47V,,M4Tel/M4,,mobile
D002545,M4 SS4456 Build/LMY47V,,chrome 46.0 for android,,mobile
D002546,M4 SS4456 Build/LMY47V,,chrome 62.0 for android,,mobile
D002547,M4 SS4456 Build/LMY47V,,chrome 63.0 for android,,mobile
D002548,M4 SS4456 Build/LMY47V,,chrome 64.0 for android,,mobile
D002549,M4 SS4456 Build/LMY47V,,chrome 65.0 for android,,mobile
D002550,M4 SS4456 Build/LMY47V,,chrome 66.0 for android,,mobile
D002551,M4 SS4456 Build/LMY47V,,chrome generic,,desktop
D002552,M4 SS4457 Build/MRA58K,,chrome 62.0 for android,,mobile
D002553,M4 SS4457 Build/MRA58K,,chrome 63.0 for android,,mobile
D002554,M4 SS4457 Build/MRA58K,,chrome 65.0 for android,,mobile
D002555,M4 SS4457 Build/MRA58K,,chrome 66.0 for android,,mobile
D002556,M4 SS4457-R Build/NRD90M,,chrome 65.0 for android,,mobile
D002557,M4 SS4457-R Build/NRD90M,,chrome 66.0 for android,,mobile
D002558,M4 SS4458 Build/MMB29M,,chrome 50.0 for android,,mobile
D002559,M4 SS4458 Build/MMB29M,,chrome 63.0 for android,,mobile
D002560,M4 SS4458 Build/MMB29M,,chrome 64.0 for android,,mobile
D002561,M4 SS4458 Build/MMB29M,,chrome 65.0 for android,,mobile
D002562,M4 SS4458 Build/MMB29M,,chrome 66.0 for android,,mobile
D002563,M4 SS4458 Build/MMB29M,,chrome generic for android,,mobile
D002564,M4,,chrome 62.0 for android,,mobile
D002565,M4,,chrome 63.0 for android,,mobile
D002566,M4,,chrome 64.0 for android,,mobile
D002567,M4,,chrome 65.0 for android,,mobile
D002568,M4,,chrome 66.0 for android,,mobile
D002569,M4,,chrome,,mobile
D002570,M4,,other,,mobile
D002571,M431,,chrome 63.0 for android,,mobile
D002572,MAGNO,,chrome 63.0 for android,,mobile
D002573,MALC,Windows 7,ie 11.0 for desktop,1280x800,desktop
D002574,MALC,Windows 7,ie 11.0 for desktop,1366x768,desktop
D002575,MAMI,,ie 11.0 for desktop,,desktop
D002576,MDDRJS,,ie 11.0 for desktop,,desktop
D002577,MDDRJS,Windows 10,ie 11.0 for desktop,1920x1080,desktop
D002578,MDDRJS,Windows 7,ie 11.0 for desktop,1024x768,desktop
D002579,MDDRJS,Windows 7,ie 11.0 for desktop,1280x1024,desktop
D002580,MDDRJS,Windows 7,ie 11.0 for desktop,1366x768,desktop
D002581,MDDRJS,Windows 7,ie 11.0 for desktop,1440x900,desktop
D002582,MDDRJS,Windows 7,ie 11.0 for desktop,1920x1080,desktop
D002583,ME173X,Android,chrome 63.0 for android,,mobile
D002584,ME301T,,chrome 63.0 for android,,mobile
D002585,MHA-L09 Build/HUAWEIMHA-L09,,chrome 62.0 for android,,mobile
D002586,MHA-L09 Build/HUAWEIMHA-L09,,chrome 63.0 for android,,mobile
D002587,MHA-L09 Build/HUAWEIMHA-L09,,chrome 64.0 for android,,mobile
D002588,MHA-L09 Build/HUAWEIMHA-L09,,chrome 65.0 for android,,mobile
D002589,MHA-L09 Build/HUAWEIMHA-L09,,chrome 66.0 for android,,mobile
D002590,MHA-L09 Build/HUAWEIMHA-L09,,chrome generic for android,,mobile
D002591,MHA-L29 Build/HUAWEIMHA-L29,,chrome 64.0 for android,,mobile
D002592,MHA-L29 Build/HUAWEIMHA-L29,Android 8.0.0,chrome 66.0 for android,1920x1080,mobile
D002593,MHA-L29 Build/HUAWEIMHA-L29,Android 8.0.0,chrome generic for android,1920x1080,mobile
D002594,MI MAX 2 Build/NMF26F,,chrome 65.0 for android,,mobile
D002595,MI,,chrome 63.0 for android,,mobile
D002596,MI,,chrome 65.0 for android,,mobile
D002597,MI,,chrome generic,,desktop
D002598,MOT-A6020l37 Build/LMY47V,,chrome 43.0 for android,,mobile
D002599,MOT-A6020l37 Build/LMY47V,,other,,mobile
D002600,MTT,,chrome generic for android,,mobile
D002601,MYA-L03 Build/HUAWEIMYA-L03,,chrome 52.0 for android,,mobile
D002602,MYA-L03 Build/HUAWEIMYA-L03,,chrome 64.0 for android,,mobile
D002603,MYA-L03 Build/HUAWEIMYA-L03,,chrome 65.0 for android,,mobile
D002604,MYA-L03 Build/HUAWEIMYA-L03,,chrome 66.0 for android,,mobile
D002605,MYA-L03 Build/HUAWEIMYA-L03,,chrome generic for android,,mobile
D002606,MYA-L11,,chrome generic for android,,mobile
D002607,MYA-L13 Build/HUAWEIMYA-L13,,chrome 52.0 for android,,mobile
D002608,MYA-L13 Build/HUAWEIMYA-L13,,chrome 61.0 for android,,mobile
D002609,MYA-L13 Build/HUAWEIMYA-L13,,chrome 62.0 for android,,mobile
D002610,MYA-L13 Build/HUAWEIMYA-L13,,chrome 63.0 for android,,mobile
D002611,MYA-L13 Build/HUAWEIMYA-L13,,chrome 64.0 for android,,mobile
D002612,MYA-L13 Build/HUAWEIMYA-L13,,chrome 65.0 for android,,mobile
D002613,MYA-L13 Build/HUAWEIMYA-L13,,chrome 66.0 for android,,mobile
D002614,MYA-L13 Build/HUAWEIMYA-L13,,chrome generic for android,,mobile
D002615,MYA-L13 Build/HUAWEIMYA-L13,,other,,mobile
D002616,MYA-L23,,chrome 62.0 for android,,mobile
D002617,MacOS,Mac OS X 10_10_5,chrome 56.0,1440x900,desktop
D002618,MacOS,Mac OS X 10_10_5,chrome 58.0,1440x900,desktop
D002619,MacOS,Mac OS X 10_10_5,chrome 59.0,1280x800,desktop
D002620,MacOS,Mac OS X 10_10_5,chrome 59.0,1680x1050,desktop
D002621,MacOS,Mac OS X 10_10_5,chrome 59.0,2560x1440,desktop
D002622,MacOS,Mac OS X 10_10_5,chrome 60.0,1280x800,desktop
D002623,MacOS,Mac OS X 10_10_5,chrome 60.0,1440x900,desktop
D002624,MacOS,Mac OS X 10_10_5,chrome 60.0,1920x1080,desktop
D002625,MacOS,Mac OS X 10_10_5,chrome 60.0,2880x1800,desktop
D002626,MacOS,Mac OS X 10_10_5,chrome 61.0,1280x800,desktop
D002627,MacOS,Mac OS X 10_10_5,chrome 61.0,1366x768,desktop
D002628,MacOS,Mac OS X 10_10_5,chrome 61.0,1440x900,desktop
D002629,MacOS,Mac OS X 10_10_5,chrome 61.0,1680x1050,desktop
D002630,MacOS,Mac OS X 10_10_5,chrome 61.0,1920x1080,desktop
D002631,MacOS,Mac OS X 10_10_5,chrome 61.0,2560x1440,desktop
D002632,MacOS,Mac OS X 10_10_5,chrome 61.0,2560x1600,desktop
D002633,MacOS,Mac OS X 10_10_5,chrome 61.0,2880x1800,desktop
D002634,MacOS,Mac OS X 10_10_5,chrome 61.0,5120x2880,desktop
D002635,MacOS,Mac OS X 10_10_5,chrome 62.0,1152x720,desktop
D002636,MacOS,Mac OS X 10_10_5,chrome 62.0,1280x720,desktop
D002637,MacOS,Mac OS X 10_10_5,chrome 62.0,1280x800,desktop
D002638,MacOS,Mac OS X 10_10_5,chrome 62.0,1366x768,desktop
D002639,MacOS,Mac OS X 10_10_5,chrome 62.0,1440x900,desktop
D002640,MacOS,Mac OS X 10_10_5,chrome 62.0,1600x900,desktop
D002641,MacOS,Mac OS X 10_10_5,chrome 62.0,1680x1050,desktop
D002642,MacOS,Mac OS X 10_10_5,chrome 62.0,1800x1125,desktop
D002643,MacOS,Mac OS X 10_10_5,chrome 62.0,1920x1080,desktop
D002644,MacOS,Mac OS X 10_10_5,chrome 62.0,1920x1200,desktop
D002645,MacOS,Mac OS X 10_10_5,chrome 62.0,2048x1152,desktop
D002646,MacOS,Mac OS X 10_10_5,chrome 62.0,2560x1440,desktop
D002647,MacOS,Mac OS X 10_10_5,chrome 62.0,2560x1600,desktop
D002648,MacOS,Mac OS X 10_10_5,chrome 62.0,2880x1800,desktop
D002649,MacOS,Mac OS X 10_10_5,chrome 62.0,5120x2880,desktop
D002650,MacOS,Mac OS X 10_10_5,chrome 63.0,1152x720,desktop
D002651,MacOS,Mac OS X 10_10_5,chrome 63.0,1280x1024,desktop
D002652,MacOS,Mac OS X 10_10_5,chrome 63.0,1280x800,desktop
D002653,MacOS,Mac OS X 10_10_5,chrome 63.0,1360x768,desktop
D002654,MacOS,Mac OS X 10_10_5,chrome 63.0,1366x768,desktop
D002655,MacOS,Mac OS X 10_10_5,chrome 63.0,1440x900,desktop
D002656,MacOS,Mac OS X 10_10_5,chrome 63.0,1600x1000,desktop
D002657,MacOS,Mac OS X 10_10_5,chrome 63.0,1680x1050,desktop
D002658,MacOS,Mac OS X 10_10_5,chrome 63.0,1920x1080,desktop
D002659,MacOS,Mac OS X 10_10_5,chrome 63.0,1920x1200,desktop
D002660,MacOS,Mac OS X 10_10_5,chrome 63.0,2560x1440,desktop
D002661,MacOS,Mac OS X 10_10_5,chrome 63.0,2560x1600,desktop
D002662,MacOS,Mac OS X 10_10_5,chrome 63.0,2880x1800,desktop
D002663,MacOS,Mac OS X 10_10_5,chrome 63.0,3440x1440,desktop
D002664,MacOS,Mac OS X 10_10_5,chrome 63.0,5120x2880,desktop
D002665,MacOS,Mac OS X 10_10_5,chrome 64.0,1280x800,desktop
D002666,MacOS,Mac OS X 10_10_5,chrome 64.0,1366x768,desktop
D002667,MacOS,Mac OS X 10_10_5,chrome 64.0,1440x900,desktop
D002668,MacOS,Mac OS X 10_10_5,chrome 64.0,1920x1080,desktop
D002669,MacOS,Mac OS X 10_10_5,chrome 64.0,2560x1600,desktop
D002670,MacOS,Mac OS X 10_10_5,chrome 64.0,2880x1800,desktop
D002671,MacOS,Mac OS X 10_10_5,chrome 65.0,1280x1024,desktop
D002672,MacOS,Mac OS X 10_10_5,chrome 65.0,1280x800,desktop
D002673,MacOS,Mac OS X 10_10_5,chrome 65.0,1366x768,desktop
D002674,MacOS,Mac OS X 10_10_5,chrome 65.0,1440x900,desktop
D002675,MacOS,Mac OS X 10_10_5,chrome 65.0,1680x1050,desktop
D002676,MacOS,Mac OS X 10_10_5,chrome 65.0,1920x1080,desktop
D002677,MacOS,Mac OS X 10_10_5,chrome 65.0,1920x1200,desktop
D002678,MacOS,Mac OS X 10_10_5,chrome 65.0,2560x1440,desktop
D002679,MacOS,Mac OS X 10_10_5,chrome 65.0,2560x1600,desktop
D002680,MacOS,Mac OS X 10_10_5,chrome 65.0,2880x1800,desktop
D002681,MacOS,Mac OS X 10_10_5,chrome 65.0,3360x2100,desktop
D002682,MacOS,Mac OS X 10_10_5,chrome 66.0,1280x1024,desktop
D002683,MacOS,Mac OS X 10_10_5,chrome 66.0,1280x800,desktop
D002684,MacOS,Mac OS X 10_10_5,chrome 66.0,1440x900,desktop
D002685,MacOS,Mac OS X 10_10_5,chrome 66.0,1920x1080,desktop
D002686,MacOS,Mac OS X 10_10_5,chrome 66.0,1920x1200,desktop
D002687,MacOS,Mac OS X 10_10_5,chrome 66.0,2560x1440,desktop
D002688,MacOS,Mac OS X 10_10_5,chrome 66.0,2560x1600,desktop
D002689,MacOS,Mac OS X 10_10_5,chrome 66.0,2880x1800,desktop
D002690,MacOS,Mac OS X 10_10_5,chrome 67.0,1920x1200,desktop
D002691,MacOS,Mac OS X 10_10_5,chrome generic,,desktop
D002692,MacOS,Mac OS X 10_10_5,chrome generic,1280x800,desktop
D002693,MacOS,Mac OS X 10_10_5,chrome generic,1366x768,desktop
D002694,MacOS,Mac OS X 10_10_5,chrome generic,1440x900,desktop
D002695,MacOS,Mac OS X 10_10_5,chrome generic,1920x1080,desktop
D002696,MacOS,Mac OS X 10_10_5,chrome generic,2560x1600,desktop
D002697,MacOS,Mac OS X 10_10_5,chrome generic,2880x1800,desktop
D002698,MacOS,Mac OS X 10_10_5,chrome,1280x800,desktop
D002699,MacOS,Mac OS X 10_10_5,chrome,1440x900,desktop
D002700,MacOS,Mac OS X 10_10_5,chrome,2880x1800,desktop
D002701,MacOS,Mac OS X 10_10_5,opera 49.0,1280x800,desktop
D002702,MacOS,Mac OS X 10_10_5,safari 10.0,1280x800,desktop
D002703,MacOS,Mac OS X 10_10_5,safari 10.0,1366x768,desktop
D002704,MacOS,Mac OS X 10_10_5,safari 10.0,1440x900,desktop
D002705,MacOS,Mac OS X 10_10_5,safari 10.0,1600x900,desktop
D002706,MacOS,Mac OS X 10_10_5,safari 10.0,1680x1050,desktop
D002707,MacOS,Mac OS X 10_10_5,safari 10.0,1920x1080,desktop
D002708,MacOS,Mac OS X 10_10_5,safari 10.0,2560x1440,desktop
D002709,MacOS,Mac OS X 10_10_5,safari 10.0,2560x1600,desktop
D002710,MacOS,Mac OS X 10_10_5,safari 10.0,2880x1800,desktop
D002711,MacOS,Mac OS X 10_10_5,safari 9.0,1440x900,desktop
D002712,MacOS,Mac OS X 10_10_5,safari generic,1024x640,desktop
D002713,MacOS,Mac OS X 10_10_5,safari generic,1152x720,desktop
D002714,MacOS,Mac OS X 10_10_5,safari generic,1280x720,desktop
D002715,MacOS,Mac OS X 10_10_5,safari generic,1280x768,desktop
D002716,MacOS,Mac OS X 10_10_5,safari generic,1280x800,desktop
D002717,MacOS,Mac OS X 10_10_5,safari generic,1344x840,desktop
D002718,MacOS,Mac OS X 10_10_5,safari generic,1360x768,desktop
D002719,MacOS,Mac OS X 10_10_5,safari generic,1366x768,desktop
D002720,MacOS,Mac OS X 10_10_5,safari generic,1440x900,desktop
D002721,MacOS,Mac OS X 10_10_5,safari generic,1600x900,desktop
D002722,MacOS,Mac OS X 10_10_5,safari generic,1680x1050,desktop
D002723,MacOS,Mac OS X 10_10_5,safari generic,1920x1080,desktop
D002724,MacOS,Mac OS X 10_10_5,safari generic,1920x1200,desktop
D002725,MacOS,Mac OS X 10_10_5,safari generic,2048x1152,desktop
D002726,MacOS,Mac OS X 10_10_5,safari generic,2048x1280,desktop
D002727,MacOS,Mac OS X 10_10_5,safari generic,2560x1440,desktop
D002728,MacOS,Mac OS X 10_10_5,safari generic,2560x1600,desktop
D002729,MacOS,Mac OS X 10_10_5,safari generic,2880x1800,desktop
D002730,MacOS,Mac OS X 10_10_5,safari generic,3360x2100,desktop
D002731,MacOS,Mac OS X 10_10_5,safari generic,5120x2880,desktop
D002732,MacOS,Mac OS X 10_11_3,chrome 59.0,1440x900,desktop
D002733,MacOS,Mac OS X 10_11_3,chrome 60.0,1280x800,desktop
D002734,MacOS,Mac OS X 10_11_3,chrome 61.0,2560x1600,desktop
D002735,MacOS,Mac OS X 10_11_3,chrome 62.0,1280x800,desktop
D002736,MacOS,Mac OS X 10_11_3,chrome 62.0,1366x768,desktop
D002737,MacOS,Mac OS X 10_11_3,chrome 62.0,1440x900,desktop
D002738,MacOS,Mac OS X 10_11_3,chrome 62.0,2560x1440,desktop
D002739,MacOS,Mac OS X 10_11_3,chrome 62.0,2560x1600,desktop
D002740,MacOS,Mac OS X 10_11_3,chrome 62.0,2880x1800,desktop
D002741,MacOS,Mac OS X 10_11_3,chrome 63.0,1280x800,desktop
D002742,MacOS,Mac OS X 10_11_3,chrome 63.0,1440x900,desktop
D002743,MacOS,Mac OS X 10_11_3,chrome 63.0,1600x900,desktop
D002744,MacOS,Mac OS X 10_11_3,chrome 63.0,1920x1080,desktop
D002745,MacOS,Mac OS X 10_11_3,chrome 63.0,2560x1600,desktop
D002746,MacOS,Mac OS X 10_11_3,chrome 63.0,2880x1800,desktop
D002747,MacOS,Mac OS X 10_11_3,chrome 65.0,1440x900,desktop
D002748,MacOS,Mac OS X 10_11_3,chrome 65.0,1920x1080,desktop
D002749,MacOS,Mac OS X 10_11_3,safari generic,1280x800,desktop
D002750,MacOS,Mac OS X 10_11_3,safari generic,1366x768,desktop
D002751,MacOS,Mac OS X 10_11_3,safari generic,1440x900,desktop
D002752,MacOS,Mac OS X 10_11_3,safari generic,1680x1050,desktop
D002753,MacOS,Mac OS X 10_11_3,safari generic,1920x1080,desktop
D002754,MacOS,Mac OS X 10_11_3,safari generic,2560x1600,desktop
D002755,MacOS,Mac OS X 10_11_3,safari generic,5120x2880,desktop
D002756,MacOS,Mac OS X 10_11_4,chrome 58.0,1440x900,desktop
D002757,MacOS,Mac OS X 10_11_4,chrome 61.0,1440x900,desktop
D002758,MacOS,Mac OS X 10_11_4,chrome 61.0,2560x1440,desktop
D002759,MacOS,Mac OS X 10_11_4,chrome 62.0,1280x800,desktop
D002760,MacOS,Mac OS X 10_11_4,chrome 62.0,1920x1080,desktop
D002761,MacOS,Mac OS X 10_11_4,chrome 62.0,2560x1440,desktop
D002762,MacOS,Mac OS X 10_11_4,chrome 62.0,2560x1600,desktop
D002763,MacOS,Mac OS X 10_11_4,chrome 63.0,1280x800,desktop
D002764,MacOS,Mac OS X 10_11_4,chrome 63.0,1440x900,desktop
D002765,MacOS,Mac OS X 10_11_4,chrome 63.0,2560x1440,desktop
D002766,MacOS,Mac OS X 10_11_4,chrome 63.0,2560x1600,desktop
D002767,MacOS,Mac OS X 10_11_4,chrome 64.0,1920x1080,desktop
D002768,MacOS,Mac OS X 10_11_4,chrome 65.0,1280x800,desktop
D002769,MacOS,Mac OS X 10_11_4,chrome 65.0,2560x1600,desktop
D002770,MacOS,Mac OS X 10_11_4,chrome generic,1440x900,desktop
D002771,MacOS,Mac OS X 10_11_4,chrome,1440x900,desktop
D002772,MacOS,Mac OS X 10_11_4,safari 9.0,1440x900,desktop
D002773,MacOS,Mac OS X 10_11_4,safari 9.0,1920x1080,desktop
D002774,MacOS,Mac OS X 10_11_4,safari generic,1152x720,desktop
D002775,MacOS,Mac OS X 10_11_4,safari generic,1280x800,desktop
D002776,MacOS,Mac OS X 10_11_4,safari generic,1440x900,desktop
D002777,MacOS,Mac OS X 10_11_4,safari generic,1600x1000,desktop
D002778,MacOS,Mac OS X 10_11_4,safari generic,1920x1080,desktop
D002779,MacOS,Mac OS X 10_11_4,safari generic,2560x1440,desktop
D002780,MacOS,Mac OS X 10_11_4,safari generic,2560x1600,desktop
D002781,MacOS,Mac OS X 10_11_4,safari generic,2880x1800,desktop
D002782,MacOS,Mac OS X 10_11_4,safari generic,3440x1440,desktop
D002783,MacOS,Mac OS X 10_11_4,safari generic,5120x2880,desktop
D002784,MacOS,Mac OS X 10_11_5,chrome 58.0,2560x1600,desktop
D002785,MacOS,Mac OS X 10_11_5,chrome 60.0,1280x800,desktop
D002786,MacOS,Mac OS X 10_11_5,chrome 61.0,2560x1600,desktop
D002787,MacOS,Mac OS X 10_11_5,chrome 61.0,2880x1800,desktop
D002788,MacOS,Mac OS X 10_11_5,chrome 62.0,1280x800,desktop
D002789,MacOS,Mac OS X 10_11_5,chrome 62.0,1440x900,desktop
D002790,MacOS,Mac OS X 10_11_5,chrome 62.0,2560x1600,desktop
D002791,MacOS,Mac OS X 10_11_5,chrome 63.0,1280x800,desktop
D002792,MacOS,Mac OS X 10_11_5,chrome 63.0,1440x900,desktop
D002793,MacOS,Mac OS X 10_11_5,chrome 63.0,2560x1600,desktop
D002794,MacOS,Mac OS X 10_11_5,chrome 64.0,1280x800,desktop
D002795,MacOS,Mac OS X 10_11_5,chrome 65.0,1440x900,desktop
D002796,MacOS,Mac OS X 10_11_5,chrome 65.0,2560x1600,desktop
D002797,MacOS,Mac OS X 10_11_5,chrome 65.0,3840x2160,desktop
D002798,MacOS,Mac OS X 10_11_5,chrome 65.0,5120x2880,desktop
D002799,MacOS,Mac OS X 10_11_5,chrome 66.0,1280x800,desktop
D002800,MacOS,Mac OS X 10_11_5,safari 9.0,2880x1800,desktop
D002801,MacOS,Mac OS X 10_11_5,safari generic,1280x800,desktop
D002802,MacOS,Mac OS X 10_11_5,safari generic,1366x768,desktop
D002803,MacOS,Mac OS X 10_11_5,safari generic,1440x900,desktop
D002804,MacOS,Mac OS X 10_11_5,safari generic,1920x1080,desktop
D002805,MacOS,Mac OS X 10_11_5,safari generic,1920x1200,desktop
D002806,MacOS,Mac OS X 10_11_5,safari generic,2560x1600,desktop
D002807,MacOS,Mac OS X 10_11_5,safari generic,2880x1800,desktop
D002808,MacOS,Mac OS X 10_11_5,safari generic,3200x1800,desktop
D002809,MacOS,Mac OS X 10_11_5,safari generic,5120x2880,desktop
D002810,MacOS,Mac OS X 10_11_6,chrome 51.0,2880x1800,desktop
D002811,MacOS,Mac OS X 10_11_6,chrome 55.0,2560x1600,desktop
D002812,MacOS,Mac OS X 10_11_6,chrome 55.0,2880x1800,desktop
D002813,MacOS,Mac OS X 10_11_6,chrome 57.0,1440x900,desktop
D002814,MacOS,Mac OS X 10_11_6,chrome 58.0,1280x800,desktop
D002815,MacOS,Mac OS X 10_11_6,chrome 58.0,1440x900,desktop
D002816,MacOS,Mac OS X 10_11_6,chrome 58.0,1920x1080,desktop
D002817,MacOS,Mac OS X 10_11_6,chrome 59.0,1280x800,desktop
D002818,MacOS,Mac OS X 10_11_6,chrome 59.0,2560x1600,desktop
D002819,MacOS,Mac OS X 10_11_6,chrome 60.0,1280x800,desktop
D002820,MacOS,Mac OS X 10_11_6,chrome 60.0,1440x900,desktop
D002821,MacOS,Mac OS X 10_11_6,chrome 60.0,1920x1200,desktop
D002822,MacOS,Mac OS X 10_11_6,chrome 60.0,2560x1440,desktop
D002823,MacOS,Mac OS X 10_11_6,chrome 61.0,1280x800,desktop
D002824,MacOS,Mac OS X 10_11_6,chrome 61.0,1344x840,desktop
D002825,MacOS,Mac OS X 10_11_6,chrome 61.0,1366x768,desktop
D002826,MacOS,Mac OS X 10_11_6,chrome 61.0,1440x900,desktop
D002827,MacOS,Mac OS X 10_11_6,chrome 61.0,1680x1050,desktop
D002828,MacOS,Mac OS X 10_11_6,chrome 61.0,1920x1080,desktop
D002829,MacOS,Mac OS X 10_11_6,chrome 61.0,1920x1200,desktop
D002830,MacOS,Mac OS X 10_11_6,chrome 61.0,2560x1600,desktop
D002831,MacOS,Mac OS X 10_11_6,chrome 61.0,2880x1800,desktop
D002832,MacOS,Mac OS X 10_11_6,chrome 61.0,3360x2100,desktop
D002833,MacOS,Mac OS X 10_11_6,chrome 61.0,4096x2304,desktop
D002834,MacOS,Mac OS X 10_11_6,chrome 61.0,5120x2880,desktop
D002835,MacOS,Mac OS X 10_11_6,chrome 62.0,,desktop
D002836,MacOS,Mac OS X 10_11_6,chrome 62.0,1280x800,desktop
D002837,MacOS,Mac OS X 10_11_6,chrome 62.0,1366x768,desktop
D002838,MacOS,Mac OS X 10_11_6,chrome 62.0,1440x900,desktop
D002839,MacOS,Mac OS X 10_11_6,chrome 62.0,1600x900,desktop
D002840,MacOS,Mac OS X 10_11_6,chrome 62.0,1680x1050,desktop
D002841,MacOS,Mac OS X 10_11_6,chrome 62.0,1920x1080,desktop
D002842,MacOS,Mac OS X 10_11_6,chrome 62.0,1920x1200,desktop
D002843,MacOS,Mac OS X 10_11_6,chrome 62.0,2048x1152,desktop
D002844,MacOS,Mac OS X 10_11_6,chrome 62.0,2560x1080,desktop
D002845,MacOS,Mac OS X 10_11_6,chrome 62.0,2560x1440,desktop
D002846,MacOS,Mac OS X 10_11_6,chrome 62.0,2560x1600,desktop
D002847,MacOS,Mac OS X 10_11_6,chrome 62.0,2880x1800,desktop
D002848,MacOS,Mac OS X 10_11_6,chrome 62.0,3200x1800,desktop
D002849,MacOS,Mac OS X 10_11_6,chrome 62.0,3360x2100,desktop
D002850,MacOS,Mac OS X 10_11_6,chrome 62.0,4096x2304,desktop
D002851,MacOS,Mac OS X 10_11_6,chrome 62.0,5120x2880,desktop
D002852,MacOS,Mac OS X 10_11_6,chrome 63.0,1024x640,desktop
D002853,MacOS,Mac OS X 10_11_6,chrome 63.0,1152x864,desktop
D002854,MacOS,Mac OS X 10_11_6,chrome 63.0,1280x1024,desktop
D002855,MacOS,Mac OS X 10_11_6,chrome 63.0,1280x800,desktop
D002856,MacOS,Mac OS X 10_11_6,chrome 63.0,1366x768,desktop
D002857,MacOS,Mac OS X 10_11_6,chrome 63.0,1440x900,desktop
D002858,MacOS,Mac OS X 10_11_6,chrome 63.0,1600x1000,desktop
D002859,MacOS,Mac OS X 10_11_6,chrome 63.0,1600x900,desktop
D002860,MacOS,Mac OS X 10_11_6,chrome 63.0,1680x1050,desktop
D002861,MacOS,Mac OS X 10_11_6,chrome 63.0,1920x1080,desktop
D002862,MacOS,Mac OS X 10_11_6,chrome 63.0,1920x1200,desktop
D002863,MacOS,Mac OS X 10_11_6,chrome 63.0,2560x1080,desktop
D002864,MacOS,Mac OS X 10_11_6,chrome 63.0,2560x1440,desktop
D002865,MacOS,Mac OS X 10_11_6,chrome 63.0,2560x1600,desktop
D002866,MacOS,Mac OS X 10_11_6,chrome 63.0,2880x1800,desktop
D002867,MacOS,Mac OS X 10_11_6,chrome 63.0,3200x1800,desktop
D002868,MacOS,Mac OS X 10_11_6,chrome 63.0,3600x2250,desktop
D002869,MacOS,Mac OS X 10_11_6,chrome 63.0,3840x2160,desktop
D002870,MacOS,Mac OS X 10_11_6,chrome 63.0,4096x2304,desktop
D002871,MacOS,Mac OS X 10_11_6,chrome 63.0,5120x2880,desktop
D002872,MacOS,Mac OS X 10_11_6,chrome 64.0,1152x648,desktop
D002873,MacOS,Mac OS X 10_11_6,chrome 64.0,1280x800,desktop
D002874,MacOS,Mac OS X 10_11_6,chrome 64.0,1366x768,desktop
D002875,MacOS,Mac OS X 10_11_6,chrome 64.0,1440x900,desktop
D002876,MacOS,Mac OS X 10_11_6,chrome 64.0,1600x1200,desktop
D002877,MacOS,Mac OS X 10_11_6,chrome 64.0,1680x1050,desktop
D002878,MacOS,Mac OS X 10_11_6,chrome 64.0,1920x1080,desktop
D002879,MacOS,Mac OS X 10_11_6,chrome 64.0,1920x1200,desktop
D002880,MacOS,Mac OS X 10_11_6,chrome 64.0,2560x1440,desktop
D002881,MacOS,Mac OS X 10_11_6,chrome 64.0,2560x1600,desktop
D002882,MacOS,Mac OS X 10_11_6,chrome 64.0,2880x1800,desktop
D002883,MacOS,Mac OS X 10_11_6,chrome 64.0,4096x2304,desktop
D002884,MacOS,Mac OS X 10_11_6,chrome 64.0,5120x2880,desktop
D002885,MacOS,Mac OS X 10_11_6,chrome 65.0,1280x800,desktop
D002886,MacOS,Mac OS X 10_11_6,chrome 65.0,1366x768,desktop
D002887,MacOS,Mac OS X 10_11_6,chrome 65.0,1440x900,desktop
D002888,MacOS,Mac OS X 10_11_6,chrome 65.0,1600x900,desktop
D002889,MacOS,Mac OS X 10_11_6,chrome 65.0,1680x1050,desktop
D002890,MacOS,Mac OS X 10_11_6,chrome 65.0,1920x1080,desktop
D002891,MacOS,Mac OS X 10_11_6,chrome 65.0,2560x1440,desktop
D002892,MacOS,Mac OS X 10_11_6,chrome 65.0,2560x1600,desktop
D002893,MacOS,Mac OS X 10_11_6,chrome 65.0,2880x1800,desktop
D002894,MacOS,Mac OS X 10_11_6,chrome 65.0,3360x2100,desktop
D002895,MacOS,Mac OS X 10_11_6,chrome 65.0,4096x2304,desktop
D002896,MacOS,Mac OS X 10_11_6,chrome 66.0,1280x800,desktop
D002897,MacOS,Mac OS X 10_11_6,chrome 66.0,1366x768,desktop
D002898,MacOS,Mac OS X 10_11_6,chrome 66.0,1440x900,desktop
D002899,MacOS,Mac OS X 10_11_6,chrome 66.0,1680x1050,desktop
D002900,MacOS,Mac OS X 10_11_6,chrome 66.0,1920x1080,desktop
D002901,MacOS,Mac OS X 10_11_6,chrome 66.0,1920x1200,desktop
D002902,MacOS,Mac OS X 10_11_6,chrome 66.0,2560x1080,desktop
D002903,MacOS,Mac OS X 10_11_6,chrome 66.0,2560x1440,desktop
D002904,MacOS,Mac OS X 10_11_6,chrome 66.0,2560x1600,desktop
D002905,MacOS,Mac OS X 10_11_6,chrome 66.0,2880x1800,desktop
D002906,MacOS,Mac OS X 10_11_6,chrome generic,1366x768,desktop
D002907,MacOS,Mac OS X 10_11_6,chrome generic,1440x900,desktop
D002908,MacOS,Mac OS X 10_11_6,chrome generic,1680x1050,desktop
D002909,MacOS,Mac OS X 10_11_6,chrome generic,1920x1080,desktop
D002910,MacOS,Mac OS X 10_11_6,chrome generic,2560x1600,desktop
D002911,MacOS,Mac OS X 10_11_6,chrome generic,2880x1800,desktop
D002912,MacOS,Mac OS X 10_11_6,chrome generic,5120x2880,desktop
D002913,MacOS,Mac OS X 10_11_6,chrome,1280x800,desktop
D002914,MacOS,Mac OS X 10_11_6,chrome,1440x900,desktop
D002915,MacOS,Mac OS X 10_11_6,chrome,1920x1200,desktop
D002916,MacOS,Mac OS X 10_11_6,chrome,2880x1800,desktop
D002917,MacOS,Mac OS X 10_11_6,opera 49.0,1280x800,desktop
D002918,MacOS,Mac OS X 10_11_6,opera 49.0,5120x2880,desktop
D002919,MacOS,Mac OS X 10_11_6,opera 51.0,1920x1080,desktop
D002920,MacOS,Mac OS X 10_11_6,other,1152x720,mobile
D002921,MacOS,Mac OS X 10_11_6,other,1440x900,mobile
D002922,MacOS,Mac OS X 10_11_6,other,1600x900,mobile
D002923,MacOS,Mac OS X 10_11_6,other,1920x1080,mobile
D002924,MacOS,Mac OS X 10_11_6,other,2560x1440,mobile
D002925,MacOS,Mac OS X 10_11_6,other,2560x1600,mobile
D002926,MacOS,Mac OS X 10_11_6,other,2880x1800,mobile
D002927,MacOS,Mac OS X 10_11_6,safari 10.0,1440x900,desktop
D002928,MacOS,Mac OS X 10_11_6,safari 10.0,1920x1080,desktop
D002929,MacOS,Mac OS X 10_11_6,safari 11.0,1024x640,desktop
D002930,MacOS,Mac OS X 10_11_6,safari 11.0,1280x800,desktop
D002931,MacOS,Mac OS X 10_11_6,safari 11.0,1366x768,desktop
D002932,MacOS,Mac OS X 10_11_6,safari 11.0,1440x900,desktop
D002933,MacOS,Mac OS X 10_11_6,safari 11.0,1600x900,desktop
D002934,MacOS,Mac OS X 10_11_6,safari 11.0,1920x1080,desktop
D002935,MacOS,Mac OS X 10_11_6,safari 11.0,1920x1200,desktop
D002936,MacOS,Mac OS X 10_11_6,safari 11.0,2560x1440,desktop
D002937,MacOS,Mac OS X 10_11_6,safari 11.0,2560x1600,desktop
D002938,MacOS,Mac OS X 10_11_6,safari 11.0,2880x1800,desktop
D002939,MacOS,Mac OS X 10_11_6,safari 11.0,5120x2880,desktop
D002940,MacOS,Mac OS X 10_11_6,safari 9.0,1152x720,desktop
D002941,MacOS,Mac OS X 10_11_6,safari 9.0,1280x800,desktop
D002942,MacOS,Mac OS X 10_11_6,safari 9.0,1366x768,desktop
D002943,MacOS,Mac OS X 10_11_6,safari 9.0,1440x900,desktop
D002944,MacOS,Mac OS X 10_11_6,safari 9.0,1920x1080,desktop
D002945,MacOS,Mac OS X 10_11_6,safari 9.0,2560x1600,desktop
D002946,MacOS,Mac OS X 10_11_6,safari 9.0,4096x2304,desktop
D002947,MacOS,Mac OS X 10_11_6,safari generic,1152x720,desktop
D002948,MacOS,Mac OS X 10_11_6,safari generic,1280x1024,desktop
D002949,MacOS,Mac OS X 10_11_6,safari generic,1280x720,desktop
D002950,MacOS,Mac OS X 10_11_6,safari generic,1280x768,desktop
D002951,MacOS,Mac OS X 10_11_6,safari generic,1280x800,desktop
D002952,MacOS,Mac OS X 10_11_6,safari generic,1344x756,desktop
D002953,MacOS,Mac OS X 10_11_6,safari generic,1366x768,desktop
D002954,MacOS,Mac OS X 10_11_6,safari generic,1440x900,desktop
D002955,MacOS,Mac OS X 10_11_6,safari generic,1600x1000,desktop
D002956,MacOS,Mac OS X 10_11_6,safari generic,1600x900,desktop
D002957,MacOS,Mac OS X 10_11_6,safari generic,1680x1050,desktop
D002958,MacOS,Mac OS X 10_11_6,safari generic,1920x1080,desktop
D002959,MacOS,Mac OS X 10_11_6,safari generic,1920x1200,desktop
D002960,MacOS,Mac OS X 10_11_6,safari generic,2048x1280,desktop
D002961,MacOS,Mac OS X 10_11_6,safari generic,2304x1440,desktop
D002962,MacOS,Mac OS X 10_11_6,safari generic,2560x1080,desktop
D002963,MacOS,Mac OS X 10_11_6,safari generic,2560x1440,desktop
D002964,MacOS,Mac OS X 10_11_6,safari generic,2560x1600,desktop
D002965,MacOS,Mac OS X 10_11_6,safari generic,2880x1800,desktop
D002966,MacOS,Mac OS X 10_11_6,safari generic,3360x2100,desktop
D002967,MacOS,Mac OS X 10_11_6,safari generic,3440x1440,desktop
D002968,MacOS,Mac OS X 10_11_6,safari generic,4096x2304,desktop
D002969,MacOS,Mac OS X 10_11_6,safari generic,5120x2880,desktop
D002970,MacOS,Mac OS X 10_12,safari 10.0,1280x800,desktop
D002971,MacOS,Mac OS X 10_12,safari 10.0,1366x768,desktop
D002972,MacOS,Mac OS X 10_12,safari 10.0,1440x900,desktop
D002973,MacOS,Mac OS X 10_12,safari generic,1280x800,desktop
D002974,MacOS,Mac OS X 10_12,safari generic,1366x768,desktop
D002975,MacOS,Mac OS X 10_12,safari generic,1440x900,desktop
D002976,MacOS,Mac OS X 10_12,safari generic,1920x1080,desktop
D002977,MacOS,Mac OS X 10_12,safari generic,1920x1200,desktop
D002978,MacOS,Mac OS X 10_12,safari generic,2560x1440,desktop
D002979,MacOS,Mac OS X 10_12,safari generic,2560x1600,desktop
D002980,MacOS,Mac OS X 10_12,safari generic,2880x1800,desktop
D002981,MacOS,Mac OS X 10_12,safari generic,5120x2880,desktop
D002982,MacOS,Mac OS X 10_12_1,chrome 60.0,1280x800,desktop
D002983,MacOS,Mac OS X 10_12_1,chrome 61.0,1440x900,desktop
D002984,MacOS,Mac OS X 10_12_1,chrome 61.0,1920x1080,desktop
D002985,MacOS,Mac OS X 10_12_1,chrome 62.0,1280x720,desktop
D002986,MacOS,Mac OS X 10_12_1,chrome 62.0,1920x1080,desktop
D002987,MacOS,Mac OS X 10_12_1,chrome 62.0,2560x1600,desktop
D002988,MacOS,Mac OS X 10_12_1,chrome 63.0,1280x800,desktop
D002989,MacOS,Mac OS X 10_12_1,chrome 63.0,1440x900,desktop
D002990,MacOS,Mac OS X 10_12_1,chrome 63.0,1920x1080,desktop
D002991,MacOS,Mac OS X 10_12_1,chrome 64.0,1280x800,desktop
D002992,MacOS,Mac OS X 10_12_1,chrome 64.0,2048x1278,desktop
D002993,MacOS,Mac OS X 10_12_1,safari 10.0,1280x800,desktop
D002994,MacOS,Mac OS X 10_12_1,safari 10.0,2560x1600,desktop
D002995,MacOS,Mac OS X 10_12_1,safari generic,1280x800,desktop
D002996,MacOS,Mac OS X 10_12_1,safari generic,1440x900,desktop
D002997,MacOS,Mac OS X 10_12_1,safari generic,1920x1080,desktop
D002998,MacOS,Mac OS X 10_12_1,safari generic,2560x1440,desktop
D002999,MacOS,Mac OS X 10_12_1,safari generic,2560x1600,desktop
D003000,MacOS,Mac OS X 10_12_1,safari generic,2880x1800,desktop
D003001,MacOS,Mac OS X 10_12_1,safari generic,5120x2880,desktop
D003002,MacOS,Mac OS X 10_12_2,chrome 58.0,1680x1050,desktop
D003003,MacOS,Mac OS X 10_12_2,chrome 61.0,1280x800,desktop
D003004,MacOS,Mac OS X 10_12_2,chrome 62.0,1280x800,desktop
D003005,MacOS,Mac OS X 10_12_2,chrome 62.0,1440x900,desktop
D003006,MacOS,Mac OS X 10_12_2,chrome 63.0,1280x800,desktop
D003007,MacOS,Mac OS X 10_12_2,chrome 63.0,1440x900,desktop
D003008,MacOS,Mac OS X 10_12_2,chrome 63.0,1920x1080,desktop
D003009,MacOS,Mac OS X 10_12_2,chrome 63.0,2880x1800,desktop
D003010,MacOS,Mac OS X 10_12_2,chrome 63.0,4096x2304,desktop
D003011,MacOS,Mac OS X 10_12_2,chrome 65.0,1440x900,desktop
D003012,MacOS,Mac OS X 10_12_2,chrome 65.0,1920x1080,desktop
D003013,MacOS,Mac OS X 10_12_2,safari generic,1280x800,desktop
D003014,MacOS,Mac OS X 10_12_2,safari generic,1440x900,desktop
D003015,MacOS,Mac OS X 10_12_2,safari generic,1920x1080,desktop
D003016,MacOS,Mac OS X 10_12_2,safari generic,2560x1600,desktop
D003017,MacOS,Mac OS X 10_12_2,safari generic,2880x1800,desktop
D003018,MacOS,Mac OS X 10_12_2,safari generic,3360x2100,desktop
D003019,MacOS,Mac OS X 10_12_3,chrome 58.0,1366x768,desktop
D003020,MacOS,Mac OS X 10_12_3,chrome 58.0,1440x900,desktop
D003021,MacOS,Mac OS X 10_12_3,chrome 59.0,1366x768,desktop
D003022,MacOS,Mac OS X 10_12_3,chrome 59.0,1440x900,desktop
D003023,MacOS,Mac OS X 10_12_3,chrome 62.0,1440x900,desktop
D003024,MacOS,Mac OS X 10_12_3,chrome 62.0,1920x1080,desktop
D003025,MacOS,Mac OS X 10_12_3,chrome 62.0,1920x1200,desktop
D003026,MacOS,Mac OS X 10_12_3,chrome 62.0,2880x1800,desktop
D003027,MacOS,Mac OS X 10_12_3,chrome 63.0,1366x768,desktop
D003028,MacOS,Mac OS X 10_12_3,chrome 63.0,1440x900,desktop
D003029,MacOS,Mac OS X 10_12_3,chrome 63.0,2560x1440,desktop
D003030,MacOS,Mac OS X 10_12_3,chrome 63.0,2880x1800,desktop
D003031,MacOS,Mac OS X 10_12_3,chrome 63.0,3360x2100,desktop
D003032,MacOS,Mac OS X 10_12_3,chrome 63.0,4096x2304,desktop
D003033,MacOS,Mac OS X 10_12_3,chrome 63.0,5120x2880,desktop
D003034,MacOS,Mac OS X 10_12_3,chrome 64.0,1366x768,desktop
D003035,MacOS,Mac OS X 10_12_3,chrome 64.0,2560x1440,desktop
D003036,MacOS,Mac OS X 10_12_3,chrome 64.0,2560x1600,desktop
D003037,MacOS,Mac OS X 10_12_3,chrome 64.0,5120x2880,desktop
D003038,MacOS,Mac OS X 10_12_3,chrome 66.0,2880x1800,desktop
D003039,MacOS,Mac OS X 10_12_3,chrome generic,1680x1050,desktop
D003040,MacOS,Mac OS X 10_12_3,safari generic,1280x800,desktop
D003041,MacOS,Mac OS X 10_12_3,safari generic,1366x768,desktop
D003042,MacOS,Mac OS X 10_12_3,safari generic,1440x800,desktop
D003043,MacOS,Mac OS X 10_12_3,safari generic,1440x900,desktop
D003044,MacOS,Mac OS X 10_12_3,safari generic,1920x1080,desktop
D003045,MacOS,Mac OS X 10_12_3,safari generic,2560x1440,desktop
D003046,MacOS,Mac OS X 10_12_3,safari generic,2560x1600,desktop
D003047,MacOS,Mac OS X 10_12_3,safari generic,2880x1800,desktop
D003048,MacOS,Mac OS X 10_12_3,safari generic,3360x2100,desktop
D003049,MacOS,Mac OS X 10_12_3,safari generic,5120x2880,desktop
D003050,MacOS,Mac OS X 10_12_4,chrome 61.0,1440x900,desktop
D003051,MacOS,Mac OS X 10_12_4,chrome 62.0,1280x800,desktop
D003052,MacOS,Mac OS X 10_12_4,chrome 62.0,1366x768,desktop
D003053,MacOS,Mac OS X 10_12_4,chrome 62.0,1440x900,desktop
D003054,MacOS,Mac OS X 10_12_4,chrome 62.0,1920x1080,desktop
D003055,MacOS,Mac OS X 10_12_4,chrome 62.0,2560x1600,desktop
D003056,MacOS,Mac OS X 10_12_4,chrome 62.0,5120x2880,desktop
D003057,MacOS,Mac OS X 10_12_4,chrome 63.0,1280x800,desktop
D003058,MacOS,Mac OS X 10_12_4,chrome 63.0,1440x900,desktop
D003059,MacOS,Mac OS X 10_12_4,chrome 63.0,2560x1440,desktop
D003060,MacOS,Mac OS X 10_12_4,chrome 63.0,2560x1600,desktop
D003061,MacOS,Mac OS X 10_12_4,chrome 63.0,2880x1800,desktop
D003062,MacOS,Mac OS X 10_12_4,chrome 63.0,3360x2100,desktop
D003063,MacOS,Mac OS X 10_12_4,chrome 64.0,1280x800,desktop
D003064,MacOS,Mac OS X 10_12_4,chrome 64.0,1440x900,desktop
D003065,MacOS,Mac OS X 10_12_4,chrome 64.0,2560x1600,desktop
D003066,MacOS,Mac OS X 10_12_4,chrome 65.0,1920x1080,desktop
D003067,MacOS,Mac OS X 10_12_4,chrome 65.0,2560x1600,desktop
D003068,MacOS,Mac OS X 10_12_4,chrome 66.0,1366x768,desktop
D003069,MacOS,Mac OS X 10_12_4,chrome generic,2560x1440,desktop
D003070,MacOS,Mac OS X 10_12_4,chrome generic,2560x1600,desktop
D003071,MacOS,Mac OS X 10_12_4,safari 10.0,2560x1600,desktop
D003072,MacOS,Mac OS X 10_12_4,safari generic,1280x800,desktop
D003073,MacOS,Mac OS X 10_12_4,safari generic,1366x768,desktop
D003074,MacOS,Mac OS X 10_12_4,safari generic,1440x900,desktop
D003075,MacOS,Mac OS X 10_12_4,safari generic,1920x1080,desktop
D003076,MacOS,Mac OS X 10_12_4,safari generic,1920x1200,desktop
D003077,MacOS,Mac OS X 10_12_4,safari generic,2560x1440,desktop
D003078,MacOS,Mac OS X 10_12_4,safari generic,2560x1600,desktop
D003079,MacOS,Mac OS X 10_12_4,safari generic,2880x1800,desktop
D003080,MacOS,Mac OS X 10_12_4,safari generic,3360x2100,desktop
D003081,MacOS,Mac OS X 10_12_4,safari generic,4096x2304,desktop
D003082,MacOS,Mac OS X 10_12_4,safari generic,5120x2880,desktop
D003083,MacOS,Mac OS X 10_12_5,chrome 57.0,2880x1800,desktop
D003084,MacOS,Mac OS X 10_12_5,chrome 58.0,1366x768,desktop
D003085,MacOS,Mac OS X 10_12_5,chrome 59.0,1440x900,desktop
D003086,MacOS,Mac OS X 10_12_5,chrome 60.0,1920x1080,desktop
D003087,MacOS,Mac OS X 10_12_5,chrome 60.0,2560x1600,desktop
D003088,MacOS,Mac OS X 10_12_5,chrome 60.0,3360x2100,desktop
D003089,MacOS,Mac OS X 10_12_5,chrome 61.0,1366x768,desktop
D003090,MacOS,Mac OS X 10_12_5,chrome 61.0,1440x900,desktop
D003091,MacOS,Mac OS X 10_12_5,chrome 61.0,2560x1600,desktop
D003092,MacOS,Mac OS X 10_12_5,chrome 62.0,1280x800,desktop
D003093,MacOS,Mac OS X 10_12_5,chrome 62.0,1366x768,desktop
D003094,MacOS,Mac OS X 10_12_5,chrome 62.0,1440x900,desktop
D003095,MacOS,Mac OS X 10_12_5,chrome 62.0,1920x1080,desktop
D003096,MacOS,Mac OS X 10_12_5,chrome 62.0,2560x1600,desktop
D003097,MacOS,Mac OS X 10_12_5,chrome 62.0,2880x1800,desktop
D003098,MacOS,Mac OS X 10_12_5,chrome 62.0,3360x2100,desktop
D003099,MacOS,Mac OS X 10_12_5,chrome 62.0,3840x2160,desktop
D003100,MacOS,Mac OS X 10_12_5,chrome 62.0,3840x2400,desktop
D003101,MacOS,Mac OS X 10_12_5,chrome 63.0,1280x800,desktop
D003102,MacOS,Mac OS X 10_12_5,chrome 63.0,1440x900,desktop
D003103,MacOS,Mac OS X 10_12_5,chrome 63.0,1920x1080,desktop
D003104,MacOS,Mac OS X 10_12_5,chrome 63.0,2560x1440,desktop
D003105,MacOS,Mac OS X 10_12_5,chrome 63.0,2560x1600,desktop
D003106,MacOS,Mac OS X 10_12_5,chrome 63.0,2880x1800,desktop
D003107,MacOS,Mac OS X 10_12_5,chrome 63.0,5120x2880,desktop
D003108,MacOS,Mac OS X 10_12_5,chrome 64.0,1440x900,desktop
D003109,MacOS,Mac OS X 10_12_5,chrome 64.0,2560x1600,desktop
D003110,MacOS,Mac OS X 10_12_5,chrome 64.0,2880x1800,desktop
D003111,MacOS,Mac OS X 10_12_5,chrome 65.0,2560x1600,desktop
D003112,MacOS,Mac OS X 10_12_5,chrome 66.0,1280x800,desktop
D003113,MacOS,Mac OS X 10_12_5,chrome 66.0,1440x900,desktop
D003114,MacOS,Mac OS X 10_12_5,chrome 66.0,2560x1600,desktop
D003115,MacOS,Mac OS X 10_12_5,chrome generic,1440x900,desktop
D003116,MacOS,Mac OS X 10_12_5,safari 10.0,1440x900,desktop
D003117,MacOS,Mac OS X 10_12_5,safari 10.0,2560x1600,desktop
D003118,MacOS,Mac OS X 10_12_5,safari 10.0,2880x1800,desktop
D003119,MacOS,Mac OS X 10_12_5,safari generic,1280x720,desktop
D003120,MacOS,Mac OS X 10_12_5,safari generic,1280x800,desktop
D003121,MacOS,Mac OS X 10_12_5,safari generic,1344x756,desktop
D003122,MacOS,Mac OS X 10_12_5,safari generic,1366x768,desktop
D003123,MacOS,Mac OS X 10_12_5,safari generic,1440x900,desktop
D003124,MacOS,Mac OS X 10_12_5,safari generic,1680x1050,desktop
D003125,MacOS,Mac OS X 10_12_5,safari generic,1920x1080,desktop
D003126,MacOS,Mac OS X 10_12_5,safari generic,2048x1280,desktop
D003127,MacOS,Mac OS X 10_12_5,safari generic,2560x1440,desktop
D003128,MacOS,Mac OS X 10_12_5,safari generic,2560x1600,desktop
D003129,MacOS,Mac OS X 10_12_5,safari generic,2880x1800,desktop
D003130,MacOS,Mac OS X 10_12_5,safari generic,3360x2100,desktop
D003131,MacOS,Mac OS X 10_12_5,safari generic,4096x2304,desktop
D003132,MacOS,Mac OS X 10_12_6,chrome 55.0,2560x1600,desktop
D003133,MacOS,Mac OS X 10_12_6,chrome 56.0,1440x900,desktop
D003134,MacOS,Mac OS X 10_12_6,chrome 56.0,1920x1080,desktop
D003135,MacOS,Mac OS X 10_12_6,chrome 56.0,2880x1800,desktop
D003136,MacOS,Mac OS X 10_12_6,chrome 57.0,1440x900,desktop
D003137,MacOS,Mac OS X 10_12_6,chrome 57.0,3360x2100,desktop
D003138,MacOS,Mac OS X 10_12_6,chrome 59.0,1280x800,desktop
D003139,MacOS,Mac OS X 10_12_6,chrome 59.0,1440x900,desktop
D003140,MacOS,Mac OS X 10_12_6,chrome 59.0,2560x1600,desktop
D003141,MacOS,Mac OS X 10_12_6,chrome 59.0,3360x2100,desktop
D003142,MacOS,Mac OS X 10_12_6,chrome 60.0,1280x800,desktop
D003143,MacOS,Mac OS X 10_12_6,chrome 60.0,1366x768,desktop
D003144,MacOS,Mac OS X 10_12_6,chrome 60.0,1440x900,desktop
D003145,MacOS,Mac OS X 10_12_6,chrome 60.0,2880x1800,desktop
D003146,MacOS,Mac OS X 10_12_6,chrome 61.0,,desktop
D003147,MacOS,Mac OS X 10_12_6,chrome 61.0,1152x720,desktop
D003148,MacOS,Mac OS X 10_12_6,chrome 61.0,1280x800,desktop
D003149,MacOS,Mac OS X 10_12_6,chrome 61.0,1366x768,desktop
D003150,MacOS,Mac OS X 10_12_6,chrome 61.0,1440x900,desktop
D003151,MacOS,Mac OS X 10_12_6,chrome 61.0,1920x1080,desktop
D003152,MacOS,Mac OS X 10_12_6,chrome 61.0,2560x1440,desktop
D003153,MacOS,Mac OS X 10_12_6,chrome 61.0,2560x1600,desktop
D003154,MacOS,Mac OS X 10_12_6,chrome 61.0,2880x1800,desktop
D003155,MacOS,Mac OS X 10_12_6,chrome 61.0,3360x2100,desktop
D003156,MacOS,Mac OS X 10_12_6,chrome 61.0,3840x2400,desktop
D003157,MacOS,Mac OS X 10_12_6,chrome 61.0,5120x2880,desktop
D003158,MacOS,Mac OS X 10_12_6,chrome 62.0,,desktop
D003159,MacOS,Mac OS X 10_12_6,chrome 62.0,1024x640,desktop
D003160,MacOS,Mac OS X 10_12_6,chrome 62.0,1280x800,desktop
D003161,MacOS,Mac OS X 10_12_6,chrome 62.0,1366x768,desktop
D003162,MacOS,Mac OS X 10_12_6,chrome 62.0,1440x900,desktop
D003163,MacOS,Mac OS X 10_12_6,chrome 62.0,1600x1000,desktop
D003164,MacOS,Mac OS X 10_12_6,chrome 62.0,1600x900,desktop
D003165,MacOS,Mac OS X 10_12_6,chrome 62.0,1680x1050,desktop
D003166,MacOS,Mac OS X 10_12_6,chrome 62.0,1920x1080,desktop
D003167,MacOS,Mac OS X 10_12_6,chrome 62.0,1920x1200,desktop
D003168,MacOS,Mac OS X 10_12_6,chrome 62.0,2304x1440,desktop
D003169,MacOS,Mac OS X 10_12_6,chrome 62.0,2560x1080,desktop
D003170,MacOS,Mac OS X 10_12_6,chrome 62.0,2560x1440,desktop
D003171,MacOS,Mac OS X 10_12_6,chrome 62.0,2560x1600,desktop
D003172,MacOS,Mac OS X 10_12_6,chrome 62.0,2880x1800,desktop
D003173,MacOS,Mac OS X 10_12_6,chrome 62.0,3200x2000,desktop
D003174,MacOS,Mac OS X 10_12_6,chrome 62.0,3360x1890,desktop
D003175,MacOS,Mac OS X 10_12_6,chrome 62.0,3360x2100,desktop
D003176,MacOS,Mac OS X 10_12_6,chrome 62.0,3440x1440,desktop
D003177,MacOS,Mac OS X 10_12_6,chrome 62.0,3840x2400,desktop
D003178,MacOS,Mac OS X 10_12_6,chrome 62.0,4096x2304,desktop
D003179,MacOS,Mac OS X 10_12_6,chrome 62.0,5120x2880,desktop
D003180,MacOS,Mac OS X 10_12_6,chrome 63.0,,desktop
D003181,MacOS,Mac OS X 10_12_6,chrome 63.0,1280x1024,desktop
D003182,MacOS,Mac OS X 10_12_6,chrome 63.0,1280x800,desktop
D003183,MacOS,Mac OS X 10_12_6,chrome 63.0,1366x768,desktop
D003184,MacOS,Mac OS X 10_12_6,chrome 63.0,1440x900,desktop
D003185,MacOS,Mac OS X 10_12_6,chrome 63.0,1600x900,desktop
D003186,MacOS,Mac OS X 10_12_6,chrome 63.0,1680x1050,desktop
D003187,MacOS,Mac OS X 10_12_6,chrome 63.0,1800x1125,desktop
D003188,MacOS,Mac OS X 10_12_6,chrome 63.0,1920x1080,desktop
D003189,MacOS,Mac OS X 10_12_6,chrome 63.0,1920x1200,desktop
D003190,MacOS,Mac OS X 10_12_6,chrome 63.0,2048x1152,desktop
D003191,MacOS,Mac OS X 10_12_6,chrome 63.0,2048x1280,desktop
D003192,MacOS,Mac OS X 10_12_6,chrome 63.0,2560x1440,desktop
D003193,MacOS,Mac OS X 10_12_6,chrome 63.0,2560x1600,desktop
D003194,MacOS,Mac OS X 10_12_6,chrome 63.0,2880x1800,desktop
D003195,MacOS,Mac OS X 10_12_6,chrome 63.0,3360x2100,desktop
D003196,MacOS,Mac OS X 10_12_6,chrome 63.0,3840x2400,desktop
D003197,MacOS,Mac OS X 10_12_6,chrome 63.0,4096x2304,desktop
D003198,MacOS,Mac OS X 10_12_6,chrome 63.0,5120x2880,desktop
D003199,MacOS,Mac OS X 10_12_6,chrome 64.0,,desktop
D003200,MacOS,Mac OS X 10_12_6,chrome 64.0,1280x800,desktop
D003201,MacOS,Mac OS X 10_12_6,chrome 64.0,1440x900,desktop
D003202,MacOS,Mac OS X 10_12_6,chrome 64.0,1920x1080,desktop
D003203,MacOS,Mac OS X 10_12_6,chrome 64.0,1920x1200,desktop
D003204,MacOS,Mac OS X 10_12_6,chrome 64.0,2560x1440,desktop
D003205,MacOS,Mac OS X 10_12_6,chrome 64.0,2560x1600,desktop
D003206,MacOS,Mac OS X 10_12_6,chrome 64.0,2880x1800,desktop
D003207,MacOS,Mac OS X 10_12_6,chrome 64.0,3360x2100,desktop
D003208,MacOS,Mac OS X 10_12_6,chrome 64.0,3840x2400,desktop
D003209,MacOS,Mac OS X 10_12_6,chrome 64.0,5120x2880,desktop
D003210,MacOS,Mac OS X 10_12_6,chrome 65.0,1280x800,desktop
D003211,MacOS,Mac OS X 10_12_6,chrome 65.0,1366x768,desktop
D003212,MacOS,Mac OS X 10_12_6,chrome 65.0,1440x900,desktop
D003213,MacOS,Mac OS X 10_12_6,chrome 65.0,1680x1050,desktop
D003214,MacOS,Mac OS X 10_12_6,chrome 65.0,1920x1080,desktop
D003215,MacOS,Mac OS X 10_12_6,chrome 65.0,1920x1200,desktop
D003216,MacOS,Mac OS X 10_12_6,chrome 65.0,2112x1188,desktop
D003217,MacOS,Mac OS X 10_12_6,chrome 65.0,2400x1350,desktop
D003218,MacOS,Mac OS X 10_12_6,chrome 65.0,2560x1440,desktop
D003219,MacOS,Mac OS X 10_12_6,chrome 65.0,2560x1600,desktop
D003220,MacOS,Mac OS X 10_12_6,chrome 65.0,2880x1800,desktop
D003221,MacOS,Mac OS X 10_12_6,chrome 65.0,3360x2100,desktop
D003222,MacOS,Mac OS X 10_12_6,chrome 65.0,4096x2304,desktop
D003223,MacOS,Mac OS X 10_12_6,chrome 65.0,5120x2880,desktop
D003224,MacOS,Mac OS X 10_12_6,chrome 66.0,1280x800,desktop
D003225,MacOS,Mac OS X 10_12_6,chrome 66.0,1366x768,desktop
D003226,MacOS,Mac OS X 10_12_6,chrome 66.0,1440x900,desktop
D003227,MacOS,Mac OS X 10_12_6,chrome 66.0,1920x1080,desktop
D003228,MacOS,Mac OS X 10_12_6,chrome 66.0,1920x1200,desktop
D003229,MacOS,Mac OS X 10_12_6,chrome 66.0,2560x1440,desktop
D003230,MacOS,Mac OS X 10_12_6,chrome 66.0,2560x1600,desktop
D003231,MacOS,Mac OS X 10_12_6,chrome 66.0,2880x1800,desktop
D003232,MacOS,Mac OS X 10_12_6,chrome 66.0,3360x2100,desktop
D003233,MacOS,Mac OS X 10_12_6,chrome 66.0,4096x2304,desktop
D003234,MacOS,Mac OS X 10_12_6,chrome 66.0,4200x2625,desktop
D003235,MacOS,Mac OS X 10_12_6,chrome 66.0,5120x2880,desktop
D003236,MacOS,Mac OS X 10_12_6,chrome generic,1280x800,desktop
D003237,MacOS,Mac OS X 10_12_6,chrome generic,1440x900,desktop
D003238,MacOS,Mac OS X 10_12_6,chrome generic,1920x1080,desktop
D003239,MacOS,Mac OS X 10_12_6,chrome generic,2304x1440,desktop
D003240,MacOS,Mac OS X 10_12_6,chrome generic,2560x1440,desktop
D003241,MacOS,Mac OS X 10_12_6,chrome generic,2880x1800,desktop
D003242,MacOS,Mac OS X 10_12_6,chrome,1280x800,desktop
D003243,MacOS,Mac OS X 10_12_6,opera 49.0,3360x2100,desktop
D003244,MacOS,Mac OS X 10_12_6,safari 10.0,1280x800,desktop
D003245,MacOS,Mac OS X 10_12_6,safari 10.0,1440x900,desktop
D003246,MacOS,Mac OS X 10_12_6,safari 10.0,1920x1080,desktop
D003247,MacOS,Mac OS X 10_12_6,safari 10.0,2880x1800,desktop
D003248,MacOS,Mac OS X 10_12_6,safari 10.0,3360x2100,desktop
D003249,MacOS,Mac OS X 10_12_6,safari 11.0,1280x800,desktop
D003250,MacOS,Mac OS X 10_12_6,safari 11.0,1440x900,desktop
D003251,MacOS,Mac OS X 10_12_6,safari 11.0,1600x900,desktop
D003252,MacOS,Mac OS X 10_12_6,safari 11.0,1920x1080,desktop
D003253,MacOS,Mac OS X 10_12_6,safari 11.0,2048x1280,desktop
D003254,MacOS,Mac OS X 10_12_6,safari 11.0,2560x1440,desktop
D003255,MacOS,Mac OS X 10_12_6,safari 11.0,2560x1600,desktop
D003256,MacOS,Mac OS X 10_12_6,safari 11.0,2880x1800,desktop
D003257,MacOS,Mac OS X 10_12_6,safari 11.0,3360x2100,desktop
D003258,MacOS,Mac OS X 10_12_6,safari 11.0,3840x2400,desktop
D003259,MacOS,Mac OS X 10_12_6,safari 11.0,4096x2304,desktop
D003260,MacOS,Mac OS X 10_12_6,safari 11.0,5120x2880,desktop
D003261,MacOS,Mac OS X 10_12_6,safari generic,1024x640,desktop
D003262,MacOS,Mac OS X 10_12_6,safari generic,1152x648,desktop
D003263,MacOS,Mac OS X 10_12_6,safari generic,1280x720,desktop
D003264,MacOS,Mac OS X 10_12_6,safari generic,1280x800,desktop
D003265,MacOS,Mac OS X 10_12_6,safari generic,1344x756,desktop
D003266,MacOS,Mac OS X 10_12_6,safari generic,1360x768,desktop
D003267,MacOS,Mac OS X 10_12_6,safari generic,1366x768,desktop
D003268,MacOS,Mac OS X 10_12_6,safari generic,1440x900,desktop
D003269,MacOS,Mac OS X 10_12_6,safari generic,1600x1000,desktop
D003270,MacOS,Mac OS X 10_12_6,safari generic,1600x900,desktop
D003271,MacOS,Mac OS X 10_12_6,safari generic,1680x1050,desktop
D003272,MacOS,Mac OS X 10_12_6,safari generic,1920x1080,desktop
D003273,MacOS,Mac OS X 10_12_6,safari generic,1920x1200,desktop
D003274,MacOS,Mac OS X 10_12_6,safari generic,2048x1280,desktop
D003275,MacOS,Mac OS X 10_12_6,safari generic,2560x1440,desktop
D003276,MacOS,Mac OS X 10_12_6,safari generic,2560x1600,desktop
D003277,MacOS,Mac OS X 10_12_6,safari generic,2880x1800,desktop
D003278,MacOS,Mac OS X 10_12_6,safari generic,3200x1800,desktop
D003279,MacOS,Mac OS X 10_12_6,safari generic,3360x2100,desktop
D003280,MacOS,Mac OS X 10_12_6,safari generic,3840x2160,desktop
D003281,MacOS,Mac OS X 10_12_6,safari generic,3840x2400,desktop
D003282,MacOS,Mac OS X 10_12_6,safari generic,4096x2304,desktop
D003283,MacOS,Mac OS X 10_12_6,safari generic,5120x2880,desktop
D003284,MacOS,Mac OS X 10_13_1,chrome 56.0,1280x800,desktop
D003285,MacOS,Mac OS X 10_13_1,chrome 58.0,1280x800,desktop
D003286,MacOS,Mac OS X 10_13_1,chrome 59.0,1440x900,desktop
D003287,MacOS,Mac OS X 10_13_1,chrome 59.0,2560x1600,desktop
D003288,MacOS,Mac OS X 10_13_1,chrome 61.0,1280x1024,desktop
D003289,MacOS,Mac OS X 10_13_1,chrome 61.0,1440x900,desktop
D003290,MacOS,Mac OS X 10_13_1,chrome 61.0,2560x1600,desktop
D003291,MacOS,Mac OS X 10_13_1,chrome 61.0,2880x1800,desktop
D003292,MacOS,Mac OS X 10_13_1,chrome 61.0,3360x2100,desktop
D003293,MacOS,Mac OS X 10_13_1,chrome 62.0,,desktop
D003294,MacOS,Mac OS X 10_13_1,chrome 62.0,1280x800,desktop
D003295,MacOS,Mac OS X 10_13_1,chrome 62.0,1344x756,desktop
D003296,MacOS,Mac OS X 10_13_1,chrome 62.0,1366x1024,desktop
D003297,MacOS,Mac OS X 10_13_1,chrome 62.0,1366x768,desktop
D003298,MacOS,Mac OS X 10_13_1,chrome 62.0,1440x900,desktop
D003299,MacOS,Mac OS X 10_13_1,chrome 62.0,1920x1080,desktop
D003300,MacOS,Mac OS X 10_13_1,chrome 62.0,1920x1200,desktop
D003301,MacOS,Mac OS X 10_13_1,chrome 62.0,2560x1440,desktop
D003302,MacOS,Mac OS X 10_13_1,chrome 62.0,2560x1600,desktop
D003303,MacOS,Mac OS X 10_13_1,chrome 62.0,2880x1620,desktop
D003304,MacOS,Mac OS X 10_13_1,chrome 62.0,2880x1800,desktop
D003305,MacOS,Mac OS X 10_13_1,chrome 62.0,3360x2100,desktop
D003306,MacOS,Mac OS X 10_13_1,chrome 62.0,4096x2304,desktop
D003307,MacOS,Mac OS X 10_13_1,chrome 62.0,5120x2880,desktop
D003308,MacOS,Mac OS X 10_13_1,chrome 63.0,,desktop
D003309,MacOS,Mac OS X 10_13_1,chrome 63.0,1280x800,desktop
D003310,MacOS,Mac OS X 10_13_1,chrome 63.0,1366x768,desktop
D003311,MacOS,Mac OS X 10_13_1,chrome 63.0,1440x900,desktop
D003312,MacOS,Mac OS X 10_13_1,chrome 63.0,1600x900,desktop
D003313,MacOS,Mac OS X 10_13_1,chrome 63.0,1680x1050,desktop
D003314,MacOS,Mac OS X 10_13_1,chrome 63.0,1920x1080,desktop
D003315,MacOS,Mac OS X 10_13_1,chrome 63.0,1920x1200,desktop
D003316,MacOS,Mac OS X 10_13_1,chrome 63.0,2520x1575,desktop
D003317,MacOS,Mac OS X 10_13_1,chrome 63.0,2560x1440,desktop
D003318,MacOS,Mac OS X 10_13_1,chrome 63.0,2560x1600,desktop
D003319,MacOS,Mac OS X 10_13_1,chrome 63.0,2880x1800,desktop
D003320,MacOS,Mac OS X 10_13_1,chrome 63.0,3200x1800,desktop
D003321,MacOS,Mac OS X 10_13_1,chrome 63.0,3360x1890,desktop
D003322,MacOS,Mac OS X 10_13_1,chrome 63.0,3360x2100,desktop
D003323,MacOS,Mac OS X 10_13_1,chrome 63.0,3440x1440,desktop
D003324,MacOS,Mac OS X 10_13_1,chrome 63.0,4096x2304,desktop
D003325,MacOS,Mac OS X 10_13_1,chrome 63.0,5120x2880,desktop
D003326,MacOS,Mac OS X 10_13_1,chrome 64.0,1440x900,desktop
D003327,MacOS,Mac OS X 10_13_1,chrome 64.0,1680x1050,desktop
D003328,MacOS,Mac OS X 10_13_1,chrome 64.0,1920x1080,desktop
D003329,MacOS,Mac OS X 10_13_1,chrome 64.0,2560x1600,desktop
D003330,MacOS,Mac OS X 10_13_1,chrome 64.0,2880x1800,desktop
D003331,MacOS,Mac OS X 10_13_1,chrome 64.0,3360x1890,desktop
D003332,MacOS,Mac OS X 10_13_1,chrome 64.0,3360x2100,desktop
D003333,MacOS,Mac OS X 10_13_1,chrome 64.0,3840x2160,desktop
D003334,MacOS,Mac OS X 10_13_1,chrome 64.0,4096x2304,desktop
D003335,MacOS,Mac OS X 10_13_1,chrome 65.0,1280x800,desktop
D003336,MacOS,Mac OS X 10_13_1,chrome 65.0,1366x768,desktop
D003337,MacOS,Mac OS X 10_13_1,chrome 65.0,1440x900,desktop
D003338,MacOS,Mac OS X 10_13_1,chrome 65.0,1920x1080,desktop
D003339,MacOS,Mac OS X 10_13_1,chrome 65.0,2560x1600,desktop
D003340,MacOS,Mac OS X 10_13_1,chrome 65.0,2880x1800,desktop
D003341,MacOS,Mac OS X 10_13_1,chrome 66.0,1280x800,desktop
D003342,MacOS,Mac OS X 10_13_1,chrome 66.0,1440x900,desktop
D003343,MacOS,Mac OS X 10_13_1,chrome generic,1440x900,desktop
D003344,MacOS,Mac OS X 10_13_1,chrome generic,1920x1080,desktop
D003345,MacOS,Mac OS X 10_13_1,chrome generic,2880x1800,desktop
D003346,MacOS,Mac OS X 10_13_1,chrome,1366x768,desktop
D003347,MacOS,Mac OS X 10_13_1,safari 11.0,1440x900,desktop
D003348,MacOS,Mac OS X 10_13_1,safari 11.0,2560x1600,desktop
D003349,MacOS,Mac OS X 10_13_1,safari 11.0,2880x1800,desktop
D003350,MacOS,Mac OS X 10_13_1,safari generic,1024x640,desktop
D003351,MacOS,Mac OS X 10_13_1,safari generic,1152x720,desktop
D003352,MacOS,Mac OS X 10_13_1,safari generic,1280x1024,desktop
D003353,MacOS,Mac OS X 10_13_1,safari generic,1280x720,desktop
D003354,MacOS,Mac OS X 10_13_1,safari generic,1280x800,desktop
D003355,MacOS,Mac OS X 10_13_1,safari generic,1344x756,desktop
D003356,MacOS,Mac OS X 10_13_1,safari generic,1360x768,desktop
D003357,MacOS,Mac OS X 10_13_1,safari generic,1366x768,desktop
D003358,MacOS,Mac OS X 10_13_1,safari generic,1440x900,desktop
D003359,MacOS,Mac OS X 10_13_1,safari generic,1600x900,desktop
D003360,MacOS,Mac OS X 10_13_1,safari generic,1680x1050,desktop
D003361,MacOS,Mac OS X 10_13_1,safari generic,1920x1080,desktop
D003362,MacOS,Mac OS X 10_13_1,safari generic,1920x1200,desktop
D003363,MacOS,Mac OS X 10_13_1,safari generic,2048x1152,desktop
D003364,MacOS,Mac OS X 10_13_1,safari generic,2048x1280,desktop
D003365,MacOS,Mac OS X 10_13_1,safari generic,2560x1440,desktop
D003366,MacOS,Mac OS X 10_13_1,safari generic,2560x1600,desktop
D003367,MacOS,Mac OS X 10_13_1,safari generic,2880x1800,desktop
D003368,MacOS,Mac OS X 10_13_1,safari generic,3200x1800,desktop
D003369,MacOS,Mac OS X 10_13_1,safari generic,3360x2100,desktop
D003370,MacOS,Mac OS X 10_13_1,safari generic,3840x2160,desktop
D003371,MacOS,Mac OS X 10_13_1,safari generic,3840x2400,desktop
D003372,MacOS,Mac OS X 10_13_1,safari generic,4096x2304,desktop
D003373,MacOS,Mac OS X 10_13_1,safari generic,5120x2880,desktop
D003374,MacOS,Mac OS X 10_13_2,chrome 49.0,1280x800,desktop
D003375,MacOS,Mac OS X 10_13_2,chrome 49.0,1440x900,desktop
D003376,MacOS,Mac OS X 10_13_2,chrome 49.0,2880x1800,desktop
D003377,MacOS,Mac OS X 10_13_2,chrome 55.0,2880x1800,desktop
D003378,MacOS,Mac OS X 10_13_2,chrome 56.0,1440x900,desktop
D003379,MacOS,Mac OS X 10_13_2,chrome 56.0,2560x1600,desktop
D003380,MacOS,Mac OS X 10_13_2,chrome 58.0,2880x1800,desktop
D003381,MacOS,Mac OS X 10_13_2,chrome 62.0,,desktop
D003382,MacOS,Mac OS X 10_13_2,chrome 62.0,1280x800,desktop
D003383,MacOS,Mac OS X 10_13_2,chrome 62.0,1360x768,desktop
D003384,MacOS,Mac OS X 10_13_2,chrome 62.0,1366x768,desktop
D003385,MacOS,Mac OS X 10_13_2,chrome 62.0,1440x900,desktop
D003386,MacOS,Mac OS X 10_13_2,chrome 62.0,1920x1080,desktop
D003387,MacOS,Mac OS X 10_13_2,chrome 62.0,2560x1440,desktop
D003388,MacOS,Mac OS X 10_13_2,chrome 62.0,2560x1600,desktop
D003389,MacOS,Mac OS X 10_13_2,chrome 62.0,2880x1800,desktop
D003390,MacOS,Mac OS X 10_13_2,chrome 62.0,3360x2100,desktop
D003391,MacOS,Mac OS X 10_13_2,chrome 62.0,3840x2160,desktop
D003392,MacOS,Mac OS X 10_13_2,chrome 62.0,4096x2304,desktop
D003393,MacOS,Mac OS X 10_13_2,chrome 62.0,5120x2880,desktop
D003394,MacOS,Mac OS X 10_13_2,chrome 62.0,5760x3240,desktop
D003395,MacOS,Mac OS X 10_13_2,chrome 63.0,,desktop
D003396,MacOS,Mac OS X 10_13_2,chrome 63.0,1280x800,desktop
D003397,MacOS,Mac OS X 10_13_2,chrome 63.0,1360x768,desktop
D003398,MacOS,Mac OS X 10_13_2,chrome 63.0,1366x768,desktop
D003399,MacOS,Mac OS X 10_13_2,chrome 63.0,1440x900,desktop
D003400,MacOS,Mac OS X 10_13_2,chrome 63.0,1600x900,desktop
D003401,MacOS,Mac OS X 10_13_2,chrome 63.0,1680x1050,desktop
D003402,MacOS,Mac OS X 10_13_2,chrome 63.0,1920x1080,desktop
D003403,MacOS,Mac OS X 10_13_2,chrome 63.0,1920x1200,desktop
D003404,MacOS,Mac OS X 10_13_2,chrome 63.0,2048x1152,desktop
D003405,MacOS,Mac OS X 10_13_2,chrome 63.0,2400x1350,desktop
D003406,MacOS,Mac OS X 10_13_2,chrome 63.0,2560x1080,desktop
D003407,MacOS,Mac OS X 10_13_2,chrome 63.0,2560x1440,desktop
D003408,MacOS,Mac OS X 10_13_2,chrome 63.0,2560x1600,desktop
D003409,MacOS,Mac OS X 10_13_2,chrome 63.0,2880x1800,desktop
D003410,MacOS,Mac OS X 10_13_2,chrome 63.0,3200x1800,desktop
D003411,MacOS,Mac OS X 10_13_2,chrome 63.0,3360x2100,desktop
D003412,MacOS,Mac OS X 10_13_2,chrome 63.0,3440x1440,desktop
D003413,MacOS,Mac OS X 10_13_2,chrome 63.0,3840x2160,desktop
D003414,MacOS,Mac OS X 10_13_2,chrome 63.0,3840x2400,desktop
D003415,MacOS,Mac OS X 10_13_2,chrome 63.0,4096x2304,desktop
D003416,MacOS,Mac OS X 10_13_2,chrome 63.0,5040x3150,desktop
D003417,MacOS,Mac OS X 10_13_2,chrome 63.0,5120x2880,desktop
D003418,MacOS,Mac OS X 10_13_2,chrome 64.0,1280x800,desktop
D003419,MacOS,Mac OS X 10_13_2,chrome 64.0,1440x900,desktop
D003420,MacOS,Mac OS X 10_13_2,chrome 64.0,1680x1050,desktop
D003421,MacOS,Mac OS X 10_13_2,chrome 64.0,1920x1080,desktop
D003422,MacOS,Mac OS X 10_13_2,chrome 64.0,2560x1600,desktop
D003423,MacOS,Mac OS X 10_13_2,chrome 64.0,2880x1800,desktop
D003424,MacOS,Mac OS X 10_13_2,chrome 64.0,3360x2100,desktop
D003425,MacOS,Mac OS X 10_13_2,chrome 64.0,6720x3780,desktop
D003426,MacOS,Mac OS X 10_13_2,chrome 65.0,1280x800,desktop
D003427,MacOS,Mac OS X 10_13_2,chrome 65.0,1440x900,desktop
D003428,MacOS,Mac OS X 10_13_2,chrome 65.0,1920x1080,desktop
D003429,MacOS,Mac OS X 10_13_2,chrome 65.0,2520x1575,desktop
D003430,MacOS,Mac OS X 10_13_2,chrome 65.0,2560x1600,desktop
D003431,MacOS,Mac OS X 10_13_2,chrome 65.0,2880x1800,desktop
D003432,MacOS,Mac OS X 10_13_2,chrome 65.0,3360x2100,desktop
D003433,MacOS,Mac OS X 10_13_2,chrome 65.0,4096x2304,desktop
D003434,MacOS,Mac OS X 10_13_2,chrome 66.0,1440x900,desktop
D003435,MacOS,Mac OS X 10_13_2,chrome 66.0,1920x1080,desktop
D003436,MacOS,Mac OS X 10_13_2,chrome 66.0,2560x1600,desktop
D003437,MacOS,Mac OS X 10_13_2,chrome 66.0,3600x2250,desktop
D003438,MacOS,Mac OS X 10_13_2,chrome 66.0,5120x2880,desktop
D003439,MacOS,Mac OS X 10_13_2,chrome generic,1440x900,desktop
D003440,MacOS,Mac OS X 10_13_2,chrome generic,2880x1800,desktop
D003441,MacOS,Mac OS X 10_13_2,safari 11.0,1280x800,desktop
D003442,MacOS,Mac OS X 10_13_2,safari 11.0,1440x900,desktop
D003443,MacOS,Mac OS X 10_13_2,safari 11.0,2560x1600,desktop
D003444,MacOS,Mac OS X 10_13_2,safari 11.0,2880x1800,desktop
D003445,MacOS,Mac OS X 10_13_2,safari 11.0,3360x2100,desktop
D003446,MacOS,Mac OS X 10_13_2,safari generic,1024x640,desktop
D003447,MacOS,Mac OS X 10_13_2,safari generic,1152x648,desktop
D003448,MacOS,Mac OS X 10_13_2,safari generic,1152x720,desktop
D003449,MacOS,Mac OS X 10_13_2,safari generic,1280x800,desktop
D003450,MacOS,Mac OS X 10_13_2,safari generic,1344x756,desktop
D003451,MacOS,Mac OS X 10_13_2,safari generic,1366x768,desktop
D003452,MacOS,Mac OS X 10_13_2,safari generic,1440x900,desktop
D003453,MacOS,Mac OS X 10_13_2,safari generic,1600x900,desktop
D003454,MacOS,Mac OS X 10_13_2,safari generic,1680x1050,desktop
D003455,MacOS,Mac OS X 10_13_2,safari generic,1920x1080,desktop
D003456,MacOS,Mac OS X 10_13_2,safari generic,1920x1200,desktop
D003457,MacOS,Mac OS X 10_13_2,safari generic,2048x1152,desktop
D003458,MacOS,Mac OS X 10_13_2,safari generic,2048x1280,desktop
D003459,MacOS,Mac OS X 10_13_2,safari generic,2560x1080,desktop
D003460,MacOS,Mac OS X 10_13_2,safari generic,2560x1440,desktop
D003461,MacOS,Mac OS X 10_13_2,safari generic,2560x1600,desktop
D003462,MacOS,Mac OS X 10_13_2,safari generic,2880x1800,desktop
D003463,MacOS,Mac OS X 10_13_2,safari generic,3200x1800,desktop
D003464,MacOS,Mac OS X 10_13_2,safari generic,3360x2100,desktop
D003465,MacOS,Mac OS X 10_13_2,safari generic,3440x1440,desktop
D003466,MacOS,Mac OS X 10_13_2,safari generic,3840x2160,desktop
D003467,MacOS,Mac OS X 10_13_2,safari generic,4096x2304,desktop
D003468,MacOS,Mac OS X 10_13_2,safari generic,5120x2880,desktop
D003469,MacOS,Mac OS X 10_13_2,safari generic,6400x3600,desktop
D003470,MacOS,Mac OS X 10_13_3,chrome 49.0,1440x900,desktop
D003471,MacOS,Mac OS X 10_13_3,chrome 58.0,2560x1600,desktop
D003472,MacOS,Mac OS X 10_13_3,chrome 59.0,2560x1440,desktop
D003473,MacOS,Mac OS X 10_13_3,chrome 62.0,2880x1800,desktop
D003474,MacOS,Mac OS X 10_13_3,chrome 63.0,1280x800,desktop
D003475,MacOS,Mac OS X 10_13_3,chrome 63.0,1440x900,desktop
D003476,MacOS,Mac OS X 10_13_3,chrome 63.0,1920x1080,desktop
D003477,MacOS,Mac OS X 10_13_3,chrome 63.0,2560x1440,desktop
D003478,MacOS,Mac OS X 10_13_3,chrome 63.0,2560x1600,desktop
D003479,MacOS,Mac OS X 10_13_3,chrome 63.0,2880x1800,desktop
D003480,MacOS,Mac OS X 10_13_3,chrome 63.0,4096x2304,desktop
D003481,MacOS,Mac OS X 10_13_3,chrome 63.0,5120x2880,desktop
D003482,MacOS,Mac OS X 10_13_3,chrome 63.0,6016x3384,desktop
D003483,MacOS,Mac OS X 10_13_3,chrome 64.0,1280x800,desktop
D003484,MacOS,Mac OS X 10_13_3,chrome 64.0,1366x768,desktop
D003485,MacOS,Mac OS X 10_13_3,chrome 64.0,1440x900,desktop
D003486,MacOS,Mac OS X 10_13_3,chrome 64.0,1600x900,desktop
D003487,MacOS,Mac OS X 10_13_3,chrome 64.0,1800x1125,desktop
D003488,MacOS,Mac OS X 10_13_3,chrome 64.0,1920x1080,desktop
D003489,MacOS,Mac OS X 10_13_3,chrome 64.0,2048x1152,desktop
D003490,MacOS,Mac OS X 10_13_3,chrome 64.0,2560x1440,desktop
D003491,MacOS,Mac OS X 10_13_3,chrome 64.0,2560x1600,desktop
D003492,MacOS,Mac OS X 10_13_3,chrome 64.0,2880x1800,desktop
D003493,MacOS,Mac OS X 10_13_3,chrome 64.0,3360x2100,desktop
D003494,MacOS,Mac OS X 10_13_3,chrome 64.0,5120x2880,desktop
D003495,MacOS,Mac OS X 10_13_3,chrome 64.0,5760x3240,desktop
D003496,MacOS,Mac OS X 10_13_3,chrome 65.0,1280x800,desktop
D003497,MacOS,Mac OS X 10_13_3,chrome 65.0,1366x768,desktop
D003498,MacOS,Mac OS X 10_13_3,chrome 65.0,1440x900,desktop
D003499,MacOS,Mac OS X 10_13_3,chrome 65.0,1680x1050,desktop
D003500,MacOS,Mac OS X 10_13_3,chrome 65.0,1920x1080,desktop
D003501,MacOS,Mac OS X 10_13_3,chrome 65.0,2560x1440,desktop
D003502,MacOS,Mac OS X 10_13_3,chrome 65.0,2560x1600,desktop
D003503,MacOS,Mac OS X 10_13_3,chrome 65.0,2880x1800,desktop
D003504,MacOS,Mac OS X 10_13_3,chrome 65.0,3360x2100,desktop
D003505,MacOS,Mac OS X 10_13_3,chrome 65.0,5120x2880,desktop
D003506,MacOS,Mac OS X 10_13_3,chrome 66.0,1280x800,desktop
D003507,MacOS,Mac OS X 10_13_3,chrome 66.0,1440x900,desktop
D003508,MacOS,Mac OS X 10_13_3,chrome 66.0,1600x900,desktop
D003509,MacOS,Mac OS X 10_13_3,chrome 66.0,2560x1600,desktop
D003510,MacOS,Mac OS X 10_13_3,chrome 66.0,2880x1800,desktop
D003511,MacOS,Mac OS X 10_13_3,chrome 66.0,3360x2100,desktop
D003512,MacOS,Mac OS X 10_13_3,chrome 66.0,5120x2880,desktop
D003513,MacOS,Mac OS X 10_13_3,chrome generic,1280x800,desktop
D003514,MacOS,Mac OS X 10_13_3,chrome generic,1440x900,desktop
D003515,MacOS,Mac OS X 10_13_3,chrome generic,1920x1080,desktop
D003516,MacOS,Mac OS X 10_13_3,chrome generic,2560x1600,desktop
D003517,MacOS,Mac OS X 10_13_3,chrome generic,2880x1800,desktop
D003518,MacOS,Mac OS X 10_13_3,chrome generic,5120x2880,desktop
D003519,MacOS,Mac OS X 10_13_3,safari 11.0,1280x800,desktop
D003520,MacOS,Mac OS X 10_13_3,safari 11.0,1440x900,desktop
D003521,MacOS,Mac OS X 10_13_3,safari 11.0,1920x1080,desktop
D003522,MacOS,Mac OS X 10_13_3,safari 11.0,2560x1440,desktop
D003523,MacOS,Mac OS X 10_13_3,safari 11.0,2560x1600,desktop
D003524,MacOS,Mac OS X 10_13_3,safari 11.0,2880x1800,desktop
D003525,MacOS,Mac OS X 10_13_3,safari 11.0,3360x2100,desktop
D003526,MacOS,Mac OS X 10_13_3,safari 11.0,3840x2160,desktop
D003527,MacOS,Mac OS X 10_13_3,safari generic,1280x1024,desktop
D003528,MacOS,Mac OS X 10_13_3,safari generic,1280x720,desktop
D003529,MacOS,Mac OS X 10_13_3,safari generic,1280x800,desktop
D003530,MacOS,Mac OS X 10_13_3,safari generic,1344x756,desktop
D003531,MacOS,Mac OS X 10_13_3,safari generic,1366x768,desktop
D003532,MacOS,Mac OS X 10_13_3,safari generic,1440x759,desktop
D003533,MacOS,Mac OS X 10_13_3,safari generic,1440x900,desktop
D003534,MacOS,Mac OS X 10_13_3,safari generic,1600x900,desktop
D003535,MacOS,Mac OS X 10_13_3,safari generic,1680x1050,desktop
D003536,MacOS,Mac OS X 10_13_3,safari generic,1920x1080,desktop
D003537,MacOS,Mac OS X 10_13_3,safari generic,1920x1200,desktop
D003538,MacOS,Mac OS X 10_13_3,safari generic,2048x1280,desktop
D003539,MacOS,Mac OS X 10_13_3,safari generic,2560x1440,desktop
D003540,MacOS,Mac OS X 10_13_3,safari generic,2560x1600,desktop
D003541,MacOS,Mac OS X 10_13_3,safari generic,2880x1800,desktop
D003542,MacOS,Mac OS X 10_13_3,safari generic,3200x1800,desktop
D003543,MacOS,Mac OS X 10_13_3,safari generic,3360x2100,desktop
D003544,MacOS,Mac OS X 10_13_3,safari generic,3440x1440,desktop
D003545,MacOS,Mac OS X 10_13_3,safari generic,3840x2160,desktop
D003546,MacOS,Mac OS X 10_13_3,safari generic,4096x2304,desktop
D003547,MacOS,Mac OS X 10_13_3,safari generic,5120x2880,desktop
D003548,MacOS,Mac OS X 10_13_4,chrome 62.0,2560x1440,desktop
D003549,MacOS,Mac OS X 10_13_4,chrome 64.0,1440x900,desktop
D003550,MacOS,Mac OS X 10_13_4,chrome 65.0,1152x720,desktop
D003551,MacOS,Mac OS X 10_13_4,chrome 65.0,1280x1024,desktop
D003552,MacOS,Mac OS X 10_13_4,chrome 65.0,1280x800,desktop
D003553,MacOS,Mac OS X 10_13_4,chrome 65.0,1366x768,desktop
D003554,MacOS,Mac OS X 10_13_4,chrome 65.0,1440x900,desktop
D003555,MacOS,Mac OS X 10_13_4,chrome 65.0,1680x1050,desktop
D003556,MacOS,Mac OS X 10_13_4,chrome 65.0,1920x1080,desktop
D003557,MacOS,Mac OS X 10_13_4,chrome 65.0,2048x1152,desktop
D003558,MacOS,Mac OS X 10_13_4,chrome 65.0,2560x1440,desktop
D003559,MacOS,Mac OS X 10_13_4,chrome 65.0,2560x1600,desktop
D003560,MacOS,Mac OS X 10_13_4,chrome 65.0,2880x1800,desktop
D003561,MacOS,Mac OS X 10_13_4,chrome 65.0,3200x1800,desktop
D003562,MacOS,Mac OS X 10_13_4,chrome 65.0,3360x1890,desktop
D003563,MacOS,Mac OS X 10_13_4,chrome 65.0,3360x2100,desktop
D003564,MacOS,Mac OS X 10_13_4,chrome 65.0,3440x1440,desktop
D003565,MacOS,Mac OS X 10_13_4,chrome 65.0,3600x2250,desktop
D003566,MacOS,Mac OS X 10_13_4,chrome 65.0,3840x2160,desktop
D003567,MacOS,Mac OS X 10_13_4,chrome 65.0,5120x2880,desktop
D003568,MacOS,Mac OS X 10_13_4,chrome 66.0,1152x720,desktop
D003569,MacOS,Mac OS X 10_13_4,chrome 66.0,1280x800,desktop
D003570,MacOS,Mac OS X 10_13_4,chrome 66.0,1366x768,desktop
D003571,MacOS,Mac OS X 10_13_4,chrome 66.0,1440x900,desktop
D003572,MacOS,Mac OS X 10_13_4,chrome 66.0,1536x864,desktop
D003573,MacOS,Mac OS X 10_13_4,chrome 66.0,1584x990,desktop
D003574,MacOS,Mac OS X 10_13_4,chrome 66.0,1680x1050,desktop
D003575,MacOS,Mac OS X 10_13_4,chrome 66.0,1848x1155,desktop
D003576,MacOS,Mac OS X 10_13_4,chrome 66.0,1920x1080,desktop
D003577,MacOS,Mac OS X 10_13_4,chrome 66.0,2048x1152,desktop
D003578,MacOS,Mac OS X 10_13_4,chrome 66.0,2560x1440,desktop
D003579,MacOS,Mac OS X 10_13_4,chrome 66.0,2560x1600,desktop
D003580,MacOS,Mac OS X 10_13_4,chrome 66.0,2591x1619,desktop
D003581,MacOS,Mac OS X 10_13_4,chrome 66.0,2880x1800,desktop
D003582,MacOS,Mac OS X 10_13_4,chrome 66.0,3360x2100,desktop
D003583,MacOS,Mac OS X 10_13_4,chrome 66.0,3440x1440,desktop
D003584,MacOS,Mac OS X 10_13_4,chrome 66.0,3696x2310,desktop
D003585,MacOS,Mac OS X 10_13_4,chrome 66.0,3840x2400,desktop
D003586,MacOS,Mac OS X 10_13_4,chrome 66.0,4096x2304,desktop
D003587,MacOS,Mac OS X 10_13_4,chrome 66.0,5120x2880,desktop
D003588,MacOS,Mac OS X 10_13_4,chrome 67.0,3360x2100,desktop
D003589,MacOS,Mac OS X 10_13_4,chrome generic,1440x900,desktop
D003590,MacOS,Mac OS X 10_13_4,chrome generic,1920x1080,desktop
D003591,MacOS,Mac OS X 10_13_4,chrome generic,1920x1200,desktop
D003592,MacOS,Mac OS X 10_13_4,chrome generic,2560x1440,desktop
D003593,MacOS,Mac OS X 10_13_4,chrome generic,2560x1600,desktop
D003594,MacOS,Mac OS X 10_13_4,chrome generic,2880x1800,desktop
D003595,MacOS,Mac OS X 10_13_4,chrome generic,3360x2100,desktop
D003596,MacOS,Mac OS X 10_13_4,chrome generic,3840x2400,desktop
D003597,MacOS,Mac OS X 10_13_4,safari 11.0,1280x800,desktop
D003598,MacOS,Mac OS X 10_13_4,safari 11.0,1360x768,desktop
D003599,MacOS,Mac OS X 10_13_4,safari 11.0,1366x768,desktop
D003600,MacOS,Mac OS X 10_13_4,safari 11.0,1440x900,desktop
D003601,MacOS,Mac OS X 10_13_4,safari 11.0,1680x1050,desktop
D003602,MacOS,Mac OS X 10_13_4,safari 11.0,1920x1080,desktop
D003603,MacOS,Mac OS X 10_13_4,safari 11.0,2560x1440,desktop
D003604,MacOS,Mac OS X 10_13_4,safari 11.0,2560x1600,desktop
D003605,MacOS,Mac OS X 10_13_4,safari 11.0,2880x1800,desktop
D003606,MacOS,Mac OS X 10_13_4,safari 11.0,3360x2100,desktop
D003607,MacOS,Mac OS X 10_13_4,safari 11.0,3840x2160,desktop
D003608,MacOS,Mac OS X 10_13_4,safari 11.0,4096x2304,desktop
D003609,MacOS,Mac OS X 10_13_4,safari 11.0,5120x2880,desktop
D003610,MacOS,Mac OS X 10_13_4,safari generic,1152x720,desktop
D003611,MacOS,Mac OS X 10_13_4,safari generic,1280x720,desktop
D003612,MacOS,Mac OS X 10_13_4,safari generic,1280x800,desktop
D003613,MacOS,Mac OS X 10_13_4,safari generic,1366x768,desktop
D003614,MacOS,Mac OS X 10_13_4,safari generic,1440x900,desktop
D003615,MacOS,Mac OS X 10_13_4,safari generic,1920x1080,desktop
D003616,MacOS,Mac OS X 10_13_4,safari generic,1920x1200,desktop
D003617,MacOS,Mac OS X 10_13_4,safari generic,2560x1440,desktop
D003618,MacOS,Mac OS X 10_13_4,safari generic,2560x1600,desktop
D003619,MacOS,Mac OS X 10_13_4,safari generic,2880x1800,desktop
D003620,MacOS,Mac OS X 10_13_4,safari generic,3360x2100,desktop
D003621,MacOS,Mac OS X 10_13_4,safari generic,4096x2304,desktop
D003622,MacOS,Mac OS X 10_13_4,safari generic,5120x2880,desktop
D003623,MacOS,Mac OS X 10_13_4,safari generic,6016x3384,desktop
D003624,MacOS,Mac OS X 10_13_5,chrome 65.0,1440x900,desktop
D003625,MacOS,Mac OS X 10_13_5,safari 11.0,1920x1080,desktop
D003626,MacOS,Mac OS X 10_13_5,safari 11.0,2560x1600,desktop
D003627,MacOS,Mac OS X 10_13_5,safari generic,2560x1440,desktop
D003628,MacOS,Mac OS X 10_6_8,chrome 49.0,1280x800,desktop
D003629,MacOS,Mac OS X 10_6_8,chrome 49.0,1360x768,desktop
D003630,MacOS,Mac OS X 10_6_8,chrome 49.0,1366x768,desktop
D003631,MacOS,Mac OS X 10_6_8,chrome 49.0,1440x900,desktop
D003632,MacOS,Mac OS X 10_6_8,chrome 49.0,1680x1050,desktop
D003633,MacOS,Mac OS X 10_6_8,chrome 49.0,1920x1080,desktop
D003634,MacOS,Mac OS X 10_6_8,chrome 49.0,1920x1200,desktop
D003635,MacOS,Mac OS X 10_6_8,chrome 49.0,2560x1440,desktop
D003636,MacOS,Mac OS X 10_6_8,chrome,1280x800,desktop
D003637,MacOS,Mac OS X 10_6_8,chrome,1680x1050,desktop
D003638,MacOS,Mac OS X 10_6_8,safari,1280x800,desktop
D003639,MacOS,Mac OS X 10_6_8,safari,1920x1080,desktop
D003640,MacOS,Mac OS X 10_7_5,chrome 49.0,1152x720,desktop
D003641,MacOS,Mac OS X 10_7_5,chrome 49.0,1280x768,desktop
D003642,MacOS,Mac OS X 10_7_5,chrome 49.0,1280x800,desktop
D003643,MacOS,Mac OS X 10_7_5,chrome 49.0,1344x756,desktop
D003644,MacOS,Mac OS X 10_7_5,chrome 49.0,1366x768,desktop
D003645,MacOS,Mac OS X 10_7_5,chrome 49.0,1439x809,desktop
D003646,MacOS,Mac OS X 10_7_5,chrome 49.0,1440x900,desktop
D003647,MacOS,Mac OS X 10_7_5,chrome 49.0,1600x1200,desktop
D003648,MacOS,Mac OS X 10_7_5,chrome 49.0,1600x900,desktop
D003649,MacOS,Mac OS X 10_7_5,chrome 49.0,1680x1050,desktop
D003650,MacOS,Mac OS X 10_7_5,chrome 49.0,1920x1080,desktop
D003651,MacOS,Mac OS X 10_7_5,chrome 49.0,2560x1440,desktop
D003652,MacOS,Mac OS X 10_7_5,opera,1280x800,desktop
D003653,MacOS,Mac OS X 10_7_5,safari generic,1280x800,desktop
D003654,MacOS,Mac OS X 10_7_5,safari generic,1600x900,desktop
D003655,MacOS,Mac OS X 10_7_5,safari generic,1680x1050,desktop
D003656,MacOS,Mac OS X 10_7_5,safari generic,1920x1080,desktop
D003657,MacOS,Mac OS X 10_7_5,safari generic,2560x1440,desktop
D003658,MacOS,Mac OS X 10_8_5,chrome 49.0,1280x800,desktop
D003659,MacOS,Mac OS X 10_8_5,chrome 49.0,1366x768,desktop
D003660,MacOS,Mac OS X 10_8_5,chrome 49.0,1440x900,desktop
D003661,MacOS,Mac OS X 10_8_5,chrome 49.0,1680x1050,desktop
D003662,MacOS,Mac OS X 10_8_5,chrome 49.0,1920x1080,desktop
D003663,MacOS,Mac OS X 10_8_5,chrome 49.0,1920x1200,desktop
D003664,MacOS,Mac OS X 10_8_5,chrome 49.0,2560x1440,desktop
D003665,MacOS,Mac OS X 10_8_5,chrome 49.0,2560x1600,desktop
D003666,MacOS,Mac OS X 10_8_5,safari generic,1280x800,desktop
D003667,MacOS,Mac OS X 10_8_5,safari generic,1440x900,desktop
D003668,MacOS,Mac OS X 10_8_5,safari generic,2560x1440,desktop
D003669,MacOS,Mac OS X 10_8_5,safari generic,2880x1800,desktop
D003670,MacOS,Mac OS X 10_9_5,,1920x1080,desktop
D003671,MacOS,Mac OS X 10_9_5,chrome 55.0,1280x800,desktop
D003672,MacOS,Mac OS X 10_9_5,chrome 56.0,2880x1800,desktop
D003673,MacOS,Mac OS X 10_9_5,chrome 59.0,2880x1800,desktop
D003674,MacOS,Mac OS X 10_9_5,chrome 60.0,1280x800,desktop
D003675,MacOS,Mac OS X 10_9_5,chrome 61.0,1280x800,desktop
D003676,MacOS,Mac OS X 10_9_5,chrome 61.0,1440x900,desktop
D003677,MacOS,Mac OS X 10_9_5,chrome 61.0,1920x1080,desktop
D003678,MacOS,Mac OS X 10_9_5,chrome 61.0,1920x1200,desktop
D003679,MacOS,Mac OS X 10_9_5,chrome 61.0,2560x1440,desktop
D003680,MacOS,Mac OS X 10_9_5,chrome 62.0,,desktop
D003681,MacOS,Mac OS X 10_9_5,chrome 62.0,1280x800,desktop
D003682,MacOS,Mac OS X 10_9_5,chrome 62.0,1366x768,desktop
D003683,MacOS,Mac OS X 10_9_5,chrome 62.0,1440x900,desktop
D003684,MacOS,Mac OS X 10_9_5,chrome 62.0,1680x1050,desktop
D003685,MacOS,Mac OS X 10_9_5,chrome 62.0,1920x1080,desktop
D003686,MacOS,Mac OS X 10_9_5,chrome 62.0,2560x1440,desktop
D003687,MacOS,Mac OS X 10_9_5,chrome 62.0,2560x1600,desktop
D003688,MacOS,Mac OS X 10_9_5,chrome 62.0,2880x1800,desktop
D003689,MacOS,Mac OS X 10_9_5,chrome 62.0,3360x2100,desktop
D003690,MacOS,Mac OS X 10_9_5,chrome 63.0,1024x640,desktop
D003691,MacOS,Mac OS X 10_9_5,chrome 63.0,1280x800,desktop
D003692,MacOS,Mac OS X 10_9_5,chrome 63.0,1366x768,desktop
D003693,MacOS,Mac OS X 10_9_5,chrome 63.0,1440x900,desktop
D003694,MacOS,Mac OS X 10_9_5,chrome 63.0,1600x900,desktop
D003695,MacOS,Mac OS X 10_9_5,chrome 63.0,1920x1080,desktop
D003696,MacOS,Mac OS X 10_9_5,chrome 63.0,1920x1200,desktop
D003697,MacOS,Mac OS X 10_9_5,chrome 63.0,2560x1440,desktop
D003698,MacOS,Mac OS X 10_9_5,chrome 63.0,2560x1600,desktop
D003699,MacOS,Mac OS X 10_9_5,chrome 63.0,2880x1800,desktop
D003700,MacOS,Mac OS X 10_9_5,chrome 64.0,1280x800,desktop
D003701,MacOS,Mac OS X 10_9_5,chrome 64.0,1440x900,desktop
D003702,MacOS,Mac OS X 10_9_5,chrome 64.0,1680x1050,desktop
D003703,MacOS,Mac OS X 10_9_5,chrome 64.0,1920x1080,desktop
D003704,MacOS,Mac OS X 10_9_5,chrome 64.0,2048x1152,desktop
D003705,MacOS,Mac OS X 10_9_5,chrome 64.0,2560x1600,desktop
D003706,MacOS,Mac OS X 10_9_5,chrome 65.0,1280x800,desktop
D003707,MacOS,Mac OS X 10_9_5,chrome 65.0,1440x900,desktop
D003708,MacOS,Mac OS X 10_9_5,chrome 65.0,1680x1050,desktop
D003709,MacOS,Mac OS X 10_9_5,chrome 65.0,1920x1080,desktop
D003710,MacOS,Mac OS X 10_9_5,chrome 65.0,2560x1600,desktop
D003711,MacOS,Mac OS X 10_9_5,chrome 65.0,2880x1800,desktop
D003712,MacOS,Mac OS X 10_9_5,chrome 66.0,1280x800,desktop
D003713,MacOS,Mac OS X 10_9_5,chrome 66.0,1440x900,desktop
D003714,MacOS,Mac OS X 10_9_5,chrome 66.0,2560x1600,desktop
D003715,MacOS,Mac OS X 10_9_5,chrome,1440x900,desktop
D003716,MacOS,Mac OS X 10_9_5,opera 49.0,1280x800,desktop
D003717,MacOS,Mac OS X 10_9_5,safari 9.0,1280x1024,desktop
D003718,MacOS,Mac OS X 10_9_5,safari 9.0,1280x800,desktop
D003719,MacOS,Mac OS X 10_9_5,safari 9.0,1366x768,desktop
D003720,MacOS,Mac OS X 10_9_5,safari 9.0,1440x900,desktop
D003721,MacOS,Mac OS X 10_9_5,safari 9.0,1680x1050,desktop
D003722,MacOS,Mac OS X 10_9_5,safari 9.0,1920x1080,desktop
D003723,MacOS,Mac OS X 10_9_5,safari 9.0,2880x1800,desktop
D003724,MacOS,Mac OS X 10_9_5,safari generic,1024x640,desktop
D003725,MacOS,Mac OS X 10_9_5,safari generic,1152x648,desktop
D003726,MacOS,Mac OS X 10_9_5,safari generic,1280x720,desktop
D003727,MacOS,Mac OS X 10_9_5,safari generic,1280x800,desktop
D003728,MacOS,Mac OS X 10_9_5,safari generic,1360x768,desktop
D003729,MacOS,Mac OS X 10_9_5,safari generic,1366x768,desktop
D003730,MacOS,Mac OS X 10_9_5,safari generic,1440x900,desktop
D003731,MacOS,Mac OS X 10_9_5,safari generic,1680x1050,desktop
D003732,MacOS,Mac OS X 10_9_5,safari generic,1920x1080,desktop
D003733,MacOS,Mac OS X 10_9_5,safari generic,1920x1200,desktop
D003734,MacOS,Mac OS X 10_9_5,safari generic,2048x1152,desktop
D003735,MacOS,Mac OS X 10_9_5,safari generic,2048x1280,desktop
D003736,MacOS,Mac OS X 10_9_5,safari generic,2560x1440,desktop
D003737,MacOS,Mac OS X 10_9_5,safari generic,2560x1600,desktop
D003738,MacOS,Mac OS X 10_9_5,safari generic,2880x1800,desktop
D003739,MacOS,Mac,chrome 49.0,1440x900,desktop
D003740,MacOS,Mac,chrome 58.0,2880x1800,desktop
D003741,MacOS,Mac,chrome 60.0,1440x900,desktop
D003742,MacOS,Mac,chrome 60.0,2560x1600,desktop
D003743,MacOS,Mac,chrome 61.0,1366x768,desktop
D003744,MacOS,Mac,chrome 61.0,1440x900,desktop
D003745,MacOS,Mac,chrome 61.0,1920x1080,desktop
D003746,MacOS,Mac,chrome 61.0,2560x1600,desktop
D003747,MacOS,Mac,chrome 61.0,2880x1800,desktop
D003748,MacOS,Mac,chrome 62.0,1280x720,desktop
D003749,MacOS,Mac,chrome 62.0,1280x800,desktop
D003750,MacOS,Mac,chrome 62.0,1440x900,desktop
D003751,MacOS,Mac,chrome 62.0,1680x1050,desktop
D003752,MacOS,Mac,chrome 62.0,1920x1080,desktop
D003753,MacOS,Mac,chrome 62.0,2560x1440,desktop
D003754,MacOS,Mac,chrome 62.0,2560x1600,desktop
D003755,MacOS,Mac,chrome 62.0,2880x1800,desktop
D003756,MacOS,Mac,chrome 62.0,3360x2100,desktop
D003757,MacOS,Mac,chrome 63.0,1280x800,desktop
D003758,MacOS,Mac,chrome 63.0,1366x768,desktop
D003759,MacOS,Mac,chrome 63.0,1440x900,desktop
D003760,MacOS,Mac,chrome 63.0,1920x1080,desktop
D003761,MacOS,Mac,chrome 63.0,1920x1200,desktop
D003762,MacOS,Mac,chrome 63.0,2560x1440,desktop
D003763,MacOS,Mac,chrome 63.0,2560x1600,desktop
D003764,MacOS,Mac,chrome 63.0,2880x1800,desktop
D003765,MacOS,Mac,chrome 63.0,5120x2880,desktop
D003766,MacOS,Mac,chrome 64.0,1280x800,desktop
D003767,MacOS,Mac,chrome 64.0,1366x768,desktop
D003768,MacOS,Mac,chrome 64.0,1440x900,desktop
D003769,MacOS,Mac,chrome 64.0,1920x1080,desktop
D003770,MacOS,Mac,chrome 64.0,2560x1440,desktop
D003771,MacOS,Mac,chrome 64.0,2560x1600,desktop
D003772,MacOS,Mac,chrome 64.0,3360x2100,desktop
D003773,MacOS,Mac,chrome 65.0,1280x800,desktop
D003774,MacOS,Mac,chrome 65.0,1440x900,desktop
D003775,MacOS,Mac,chrome 65.0,1920x1080,desktop
D003776,MacOS,Mac,chrome 65.0,1920x1200,desktop
D003777,MacOS,Mac,chrome 65.0,2560x1600,desktop
D003778,MacOS,Mac,chrome 65.0,2880x1800,desktop
D003779,MacOS,Mac,chrome 66.0,1280x800,desktop
D003780,MacOS,Mac,chrome 66.0,1920x1080,desktop
D003781,MacOS,Mac,chrome 66.0,2560x1440,desktop
D003782,MacOS,Mac,chrome generic,1440x900,desktop
D003783,MacOS,Mac,chrome generic,2880x1800,desktop
D003784,MacOS,Mac,safari generic,1152x720,desktop
D003785,MacOS,Mac,safari generic,1280x720,desktop
D003786,MacOS,Mac,safari generic,1280x800,desktop
D003787,MacOS,Mac,safari generic,1366x768,desktop
D003788,MacOS,Mac,safari generic,1440x900,desktop
D003789,MacOS,Mac,safari generic,1680x1050,desktop
D003790,MacOS,Mac,safari generic,1920x1080,desktop
D003791,MacOS,Mac,safari generic,1920x1200,desktop
D003792,MacOS,Mac,safari generic,2560x1440,desktop
D003793,MacOS,Mac,safari generic,2560x1600,desktop
D003794,MacOS,Mac,safari generic,2880x1800,desktop
D003795,MacOS,Mac,safari generic,3360x2100,desktop
D003796,MacOS,Mac,safari,1280x800,desktop
D003797,MacOS,Mac,safari,1366x768,desktop
D003798,MacOS,Mac,safari,1440x900,desktop
D003799,MacOS,Mac,safari,1680x1050,desktop
D003800,Max,,android webview 4.0,,mobile
D003801,Mi A1 Build/N2G47H,,chrome 62.0 for android,,mobile
D003802,Mi A1 Build/N2G47H,,chrome 63.0 for android,,mobile
D003803,Mi A1 Build/N2G47H,,chrome 64.0 for android,,mobile
D003804,Mi A1 Build/N2G47H,,chrome 65.0 for android,,mobile
D003805,Mi A1 Build/N2G47H,,chrome generic for android,,mobile
D003806,Mi A1 Build/N2G47H,,opera,,mobile
D003807,Mi A1 Build/OPR1.170623.026,,,,mobile
D003808,Mi A1 Build/OPR1.170623.026,,chrome 66.0 for android,,mobile
D003809,Mi A1 Build/OPR1.170623.026,,opera,,mobile
D003810,Mi,,chrome 64.0 for android,,mobile
D003811,Microsoft,,edge,,mobile
D003812,Microsoft,Windows,edge,2560x1440,mobile
D003813,Minion_Tab,,Inco/Minion,,mobile
D003814,Mobiistar_LAI_Yuna_X,,android webview 4.0,,mobile
D003815,Moto C Build/NRD90M.046,,chrome 56.0 for android,,mobile
D003816,Moto C Build/NRD90M.046,,chrome 62.0 for android,,mobile
D003817,Moto C Build/NRD90M.050,,chrome 62.0 for android,,mobile
D003818,Moto C Build/NRD90M.050,,chrome 64.0 for android,,mobile
D003819,Moto C Build/NRD90M.054,,chrome 56.0 for android,,mobile
D003820,Moto C Build/NRD90M.054,,chrome 62.0 for android,,mobile
D003821,Moto C Build/NRD90M.054,,chrome 63.0 for android,,mobile
D003822,Moto C Build/NRD90M.054,,chrome generic for android,,mobile
D003823,Moto C Build/NRD90M.057,,android webview 4.0,,mobile
D003824,Moto C Build/NRD90M.057,,chrome 65.0 for android,,mobile
D003825,Moto C Build/NRD90M.057,,chrome generic for android,,mobile
D003826,Moto C Build/NRD90M.063,,android webview 4.0,,mobile
D003827,Moto C Build/NRD90M.063,,chrome 58.0 for android,,mobile
D003828,Moto C Build/NRD90M.063,,chrome 62.0 for android,,mobile
D003829,Moto C Build/NRD90M.063,,chrome 63.0 for android,,mobile
D003830,Moto C Build/NRD90M.063,,chrome 64.0 for android,,mobile
D003831,Moto C Build/NRD90M.063,,chrome 65.0 for android,,mobile
D003832,Moto C Build/NRD90M.063,,chrome 66.0 for android,,mobile
D003833,Moto C Build/NRD90M.063,,chrome generic for android,,mobile
D003834,Moto C Build/NRD90M.070,,chrome 58.0 for android,,mobile
D003835,Moto C Build/NRD90M.070,,chrome 65.0 for android,,mobile
D003836,Moto C Build/NRD90M.070,,chrome 66.0 for android,,mobile
D003837,Moto C Plus Build/NRD90M.05.022,,chrome 56.0 for android,,mobile
D003838,Moto C Plus Build/NRD90M.05.022,,chrome 62.0 for android,,mobile
D003839,Moto C Plus Build/NRD90M.05.022,,chrome 63.0 for android,,mobile
D003840,Moto C Plus Build/NRD90M.05.034,,chrome 58.0 for android,,mobile
D003841,Moto C Plus Build/NRD90M.05.034,,chrome 59.0 for android,,mobile
D003842,Moto C Plus Build/NRD90M.05.034,,chrome 62.0 for android,,mobile
D003843,Moto C Plus Build/NRD90M.05.034,,chrome 63.0 for android,,mobile
D003844,Moto C Plus Build/NRD90M.05.034,,chrome 64.0 for android,,mobile
D003845,Moto C Plus Build/NRD90M.05.034,,chrome 65.0 for android,,mobile
D003846,Moto C Plus Build/NRD90M.05.034,,chrome 66.0 for android,,mobile
D003847,Moto E (4) Build/NCQ26.69-56,Android 7.1.1,chrome generic,1280x720,mobile
D003848,Moto E (4) Build/NDQS26.69-23-2-3,,chrome generic,,mobile
D003849,Moto E (4) Build/NDQS26.69-23-2-3,Android 7.1.1,chrome 56.0 for android,1280x720,mobile
D003850,Moto E (4) Build/NDQS26.69-23-2-3,Android 7.1.1,chrome generic,1280x720,mobile
D003851,Moto E (4) Build/NDQS26.69-64-2,,chrome 66.0 for android,,mobile
D003852,Moto E (4) Build/NDQS26.69-64-2,,chrome generic,,desktop
D003853,Moto E (4) Build/NMA26.42-11-3,,chrome generic,,mobile
D003854,Moto E (4) Build/NMA26.42-19,,android webview 4.0,,mobile
D003855,Moto E (4) Build/NMA26.42-19,,chrome 66.0 for android,,mobile
D003856,Moto E (4) Build/NMA26.42-19,,chrome generic,,mobile
D003857,Moto E (4) Build/NMA26.42-69,,android webview 4.0,,mobile
D003858,Moto E (4) Build/NMA26.42-69,,chrome 66.0 for android,,mobile
D003859,Moto E (4) Build/NMA26.42-69,,chrome generic,,mobile
D003860,Moto E (4) Plus Build/NMA26.42-11-3,,android webview 4.0,,mobile
D003861,Moto E (4) Plus Build/NMA26.42-11-3,,chrome generic,,mobile
D003862,Moto E (4) Plus Build/NMA26.42-142,,chrome 56.0 for android,,mobile
D003863,Moto E (4) Plus Build/NMA26.42-142,,chrome 65.0 for android,,mobile
D003864,Moto E (4) Plus Build/NMA26.42-142,,chrome 66.0 for android,,mobile
D003865,Moto E (4) Plus Build/NMA26.42-142,,chrome generic,,desktop
D003866,Moto E (4) Plus Build/NMA26.42-152,,chrome 65.0 for android,,mobile
D003867,Moto E (4) Plus Build/NMA26.42-152,,chrome 66.0 for android,,mobile
D003868,Moto E (4) Plus Build/NMA26.42-69,,chrome 66.0 for android,,mobile
D003869,Moto E (4) Plus Build/NMA26.42-69,,chrome generic,,mobile
D003870,Moto G (4) Build/NPJ25.93-14,,chrome 66.0 for android,,mobile
D003871,Moto G (4) Build/NPJ25.93-14,,chrome generic,,mobile
D003872,Moto G (4) Build/NPJ25.93-14.5,,android webview 4.0,,mobile
D003873,Moto G (4) Build/NPJ25.93-14.5,,chrome generic,,mobile
D003874,Moto G (4) Build/NPJ25.93-14.7,,chrome 63.0 for android,,mobile
D003875,Moto G (4) Build/NPJ25.93-14.7,,chrome 66.0 for android,,mobile
D003876,Moto G (4) Build/NPJ25.93-14.7,,chrome generic,,mobile
D003877,Moto G (4) Build/NPJ25.93-14.7,,samsung browser 6.2,,mobile
D003878,Moto G (4) Build/NPJ25.93-14.7,,samsung browser generic,,mobile
D003879,Moto G (4) Build/NPJ25.93-14.7,Android 7.0,chrome generic,1920x1080,mobile
D003880,Moto G (4) Build/NPJS25.93-14-10,,chrome 63.0 for android,,mobile
D003881,Moto G (4) Build/NPJS25.93-14-10,,chrome 66.0 for android,,mobile
D003882,Moto G (4) Build/NPJS25.93-14-10,,chrome generic,,mobile
D003883,Moto G (4) Build/NPJS25.93-14-13,,chrome 63.0 for android,,mobile
D003884,Moto G (4) Build/NPJS25.93-14-13,,chrome 66.0 for android,,mobile
D003885,Moto G (4) Build/NPJS25.93-14-13,,chrome generic,,mobile
D003886,Moto G (4) Build/NPJS25.93-14-15,,chrome 56.0 for android,,mobile
D003887,Moto G (4) Build/NPJS25.93-14-15,,chrome 63.0 for android,,mobile
D003888,Moto G (4) Build/NPJS25.93-14-15,,chrome 66.0 for android,,mobile
D003889,Moto G (4) Build/NPJS25.93-14-15,,chrome generic,,desktop
D003890,Moto G (4) Build/NPJS25.93-14-18,,chrome 66.0 for android,,mobile
D003891,Moto G (4) Build/NPJS25.93-14-8,,chrome 65.0 for android,,mobile
D003892,Moto G (4) Build/NPJS25.93-14-8,,chrome generic,,mobile
D003893,Moto G (4) Build/NPJS25.93-14-8.1-4,,chrome generic,,desktop
D003894,Moto G (5) Build/NPP25.137-15,,chrome generic,,mobile
D003895,Moto G (5) Build/NPP25.137-33,,chrome 66.0 for android,,mobile
D003896,Moto G (5) Build/NPP25.137-38,,chrome 66.0 for android,,mobile
D003897,Moto G (5) Build/NPP25.137-38,,chrome generic,,mobile
D003898,Moto G (5) Build/NPP25.137-72,,chrome 66.0 for android,,mobile
D003899,Moto G (5) Build/NPP25.137-72,,chrome generic,,mobile
D003900,Moto G (5) Build/NPP25.137-82,,chrome 66.0 for android,,mobile
D003901,Moto G (5) Build/NPP25.137-82,,chrome generic,,mobile
D003902,Moto G (5) Build/NPP25.137-93,,chrome 63.0 for android,,mobile
D003903,Moto G (5) Build/NPP25.137-93,,chrome 66.0 for android,,mobile
D003904,Moto G (5) Build/NPP25.137-93,,chrome generic,,mobile
D003905,Moto G (5) Build/NPPS25.137-15-11,,chrome 65.0 for android,,mobile
D003906,Moto G (5) Build/NPPS25.137-15-11,,chrome 66.0 for android,,mobile
D003907,Moto G (5) Build/NPPS25.137-15-11,,chrome generic,,mobile
D003908,Moto G (5) Build/NPPS25.137-93-4,,chrome 65.0 for android,,mobile
D003909,Moto G (5) Build/NPPS25.137-93-4,,chrome generic,,desktop
D003910,Moto G (5) Build/NPPS25.137-93-8,,chrome 66.0 for android,,mobile
D003911,Moto G (5) Build/NPPS25.137-93-8,,chrome generic,,desktop
D003912,Moto G (5) Plus Build/NPN25.137-15,,chrome generic,,desktop
D003913,Moto G (5) Plus Build/NPN25.137-72,,android webview 4.0,,mobile
D003914,Moto G (5) Plus Build/NPN25.137-72,,chrome generic,,mobile
D003915,Moto G (5) Plus Build/NPN25.137-82,,chrome generic,,mobile
D003916,Moto G (5) Plus Build/NPN25.137-83,Android 7.0,chrome generic,1920x1080,mobile
D003917,Moto G (5) Plus Build/NPN25.137-92,,android webview 4.0,,mobile
D003918,Moto G (5) Plus Build/NPN25.137-92,,chrome 66.0 for android,,mobile
D003919,Moto G (5) Plus Build/NPN25.137-92,,chrome generic,,mobile
D003920,Moto G (5) Plus Build/NPNS25.137-15-11,,chrome generic,,mobile
D003921,Moto G (5) Plus Build/NPNS25.137-92-10,,chrome 66.0 for android,,mobile
D003922,Moto G (5) Plus Build/NPNS25.137-92-4,,chrome 66.0 for android,,mobile
D003923,Moto G (5) Plus Build/NPNS25.137-92-4,,chrome generic,,desktop
D003924,Moto G (5) Plus Build/NPNS25.137-92-8,,chrome 65.0 for android,,mobile
D003925,Moto G (5) Plus Build/NPNS25.137-92-8,,chrome 66.0 for android,,mobile
D003926,Moto G (5) Plus Build/NPNS25.137-92-8,,chrome generic,,desktop
D003927,Moto G (5) Plus Build/NPNS25.137-93-8,Android 7.0,chrome generic,1920x1081,mobile
D003928,Moto G (5S,,android webview 4.0,,mobile
D003929,Moto G (5S,,chrome 66.0 for android,,mobile
D003930,Moto G (5S,,chrome generic,,mobile
D003931,Moto G (5S,Android 7.1.1,chrome generic,1920x1080,mobile
D003932,Moto G Play Build/MPIS24.241-15.3-26,,chrome 59.0 for android,,mobile
D003933,Moto G Play Build/MPIS24.241-15.3-26,,chrome 60.0 for android,,mobile
D003934,Moto G Play Build/MPIS24.241-15.3-26,,chrome 61.0 for android,,mobile
D003935,Moto G Play Build/MPIS24.241-15.3-26,,chrome 62.0 for android,,mobile
D003936,Moto G Play Build/MPIS24.241-15.3-26,,chrome 63.0 for android,,mobile
D003937,Moto G Play Build/MPIS24.241-15.3-26,,chrome 64.0 for android,,mobile
D003938,Moto G Play Build/MPIS24.241-15.3-26,,chrome 65.0 for android,,mobile
D003939,Moto G Play Build/MPIS24.241-15.3-26,,chrome 66.0 for android,,mobile
D003940,Moto G Play Build/MPIS24.241-15.3-26,,chrome generic for android,,mobile
D003941,Moto G Play Build/MPIS24.241-15.3-7,,android webview 4.0,,mobile
D003942,Moto G Play Build/MPIS24.241-15.3-7,,chrome 50.0 for android,,mobile
D003943,Moto G Play Build/MPIS24.241-15.3-7,,chrome 56.0 for android,,mobile
D003944,Moto G Play Build/MPIS24.241-15.3-7,,chrome 58.0 for android,,mobile
D003945,Moto G Play Build/MPIS24.241-15.3-7,,chrome 59.0 for android,,mobile
D003946,Moto G Play Build/MPIS24.241-15.3-7,,chrome 61.0 for android,,mobile
D003947,Moto G Play Build/MPIS24.241-15.3-7,,chrome 62.0 for android,,mobile
D003948,Moto G Play Build/MPIS24.241-15.3-7,,chrome 63.0 for android,,mobile
D003949,Moto G Play Build/MPIS24.241-15.3-7,,chrome 64.0 for android,,mobile
D003950,Moto G Play Build/MPIS24.241-15.3-7,,chrome 65.0 for android,,mobile
D003951,Moto G Play Build/MPIS24.241-15.3-7,,chrome 66.0 for android,,mobile
D003952,Moto G Play Build/MPIS24.241-15.3-7,,chrome generic for android,,mobile
D003953,Moto G Play Build/NJH47F,,chrome 63.0 for android,,mobile
D003954,Moto G Play Build/NPI26.48-36,,chrome 63.0 for android,,mobile
D003955,Moto G Play Build/NPI26.48-36,,chrome 64.0 for android,,mobile
D003956,Moto G Play Build/NPI26.48-36,,chrome 65.0 for android,,mobile
D003957,Moto G Play Build/NPIS26.48-36-2,,chrome 57.0 for android,,mobile
D003958,Moto G Play Build/NPIS26.48-36-2,,chrome 64.0 for android,,mobile
D003959,Moto G Play Build/NPIS26.48-36-2,,chrome 65.0 for android,,mobile
D003960,Moto G Play Build/NPIS26.48-36-2,,chrome 66.0 for android,,mobile
D003961,Moto G Play Build/NPIS26.48-36-2,,chrome generic for android,,mobile
D003962,Moto G Play Build/NPIS26.48-36-5,,chrome 58.0 for android,,mobile
D003963,Moto G Play Build/NPIS26.48-36-5,,chrome 65.0 for android,,mobile
D003964,Moto G Play Build/NPIS26.48-36-5,,chrome 66.0 for android,,mobile
D003965,Moto G Play Build/NPIS26.48-36-5,,chrome generic for android,,mobile
D003966,Moto X Play Build/NPD26.48-24-1,,chrome 57.0 for android,,mobile
D003967,Moto X Play Build/NPD26.48-24-1,,chrome 58.0 for android,,mobile
D003968,Moto X Play Build/NPD26.48-24-1,,chrome 62.0 for android,,mobile
D003969,Moto X Play Build/NPD26.48-24-1,,chrome 63.0 for android,,mobile
D003970,Moto X Play Build/NPD26.48-24-1,,chrome 64.0 for android,,mobile
D003971,Moto X Play Build/NPD26.48-24-1,,chrome 65.0 for android,,mobile
D003972,Moto X Play Build/NPD26.48-24-1,,chrome 66.0 for android,,mobile
D003973,Moto X Play Build/NPD26.48-24-1,,chrome generic for android,,mobile
D003974,Moto Z (2,,chrome 66.0 for android,,mobile
D003975,Moto Z (2,,chrome generic,,mobile
D003976,Moto Z (2,Android 7.1.1,chrome generic,,mobile
D003977,Moto Z (2,Android 7.1.1,chrome generic,2560x1440,mobile
D003978,Moto Z (2,Android 8.0.0,android webview 4.0,2560x1440,mobile
D003979,Moto Z (2,Android 8.0.0,chrome 65.0 for android,2560x1440,mobile
D003980,Moto Z (2,Android 8.0.0,chrome generic,2560x1440,mobile
D003981,Moto Z2 Play Build/NPS26.118-19,,chrome 62.0 for android,,mobile
D003982,Moto Z2 Play Build/NPS26.118-19,,chrome 63.0 for android,,mobile
D003983,Moto Z2 Play Build/NPS26.118-19,,chrome 64.0 for android,,mobile
D003984,Moto Z2 Play Build/NPS26.118-19,,chrome generic for android,,mobile
D003985,Moto Z2 Play Build/NPS26.74-16-1,,chrome 56.0 for android,,mobile
D003986,Moto Z2 Play Build/NPS26.74-16-1,,chrome 61.0 for android,,mobile
D003987,Moto Z2 Play Build/NPS26.74-16-1,,chrome 62.0 for android,,mobile
D003988,Moto Z2 Play Build/NPS26.74-16-1,,chrome 63.0 for android,,mobile
D003989,Moto Z2 Play Build/NPS26.74-16-1,,chrome 64.0 for android,,mobile
D003990,Moto Z2 Play Build/NPSS26.118-19-11,,chrome 63.0 for android,,mobile
D003991,Moto Z2 Play Build/NPSS26.118-19-11,,chrome 64.0 for android,,mobile
D003992,Moto Z2 Play Build/NPSS26.118-19-11,,chrome generic for android,,mobile
D003993,Moto Z2 Play Build/NPSS26.118-19-14,,chrome 57.0 for android,,mobile
D003994,Moto Z2 Play Build/NPSS26.118-19-14,,chrome 63.0 for android,,mobile
D003995,Moto Z2 Play Build/NPSS26.118-19-14,,chrome 64.0 for android,,mobile
D003996,Moto Z2 Play Build/NPSS26.118-19-14,,chrome 65.0 for android,,mobile
D003997,Moto Z2 Play Build/NPSS26.118-19-14,,chrome 66.0 for android,,mobile
D003998,Moto Z2 Play Build/NPSS26.118-19-14,,chrome generic for android,,mobile
D003999,Moto Z2 Play Build/NPSS26.118-19-14,,samsung browser 6.2,,mobile
D004000,Moto Z2 Play Build/NPSS26.118-19-4,,chrome 57.0 for android,,mobile
D004001,Moto Z2 Play Build/NPSS26.118-19-4,,chrome 64.0 for android,,mobile
D004002,Moto Z2 Play Build/NPSS26.118-19-4,,chrome 65.0 for android,,mobile
D004003,Moto Z2 Play Build/NPSS26.118-19-4,,chrome generic for android,,mobile
D004004,Moto Z2 Play Build/NPSS26.118-19-6,,chrome 57.0 for android,,mobile
D004005,Moto Z2 Play Build/NPSS26.118-19-6,,chrome 62.0 for android,,mobile
D004006,Moto Z2 Play Build/NPSS26.118-19-6,,chrome 63.0 for android,,mobile
D004007,Moto,,chrome 50.0 for android,,mobile
D004008,Moto,,chrome 56.0 for android,,mobile
D004009,Moto,,chrome 62.0 for android,,mobile
D004010,Moto,,chrome 63.0 for android,,mobile
D004011,Moto,,chrome 64.0 for android,,mobile
D004012,Moto,,chrome 65.0 for android,,mobile
D004013,Moto,,chrome 66.0 for android,,mobile
D004014,Moto,,chrome generic,,mobile
D004015,Moto,Android 6.0.1,chrome 59.0 for android,1280x720,mobile
D004016,Moto,Android 6.0.1,chrome 63.0 for android,1280x720,mobile
D004017,Moto,Android 6.0.1,chrome 65.0 for android,1280x720,mobile
D004018,Moto,Android 7.0,chrome 66.0 for android,1920x1080,mobile
D004019,Moto,Android 7.0,chrome generic,1920x1080,mobile
D004020,Moto,Android 7.1.1,chrome 63.0 for android,1920x1080,mobile
D004021,Moto,Android 7.1.1,chrome 66.0 for android,1280x720,mobile
D004022,Moto,Android 7.1.1,chrome generic,1280x720,mobile
D004023,MotoE2 Build/LPCS23.13-56-5,,chrome 52.0 for android,,mobile
D004024,MotoE2 Build/LPCS23.13-56-5,,chrome 54.0 for android,,mobile
D004025,MotoE2 Build/LPCS23.13-56-5,,chrome 61.0 for android,,mobile
D004026,MotoE2 Build/LPCS23.13-56-5,,chrome 62.0 for android,,mobile
D004027,MotoE2(4G-LTE,,chrome 63.0 for android,,mobile
D004028,MotoE2(4G-LTE,,chrome 66.0 for android,,mobile
D004029,MotoE2(4G-LTE,,chrome generic,,mobile
D004030,MotoG3 Build/MPI24.65-25,,chrome 52.0 for android,,mobile
D004031,MotoG3 Build/MPI24.65-25,,chrome 60.0 for android,,mobile
D004032,MotoG3 Build/MPI24.65-25,,chrome 64.0 for android,,mobile
D004033,MotoG3 Build/MPI24.65-25.1,,chrome 63.0 for android,,mobile
D004034,MotoG3 Build/MPI24.65-33.1-2,,chrome 59.0 for android,,mobile
D004035,MotoG3 Build/MPI24.65-33.1-2,,chrome 61.0 for android,,mobile
D004036,MotoG3 Build/MPI24.65-33.1-2,,chrome 62.0 for android,,mobile
D004037,MotoG3 Build/MPI24.65-33.1-2,,chrome 63.0 for android,,mobile
D004038,MotoG3 Build/MPI24.65-33.1-2,,chrome 66.0 for android,,mobile
D004039,MotoG3 Build/MPIS24.107-55-2-17,,chrome 58.0 for android,,mobile
D004040,MotoG3 Build/MPIS24.107-55-2-17,,chrome 62.0 for android,,mobile
D004041,MotoG3 Build/MPIS24.107-55-2-17,,chrome 63.0 for android,,mobile
D004042,MotoG3 Build/MPIS24.107-55-2-17,,chrome generic for android,,mobile
D004043,MotoG3 Build/MPIS24.65-25.1-19,,chrome 63.0 for android,,mobile
D004044,MotoG3 Build/MPIS24.65-25.1-19,,chrome,,mobile
D004045,MotoG3 Build/MPIS24.65-25.1-19,Android 6.0,chrome 62.0 for android,1280x720,mobile
D004046,MotoG3 Build/MPIS24.65-33.1-2-16,,chrome 61.0 for android,,mobile
D004047,MotoG3 Build/MPIS24.65-33.1-2-16,,chrome 62.0 for android,,mobile
D004048,MotoG3 Build/MPIS24.65-33.1-2-16,,chrome 63.0 for android,,mobile
D004049,MotoG3 Build/MPIS24.65-33.1-2-16,,chrome 64.0 for android,,mobile
D004050,MotoG3 Build/MPIS24.65-33.1-2-16,,chrome 65.0 for android,,mobile
D004051,MotoG3 Build/MPIS24.65-33.1-2-16,,chrome 66.0 for android,,mobile
D004052,MotoG3 Build/MPIS24.65-33.1-2-16,,chrome generic for android,,mobile
D004053,MotoG3,,chrome 63.0 for android,,mobile
D004054,MotoG3,,chrome 65.0 for android,,mobile
D004055,MotoG3,,chrome,,desktop
D004056,MotoG3-TE Build/MPD24.65-33,,chrome 66.0 for android,,mobile
D004057,MotoG3-TE Build/MPDS24.65-33-1-3,,chrome 61.0 for android,,mobile
D004058,MotoG3-TE Build/MPDS24.65-33-1-3,,chrome 63.0 for android,,mobile
D004059,MotoG3-TE Build/MPDS24.65-33-1-30,,chrome 54.0 for android,,mobile
D004060,MotoG3-TE Build/MPDS24.65-33-1-30,,chrome 62.0 for android,,mobile
D004061,MotoG3-TE Build/MPDS24.65-33-1-30,,chrome 63.0 for android,,mobile
D004062,MotoG3-TE Build/MPDS24.65-33-1-30,,chrome 64.0 for android,,mobile
D004063,MotoG3-TE Build/MPDS24.65-33-1-30,,chrome generic for android,,mobile
D004064,MotoG3-TE,,chrome 62.0 for android,,mobile
D004065,N817,Android,chrome 63.0 for android,801x480,mobile
D004066,N9136,Android 6.0.1,chrome 63.0 for android,855x480,mobile
D004067,N9560 Build/NMF26F,Android 7.1.1,chrome 65.0 for android,1920x1080,mobile
D004068,NEM-L51 Build/HONORNEM-L51,,chrome 63.0 for android,,mobile
D004069,NEM-L51 Build/HONORNEM-L51,,chrome 64.0 for android,,mobile
D004070,NEM-L51 Build/HONORNEM-L51,,chrome 65.0 for android,,mobile
D004071,NOKIA,,edge,,mobile
D004072,NX16A8116KP,Android 7.1.1,chrome 64.0 for android,1280x800,mobile
D004073,NX521J,,chrome 64.0 for android,,mobile
D004074,NX521J,,chrome generic,,desktop
D004075,NX785QC8G,Android 4.4.2,chrome 62.0 for android,1024x768,mobile
D004076,NXA116QC164,Android 5.0,chrome 63.0 for android,1366x768,mobile
D004077,NXA8QC116,Android 5.0,chrome 64.0 for android,1280x800,mobile
D004078,NYX_A1,,chrome 63.0 for android,,mobile
D004079,Neffos C5 Build/LMY47D,,chrome 63.0 for android,,mobile
D004080,Neffos C5 Build/LMY47D,,chrome 65.0 for android,,mobile
D004081,Neffos X1 Max Build/NRD90M,,chrome 63.0 for android,,mobile
D004082,NetHelper70,,ie 11.0 for desktop,,desktop
D004083,Nexus 5 Build/M4B30Z,,chrome 63.0 for android,,mobile
D004084,Nexus 5 Build/M4B30Z,,chrome 64.0 for android,,mobile
D004085,Nexus 5 Build/M4B30Z,,chrome 65.0 for android,,mobile
D004086,Nexus 5 Build/M4B30Z,,chrome generic for android,,mobile
D004087,Nexus 5X Build/OPM3.171019.013,,chrome 63.0 for android,,mobile
D004088,Nexus 5X Build/OPM3.171019.013,,chrome generic for android,,mobile
D004089,Nexus 5X Build/OPM3.171019.013,Android 8.1.0,chrome 63.0 for android,,mobile
D004090,Nexus 5X Build/OPM3.171019.013,Android 8.1.0,chrome generic for android,,mobile
D004091,Nexus 5X Build/OPR4.170623.006,,chrome 66.0 for android,,mobile
D004092,Nexus 6 Build/MOB30M,,chrome 65.0 for android,,mobile
D004093,Nexus 6 Build/N6F27M,,chrome 64.0 for android,,mobile
D004094,Nexus 6 Build/N6F27M,,chrome 65.0 for android,,mobile
D004095,Nexus 6 Build/N6F27M,Android 7.1.1,chrome 63.0 for android,2562x1442,mobile
D004096,Nexus 6P Build/OPR5.170623.011,Android 8.0.0,,,mobile
D004097,Nexus 6P Build/OPR5.170623.011,Android 8.0.0,,2562x1442,mobile
D004098,Nexus 6P Build/OPR5.170623.014,,,,mobile
D004099,Nexus,,,,mobile
D004100,Nexus,,chrome 51.0 for android,,mobile
D004101,Nexus,,chrome 63.0 for android,,mobile
D004102,Nexus,,chrome 64.0 for android,,mobile
D004103,Nexus,,chrome 65.0 for android,,mobile
D004104,Nexus,,chrome 66.0 for android,,mobile
D004105,Nexus,,chrome generic,,desktop
D004106,Nexus,,chrome,,mobile
D004107,Nexus,Android 4.4.2,chrome 63.0 for android,1920x1200,mobile
D004108,Nexus,Android 5.1.1,chrome 62.0 for android,,mobile
D004109,Nexus,Android 5.1.1,chrome 62.0 for android,2048x1536,mobile
D004110,Nexus,Android 5.1.1,chrome 63.0 for android,,mobile
D004111,Nexus,Android 5.1.1,chrome 63.0 for android,2560x1600,mobile
D004112,Nexus,Android 5.1.1,chrome generic,,mobile
D004113,Nexus,Android 7.0,chrome 63.0 for android,2562x1442,mobile
D004114,Nexus,Android 7.0,chrome generic for android,2562x1442,mobile
D004115,Nexus,Android 7.1.1,chrome 63.0 for android,,mobile
D004116,Nexus,Android 7.1.1,chrome 63.0 for android,2048x1536,mobile
D004117,Nexus,Android 7.1.1,chrome 63.0 for android,2562x1442,mobile
D004118,Nexus,Android 7.1.1,chrome 64.0 for android,2562x1442,mobile
D004119,Nexus,Android 7.1.2,chrome 62.0 for android,2562x1442,mobile
D004120,Nexus,Android 8.0.0,,,mobile
D004121,Nexus,Android 8.0.0,,2562x1442,mobile
D004122,Nexus,Android 8.1.0,chrome 63.0 for android,2562x1442,mobile
D004123,Nexus,Android 8.1.0,chrome 65.0 for android,2562x1442,mobile
D004124,Nexus,Android 8.1.0,chrome generic for android,2562x1442,mobile
D004125,Nexus,Android,chrome 62.0 for android,1920x1200,mobile
D004126,Northwell,Windows 7,ie 11.0 for desktop,1280x720,desktop
D004127,O1,,android browser 4.0,,mobile
D004128,ONE A2003 Build/MMB29M,,chrome 63.0 for android,,mobile
D004129,ONE A2003 Build/MMB29M,,chrome 65.0 for android,,mobile
D004130,ONE A2005 Build/MMB29M,Android 6.0.1,chrome 62.0 for android,1920x1080,mobile
D004131,ONE A2005 Build/MMB29M,Android 6.0.1,chrome 63.0 for android,1920x1080,mobile
D004132,ONE TOUCH 4016A Build/JDQ39,,chrome 61.0 for android,,mobile
D004133,ONE TOUCH 4016A Build/JDQ39,,chrome 63.0 for android,,mobile
D004134,ONE TOUCH 4016A Build/JDQ39,,chrome 64.0 for android,,mobile
D004135,ONE TOUCH 4016A Build/JDQ39,,chrome generic,,desktop
D004136,ONE TOUCH 4016A Build/JDQ39,,chrome,,mobile
D004137,ONE TOUCH 4033A Build/JDQ39,,chrome 51.0 for android,,mobile
D004138,ONE TOUCH 4033A Build/JDQ39,,chrome 62.0 for android,,mobile
D004139,ONE,,chrome 57.0 for android,,mobile
D004140,ONE,,chrome 63.0 for android,,mobile
D004141,ONEPLUS A5000 Build/NMF26X,,chrome 62.0 for android,,mobile
D004142,ONEPLUS A5000 Build/NMF26X,,chrome 63.0 for android,,mobile
D004143,ONEPLUS A5010 Build/OPM1.171019.011,,android webview 4.0,,mobile
D004144,ONEPLUS,Android 7.1.1,chrome 59.0 for android,1920x1080,mobile
D004145,ONEPLUS,Android 7.1.1,chrome 65.0 for android,,mobile
D004146,ORION,,chrome 66.0 for android,,mobile
D004147,Origins,,android webview 4.0,,mobile
D004148,P008 Build/NRD90M,Android 7.0,chrome 63.0 for android,,mobile
D004149,P008 Build/NRD90M,Android 7.0,chrome 64.0 for android,,mobile
D004150,P008 Build/NRD90M,Android 7.0,chrome 65.0 for android,2049x1536,mobile
D004151,P008 Build/NRD90M,Android 7.0,chrome 66.0 for android,2049x1536,mobile
D004152,P008 Build/NRD90M,Android 7.0,chrome generic for android,,mobile
D004153,P008 Build/NRD90M,Android 7.0,chrome generic for android,2049x1536,mobile
D004154,P00A,Android 7.0,chrome 65.0 for android,1280x800,mobile
D004155,P00C,,chrome 63.0 for android,,mobile
D004156,P00C,Android 7.0,chrome 61.0 for android,1280x800,mobile
D004157,P01M,Android 6.0.1,chrome 55.0 for android,2048x1536,mobile
D004158,P027,Android 7.0,chrome 63.0 for android,2048x1536,mobile
D004159,P4526A Build/NRD90M,,chrome 58.0 for android,,mobile
D004160,P4526A Build/NRD90M,,chrome 62.0 for android,,mobile
D004161,P4526A Build/NRD90M,,chrome 63.0 for android,,mobile
D004162,P4526A Build/NRD90M,,chrome 65.0 for android,,mobile
D004163,P5006A Build/NRD90M,,chrome 56.0 for android,,mobile
D004164,P5006A Build/NRD90M,,chrome 63.0 for android,,mobile
D004165,P5006A Build/NRD90M,,chrome 65.0 for android,,mobile
D004166,P5006A,,chrome 62.0 for android,,mobile
D004167,P5006A,,chrome 64.0 for android,,mobile
D004168,P5026A,,chrome 58.0 for android,,mobile
D004169,P5026A,,chrome 63.0 for android,,mobile
D004170,P5026A,,chrome generic for android,,mobile
D004171,P5046A,,chrome 65.0 for android,,mobile
D004172,P5046A,,chrome generic for android,,mobile
D004173,P5526A Build/NRD90M,,chrome 56.0 for android,,mobile
D004174,P5526A Build/NRD90M,,chrome 62.0 for android,,mobile
D004175,P5526A Build/NRD90M,,chrome 63.0 for android,,mobile
D004176,PE-TL10,,chrome 64.0 for android,,mobile
D004177,PH-1,,chrome 65.0 for android,,mobile
D004178,PH-1,Android 7.1.1,chrome 63.0 for android,,mobile
D004179,PLAYTAB,,chrome 55.0 for android,,mobile
D004180,PLE-701L,,chrome 62.0 for android,,mobile
D004181,PLK-L01 Build/HONORPLK-L01,,chrome 61.0 for android,,mobile
D004182,PLUS,,chrome 63.0 for android,,mobile
D004183,PLUS,,chrome 65.0 for android,,mobile
D004184,PMID7102DC,,chrome 64.0 for android,,mobile
D004185,PRA-LX1 Build/HUAWEIPRA-LX1,,chrome 62.0 for android,,mobile
D004186,PRA-LX1 Build/HUAWEIPRA-LX1,,chrome 63.0 for android,,mobile
D004187,PRA-LX1 Build/HUAWEIPRA-LX1,,chrome 64.0 for android,,mobile
D004188,PRA-LX1 Build/HUAWEIPRA-LX1,,chrome 65.0 for android,,mobile
D004189,PRA-LX1 Build/HUAWEIPRA-LX1,,chrome 66.0 for android,,mobile
D004190,PRA-LX1 Build/HUAWEIPRA-LX1,,chrome generic for android,,mobile
D004191,PRA-LX3 Build/HUAWEIPRA-LX3,,chrome 55.0 for android,,mobile
D004192,PRA-LX3 Build/HUAWEIPRA-LX3,,chrome 59.0 for android,,mobile
D004193,PRA-LX3 Build/HUAWEIPRA-LX3,,chrome 61.0 for android,,mobile
D004194,PRA-LX3 Build/HUAWEIPRA-LX3,,chrome 62.0 for android,,mobile
D004195,PRA-LX3 Build/HUAWEIPRA-LX3,,chrome 63.0 for android,,mobile
D004196,PRA-LX3 Build/HUAWEIPRA-LX3,,chrome 64.0 for android,,mobile
D004197,PRA-LX3 Build/HUAWEIPRA-LX3,,chrome 65.0 for android,,mobile
D004198,PRA-LX3 Build/HUAWEIPRA-LX3,,chrome 66.0 for android,,mobile
D004199,PRA-LX3 Build/HUAWEIPRA-LX3,,chrome generic for android,,mobile
D004200,PRA507,,chrome 65.0 for android,,mobile
D004201,PSPC550 Build/LMY47D,,chrome 63.0 for android,,mobile
D004202,PSPC550 Build/LMY47D,,chrome 65.0 for android,,mobile
D004203,PSPC550 Build/LMY47D,,samsung browser 6.4,,mobile
D004204,PULP 4G Build/LMY47V,,chrome generic,,desktop
D004205,Pixel 2 Build/OPM1.171019.011,,chrome 63.0 for android,,mobile
D004206,Pixel 2 Build/OPM1.171019.011,Android 8.1.0,chrome 62.0 for android,,mobile
D004207,Pixel 2 Build/OPM1.171019.011,Android 8.1.0,chrome 63.0 for android,,mobile
D004208,Pixel 2 Build/OPM1.171019.019,,chrome 64.0 for android,,mobile
D004209,Pixel 2 Build/OPM1.171019.019,Android 8.1.0,chrome 64.0 for android,,mobile
D004210,Pixel 2 Build/OPM1.171019.021,Android 8.1.0,chrome 65.0 for android,,mobile
D004211,Pixel 2 Build/OPM1.171019.021,Android 8.1.0,chrome 65.0 for android,1920x1081,mobile
D004212,Pixel 2 Build/OPM1.171019.021,Android 8.1.0,chrome 65.0 for android,1921x1081,mobile
D004213,Pixel 2 Build/OPM2.171019.016,Android 8.1.0,chrome 63.0 for android,,mobile
D004214,Pixel 2 Build/OPM2.171019.016,Android 8.1.0,chrome 64.0 for android,,mobile
D004215,Pixel 2 XL Build/OPM1.171019.011,Android 8.1.0,chrome 62.0 for android,,mobile
D004216,Pixel 2 XL Build/OPM1.171019.011,Android 8.1.0,chrome 63.0 for android,,mobile
D004217,Pixel 2 XL Build/OPM1.171019.013,Android 8.1.0,chrome 63.0 for android,,mobile
D004218,Pixel 2 XL Build/OPM1.171019.013,Android 8.1.0,chrome 64.0 for android,,mobile
D004219,Pixel 2 XL Build/OPM1.171019.013,Android 8.1.0,chrome generic for android,,mobile
D004220,Pixel 2 XL Build/OPM1.171019.021,,chrome 65.0 for android,,mobile
D004221,Pixel 2 XL Build/OPM1.171019.021,Android 8.1.0,chrome 65.0 for android,,mobile
D004222,Pixel 2 XL Build/OPM1.171019.021,Android 8.1.0,chrome 65.0 for android,2880x1442,mobile
D004223,Pixel 2 XL Build/OPM2.171019.029,Android 8.1.0,chrome 65.0 for android,2880x1442,mobile
D004224,Pixel 2 XL Build/OPM2.171019.029,Android 8.1.0,chrome 66.0 for android,2880x1442,mobile
D004225,Pixel 2 XL Build/OPM2.171019.029,Android 8.1.0,chrome generic for android,2880x1440,mobile
D004226,Pixel 2 XL Build/OPM2.171019.029,Android 8.1.0,chrome generic for android,2880x1442,mobile
D004227,Pixel 2 XL Build/OPM2.171019.029,Android 8.1.0,chrome generic for android,2882x1442,mobile
D004228,Pixel 2 XL Build/OPM2.171019.029.B1,Android 8.1.0,chrome 66.0 for android,2880x1442,mobile
D004229,Pixel Build/OPM1.171019.011,,chrome 62.0 for android,,mobile
D004230,Pixel Build/OPM1.171019.011,,chrome 63.0 for android,,mobile
D004231,Pixel Build/OPM1.171019.011,Android 8.1.0,chrome 61.0 for android,,mobile
D004232,Pixel Build/OPM1.171019.011,Android 8.1.0,chrome 62.0 for android,,mobile
D004233,Pixel Build/OPM1.171019.011,Android 8.1.0,chrome 63.0 for android,,mobile
D004234,Pixel Build/OPM1.171019.012,,chrome 63.0 for android,,mobile
D004235,Pixel Build/OPM1.171019.012,,chrome 64.0 for android,,mobile
D004236,Pixel Build/OPM1.171019.012,Android 8.1.0,chrome 63.0 for android,,mobile
D004237,Pixel Build/OPM1.171019.016,Android 8.1.0,chrome 64.0 for android,,mobile
D004238,Pixel Build/OPM2.171019.029,Android 8.1.0,chrome 64.0 for android,1921x1081,mobile
D004239,Pixel Build/OPM2.171019.029,Android 8.1.0,chrome 65.0 for android,1921x1081,mobile
D004240,Pixel Build/OPM2.171019.029,Android 8.1.0,chrome generic for android,1921x1081,mobile
D004241,Pixel Build/OPM4.171019.016.B1,Android 8.1.0,android webview 4.0,1921x1081,mobile
D004242,Pixel Build/OPM4.171019.016.B1,Android 8.1.0,chrome 66.0 for android,1921x1081,mobile
D004243,Pixel Build/OPR3.170623.013,Android 8.0.0,,,mobile
D004244,Pixel XL Build/OPM1.171019.011,Android 8.1.0,chrome 63.0 for android,,mobile
D004245,Pixel XL Build/OPM1.171019.011,Android 8.1.0,chrome 63.0 for android,2562x1442,mobile
D004246,Pixel XL Build/OPM1.171019.016,Android 8.1.0,chrome 64.0 for android,2562x1442,mobile
D004247,Pixel XL Build/OPM1.171019.016,Android 8.1.0,chrome 65.0 for android,2562x1442,mobile
D004248,Pixel XL Build/OPM1.171019.016,Android 8.1.0,chrome generic for android,2562x1442,mobile
D004249,Pixel XL Build/OPM1.171019.021,Android 8.1.0,chrome 65.0 for android,2562x1442,mobile
D004250,Pixel XL Build/OPM4.171019.016.B1,Android 8.1.0,chrome 64.0 for android,2562x1442,mobile
D004251,Pixel XL Build/OPM4.171019.016.B1,Android 8.1.0,chrome 66.0 for android,2561x1442,mobile
D004252,Pixel XL Build/OPM4.171019.016.B1,Android 8.1.0,chrome 66.0 for android,2562x1442,mobile
D004253,Pixel,,,,mobile
D004254,Pixel,,chrome 62.0 for android,,mobile
D004255,Pixel,,chrome 63.0 for android,,mobile
D004256,Pixel,,chrome 64.0 for android,,mobile
D004257,Pixel,,chrome 66.0 for android,,mobile
D004258,Pixel,Android 7.1.2,chrome 62.0 for android,2562x1442,mobile
D004259,Pixel,Android 7.1.2,chrome 63.0 for android,,mobile
D004260,Pixel,Android 7.1.2,chrome 64.0 for android,,mobile
D004261,Pixel,Android 7.1.2,chrome 64.0 for android,2560x1800,mobile
D004262,Pixel,Android 7.1.2,chrome 65.0 for android,2560x1800,mobile
D004263,Pixel,Android 8.0.0,,,mobile
D004264,Pixel,Android 8.0.0,,2562x1442,mobile
D004265,Pixel,Android 8.0.0,chrome 62.0 for android,,mobile
D004266,Pixel,Android 8.0.0,chrome 63.0 for android,,mobile
D004267,Pixel,Android 8.1.0,chrome 62.0 for android,2562x1442,mobile
D004268,Pixel,Android 8.1.0,chrome 63.0 for android,,mobile
D004269,Pixel,Android 8.1.0,chrome 63.0 for android,2560x1800,mobile
D004270,Pixel,Android 8.1.0,chrome 63.0 for android,2562x1442,mobile
D004271,Pixel,Android 8.1.0,chrome 64.0 for android,,mobile
D004272,Pixel,Android 8.1.0,chrome 65.0 for android,2562x1442,mobile
D004273,Pixel,Android 8.1.0,chrome 66.0 for android,1921x1081,mobile
D004274,Pixel,Android 8.1.0,chrome 66.0 for android,2562x1442,mobile
D004275,Pixel,Android 8.1.0,chrome generic for android,,mobile
D004276,QMV7A,Android 4.4.2,chrome 60.0 for android,,mobile
D004277,QTAIR7 Build/LMY47D,Android,chrome 50.0 for android,1920x1200,mobile
D004278,QTAIR7 Build/LMY47D,Android,chrome 62.0 for android,1920x1200,mobile
D004279,QTAIR7 Build/LMY47D,Android,chrome 63.0 for android,1920x1200,mobile
D004280,QTAQZ3 Build/KOT49H,Android 4.4.2,chrome 56.0 for android,,mobile
D004281,QTAQZ3 Build/LMY47V,Android 5.1.1,chrome 62.0 for android,,mobile
D004282,QTAQZ3 Build/LMY47V,Android 5.1.1,chrome 66.0 for android,1280x800,mobile
D004283,QTASUN1 Build/NRD90M,Android 7.0,chrome 56.0 for android,1920x1200,mobile
D004284,QTASUN1 Build/NRD90M,Android 7.0,chrome 62.0 for android,1920x1200,mobile
D004285,QTASUN1 Build/NRD90M,Android 7.0,chrome 63.0 for android,1920x1200,mobile
D004286,QTASUN1 Build/NRD90M,Android 7.0,chrome 66.0 for android,1920x1200,mobile
D004287,QTASUN1,Android 6.0.1,chrome 51.0 for android,1920x1200,mobile
D004288,QwestIE8,Windows 7,ie 11.0 for desktop,1280x800,desktop
D004289,R1,Android 6.0,chrome 62.0 for android,1280x720,mobile
D004290,R1,Android 6.0,chrome 63.0 for android,1280x720,mobile
D004291,R2,,chrome 65.0 for android,,mobile
D004292,R8106,,chrome 62.0 for android,,mobile
D004293,R831L,,chrome 65.0 for android,,mobile
D004294,R831L,,chrome generic,,desktop
D004295,RCT6203W46 Build/KOT49H,Android 4.4.2,android browser 4.0,1024x552,mobile
D004296,RCT6203W46 Build/KOT49H,Android 4.4.2,chrome 52.0 for android,1024x600,mobile
D004297,RCT6203W46 Build/KOT49H,Android 4.4.2,other,1024x552,mobile
D004298,RCT6223W87,,chrome generic for android,,mobile
D004299,RCT6303W87M7 Build/MRA58K,Android 6.0,chrome 56.0 for android,1280x800,mobile
D004300,RCT6303W87M7 Build/MRA58K,Android 6.0,chrome 62.0 for android,1280x800,mobile
D004301,RCT6513W87 Build/MRA58K,,chrome 66.0 for android,,mobile
D004302,RCT6513W87 Build/MRA58K,Android 6.0,chrome 63.0 for android,1024x600,mobile
D004303,RCT6773W22B,,chrome 63.0 for android,,mobile
D004304,RCT6773W22B,,chrome 64.0 for android,,mobile
D004305,RCT6K03W13,Android 6.0,chrome 64.0 for android,1280x800,mobile
D004306,RCT6S03W12,Android 7.0,chrome 62.0 for android,1280x800,mobile
D004307,RCT6S03W12,Android 7.0,chrome 63.0 for android,1280x800,mobile
D004308,REVVLPLUS,Android 7.1.1,chrome 58.0 for android,1920x1080,mobile
D004309,REVVLPLUS,Android 7.1.1,chrome 64.0 for android,1920x1080,mobile
D004310,REVVLPLUS,Android 7.1.1,chrome generic for android,1920x1080,mobile
D004311,REX,,chrome 58.0 for android,,mobile
D004312,REX,,chrome 61.0 for android,,mobile
D004313,REX,,chrome 62.0 for android,,mobile
D004314,REX,,chrome 63.0 for android,,mobile
D004315,RNE-L03 Build/HUAWEIRNE-L03,,chrome 59.0 for android,,mobile
D004316,RNE-L03 Build/HUAWEIRNE-L03,,chrome 63.0 for android,,mobile
D004317,RNE-L03 Build/HUAWEIRNE-L03,,chrome 64.0 for android,,mobile
D004318,RNE-L03 Build/HUAWEIRNE-L03,,chrome 65.0 for android,,mobile
D004319,RNE-L03 Build/HUAWEIRNE-L03,,chrome 66.0 for android,,mobile
D004320,RNE-L03 Build/HUAWEIRNE-L03,,chrome generic for android,,mobile
D004321,RNE-L21 Build/HUAWEIRNE-L21,,chrome 65.0 for android,,mobile
D004322,RNE-L21 Build/HUAWEIRNE-L21,,chrome 66.0 for android,,mobile
D004323,RNE-L21 Build/HUAWEIRNE-L21,,chrome generic for android,,mobile
D004324,RNE-L22 Build/HUAWEIRNE-L22,,chrome 66.0 for android,,mobile
D004325,RNE-L23 Build/HUAWEIRNE-L23,,chrome 66.0 for android,,mobile
D004326,RS988 Build/MMB29M,Android 6.0.1,chrome 63.0 for android,2560x1440,mobile
D004327,RS988,Android 7.0,chrome 63.0 for android,2560x1440,mobile
D004328,RS988,Android 7.0,chrome 64.0 for android,2560x1440,mobile
D004329,RS988,Android 7.0,chrome generic for android,2560x1440,mobile
D004330,Redmi 3S Build/MMB29M,,chrome 54.0 for android,,mobile
D004331,Redmi 3S Build/MMB29M,,chrome 63.0 for android,,mobile
D004332,Redmi 3S Build/MMB29M,,chrome 65.0 for android,,mobile
D004333,Redmi 3S Build/MMB29M,,chrome generic for android,,mobile
D004334,Redmi 4A Build/MMB29M,,android webview 4.0,,mobile
D004335,Redmi 4A Build/MMB29M,,chrome 54.0 for android,,mobile
D004336,Redmi 4A Build/MMB29M,,chrome 62.0 for android,,mobile
D004337,Redmi 4A Build/MMB29M,,chrome 63.0 for android,,mobile
D004338,Redmi 4A Build/MMB29M,,chrome 65.0 for android,,mobile
D004339,Redmi 4A Build/MMB29M,,chrome 66.0 for android,,mobile
D004340,Redmi 4A Build/MMB29M,,chrome generic for android,,mobile
D004341,Redmi 4A Build/MMB29M,Android 6.0.1,chrome 63.0 for android,1280x720,mobile
D004342,Redmi 4A Build/N2G47H,,chrome 63.0 for android,,mobile
D004343,Redmi 4A Build/N2G47H,,chrome 65.0 for android,,mobile
D004344,Redmi 4X Build/N2G47H,,chrome 62.0 for android,,mobile
D004345,Redmi 4X Build/N2G47H,,chrome 63.0 for android,,mobile
D004346,Redmi 4X Build/N2G47H,,chrome 64.0 for android,,mobile
D004347,Redmi 4X Build/N2G47H,,chrome 65.0 for android,,mobile
D004348,Redmi 4X Build/N2G47H,,chrome 66.0 for android,,mobile
D004349,Redmi 4X Build/N2G47H,,chrome generic for android,,mobile
D004350,Redmi 5 Plus Build/N2G47H,,chrome 64.0 for android,,mobile
D004351,Redmi 5 Plus Build/N2G47H,,chrome 65.0 for android,,mobile
D004352,Redmi 5 Plus Build/N2G47H,,chrome 66.0 for android,,mobile
D004353,Redmi 5 Plus Build/N2G47H,,chrome generic for android,,mobile
D004354,Redmi Note 3 Build/MMB29M,,chrome 54.0 for android,,mobile
D004355,Redmi Note 3 Build/MMB29M,,chrome 62.0 for android,,mobile
D004356,Redmi Note 3 Build/MMB29M,,chrome 63.0 for android,,mobile
D004357,Redmi Note 3 Build/MMB29M,,chrome 64.0 for android,,mobile
D004358,Redmi Note 3 Build/MMB29M,,chrome 65.0 for android,,mobile
D004359,Redmi Note 3 Build/MMB29M,,chrome 66.0 for android,,mobile
D004360,Redmi Note 4 Build/MMB29M,,chrome 54.0 for android,,mobile
D004361,Redmi Note 4 Build/MMB29M,Android 6.0.1,chrome 54.0 for android,1920x1080,mobile
D004362,Redmi Note 4 Build/NRD90M,,chrome 58.0 for android,,mobile
D004363,Redmi Note 4 Build/NRD90M,,chrome 61.0 for android,,mobile
D004364,Redmi Note 4 Build/NRD90M,,chrome 62.0 for android,,mobile
D004365,Redmi Note 4 Build/NRD90M,,chrome 64.0 for android,,mobile
D004366,Redmi Note 4 Build/NRD90M,,chrome 65.0 for android,,mobile
D004367,Redmi Note 4 Build/NRD90M,,chrome 66.0 for android,,mobile
D004368,Redmi Note 4 Build/NRD90M,,chrome generic for android,,mobile
D004369,Redmi Note 4 Build/NRD90M,,opera,,mobile
D004370,Redmi Note 4X Build/MRA58K,,chrome 66.0 for android,,mobile
D004371,Redmi Note 5A Build/N2G47H,,chrome 65.0 for android,,mobile
D004372,Redmi,,chrome 62.0 for android,,mobile
D004373,Redmi,,chrome 63.0 for android,,mobile
D004374,Redmi,,chrome 64.0 for android,,mobile
D004375,Redmi,,chrome 65.0 for android,,mobile
D004376,Redmi,,chrome 66.0 for android,,mobile
D004377,Redmi,,chrome generic for android,,mobile
D004378,Robin,,chrome 63.0 for android,,mobile
D004379,S.N.O.W.4,,ie 11.0 for desktop,,desktop
D004380,S.N.O.W.4,Windows 7,ie 11.0 for desktop,,desktop
D004381,S.N.O.W.4,Windows 7,ie 11.0 for desktop,1680x1050,desktop
D004382,S471,,android webview 4.0,,mobile
D004383,S57 Build/KTU84P,,chrome 60.0 for android,,mobile
D004384,S57 Build/KTU84P,,chrome 63.0 for android,,mobile
D004385,S57 Build/KTU84P,,chrome generic,,desktop
D004386,S60 Build/MMB29M,,chrome 63.0 for android,,mobile
D004387,S60 Build/MMB29M,,chrome 64.0 for android,,mobile
D004388,S6000,,chrome 63.0 for android,,mobile
D004389,S70V,,chrome generic,,desktop
D004390,SAMSUNG SM-A300H Build/LRX22G,,chrome generic,,mobile
D004391,SAMSUNG SM-A300H Build/LRX22G,,samsung browser 3.3,,mobile
D004392,SAMSUNG SM-A310F Build/NRD90M,,samsung browser 6.4,,mobile
D004393,SAMSUNG SM-A310F Build/NRD90M,,samsung browser generic,,mobile
D004394,SAMSUNG SM-A310F/A310FXXU4CRB1 Build/NRD90M,,samsung browser 6.4,,mobile
D004395,SAMSUNG SM-A310M Build/LMY47X,,chrome generic,,desktop
D004396,SAMSUNG SM-A320FL Build/NRD90M,,samsung browser 6.2,,mobile
D004397,SAMSUNG SM-A320FL Build/NRD90M,,samsung browser 6.4,,mobile
D004398,SAMSUNG SM-A320FL Build/NRD90M,,samsung browser generic,,mobile
D004399,SAMSUNG SM-A320Y Build/NRD90M,,samsung browser 6.2,,mobile
D004400,SAMSUNG SM-A320Y Build/NRD90M,,samsung browser 6.4,,mobile
D004401,SAMSUNG SM-A320Y Build/NRD90M,,samsung browser generic,,mobile
D004402,SAMSUNG SM-A510F Build/NRD90M,,samsung browser 6.2,,mobile
D004403,SAMSUNG SM-A510F Build/NRD90M,,samsung browser 6.4,,mobile
D004404,SAMSUNG SM-A510M Build/MMB29K,,samsung browser 6.2,,mobile
D004405,SAMSUNG SM-A510M Build/MMB29K,,samsung browser 6.4,,mobile
D004406,SAMSUNG SM-A510M Build/MMB29K,,samsung browser generic,,mobile
D004407,SAMSUNG SM-A510M Build/NRD90M,,samsung browser 6.2,,mobile
D004408,SAMSUNG SM-A510M Build/NRD90M,,samsung browser 6.4,,mobile
D004409,SAMSUNG SM-A510M Build/NRD90M,,samsung browser generic,,mobile
D004410,SAMSUNG SM-A520F Build/NRD90M,,samsung browser 5.2,,mobile
D004411,SAMSUNG SM-A520F Build/NRD90M,,samsung browser 6.2,,mobile
D004412,SAMSUNG SM-A520F Build/NRD90M,,samsung browser 6.4,,mobile
D004413,SAMSUNG SM-A520F Build/NRD90M,,samsung browser generic,,mobile
D004414,SAMSUNG SM-A710M Build/NRD90M,,samsung browser 6.4,,mobile
D004415,SAMSUNG SM-A720F Build/NRD90M,,samsung browser 6.2,,mobile
D004416,SAMSUNG SM-A720F Build/NRD90M,,samsung browser 6.4,,mobile
D004417,SAMSUNG SM-A720F Build/NRD90M,,samsung browser generic,,mobile
D004418,SAMSUNG SM-A730F Build/NMF26X,,samsung browser 6.4,,mobile
D004419,SAMSUNG SM-A730F Build/NMF26X,,samsung browser generic,,mobile
D004420,SAMSUNG SM-G530H Build/LRX22G,,other,,mobile
D004421,SAMSUNG SM-G530T Build/LMY47X,Android 5.1.1,other,960x540,mobile
D004422,SAMSUNG SM-G531H Build/LMY48B,,Samsung/SM-G531H,,mobile
D004423,SAMSUNG SM-G531H Build/LMY48B,,chrome generic,,mobile
D004424,SAMSUNG SM-G531H Build/LMY48B,,samsung browser 3.3,,mobile
D004425,SAMSUNG SM-G531H Build/LMY48B,,samsung browser 6.4,,mobile
D004426,SAMSUNG SM-G532M Build/MMB29T,,Samsung/SM-G532M,,mobile
D004427,SAMSUNG SM-G532M Build/MMB29T,,samsung browser 4.2,,mobile
D004428,SAMSUNG SM-G532M Build/MMB29T,,samsung browser 5.4,,mobile
D004429,SAMSUNG SM-G532M Build/MMB29T,,samsung browser 6.2,,mobile
D004430,SAMSUNG SM-G532M Build/MMB29T,,samsung browser 6.4,,mobile
D004431,SAMSUNG SM-G532M Build/MMB29T,,samsung browser generic,,mobile
D004432,SAMSUNG SM-G550T1 Build/MMB29K,,samsung browser 6.4,,mobile
D004433,SAMSUNG SM-G550T1 Build/MMB29K,Android 6.0.1,other,1280x720,mobile
D004434,SAMSUNG SM-G550T1 Build/MMB29K,Android 6.0.1,samsung browser 5.4,1280x720,mobile
D004435,SAMSUNG SM-G550T1 Build/MMB29K,Android 6.0.1,samsung browser 6.2,1280x720,mobile
D004436,SAMSUNG SM-G570M Build/MMB29K,,samsung browser 4.0,,mobile
D004437,SAMSUNG SM-G570M Build/MMB29K,,samsung browser 5.4,,mobile
D004438,SAMSUNG SM-G570M Build/MMB29K,,samsung browser 6.2,,mobile
D004439,SAMSUNG SM-G570M Build/MMB29K,,samsung browser 6.4,,mobile
D004440,SAMSUNG SM-G570M Build/NRD90M,,samsung browser 6.4,,mobile
D004441,SAMSUNG SM-G570M Build/NRD90M,,samsung,,mobile
D004442,SAMSUNG SM-G610M Build/MMB29K,,samsung browser 4.0,,mobile
D004443,SAMSUNG SM-G610M Build/MMB29K,,samsung browser 5.4,,mobile
D004444,SAMSUNG SM-G610M Build/MMB29K,,samsung browser 6.2,,mobile
D004445,SAMSUNG SM-G610M Build/MMB29K,,samsung browser 6.4,,mobile
D004446,SAMSUNG SM-G610M Build/MMB29K,,samsung browser generic,,mobile
D004447,SAMSUNG SM-G610M Build/NRD90M,,samsung browser 5.4,,mobile
D004448,SAMSUNG SM-G610M Build/NRD90M,,samsung browser 6.2,,mobile
D004449,SAMSUNG SM-G610M Build/NRD90M,,samsung browser 6.4,,mobile
D004450,SAMSUNG SM-G610M Build/NRD90M,,samsung browser generic,,mobile
D004451,SAMSUNG SM-G800F Build/MMB29K,,samsung browser 6.2,,mobile
D004452,SAMSUNG SM-G850F/G850FXXS2CQD9 Build/LRX22G,,chrome generic,,mobile
D004453,SAMSUNG SM-G890A Build/NRD90M,,samsung browser 6.4,,mobile
D004454,SAMSUNG SM-G890A Build/NRD90M,Android 7.0,samsung browser 5.4,2560x1440,mobile
D004455,SAMSUNG SM-G890A Build/NRD90M,Android 7.0,samsung browser 6.2,2560x1440,mobile
D004456,SAMSUNG SM-G890A Build/NRD90M,Android 7.0,samsung browser 6.4,2560x1440,mobile
D004457,SAMSUNG SM-G891A Build/NRD90M,,samsung browser 6.2,,mobile
D004458,SAMSUNG SM-G891A Build/NRD90M,,samsung browser generic,,mobile
D004459,SAMSUNG SM-G891A Build/NRD90M,Android 7.0,samsung browser 5.4,1920x1080,mobile
D004460,SAMSUNG SM-G891A Build/NRD90M,Android 7.0,samsung browser 6.2,1281x721,mobile
D004461,SAMSUNG SM-G891A Build/NRD90M,Android 7.0,samsung browser 6.2,1920x1080,mobile
D004462,SAMSUNG SM-G891A Build/NRD90M,Android 7.0,samsung browser generic,1920x1080,mobile
D004463,SAMSUNG SM-G892A Build/NRD90M,Android 7.0,samsung browser 6.2,2220x1080,mobile
D004464,SAMSUNG SM-G892A Build/R16NW,Android 8.0.0,samsung browser 7.0,2220x1080,mobile
D004465,SAMSUNG SM-G900A Build/MMB29M,Android 6.0.1,samsung browser 6.2,1920x1080,mobile
D004466,SAMSUNG SM-G900A Build/MMB29M,Android 6.0.1,samsung browser 6.4,1920x1080,mobile
D004467,SAMSUNG SM-G900A Build/MMB29M,Android 6.0.1,samsung browser generic,1920x1080,mobile
D004468,SAMSUNG SM-G900F Build/MMB29M,,samsung browser 4.0,,mobile
D004469,SAMSUNG SM-G900F Build/MMB29M,,samsung browser 6.2,,mobile
D004470,SAMSUNG SM-G900I Build/MMB29M,,samsung browser 4.0,,mobile
D004471,SAMSUNG SM-G900I Build/MMB29M,,samsung browser 6.2,,mobile
D004472,SAMSUNG SM-G900I Build/MMB29M,,samsung browser 6.4,,mobile
D004473,SAMSUNG SM-G900M Build/LRX21T,,chrome generic,,mobile
D004474,SAMSUNG SM-G900M Build/LRX21T,,samsung browser 6.4,,mobile
D004475,SAMSUNG SM-G900M Build/LRX21T,,samsung,,mobile
D004476,SAMSUNG SM-G900T Build/MMB29M,Android 6.0.1,samsung browser 6.2,1920x1080,mobile
D004477,SAMSUNG SM-G900T Build/MMB29M,Android 6.0.1,samsung browser generic,1920x1080,mobile
D004478,SAMSUNG SM-G903F Build/MMB29K,,samsung browser 4.0,,mobile
D004479,SAMSUNG SM-G903F Build/MMB29K,,samsung browser 6.2,,mobile
D004480,SAMSUNG SM-G920A Build/NRD90M,,samsung browser 6.2,,mobile
D004481,SAMSUNG SM-G920A Build/NRD90M,Android 7.0,samsung browser 6.2,2560x1440,mobile
D004482,SAMSUNG SM-G920A Build/NRD90M,Android 7.0,samsung browser 6.4,2560x1440,mobile
D004483,SAMSUNG SM-G920F Build/LRX22G,,chrome generic,,desktop
D004484,SAMSUNG SM-G920F Build/NRD90M,,samsung browser 6.2,,mobile
D004485,SAMSUNG SM-G920F Build/NRD90M,,samsung browser 6.4,,mobile
D004486,SAMSUNG SM-G920F Build/NRD90M,Android 7.0,samsung browser 6.2,2560x1440,mobile
D004487,SAMSUNG SM-G920F Build/NRD90M,Android 7.0,samsung browser 6.4,2560x1440,mobile
D004488,SAMSUNG SM-G920I Build/NRD90M,,samsung browser 6.2,,mobile
D004489,SAMSUNG SM-G920I Build/NRD90M,,samsung browser 6.4,,mobile
D004490,SAMSUNG SM-G920I Build/NRD90M,,samsung browser generic,,mobile
D004491,SAMSUNG SM-G920P Build/NRD90M,,samsung browser 6.2,,mobile
D004492,SAMSUNG SM-G920P Build/NRD90M,,samsung browser generic,,mobile
D004493,SAMSUNG SM-G920P Build/NRD90M,Android 7.0,other,2560x1440,mobile
D004494,SAMSUNG SM-G920P Build/NRD90M,Android 7.0,samsung browser 6.2,2560x1440,mobile
D004495,SAMSUNG SM-G920P Build/NRD90M,Android 7.0,samsung browser 6.2,2562x1442,mobile
D004496,SAMSUNG SM-G920P Build/NRD90M,Android 7.0,samsung browser generic,,mobile
D004497,SAMSUNG SM-G920P Build/NRD90M,Android 7.0,samsung browser generic,2560x1440,mobile
D004498,SAMSUNG SM-G920T Build/NRD90M,,samsung browser 6.2,,mobile
D004499,SAMSUNG SM-G920T Build/NRD90M,Android 7.0,samsung browser 6.2,2560x1440,mobile
D004500,SAMSUNG SM-G920T Build/NRD90M,Android 7.0,samsung browser 6.4,2560x1440,mobile
D004501,SAMSUNG SM-G920T Build/NRD90M,Android 7.0,samsung,2560x1440,mobile
D004502,SAMSUNG SM-G925F Build/NRD90M,,samsung browser 6.2,,mobile
D004503,SAMSUNG SM-G925F Build/NRD90M,,samsung browser 6.4,,mobile
D004504,SAMSUNG SM-G925I Build/NRD90M,,samsung browser 5.4,,mobile
D004505,SAMSUNG SM-G925I Build/NRD90M,,samsung browser 6.2,,mobile
D004506,SAMSUNG SM-G925I Build/NRD90M,,samsung browser 6.4,,mobile
D004507,SAMSUNG SM-G925I Build/NRD90M,,samsung browser generic,,mobile
D004508,SAMSUNG SM-G925P Build/MMB29K,,samsung browser 6.2,,mobile
D004509,SAMSUNG SM-G925P Build/MMB29K,,samsung browser generic,,mobile
D004510,SAMSUNG SM-G925P Build/NRD90M,Android 7.0,samsung browser 6.2,2560x1440,mobile
D004511,SAMSUNG SM-G925T Build/NRD90M,Android 7.0,samsung browser 6.2,2560x1440,mobile
D004512,SAMSUNG SM-G928G Build/NRD90M,,samsung browser 6.2,,mobile
D004513,SAMSUNG SM-G928G Build/NRD90M,,samsung browser 6.4,,mobile
D004514,SAMSUNG SM-G928G Build/NRD90M,,samsung browser generic,,mobile
D004515,SAMSUNG SM-G930A Build/NRD90M,,samsung browser 6.2,,mobile
D004516,SAMSUNG SM-G930A Build/NRD90M,Android 7.0,samsung browser 5.4,1920x1080,mobile
D004517,SAMSUNG SM-G930A Build/NRD90M,Android 7.0,samsung browser 6.2,,mobile
D004518,SAMSUNG SM-G930A Build/NRD90M,Android 7.0,samsung browser 6.2,1280x720,mobile
D004519,SAMSUNG SM-G930A Build/NRD90M,Android 7.0,samsung browser 6.2,1920x1080,mobile
D004520,SAMSUNG SM-G930A Build/NRD90M,Android 7.0,samsung browser 6.2,2560x1440,mobile
D004521,SAMSUNG SM-G930A Build/NRD90M,Android 7.0,samsung browser 6.4,1920x1080,mobile
D004522,SAMSUNG SM-G930A Build/NRD90M,Android 7.0,samsung browser generic,1920x1080,mobile
D004523,SAMSUNG SM-G930F Build/NRD90M,,other,,mobile
D004524,SAMSUNG SM-G930F Build/NRD90M,,samsung browser 6.2,,mobile
D004525,SAMSUNG SM-G930F Build/NRD90M,,samsung browser 6.4,,mobile
D004526,SAMSUNG SM-G930F Build/NRD90M,,samsung browser generic,,mobile
D004527,SAMSUNG SM-G930F Build/NRD90M,Android 7.0,samsung browser 6.2,1920x1080,mobile
D004528,SAMSUNG SM-G930F/XXU2DRC1 Build/NRD90M,,samsung browser 6.4,,mobile
D004529,SAMSUNG SM-G930P Build/NRD90M,Android 7.0,samsung browser 6.2,1920x1080,mobile
D004530,SAMSUNG SM-G930P Build/NRD90M,Android 7.0,samsung browser 6.4,1920x1080,mobile
D004531,SAMSUNG SM-G930P Build/NRD90M,Android 7.0,samsung browser generic,1920x1080,mobile
D004532,SAMSUNG SM-G930R4 Build/NRD90M,Android 7.0,samsung browser 6.2,1920x1080,mobile
D004533,SAMSUNG SM-G930R4 Build/NRD90M,Android 7.0,samsung browser 6.4,1920x1080,mobile
D004534,SAMSUNG SM-G930T Build/NRD90M,,samsung browser 6.2,,mobile
D004535,SAMSUNG SM-G930T Build/NRD90M,,samsung browser 6.4,,mobile
D004536,SAMSUNG SM-G930T Build/NRD90M,Android 7.0,samsung browser 5.4,1920x1080,mobile
D004537,SAMSUNG SM-G930T Build/NRD90M,Android 7.0,samsung browser 6.2,1920x1080,mobile
D004538,SAMSUNG SM-G930T Build/NRD90M,Android 7.0,samsung browser 6.2,2560x1440,mobile
D004539,SAMSUNG SM-G930T Build/NRD90M,Android 7.0,samsung browser 6.4,1920x1080,mobile
D004540,SAMSUNG SM-G930T Build/NRD90M,Android 7.0,samsung browser generic,1920x1080,mobile
D004541,SAMSUNG SM-G935A Build/NRD90M,,samsung browser 6.2,,mobile
D004542,SAMSUNG SM-G935A Build/NRD90M,,samsung browser 6.4,,mobile
D004543,SAMSUNG SM-G935A Build/NRD90M,Android 7.0,samsung browser 6.2,,mobile
D004544,SAMSUNG SM-G935A Build/NRD90M,Android 7.0,samsung browser 6.2,1920x1080,mobile
D004545,SAMSUNG SM-G935A Build/NRD90M,Android 7.0,samsung browser 6.2,2562x1442,mobile
D004546,SAMSUNG SM-G935A Build/NRD90M,Android 7.0,samsung browser 6.4,1280x720,mobile
D004547,SAMSUNG SM-G935A Build/NRD90M,Android 7.0,samsung browser 6.4,1920x1080,mobile
D004548,SAMSUNG SM-G935F Build/MMB29K,,samsung browser 4.2,,mobile
D004549,SAMSUNG SM-G935F Build/MMB29K,,samsung browser 6.2,,mobile
D004550,SAMSUNG SM-G935F Build/NRD90M,,samsung browser 6.2,,mobile
D004551,SAMSUNG SM-G935F Build/NRD90M,,samsung browser 6.4,,mobile
D004552,SAMSUNG SM-G935F Build/NRD90M,,samsung browser generic,,mobile
D004553,SAMSUNG SM-G935F Build/NRD90M,Android 7.0,samsung browser 6.2,1920x1080,mobile
D004554,SAMSUNG SM-G935P Build/NRD90M,,samsung browser 6.4,,mobile
D004555,SAMSUNG SM-G935P Build/NRD90M,Android 7.0,samsung browser 6.2,,mobile
D004556,SAMSUNG SM-G935P Build/NRD90M,Android 7.0,samsung browser 6.2,1920x1080,mobile
D004557,SAMSUNG SM-G935P Build/NRD90M,Android 7.0,samsung browser 6.4,1921x1081,mobile
D004558,SAMSUNG SM-G935T Build/NRD90M,,samsung browser 6.2,,mobile
D004559,SAMSUNG SM-G935T Build/NRD90M,Android 7.0,samsung browser 5.4,1920x1080,mobile
D004560,SAMSUNG SM-G935T Build/NRD90M,Android 7.0,samsung browser 6.2,,mobile
D004561,SAMSUNG SM-G935T Build/NRD90M,Android 7.0,samsung browser 6.2,1920x1080,mobile
D004562,SAMSUNG SM-G935T Build/NRD90M,Android 7.0,samsung browser 6.4,1920x1080,mobile
D004563,SAMSUNG SM-G935W8 Build/NRD90M,,samsung browser 6.4,,mobile
D004564,SAMSUNG SM-G950F Build/NRD90M,,samsung browser 5.4,,mobile
D004565,SAMSUNG SM-G950F Build/NRD90M,,samsung browser 6.2,,mobile
D004566,SAMSUNG SM-G950F Build/NRD90M,,samsung browser 6.4,,mobile
D004567,SAMSUNG SM-G950F Build/NRD90M,,samsung browser generic,,mobile
D004568,SAMSUNG SM-G950F Build/R16NW,,samsung browser 5.2,,mobile
D004569,SAMSUNG SM-G950F Build/R16NW,,samsung browser 6.4,,mobile
D004570,SAMSUNG SM-G950F Build/R16NW,,samsung browser 7.0,,mobile
D004571,SAMSUNG SM-G950U Build/NRD90M,,samsung browser 6.2,,mobile
D004572,SAMSUNG SM-G950U Build/NRD90M,Android 7.0,samsung browser 5.4,2220x1080,mobile
D004573,SAMSUNG SM-G950U Build/NRD90M,Android 7.0,samsung browser 6.2,,mobile
D004574,SAMSUNG SM-G950U Build/NRD90M,Android 7.0,samsung browser 6.2,2220x1080,mobile
D004575,SAMSUNG SM-G950U Build/NRD90M,Android 7.0,samsung browser 6.2,2960x1440,mobile
D004576,SAMSUNG SM-G950U Build/NRD90M,Android 7.0,samsung browser 6.4,2220x1080,mobile
D004577,SAMSUNG SM-G950U Build/NRD90M,Android 7.0,samsung browser generic,2220x1080,mobile
D004578,SAMSUNG SM-G950U Build/R16NW,Android 8.0.0,samsung browser 7.0,2220x1080,mobile
D004579,SAMSUNG SM-G950U Build/R16NW,Android 8.0.0,samsung browser 7.0,2960x1440,mobile
D004580,SAMSUNG SM-G950U1 Build/NRD90M,,samsung browser 5.4,,mobile
D004581,SAMSUNG SM-G950U1 Build/NRD90M,Android 7.0,samsung browser 6.2,2220x1080,mobile
D004582,SAMSUNG SM-G950U1 Build/R16NW,Android 8.0.0,samsung browser 7.0,2220x1080,mobile
D004583,SAMSUNG SM-G955F Build/NRD90M,,samsung browser 6.2,,mobile
D004584,SAMSUNG SM-G955F Build/NRD90M,,samsung browser 6.4,,mobile
D004585,SAMSUNG SM-G955F Build/NRD90M,,samsung browser generic,,mobile
D004586,SAMSUNG SM-G955F Build/R16NW,,samsung browser 6.4,,mobile
D004587,SAMSUNG SM-G955F Build/R16NW,,samsung browser 7.0,,mobile
D004588,SAMSUNG SM-G955U Build/NRD90M,,samsung browser 6.2,,mobile
D004589,SAMSUNG SM-G955U Build/NRD90M,,samsung browser 6.4,,mobile
D004590,SAMSUNG SM-G955U Build/NRD90M,,samsung browser generic,,mobile
D004591,SAMSUNG SM-G955U Build/NRD90M,Android 7.0,samsung browser 5.4,,mobile
D004592,SAMSUNG SM-G955U Build/NRD90M,Android 7.0,samsung browser 5.4,2220x1080,mobile
D004593,SAMSUNG SM-G955U Build/NRD90M,Android 7.0,samsung browser 6.2,,mobile
D004594,SAMSUNG SM-G955U Build/NRD90M,Android 7.0,samsung browser 6.2,2220x1080,mobile
D004595,SAMSUNG SM-G955U Build/NRD90M,Android 7.0,samsung browser 6.2,2960x1440,mobile
D004596,SAMSUNG SM-G955U Build/NRD90M,Android 7.0,samsung browser 6.2,2961x1442,mobile
D004597,SAMSUNG SM-G955U Build/NRD90M,Android 7.0,samsung browser 6.4,2220x1081,mobile
D004598,SAMSUNG SM-G955U Build/NRD90M,Android 7.0,samsung browser generic,,mobile
D004599,SAMSUNG SM-G955U Build/NRD90M,Android 7.0,samsung browser generic,2220x1080,mobile
D004600,SAMSUNG SM-G955U Build/R16NW,,samsung browser 7.0,,mobile
D004601,SAMSUNG SM-G955U Build/R16NW,Android 8.0.0,samsung browser 7.0,2220x1080,mobile
D004602,SAMSUNG SM-G955U Build/R16NW,Android 8.0.0,samsung browser 7.0,2220x1081,mobile
D004603,SAMSUNG SM-G9600 Build/R16NW,,other,,mobile
D004604,SAMSUNG SM-G9600 Build/R16NW,,samsung browser 7.0,,mobile
D004605,SAMSUNG SM-G960U Build/R16NW,,samsung browser 7.0,,mobile
D004606,SAMSUNG SM-G960U Build/R16NW,Android 8.0.0,other,2220x1080,mobile
D004607,SAMSUNG SM-G9650 Build/R16NW,,samsung browser 7.0,,mobile
D004608,SAMSUNG SM-G965F Build/R16NW,,samsung browser 7.0,,mobile
D004609,SAMSUNG SM-G965F Build/R16NW,Android 8.0.0,samsung browser 7.0,2220x1081,mobile
D004610,SAMSUNG SM-G965U Build/R16NW,Android 8.0.0,other,2220x1081,mobile
D004611,SAMSUNG SM-G965U Build/R16NW,Android 8.0.0,samsung browser 7.0,2220x1081,mobile
D004612,SAMSUNG SM-G965U Build/R16NW,Android 8.0.0,samsung browser 7.0,2961x1442,mobile
D004613,SAMSUNG SM-G965U1 Build/R16NW,,samsung browser 7.0,,mobile
D004614,SAMSUNG SM-G965U1 Build/R16NW,Android 8.0.0,other,2220x1081,mobile
D004615,SAMSUNG SM-J111M Build/LMY47V,,chrome generic,,mobile
D004616,SAMSUNG SM-J120H Build/LMY47V,,chrome generic,,mobile
D004617,SAMSUNG SM-J120H Build/LMY47V,,other,,mobile
D004618,SAMSUNG SM-J250M Build/NMF26X,,samsung browser 6.4,,mobile
D004619,SAMSUNG SM-J320F Build/LMY47V,,chrome generic,,mobile
D004620,SAMSUNG SM-J320FN Build/LMY47V,,chrome generic,,mobile
D004621,SAMSUNG SM-J320FN Build/LMY47V,,other,,mobile
D004622,SAMSUNG SM-J320M Build/LMY47V,,chrome generic,,mobile
D004623,SAMSUNG SM-J320M Build/LMY47V,,other,,mobile
D004624,SAMSUNG SM-J327A Build/NRD90M,,samsung browser 6.4,,mobile
D004625,SAMSUNG SM-J327A Build/NRD90M,Android 7.0,samsung browser 6.2,1280x720,mobile
D004626,SAMSUNG SM-J327A Build/NRD90M,Android 7.0,samsung browser 6.4,1280x720,mobile
D004627,SAMSUNG SM-J327A Build/NRD90M,Android 7.0,samsung browser 6.4,1281x721,mobile
D004628,SAMSUNG SM-J327AZ Build/NRD90M,,samsung browser 6.4,,mobile
D004629,SAMSUNG SM-J327P Build/MMB29M,,samsung browser 6.2,,mobile
D004630,SAMSUNG SM-J327P Build/MMB29M,,samsung browser generic,,mobile
D004631,SAMSUNG SM-J327P Build/MMB29M,Android 6.0.1,samsung browser 6.2,1280x720,mobile
D004632,SAMSUNG SM-J327P Build/MMB29M,Android 6.0.1,samsung browser generic,1280x720,mobile
D004633,SAMSUNG SM-J327T Build/NRD90M,,samsung browser 6.2,,mobile
D004634,SAMSUNG SM-J327T Build/NRD90M,Android 7.0,samsung browser 5.2,1280x720,mobile
D004635,SAMSUNG SM-J327T Build/NRD90M,Android 7.0,samsung browser 6.2,1280x720,mobile
D004636,SAMSUNG SM-J327T1 Build/NRD90M,,samsung browser 5.2,,mobile
D004637,SAMSUNG SM-J327T1 Build/NRD90M,,samsung browser 6.2,,mobile
D004638,SAMSUNG SM-J327T1 Build/NRD90M,Android 7.0,samsung browser 5.2,1280x720,mobile
D004639,SAMSUNG SM-J327T1 Build/NRD90M,Android 7.0,samsung browser 6.2,1280x720,mobile
D004640,SAMSUNG SM-J327T1 Build/NRD90M,Android 7.0,samsung browser 6.2,1281x721,mobile
D004641,SAMSUNG SM-J327T1 Build/NRD90M,Android 7.0,samsung browser 6.4,1280x720,mobile
D004642,SAMSUNG SM-J500FN Build/MMB29M,,samsung browser 6.2,,mobile
D004643,SAMSUNG SM-J500FN Build/MMB29M,,samsung browser 6.4,,mobile
D004644,SAMSUNG SM-J500M Build/LMY48B,,chrome generic,,mobile
D004645,SAMSUNG SM-J500M Build/LMY48B,,other,,mobile
D004646,SAMSUNG SM-J500M Build/MMB29M,,samsung browser 4.0,,mobile
D004647,SAMSUNG SM-J500M Build/MMB29M,,samsung browser 6.2,,mobile
D004648,SAMSUNG SM-J500M Build/MMB29M,,samsung browser 6.4,,mobile
D004649,SAMSUNG SM-J510MN Build/MMB29M,,other,,mobile
D004650,SAMSUNG SM-J510MN Build/MMB29M,,samsung browser 5.4,,mobile
D004651,SAMSUNG SM-J510MN Build/MMB29M,,samsung browser 6.2,,mobile
D004652,SAMSUNG SM-J510MN Build/MMB29M,,samsung browser 6.4,,mobile
D004653,SAMSUNG SM-J530F Build/NRD90M,,samsung browser 6.2,,mobile
D004654,SAMSUNG SM-J530F Build/NRD90M,,samsung browser 6.4,,mobile
D004655,SAMSUNG SM-J530GM Build/NRD90M,,samsung browser 6.2,,mobile
D004656,SAMSUNG SM-J530GM Build/NRD90M,,samsung browser generic,,mobile
D004657,SAMSUNG SM-J700M Build/LMY48B,,chrome generic,,mobile
D004658,SAMSUNG SM-J700M Build/MMB29K,,samsung browser 4.0,,mobile
D004659,SAMSUNG SM-J700M Build/MMB29K,,samsung browser 5.4,,mobile
D004660,SAMSUNG SM-J700M Build/MMB29K,,samsung browser 6.2,,mobile
D004661,SAMSUNG SM-J700M Build/MMB29K,,samsung browser 6.4,,mobile
D004662,SAMSUNG SM-J700M Build/MMB29K,,samsung browser generic,,mobile
D004663,SAMSUNG SM-J700T Build/NMF26X,,samsung browser 6.2,,mobile
D004664,SAMSUNG SM-J700T Build/NMF26X,Android 7.1.1,samsung browser 6.2,1280x720,mobile
D004665,SAMSUNG SM-J700T1 Build/NMF26X,Android 7.1.1,samsung browser 6.2,1280x720,mobile
D004666,SAMSUNG SM-J700T1 Build/NMF26X,Android 7.1.1,samsung browser generic,1280x720,mobile
D004667,SAMSUNG SM-J701M Build/NRD90M,,samsung browser 5.2,,mobile
D004668,SAMSUNG SM-J701M Build/NRD90M,,samsung browser 6.2,,mobile
D004669,SAMSUNG SM-J701M Build/NRD90M,,samsung browser 6.4,,mobile
D004670,SAMSUNG SM-J701M Build/NRD90M,,samsung browser generic,,mobile
D004671,SAMSUNG SM-J701M Build/NRD90M,Android 7.0,samsung browser 5.2,1280x720,mobile
D004672,SAMSUNG SM-J701M Build/NRD90M,Android 7.0,samsung browser 6.2,1280x720,mobile
D004673,SAMSUNG SM-J710MN Build/MMB29K,,samsung browser 4.0,,mobile
D004674,SAMSUNG SM-J710MN Build/MMB29K,,samsung browser 6.2,,mobile
D004675,SAMSUNG SM-J710MN Build/MMB29K,,samsung browser 6.4,,mobile
D004676,SAMSUNG SM-J710MN Build/MMB29K,,samsung browser generic,,mobile
D004677,SAMSUNG SM-J710MN Build/NRD90M,,samsung browser 6.4,,mobile
D004678,SAMSUNG SM-J710MN Build/NRD90M,,samsung browser generic,,mobile
D004679,SAMSUNG SM-J710MN Build/NRD90M,Android 7.0,samsung browser 6.2,,mobile
D004680,SAMSUNG SM-J727T1 Build/NRD90M,,samsung browser 5.2,,mobile
D004681,SAMSUNG SM-J727T1 Build/NRD90M,,samsung browser 6.4,,mobile
D004682,SAMSUNG SM-J727T1 Build/NRD90M,Android 7.0,samsung browser 5.4,1280x720,mobile
D004683,SAMSUNG SM-J727T1 Build/NRD90M,Android 7.0,samsung browser 6.2,1280x720,mobile
D004684,SAMSUNG SM-J730GM Build/NRD90M,,samsung browser 5.2,,mobile
D004685,SAMSUNG SM-J730GM Build/NRD90M,,samsung browser 6.2,,mobile
D004686,SAMSUNG SM-J730GM Build/NRD90M,,samsung browser 6.4,,mobile
D004687,SAMSUNG SM-J730GM Build/NRD90M,,samsung browser generic,,mobile
D004688,SAMSUNG SM-N900T Build/LRX21V,,chrome generic,,desktop
D004689,SAMSUNG SM-N900T Build/LRX21V,Android 5.0,chrome generic,1920x1080,mobile
D004690,SAMSUNG SM-N900T Build/LRX21V,Android 5.0,other,1920x1080,mobile
D004691,SAMSUNG SM-N900W8 Build/LRX21V,,chrome generic,,mobile
D004692,SAMSUNG SM-N910A Build/MMB29M,,samsung browser 6.2,,mobile
D004693,SAMSUNG SM-N910A Build/MMB29M,Android 6.0.1,samsung browser 6.2,2560x1440,mobile
D004694,SAMSUNG SM-N910A Build/MMB29M,Android 6.0.1,samsung browser generic,2560x1440,mobile
D004695,SAMSUNG SM-N910V Build/MMB29M,Android 6.0.1,samsung browser 6.4,2560x1440,mobile
D004696,SAMSUNG SM-N920A Build/NRD90M,Android 7.0,other,,mobile
D004697,SAMSUNG SM-N920A Build/NRD90M,Android 7.0,samsung browser 6.2,,mobile
D004698,SAMSUNG SM-N920P Build/NRD90M,Android 7.0,samsung browser 5.4,1920x1080,mobile
D004699,SAMSUNG SM-N920P Build/NRD90M,Android 7.0,samsung browser 6.2,,mobile
D004700,SAMSUNG SM-N920P Build/NRD90M,Android 7.0,samsung browser 6.2,2562x1442,mobile
D004701,SAMSUNG SM-N920P Build/NRD90M,Android 7.0,samsung browser generic,,mobile
D004702,SAMSUNG SM-N920P Build/NRD90M,Android 7.0,samsung browser generic,2560x1440,mobile
D004703,SAMSUNG SM-N920T Build/NRD90M,,samsung browser 6.4,,mobile
D004704,SAMSUNG SM-N920T Build/NRD90M,Android 7.0,samsung browser 5.2,,mobile
D004705,SAMSUNG SM-N920T Build/NRD90M,Android 7.0,samsung browser 5.4,,mobile
D004706,SAMSUNG SM-N920T Build/NRD90M,Android 7.0,samsung browser 6.2,,mobile
D004707,SAMSUNG SM-N920T Build/NRD90M,Android 7.0,samsung browser 6.4,1921x1081,mobile
D004708,SAMSUNG SM-N920V Build/NRD90M,Android 7.0,samsung browser 6.2,,mobile
D004709,SAMSUNG SM-N950F Build/NMF26X,,samsung browser 6.2,,mobile
D004710,SAMSUNG SM-N950F Build/NMF26X,,samsung browser 6.4,,mobile
D004711,SAMSUNG SM-N950F Build/NMF26X,,samsung browser generic,,mobile
D004712,SAMSUNG SM-N950U Build/NMF26X,,samsung browser 6.2,,mobile
D004713,SAMSUNG SM-N950U Build/NMF26X,Android 7.1.1,samsung browser 6.2,,mobile
D004714,SAMSUNG SM-N950U Build/NMF26X,Android 7.1.1,samsung browser 6.2,2220x1080,mobile
D004715,SAMSUNG SM-N950U Build/NMF26X,Android 7.1.1,samsung browser 6.2,2961x1442,mobile
D004716,SAMSUNG SM-N950U Build/NMF26X,Android 7.1.1,samsung browser 6.4,,mobile
D004717,SAMSUNG SM-N950U Build/NMF26X,Android 7.1.1,samsung browser 6.4,2220x1081,mobile
D004718,SAMSUNG SM-N950U Build/NMF26X,Android 7.1.1,samsung browser generic,,mobile
D004719,SAMSUNG SM-N950U Build/NMF26X,Android 7.1.1,samsung browser generic,2961x1442,mobile
D004720,SAMSUNG SM-N950U Build/NMF26X,Android 7.1.1,samsung,,mobile
D004721,SAMSUNG SM-N950U Build/R16NW,,samsung browser 7.0,,mobile
D004722,SAMSUNG SM-N950U Build/R16NW,Android 8.0.0,samsung browser 7.0,2220x1080,mobile
D004723,SAMSUNG SM-N950U Build/R16NW,Android 8.0.0,samsung browser 7.0,2220x1081,mobile
D004724,SAMSUNG SM-N950U Build/R16NW,Android 8.0.0,samsung browser 7.0,2961x1442,mobile
D004725,SAMSUNG SM-N950U1 Build/NMF26X,,samsung browser 6.2,,mobile
D004726,SAMSUNG SM-N950U1 Build/NMF26X,Android 7.1.1,samsung browser 6.2,,mobile
D004727,SAMSUNG SM-N950U1 Build/R16NW,Android 8.0.0,samsung browser 7.0,2220x1081,mobile
D004728,SAMSUNG SM-P580 Build/NRD90M,,samsung browser 5.2,,mobile
D004729,SAMSUNG SM-P580 Build/NRD90M,,samsung browser 6.2,,mobile
D004730,SAMSUNG SM-P580 Build/NRD90M,,samsung browser 6.4,,mobile
D004731,SAMSUNG SM-S727VL Build/MMB29M,Android 6.0.1,samsung browser 4.0,1280x720,mobile
D004732,SAMSUNG SM-S727VL Build/MMB29M,Android 6.0.1,samsung browser 6.2,1280x720,mobile
D004733,SAMSUNG SM-T530NU Build/LRX22G,,chrome generic,,desktop
D004734,SAMSUNG SM-T530NU Build/LRX22G,Android 5.0.2,chrome generic,1280x800,mobile
D004735,SAMSUNG SM-T550 Build/NMF26X,,samsung browser 6.2,,mobile
D004736,SAMSUNG SM-T580 Build/NRD90M,,samsung browser 6.2,,mobile
D004737,SAMSUNG SM-T580 Build/NRD90M,,samsung browser 6.4,,mobile
D004738,SAMSUNG SM-T580 Build/NRD90M,Android 7.0,samsung browser 6.2,1920x1200,mobile
D004739,SAMSUNG SM-T580 Build/NRD90M,Android 7.0,samsung browser 6.4,1920x1200,mobile
D004740,SAMSUNG SM-T587P Build/NRD90M,Android 7.0,other,1920x1200,mobile
D004741,SAMSUNG SM-T587P Build/NRD90M,Android 7.0,samsung browser 6.2,1920x1200,mobile
D004742,SAMSUNG SM-T587P Build/NRD90M,Android 7.0,samsung browser 6.4,1920x1200,mobile
D004743,SAMSUNG SM-T587P Build/NRD90M,Android 7.0,samsung browser generic,1920x1200,mobile
D004744,SAMSUNG SM-T710 Build/NRD90M,,samsung browser 6.2,,mobile
D004745,SAMSUNG SM-T710 Build/NRD90M,,samsung browser generic,,mobile
D004746,SAMSUNG SM-T800 Build/MMB29K,Android 6.0.1,samsung browser 6.2,2560x1600,mobile
D004747,SAMSUNG SM-T810 Build/NRD90M,,samsung browser 6.2,,mobile
D004748,SAMSUNG SM-T810 Build/NRD90M,,samsung browser 6.4,,mobile
D004749,SAMSUNG SM-T810 Build/NRD90M,,samsung browser generic,,mobile
D004750,SAMSUNG SM-T813 Build/NRD90M,Android 7.0,samsung browser 6.2,2048x1536,mobile
D004751,SAMSUNG,,chrome generic,,mobile
D004752,SAMSUNG,,other,,mobile
D004753,SAMSUNG,,samsung browser 3.3,,mobile
D004754,SAMSUNG,,samsung browser 4.0,,mobile
D004755,SAMSUNG,,samsung browser 5.2,,mobile
D004756,SAMSUNG,,samsung browser 5.4,,mobile
D004757,SAMSUNG,,samsung browser 6.2,,mobile
D004758,SAMSUNG,,samsung browser 6.4,,mobile
D004759,SAMSUNG,,samsung browser generic,,mobile
D004760,SAMSUNG,,samsung,,mobile
D004761,SAMSUNG,Android 5.0,chrome generic,1920x1080,mobile
D004762,SAMSUNG,Android 5.0,other,1920x1080,mobile
D004763,SAMSUNG,Android 5.1.1,chrome generic,,mobile
D004764,SAMSUNG,Android 5.1.1,chrome generic,1280x720,mobile
D004765,SAMSUNG,Android 5.1.1,chrome generic,1920x1080,mobile
D004766,SAMSUNG,Android 5.1.1,chrome generic,2560x1440,mobile
D004767,SAMSUNG,Android 5.1.1,chrome generic,2560x1600,mobile
D004768,SAMSUNG,Android 5.1.1,chrome generic,2562x1442,mobile
D004769,SAMSUNG,Android 5.1.1,chrome generic,960x540,mobile
D004770,SAMSUNG,Android 6.0.1,samsung browser 6.2,,mobile
D004771,SAMSUNG,Android 6.0.1,samsung browser 6.2,1280x720,mobile
D004772,SAMSUNG,Android 6.0.1,samsung browser 6.2,1920x1080,mobile
D004773,SAMSUNG,Android 6.0.1,samsung browser 6.2,2560x1440,mobile
D004774,SAMSUNG,Android 6.0.1,samsung browser 6.2,2560x1600,mobile
D004775,SAMSUNG,Android 6.0.1,samsung browser 6.2,2562x1442,mobile
D004776,SAMSUNG,Android 6.0.1,samsung browser 6.4,1024x768,mobile
D004777,SAMSUNG,Android 6.0.1,samsung browser 6.4,1280x800,mobile
D004778,SAMSUNG,Android 6.0.1,samsung browser 6.4,2560x1440,mobile
D004779,SAMSUNG,Android 6.0.1,samsung browser 6.4,2562x1442,mobile
D004780,SAMSUNG,Android 7.0,samsung browser 5.2,1280x720,mobile
D004781,SAMSUNG,Android 7.0,samsung browser 6.2,,mobile
D004782,SAMSUNG,Android 7.0,samsung browser 6.2,1280x720,mobile
D004783,SAMSUNG,Android 7.0,samsung browser 6.2,1920x1080,mobile
D004784,SAMSUNG,Android 7.0,samsung browser 6.2,2220x1080,mobile
D004785,SAMSUNG,Android 7.0,samsung browser 6.2,2560x1440,mobile
D004786,SAMSUNG,Android 7.0,samsung browser 6.2,2562x1442,mobile
D004787,SAMSUNG,Android 7.0,samsung browser 6.4,2220x1081,mobile
D004788,SAMSUNG,Android 7.0,samsung browser generic,1920x1080,mobile
D004789,SAMSUNG,Android 7.1.1,samsung browser 6.2,,mobile
D004790,SAMSUNG,Android 7.1.1,samsung browser 6.2,1024x768,mobile
D004791,SAMSUNG,Android 7.1.1,samsung browser 6.2,1280x720,mobile
D004792,SAMSUNG,Android 7.1.1,samsung browser 6.4,1280x800,mobile
D004793,SAMSUNG,Android,Samsung/SCH,1920x1080,mobile
D004794,SAMSUNG,Android,chrome generic,1920x1080,mobile
D004795,SAMSUNG,Android,samsung,1920x1080,mobile
D004796,SAMSUNG-SGH-I337 Build/KOT49H,,chrome 62.0 for android,,mobile
D004797,SAMSUNG-SGH-I337 Build/KOT49H,Android 4.4.2,chrome 65.0 for android,1920x1080,mobile
D004798,SAMSUNG-SGH-I337,,chrome 63.0 for android,,mobile
D004799,SAMSUNG-SGH-I337,,chrome 64.0 for android,,mobile
D004800,SAMSUNG-SGH-I497,,chrome 59.0 for android,,mobile
D004801,SAMSUNG-SGH-I537,,chrome 64.0 for android,,mobile
D004802,SAMSUNG-SM-G530AZ Build/LMY48B,,chrome 62.0 for android,,mobile
D004803,SAMSUNG-SM-G530AZ Build/LMY48B,,chrome 65.0 for android,,mobile
D004804,SAMSUNG-SM-G530AZ Build/LMY48B,,chrome generic,,desktop
D004805,SAMSUNG-SM-G530AZ Build/LMY48B,Android 5.1.1,chrome 61.0 for android,960x540,mobile
D004806,SAMSUNG-SM-G530AZ Build/LMY48B,Android 5.1.1,chrome 63.0 for android,960x540,mobile
D004807,SAMSUNG-SM-G530AZ Build/LMY48B,Android 5.1.1,chrome generic,960x540,mobile
D004808,SAMSUNG-SM-G870A Build/MMB29M,Android 6.0.1,chrome 62.0 for android,1920x1080,mobile
D004809,SAMSUNG-SM-G870A,Android 5.1.1,chrome generic,1920x1080,mobile
D004810,SAMSUNG-SM-G890A Build/MMB29K,,chrome 66.0 for android,,mobile
D004811,SAMSUNG-SM-G890A Build/MMB29K,Android 6.0.1,chrome 63.0 for android,2560x1440,mobile
D004812,SAMSUNG-SM-G890A Build/NRD90M,Android 7.0,chrome 62.0 for android,2560x1440,mobile
D004813,SAMSUNG-SM-G890A Build/NRD90M,Android 7.0,chrome 63.0 for android,,mobile
D004814,SAMSUNG-SM-G890A Build/NRD90M,Android 7.0,chrome 63.0 for android,2560x1440,mobile
D004815,SAMSUNG-SM-G890A Build/NRD90M,Android 7.0,chrome 64.0 for android,2560x1440,mobile
D004816,SAMSUNG-SM-G890A Build/NRD90M,Android 7.0,chrome 65.0 for android,2560x1440,mobile
D004817,SAMSUNG-SM-G890A Build/NRD90M,Android 7.0,chrome 66.0 for android,2560x1440,mobile
D004818,SAMSUNG-SM-G890A,Android 5.0.2,chrome 62.0 for android,2560x1440,mobile
D004819,SAMSUNG-SM-G891A Build/NRD90M,,chrome 66.0 for android,,mobile
D004820,SAMSUNG-SM-G891A Build/NRD90M,Android 7.0,chrome 62.0 for android,,mobile
D004821,SAMSUNG-SM-G891A Build/NRD90M,Android 7.0,chrome 62.0 for android,1920x1080,mobile
D004822,SAMSUNG-SM-G891A Build/NRD90M,Android 7.0,chrome 63.0 for android,,mobile
D004823,SAMSUNG-SM-G891A Build/NRD90M,Android 7.0,chrome 63.0 for android,1920x1080,mobile
D004824,SAMSUNG-SM-G891A Build/NRD90M,Android 7.0,chrome 63.0 for android,2560x1440,mobile
D004825,SAMSUNG-SM-G891A Build/NRD90M,Android 7.0,chrome 64.0 for android,1920x1080,mobile
D004826,SAMSUNG-SM-G891A Build/NRD90M,Android 7.0,chrome generic for android,1920x1080,mobile
D004827,SAMSUNG-SM-G900A Build/KOT49H,,chrome 65.0 for android,,mobile
D004828,SAMSUNG-SM-G900A Build/KOT49H,,chrome 66.0 for android,,mobile
D004829,SAMSUNG-SM-G900A Build/LMY47X,,chrome 65.0 for android,,mobile
D004830,SAMSUNG-SM-G900A Build/LMY47X,Android 5.1.1,chrome 62.0 for android,1920x1080,mobile
D004831,SAMSUNG-SM-G900A Build/LMY47X,Android 5.1.1,chrome 63.0 for android,1920x1080,mobile
D004832,SAMSUNG-SM-G900A Build/LMY47X,Android 5.1.1,chrome generic,1920x1080,mobile
D004833,SAMSUNG-SM-G900A Build/LRX21T,,chrome 63.0 for android,,mobile
D004834,SAMSUNG-SM-G900A Build/LRX21T,,chrome 64.0 for android,,mobile
D004835,SAMSUNG-SM-G900A Build/LRX21T,Android 5.0,chrome 61.0 for android,1920x1080,mobile
D004836,SAMSUNG-SM-G900A Build/LRX21T,Android 5.0,chrome 62.0 for android,1920x1080,mobile
D004837,SAMSUNG-SM-G900A Build/LRX21T,Android 5.0,chrome 63.0 for android,1920x1080,mobile
D004838,SAMSUNG-SM-G900A Build/LRX21T,Android 5.0,chrome 64.0 for android,1920x1080,mobile
D004839,SAMSUNG-SM-G900A Build/LRX21T,Android 5.0,chrome generic,1920x1080,mobile
D004840,SAMSUNG-SM-G900A Build/LRX21T,Android 5.0,other,1920x1080,mobile
D004841,SAMSUNG-SM-G900A Build/MMB29M,Android 6.0.1,chrome 60.0 for android,1920x1080,mobile
D004842,SAMSUNG-SM-G900A Build/MMB29M,Android 6.0.1,chrome 61.0 for android,1920x1080,mobile
D004843,SAMSUNG-SM-G900A Build/MMB29M,Android 6.0.1,chrome 62.0 for android,1920x1080,mobile
D004844,SAMSUNG-SM-G900A Build/MMB29M,Android 6.0.1,chrome 63.0 for android,1920x1080,mobile
D004845,SAMSUNG-SM-G900A Build/MMB29M,Android 6.0.1,samsung browser 4.0,1920x1080,mobile
D004846,SAMSUNG-SM-G900A,Android,chrome,1920x1080,mobile
D004847,SAMSUNG-SM-G920A Build/MMB29K,Android 6.0.1,chrome 63.0 for android,2560x1440,mobile
D004848,SAMSUNG-SM-G920A Build/MMB29K,Android 6.0.1,chrome 65.0 for android,2560x1440,mobile
D004849,SAMSUNG-SM-G920A Build/NRD90M,Android 7.0,chrome 62.0 for android,2560x1440,mobile
D004850,SAMSUNG-SM-G920A Build/NRD90M,Android 7.0,chrome 63.0 for android,2560x1440,mobile
D004851,SAMSUNG-SM-G920A Build/NRD90M,Android 7.0,chrome 64.0 for android,2560x1440,mobile
D004852,SAMSUNG-SM-G920A Build/NRD90M,Android 7.0,chrome 66.0 for android,2560x1440,mobile
D004853,SAMSUNG-SM-G920A Build/NRD90M,Android 7.0,chrome generic for android,2560x1440,mobile
D004854,SAMSUNG-SM-G920AZ,,chrome 66.0 for android,,mobile
D004855,SAMSUNG-SM-G920AZ,Android 6.0.1,chrome 55.0 for android,2560x1440,mobile
D004856,SAMSUNG-SM-G925A Build/MMB29K,,chrome 64.0 for android,,mobile
D004857,SAMSUNG-SM-G925A Build/MMB29K,,chrome 65.0 for android,,mobile
D004858,SAMSUNG-SM-G925A Build/MMB29K,Android 6.0.1,chrome 64.0 for android,2560x1440,mobile
D004859,SAMSUNG-SM-G925A Build/MMB29K,Android 6.0.1,chrome 65.0 for android,2560x1440,mobile
D004860,SAMSUNG-SM-G925A Build/NRD90M,Android 7.0,chrome 63.0 for android,2560x1440,mobile
D004861,SAMSUNG-SM-G925A Build/NRD90M,Android 7.0,chrome 63.0 for android,2562x1442,mobile
D004862,SAMSUNG-SM-G925A,,chrome 63.0 for android,,mobile
D004863,SAMSUNG-SM-G928A Build/NRD90M,,chrome 61.0 for android,,mobile
D004864,SAMSUNG-SM-G928A Build/NRD90M,,chrome 63.0 for android,,mobile
D004865,SAMSUNG-SM-G928A Build/NRD90M,,chrome 65.0 for android,,mobile
D004866,SAMSUNG-SM-G928A Build/NRD90M,Android 7.0,chrome 62.0 for android,,mobile
D004867,SAMSUNG-SM-G928A Build/NRD90M,Android 7.0,chrome 63.0 for android,,mobile
D004868,SAMSUNG-SM-G928A Build/NRD90M,Android 7.0,chrome 66.0 for android,1920x1080,mobile
D004869,SAMSUNG-SM-G930A Build/NRD90M,,chrome 63.0 for android,,mobile
D004870,SAMSUNG-SM-G930A Build/NRD90M,,chrome 64.0 for android,,mobile
D004871,SAMSUNG-SM-G930A Build/NRD90M,,chrome 65.0 for android,,mobile
D004872,SAMSUNG-SM-G930A Build/NRD90M,,chrome 66.0 for android,,mobile
D004873,SAMSUNG-SM-G930A Build/NRD90M,Android 7.0,android webview 4.0,1280x720,mobile
D004874,SAMSUNG-SM-G930A Build/NRD90M,Android 7.0,chrome 60.0 for android,1920x1080,mobile
D004875,SAMSUNG-SM-G930A Build/NRD90M,Android 7.0,chrome 62.0 for android,1920x1080,mobile
D004876,SAMSUNG-SM-G930A Build/NRD90M,Android 7.0,chrome 63.0 for android,,mobile
D004877,SAMSUNG-SM-G930A Build/NRD90M,Android 7.0,chrome 63.0 for android,1280x720,mobile
D004878,SAMSUNG-SM-G930A Build/NRD90M,Android 7.0,chrome 63.0 for android,1920x1080,mobile
D004879,SAMSUNG-SM-G930A Build/NRD90M,Android 7.0,chrome 64.0 for android,1280x720,mobile
D004880,SAMSUNG-SM-G930A Build/NRD90M,Android 7.0,chrome 64.0 for android,1920x1080,mobile
D004881,SAMSUNG-SM-G930A Build/NRD90M,Android 7.0,chrome 66.0 for android,1920x1080,mobile
D004882,SAMSUNG-SM-G930A Build/NRD90M,Android 7.0,chrome generic for android,1920x1080,mobile
D004883,SAMSUNG-SM-G930A,,chrome 59.0 for android,,mobile
D004884,SAMSUNG-SM-G930A,Android 6.0.1,chrome 63.0 for android,2560x1440,mobile
D004885,SAMSUNG-SM-G930AZ,,chrome 63.0 for android,,mobile
D004886,SAMSUNG-SM-G935A Build/NRD90M,,chrome generic for android,,mobile
D004887,SAMSUNG-SM-G935A Build/NRD90M,Android 7.0,chrome 57.0 for android,2560x1440,mobile
D004888,SAMSUNG-SM-G935A Build/NRD90M,Android 7.0,chrome 60.0 for android,1920x1080,mobile
D004889,SAMSUNG-SM-G935A Build/NRD90M,Android 7.0,chrome 62.0 for android,1920x1080,mobile
D004890,SAMSUNG-SM-G935A Build/NRD90M,Android 7.0,chrome 62.0 for android,2560x1440,mobile
D004891,SAMSUNG-SM-G935A Build/NRD90M,Android 7.0,chrome 63.0 for android,,mobile
D004892,SAMSUNG-SM-G935A Build/NRD90M,Android 7.0,chrome 63.0 for android,1920x1080,mobile
D004893,SAMSUNG-SM-G935A Build/NRD90M,Android 7.0,chrome 63.0 for android,2560x1440,mobile
D004894,SAMSUNG-SM-G935A Build/NRD90M,Android 7.0,chrome 64.0 for android,,mobile
D004895,SAMSUNG-SM-G935A Build/NRD90M,Android 7.0,chrome 64.0 for android,1920x1080,mobile
D004896,SAMSUNG-SM-G935A Build/NRD90M,Android 7.0,chrome 65.0 for android,1920x1080,mobile
D004897,SAMSUNG-SM-G935A Build/NRD90M,Android 7.0,chrome 65.0 for android,1921x1081,mobile
D004898,SAMSUNG-SM-G935A Build/NRD90M,Android 7.0,chrome 65.0 for android,2560x1440,mobile
D004899,SAMSUNG-SM-G935A Build/NRD90M,Android 7.0,chrome 66.0 for android,1920x1080,mobile
D004900,SAMSUNG-SM-G935A Build/NRD90M,Android 7.0,chrome generic for android,1920x1080,mobile
D004901,SAMSUNG-SM-G935A,,chrome 65.0 for android,,mobile
D004902,SAMSUNG-SM-G935A,Android 6.0.1,chrome 63.0 for android,2560x1440,mobile
D004903,SAMSUNG-SM-J120A,,chrome 64.0 for android,,mobile
D004904,SAMSUNG-SM-J120A,Android 6.0.1,chrome 64.0 for android,801x480,mobile
D004905,SAMSUNG-SM-J320A Build/MMB29K,,chrome 63.0 for android,,mobile
D004906,SAMSUNG-SM-J320A Build/MMB29K,,chrome 66.0 for android,,mobile
D004907,SAMSUNG-SM-J320A Build/MMB29K,Android 6.0.1,chrome 62.0 for android,1280x720,mobile
D004908,SAMSUNG-SM-J320A Build/NMF26X,,chrome 65.0 for android,,mobile
D004909,SAMSUNG-SM-J320A Build/NMF26X,,chrome 66.0 for android,,mobile
D004910,SAMSUNG-SM-J320A Build/NMF26X,Android 7.1.1,chrome 63.0 for android,1280x720,mobile
D004911,SAMSUNG-SM-J320AZ Build/MMB29K,,chrome 62.0 for android,,mobile
D004912,SAMSUNG-SM-J320AZ Build/MMB29K,Android 6.0.1,chrome 59.0 for android,1280x720,mobile
D004913,SAMSUNG-SM-J320AZ,,chrome 64.0 for android,,mobile
D004914,SAMSUNG-SM-J320AZ,Android 7.1.1,chrome 63.0 for android,1280x720,mobile
D004915,SAMSUNG-SM-J327A Build/NRD90M,Android 7.0,chrome 62.0 for android,1280x720,mobile
D004916,SAMSUNG-SM-J327A Build/NRD90M,Android 7.0,chrome 63.0 for android,1280x720,mobile
D004917,SAMSUNG-SM-J327A Build/NRD90M,Android 7.0,chrome 64.0 for android,1280x720,mobile
D004918,SAMSUNG-SM-J327A Build/NRD90M,Android 7.0,chrome 65.0 for android,,mobile
D004919,SAMSUNG-SM-J327A Build/NRD90M,Android 7.0,chrome 66.0 for android,1280x720,mobile
D004920,SAMSUNG-SM-J327A Build/NRD90M,Android 7.0,chrome generic for android,1280x720,mobile
D004921,SAMSUNG-SM-J327AZ,Android 7.0,chrome 64.0 for android,1280x720,mobile
D004922,SAMSUNG-SM-J727A Build/NRD90M,Android 7.0,chrome 63.0 for android,1280x720,mobile
D004923,SAMSUNG-SM-J727AZ,Android 7.0,chrome 65.0 for android,1280x720,mobile
D004924,SAMSUNG-SM-N900A Build/LRX21V,,chrome 64.0 for android,,mobile
D004925,SAMSUNG-SM-N900A Build/LRX21V,,chrome 66.0 for android,,mobile
D004926,SAMSUNG-SM-N900A Build/LRX21V,Android 5.0,chrome 65.0 for android,1920x1080,mobile
D004927,SAMSUNG-SM-N900A Build/LRX21V,Android 5.0,chrome generic,1920x1080,mobile
D004928,SAMSUNG-SM-N900A,,chrome 62.0 for android,,mobile
D004929,SAMSUNG-SM-N910A,Android 5.1.1,chrome generic,2560x1440,mobile
D004930,SAMSUNG-SM-N910A,Android,chrome 63.0 for android,2560x1440,mobile
D004931,SAMSUNG-SM-N910A,Android,chrome generic,2560x1440,mobile
D004932,SAMSUNG-SM-N920A Build/NRD90M,,chrome 62.0 for android,,mobile
D004933,SAMSUNG-SM-N920A Build/NRD90M,,chrome 64.0 for android,,mobile
D004934,SAMSUNG-SM-N920A Build/NRD90M,Android 7.0,chrome 61.0 for android,,mobile
D004935,SAMSUNG-SM-N920A Build/NRD90M,Android 7.0,chrome 63.0 for android,,mobile
D004936,SAMSUNG-SM-N920A Build/NRD90M,Android 7.0,chrome 63.0 for android,1920x1080,mobile
D004937,SAMSUNG-SM-N920A Build/NRD90M,Android 7.0,chrome 64.0 for android,2562x1442,mobile
D004938,SAMSUNG-SM-N920A Build/NRD90M,Android 7.0,chrome 65.0 for android,1921x1081,mobile
D004939,SAMSUNG-SM-N920A Build/NRD90M,Android 7.0,chrome 66.0 for android,1921x1081,mobile
D004940,SAMSUNG-SM-N920A,,chrome 63.0 for android,,mobile
D004941,SAMSUNG-SM-T337A Build/LMY47X,Android 5.1.1,chrome 62.0 for android,,mobile
D004942,SAMSUNG-SM-T337A Build/LMY47X,Android 5.1.1,chrome 63.0 for android,,mobile
D004943,SAMSUNG-SM-T337A Build/LMY47X,Android 5.1.1,other,,mobile
D004944,SAMSUNG-SM-T377A Build/MMB29K,,chrome 63.0 for android,,mobile
D004945,SAMSUNG-SM-T377A Build/MMB29K,,chrome 65.0 for android,,mobile
D004946,SAMSUNG-SM-T377A Build/MMB29K,,chrome generic for android,,mobile
D004947,SAMSUNG-SM-T377A Build/MMB29K,Android 6.0.1,chrome 63.0 for android,,mobile
D004948,SAMSUNG-SM-T377A Build/MMB29K,Android 6.0.1,chrome 66.0 for android,1280x800,mobile
D004949,SAMSUNG-SM-T377A Build/MMB29K,Android 6.0.1,samsung browser 4.0,,mobile
D004950,SAMSUNG-SM-T377A,Android 7.1.1,chrome 65.0 for android,1280x800,mobile
D004951,SAMSUNG-SM-T537A,,chrome 62.0 for android,,mobile
D004952,SAMSUNG-SM-T677A,Android 5.1.1,chrome generic,1920x1080,mobile
D004953,SAMSUNG-SM-T807A,Android 5.0.2,chrome 61.0 for android,2560x1600,mobile
D004954,SAMSUNG-SM-T817A,Android 7.0,chrome 63.0 for android,2048x1536,mobile
D004955,SC-02H,,chrome generic for android,,mobile
D004956,SCH-I435,Android 4.4.2,chrome 63.0 for android,960x540,mobile
D004957,SCH-I535,Android 4.4.2,chrome 63.0 for android,1280x720,mobile
D004958,SCH-I545 Build/LRX22C,,chrome 64.0 for android,,mobile
D004959,SCH-I545 Build/LRX22C,Android,chrome 61.0 for android,1920x1080,mobile
D004960,SCH-I545 Build/LRX22C,Android,chrome 63.0 for android,1920x1080,mobile
D004961,SENS,,android webview 4.0,,mobile
D004962,SGH-I317M,,chrome 63.0 for android,,mobile
D004963,SGH-I337M Build/LRX22C,,chrome 50.0 for android,,mobile
D004964,SGH-I337M Build/LRX22C,,chrome 62.0 for android,,mobile
D004965,SGH-I337M Build/LRX22C,,chrome 63.0 for android,,mobile
D004966,SGH-I337M Build/LRX22C,,chrome 64.0 for android,,mobile
D004967,SGH-I337M Build/LRX22C,,chrome 65.0 for android,,mobile
D004968,SGH-I337M,,chrome 64.0 for android,,mobile
D004969,SGH-I747M,,chrome generic,,desktop
D004970,SGH-M919 Build/KTU84P,,chrome 65.0 for android,,mobile
D004971,SGH-M919 Build/KTU84P,Android,chrome 63.0 for android,1920x1080,mobile
D004972,SGH-M919 Build/KTU84P,Android,chrome 66.0 for android,1920x1080,mobile
D004973,SGH-M919 Build/KTU84P,Android,chrome generic,1920x1080,mobile
D004974,SGH-M919N,Android,chrome 63.0 for android,1920x1080,mobile
D004975,SGH-M919V,,chrome 64.0 for android,,mobile
D004976,SGH-M919V,,chrome generic,,desktop
D004977,SGP511,,chrome 65.0 for android,,mobile
D004978,SGP511,,chrome generic,,desktop
D004979,SGP521,,chrome 62.0 for android,,mobile
D004980,SGP521,,chrome 63.0 for android,,mobile
D004981,SGP611,,chrome 54.0 for android,,mobile
D004982,SGP621 Build/23.5.A.1.291,,chrome 61.0 for android,,mobile
D004983,SGP621 Build/23.5.A.1.291,,chrome 63.0 for android,,mobile
D004984,SH-04F,,chrome,,mobile
D004985,SKY_5.0LM,,chrome 62.0 for android,,mobile
D004986,SLA-L02,,chrome 63.0 for android,,mobile
D004987,SLA-L03 Build/HUAWEISLA-L03,,chrome 59.0 for android,,mobile
D004988,SLA-L03 Build/HUAWEISLA-L03,,chrome 63.0 for android,,mobile
D004989,SLA-L03 Build/HUAWEISLA-L03,,chrome 64.0 for android,,mobile
D004990,SLA-L03 Build/HUAWEISLA-L03,,chrome 65.0 for android,,mobile
D004991,SLA-L03 Build/HUAWEISLA-L03,,chrome 66.0 for android,,mobile
D004992,SLA-L03 Build/HUAWEISLA-L03,,chrome generic for android,,mobile
D004993,SLA-L22,,chrome 63.0 for android,,mobile
D004994,SLA-L23,,chrome 65.0 for android,,mobile
D004995,SLAY,,android webview 4.0,,mobile
D004996,SM-A300FU Build/MMB29M,,chrome 63.0 for android,,mobile
D004997,SM-A300FU Build/MMB29M,,chrome 65.0 for android,,mobile
D004998,SM-A300H Build/LRX22G,,chrome 55.0 for android,,mobile
D004999,SM-A300H Build/LRX22G,,chrome 61.0 for android,,mobile
D005000,SM-A300H Build/LRX22G,,chrome 62.0 for android,,mobile
D005001,SM-A300H Build/LRX22G,,chrome 63.0 for android,,mobile
D005002,SM-A300H Build/LRX22G,,chrome 64.0 for android,,mobile
D005003,SM-A300H Build/LRX22G,,chrome 65.0 for android,,mobile
D005004,SM-A300H Build/LRX22G,,chrome 66.0 for android,,mobile
D005005,SM-A300H Build/LRX22G,,chrome generic,,mobile
D005006,SM-A300H,,chrome 55.0 for android,,mobile
D005007,SM-A300M Build/KTU84P,,chrome generic,,desktop
D005008,SM-A300M,,chrome 64.0 for android,,mobile
D005009,SM-A310F Build/MMB29K,,chrome 59.0 for android,,mobile
D005010,SM-A310F Build/MMB29K,,chrome 61.0 for android,,mobile
D005011,SM-A310F Build/MMB29K,,chrome 65.0 for android,,mobile
D005012,SM-A310F Build/NRD90M,,chrome 62.0 for android,,mobile
D005013,SM-A310F Build/NRD90M,,chrome 63.0 for android,,mobile
D005014,SM-A310F Build/NRD90M,,chrome 64.0 for android,,mobile
D005015,SM-A310F Build/NRD90M,,chrome 65.0 for android,,mobile
D005016,SM-A310F Build/NRD90M,,chrome generic for android,,mobile
D005017,SM-A310M Build/LMY47X,,chrome 62.0 for android,,mobile
D005018,SM-A310M Build/LMY47X,,chrome 63.0 for android,,mobile
D005019,SM-A310M Build/LMY47X,,chrome 64.0 for android,,mobile
D005020,SM-A310M Build/LMY47X,,chrome 65.0 for android,,mobile
D005021,SM-A310M Build/LMY47X,,chrome generic,,mobile
D005022,SM-A310M Build/NRD90M,,chrome 63.0 for android,,mobile
D005023,SM-A310M Build/NRD90M,,chrome 64.0 for android,,mobile
D005024,SM-A310M Build/NRD90M,,chrome 65.0 for android,,mobile
D005025,SM-A310M Build/NRD90M,,chrome generic for android,,mobile
D005026,SM-A310M,,chrome 62.0 for android,,mobile
D005027,SM-A320FL Build/MMB29K,,chrome 62.0 for android,,mobile
D005028,SM-A320FL Build/MMB29K,,chrome 64.0 for android,,mobile
D005029,SM-A320FL Build/NRD90M,,chrome 61.0 for android,,mobile
D005030,SM-A320FL Build/NRD90M,,chrome 63.0 for android,,mobile
D005031,SM-A320FL Build/NRD90M,,chrome 64.0 for android,,mobile
D005032,SM-A320FL Build/NRD90M,,chrome 65.0 for android,,mobile
D005033,SM-A320FL Build/NRD90M,,chrome 66.0 for android,,mobile
D005034,SM-A320FL Build/NRD90M,,chrome generic for android,,mobile
D005035,SM-A320Y Build/NRD90M,,chrome 62.0 for android,,mobile
D005036,SM-A320Y Build/NRD90M,,chrome 63.0 for android,,mobile
D005037,SM-A320Y Build/NRD90M,,chrome 64.0 for android,,mobile
D005038,SM-A320Y Build/NRD90M,,chrome 65.0 for android,,mobile
D005039,SM-A320Y Build/NRD90M,,chrome 66.0 for android,,mobile
D005040,SM-A320Y Build/NRD90M,,chrome generic for android,,mobile
D005041,SM-A320Y,,chrome 61.0 for android,,mobile
D005042,SM-A320Y,,chrome 62.0 for android,,mobile
D005043,SM-A320Y,,chrome 64.0 for android,,mobile
D005044,SM-A500FU Build/MMB29M,,chrome 62.0 for android,,mobile
D005045,SM-A500FU Build/MMB29M,,chrome 64.0 for android,,mobile
D005046,SM-A500FU,,chrome 61.0 for android,,mobile
D005047,SM-A500H,Android 6.0.1,chrome 62.0 for android,1280x720,mobile
D005048,SM-A500M Build/KTU84P,,chrome 62.0 for android,,mobile
D005049,SM-A500M Build/KTU84P,,chrome 63.0 for android,,mobile
D005050,SM-A500M Build/KTU84P,,chrome 64.0 for android,,mobile
D005051,SM-A500M Build/KTU84P,,chrome 65.0 for android,,mobile
D005052,SM-A500M Build/KTU84P,,chrome 66.0 for android,,mobile
D005053,SM-A500M Build/KTU84P,,chrome generic,,desktop
D005054,SM-A500M Build/LRX22G,,chrome 52.0 for android,,mobile
D005055,SM-A500M Build/LRX22G,,chrome 62.0 for android,,mobile
D005056,SM-A500M Build/LRX22G,,chrome 63.0 for android,,mobile
D005057,SM-A500M Build/LRX22G,,chrome 64.0 for android,,mobile
D005058,SM-A500M Build/LRX22G,,chrome 65.0 for android,,mobile
D005059,SM-A500M Build/LRX22G,,chrome generic,,desktop
D005060,SM-A500W,,chrome 63.0 for android,,mobile
D005061,SM-A510F Build/MMB29K,,chrome 63.0 for android,,mobile
D005062,SM-A510F Build/NRD90M,,chrome 63.0 for android,,mobile
D005063,SM-A510F Build/NRD90M,,chrome 66.0 for android,,mobile
D005064,SM-A510F Build/NRD90M,,chrome generic for android,,mobile
D005065,SM-A510M Build/LMY47X,,chrome 61.0 for android,,mobile
D005066,SM-A510M Build/LMY47X,,chrome 62.0 for android,,mobile
D005067,SM-A510M Build/LMY47X,,chrome 64.0 for android,,mobile
D005068,SM-A510M Build/LMY47X,,chrome 65.0 for android,,mobile
D005069,SM-A510M Build/LMY47X,Android 5.1.1,chrome 64.0 for android,1920x1080,mobile
D005070,SM-A510M Build/MMB29K,,chrome 58.0 for android,,mobile
D005071,SM-A510M Build/MMB29K,,chrome 62.0 for android,,mobile
D005072,SM-A510M Build/MMB29K,,chrome 63.0 for android,,mobile
D005073,SM-A510M Build/MMB29K,,chrome 64.0 for android,,mobile
D005074,SM-A510M Build/MMB29K,,chrome 65.0 for android,,mobile
D005075,SM-A510M Build/MMB29K,,chrome 66.0 for android,,mobile
D005076,SM-A510M Build/MMB29K,,chrome generic for android,,mobile
D005077,SM-A510M Build/NRD90M,,chrome 58.0 for android,,mobile
D005078,SM-A510M Build/NRD90M,,chrome 59.0 for android,,mobile
D005079,SM-A510M Build/NRD90M,,chrome 61.0 for android,,mobile
D005080,SM-A510M Build/NRD90M,,chrome 62.0 for android,,mobile
D005081,SM-A510M Build/NRD90M,,chrome 63.0 for android,,mobile
D005082,SM-A510M Build/NRD90M,,chrome 64.0 for android,,mobile
D005083,SM-A510M Build/NRD90M,,chrome 65.0 for android,,mobile
D005084,SM-A510M Build/NRD90M,,chrome 66.0 for android,,mobile
D005085,SM-A510M Build/NRD90M,,chrome generic for android,,mobile
D005086,SM-A520F Build/MMB29K,,chrome 56.0 for android,,mobile
D005087,SM-A520F Build/MMB29K,,chrome 62.0 for android,,mobile
D005088,SM-A520F Build/MMB29K,,chrome 63.0 for android,,mobile
D005089,SM-A520F Build/MMB29K,,chrome generic for android,,mobile
D005090,SM-A520F Build/NRD90M,,chrome 58.0 for android,,mobile
D005091,SM-A520F Build/NRD90M,,chrome 62.0 for android,,mobile
D005092,SM-A520F Build/NRD90M,,chrome 63.0 for android,,mobile
D005093,SM-A520F Build/NRD90M,,chrome 64.0 for android,,mobile
D005094,SM-A520F Build/NRD90M,,chrome 65.0 for android,,mobile
D005095,SM-A520F Build/NRD90M,,chrome 66.0 for android,,mobile
D005096,SM-A520F Build/NRD90M,,chrome generic for android,,mobile
D005097,SM-A520F Build/R16NW,,chrome 66.0 for android,,mobile
D005098,SM-A520W Build/NRD90M,,chrome 63.0 for android,,mobile
D005099,SM-A520W Build/NRD90M,,chrome 64.0 for android,,mobile
D005100,SM-A520W Build/NRD90M,,chrome 65.0 for android,,mobile
D005101,SM-A520W Build/NRD90M,,chrome generic for android,,mobile
D005102,SM-A520W Build/NRD90M,Android 7.0,chrome 65.0 for android,1920x1080,mobile
D005103,SM-A520W,,chrome 61.0 for android,,mobile
D005104,SM-A530F Build/NMF26X,,chrome 64.0 for android,,mobile
D005105,SM-A530F Build/NMF26X,,chrome 65.0 for android,,mobile
D005106,SM-A530F Build/NMF26X,,chrome 66.0 for android,,mobile
D005107,SM-A530F Build/NMF26X,,chrome generic for android,,mobile
D005108,SM-A710M Build/LMY47X,,chrome 57.0 for android,,mobile
D005109,SM-A710M Build/LMY47X,,chrome 60.0 for android,,mobile
D005110,SM-A710M Build/LMY47X,,chrome 62.0 for android,,mobile
D005111,SM-A710M Build/LMY47X,,chrome 63.0 for android,,mobile
D005112,SM-A710M Build/LMY47X,,chrome 65.0 for android,,mobile
D005113,SM-A710M Build/LMY47X,,chrome 66.0 for android,,mobile
D005114,SM-A710M Build/LMY47X,,chrome generic,,desktop
D005115,SM-A710M Build/NRD90M,,chrome 61.0 for android,,mobile
D005116,SM-A710M Build/NRD90M,,chrome 63.0 for android,,mobile
D005117,SM-A710M Build/NRD90M,,chrome 64.0 for android,,mobile
D005118,SM-A710M Build/NRD90M,,chrome 65.0 for android,,mobile
D005119,SM-A710M Build/NRD90M,,chrome 66.0 for android,,mobile
D005120,SM-A710M Build/NRD90M,,chrome generic for android,,mobile
D005121,SM-A710M,,chrome 62.0 for android,,mobile
D005122,SM-A710M,,chrome 63.0 for android,,mobile
D005123,SM-A720F Build/MMB29K,,android webview 4.0,,mobile
D005124,SM-A720F Build/MMB29K,,chrome 61.0 for android,,mobile
D005125,SM-A720F Build/MMB29K,,chrome 62.0 for android,,mobile
D005126,SM-A720F Build/MMB29K,,chrome 63.0 for android,,mobile
D005127,SM-A720F Build/NRD90M,,chrome 58.0 for android,,mobile
D005128,SM-A720F Build/NRD90M,,chrome 63.0 for android,,mobile
D005129,SM-A720F Build/NRD90M,,chrome 64.0 for android,,mobile
D005130,SM-A720F Build/NRD90M,,chrome 65.0 for android,,mobile
D005131,SM-A720F Build/NRD90M,,chrome 66.0 for android,,mobile
D005132,SM-A720F Build/NRD90M,,chrome generic for android,,mobile
D005133,SM-A730F Build/NMF26X,,chrome 61.0 for android,,mobile
D005134,SM-A730F Build/NMF26X,,chrome 66.0 for android,,mobile
D005135,SM-A730F Build/NMF26X,,chrome generic for android,,mobile
D005136,SM-A800I,,chrome 63.0 for android,,mobile
D005137,SM-C900F,Android 7.1.1,chrome generic for android,,mobile
D005138,SM-E500M Build/KTU84P,,chrome 49.0 for android,,mobile
D005139,SM-E500M Build/KTU84P,,chrome 60.0 for android,,mobile
D005140,SM-E500M Build/KTU84P,,chrome 62.0 for android,,mobile
D005141,SM-E500M Build/KTU84P,,chrome 63.0 for android,,mobile
D005142,SM-E500M Build/KTU84P,,chrome 64.0 for android,,mobile
D005143,SM-E500M Build/KTU84P,,chrome 65.0 for android,,mobile
D005144,SM-E500M Build/KTU84P,,chrome 66.0 for android,,mobile
D005145,SM-E500M Build/KTU84P,,chrome generic,,desktop
D005146,SM-E500M,,chrome 64.0 for android,,mobile
D005147,SM-E500M,,chrome generic,,desktop
D005148,SM-E700M,,chrome 62.0 for android,,mobile
D005149,SM-E700M,,chrome 66.0 for android,,mobile
D005150,SM-G313ML,,other,,mobile
D005151,SM-G318ML,,chrome 60.0 for android,,mobile
D005152,SM-G318ML,,chrome generic,,desktop
D005153,SM-G350M,,chrome 63.0 for android,,mobile
D005154,SM-G355M Build/KOT49H,,chrome 53.0 for android,,mobile
D005155,SM-G355M Build/KOT49H,,chrome 54.0 for android,,mobile
D005156,SM-G355M Build/KOT49H,,chrome 58.0 for android,,mobile
D005157,SM-G355M Build/KOT49H,,chrome 60.0 for android,,mobile
D005158,SM-G355M Build/KOT49H,,chrome 61.0 for android,,mobile
D005159,SM-G355M Build/KOT49H,,chrome 62.0 for android,,mobile
D005160,SM-G355M Build/KOT49H,,chrome 63.0 for android,,mobile
D005161,SM-G355M Build/KOT49H,,chrome 64.0 for android,,mobile
D005162,SM-G355M Build/KOT49H,,chrome 65.0 for android,,mobile
D005163,SM-G355M Build/KOT49H,,chrome generic,,desktop
D005164,SM-G355M Build/KOT49H,,chrome,,mobile
D005165,SM-G360F,,chrome 63.0 for android,,mobile
D005166,SM-G360M,,chrome 63.0 for android,,mobile
D005167,SM-G360T1 Build/LMY47X,,chrome 53.0 for android,,mobile
D005168,SM-G360T1 Build/LMY47X,,chrome 57.0 for android,,mobile
D005169,SM-G360T1 Build/LMY47X,,chrome 61.0 for android,,mobile
D005170,SM-G360T1 Build/LMY47X,,chrome 63.0 for android,,mobile
D005171,SM-G360T1 Build/LMY47X,Android 5.1.1,chrome 61.0 for android,801x480,mobile
D005172,SM-G360V Build/LMY48B,Android 5.1.1,chrome 51.0 for android,801x480,mobile
D005173,SM-G360V Build/LMY48B,Android 5.1.1,chrome 57.0 for android,801x480,mobile
D005174,SM-G360V Build/LMY48B,Android 5.1.1,chrome 60.0 for android,801x480,mobile
D005175,SM-G360V Build/LMY48B,Android 5.1.1,chrome 63.0 for android,801x480,mobile
D005176,SM-G360V Build/LMY48B,Android 5.1.1,chrome 64.0 for android,801x480,mobile
D005177,SM-G360V,Android,chrome 62.0 for android,801x480,mobile
D005178,SM-G361F,,chrome 63.0 for android,,mobile
D005179,SM-G386T,,chrome generic,,desktop
D005180,SM-G386T,Android 4.4.2,chrome 62.0 for android,960x540,mobile
D005181,SM-G386W,,chrome 64.0 for android,,mobile
D005182,SM-G388F,,chrome 64.0 for android,,mobile
D005183,SM-G390F,,chrome 63.0 for android,,mobile
D005184,SM-G390F,,chrome 64.0 for android,,mobile
D005185,SM-G390W,,chrome 63.0 for android,,mobile
D005186,SM-G530FZ,,chrome 64.0 for android,,mobile
D005187,SM-G530H Build/KTU84P,,chrome 49.0 for android,,mobile
D005188,SM-G530H Build/KTU84P,,chrome 62.0 for android,,mobile
D005189,SM-G530H Build/KTU84P,,chrome 63.0 for android,,mobile
D005190,SM-G530H Build/KTU84P,,chrome 64.0 for android,,mobile
D005191,SM-G530H Build/KTU84P,,chrome 65.0 for android,,mobile
D005192,SM-G530H Build/KTU84P,,chrome generic,,desktop
D005193,SM-G530H Build/LRX22G,,chrome 46.0 for android,,mobile
D005194,SM-G530H Build/LRX22G,,chrome 56.0 for android,,mobile
D005195,SM-G530H Build/LRX22G,,chrome 58.0 for android,,mobile
D005196,SM-G530H Build/LRX22G,,chrome 60.0 for android,,mobile
D005197,SM-G530H Build/LRX22G,,chrome 61.0 for android,,mobile
D005198,SM-G530H Build/LRX22G,,chrome 62.0 for android,,mobile
D005199,SM-G530H Build/LRX22G,,chrome 63.0 for android,,mobile
D005200,SM-G530H Build/LRX22G,,chrome 64.0 for android,,mobile
D005201,SM-G530H Build/LRX22G,,chrome 65.0 for android,,mobile
D005202,SM-G530H Build/LRX22G,,chrome 66.0 for android,,mobile
D005203,SM-G530H Build/LRX22G,,chrome generic,,desktop
D005204,SM-G530H Build/LRX22G,,chrome,,mobile
D005205,SM-G530M,,chrome 64.0 for android,,mobile
D005206,SM-G530P,Android 5.1.1,chrome 63.0 for android,960x540,mobile
D005207,SM-G530T,,chrome 64.0 for android,,mobile
D005208,SM-G530T,Android 5.1.1,chrome 61.0 for android,960x540,mobile
D005209,SM-G530T,Android 5.1.1,chrome 62.0 for android,960x540,mobile
D005210,SM-G530T,Android 5.1.1,chrome 63.0 for android,960x540,mobile
D005211,SM-G530T1,,chrome 66.0 for android,,mobile
D005212,SM-G530W,,chrome 63.0 for android,,mobile
D005213,SM-G531F,,chrome 50.0 for android,,mobile
D005214,SM-G531H Build/LMY48B,,android browser 4.0,,mobile
D005215,SM-G531H Build/LMY48B,,chrome 43.0 for android,,mobile
D005216,SM-G531H Build/LMY48B,,chrome 46.0 for android,,mobile
D005217,SM-G531H Build/LMY48B,,chrome 50.0 for android,,mobile
D005218,SM-G531H Build/LMY48B,,chrome 52.0 for android,,mobile
D005219,SM-G531H Build/LMY48B,,chrome 54.0 for android,,mobile
D005220,SM-G531H Build/LMY48B,,chrome 55.0 for android,,mobile
D005221,SM-G531H Build/LMY48B,,chrome 56.0 for android,,mobile
D005222,SM-G531H Build/LMY48B,,chrome 57.0 for android,,mobile
D005223,SM-G531H Build/LMY48B,,chrome 58.0 for android,,mobile
D005224,SM-G531H Build/LMY48B,,chrome 59.0 for android,,mobile
D005225,SM-G531H Build/LMY48B,,chrome 60.0 for android,,mobile
D005226,SM-G531H Build/LMY48B,,chrome 61.0 for android,,mobile
D005227,SM-G531H Build/LMY48B,,chrome 62.0 for android,,mobile
D005228,SM-G531H Build/LMY48B,,chrome 63.0 for android,,mobile
D005229,SM-G531H Build/LMY48B,,chrome 64.0 for android,,mobile
D005230,SM-G531H Build/LMY48B,,chrome 65.0 for android,,mobile
D005231,SM-G531H Build/LMY48B,,chrome 66.0 for android,,mobile
D005232,SM-G531H Build/LMY48B,,chrome generic,,desktop
D005233,SM-G531H Build/LMY48B,,chrome,,mobile
D005234,SM-G532M Build/MMB29T,,Samsung/SM-G532M,,mobile
D005235,SM-G532M Build/MMB29T,,chrome 50.0 for android,,mobile
D005236,SM-G532M Build/MMB29T,,chrome 52.0 for android,,mobile
D005237,SM-G532M Build/MMB29T,,chrome 55.0 for android,,mobile
D005238,SM-G532M Build/MMB29T,,chrome 56.0 for android,,mobile
D005239,SM-G532M Build/MMB29T,,chrome 57.0 for android,,mobile
D005240,SM-G532M Build/MMB29T,,chrome 58.0 for android,,mobile
D005241,SM-G532M Build/MMB29T,,chrome 59.0 for android,,mobile
D005242,SM-G532M Build/MMB29T,,chrome 60.0 for android,,mobile
D005243,SM-G532M Build/MMB29T,,chrome 61.0 for android,,mobile
D005244,SM-G532M Build/MMB29T,,chrome 62.0 for android,,mobile
D005245,SM-G532M Build/MMB29T,,chrome 63.0 for android,,mobile
D005246,SM-G532M Build/MMB29T,,chrome 64.0 for android,,mobile
D005247,SM-G532M Build/MMB29T,,chrome 65.0 for android,,mobile
D005248,SM-G532M Build/MMB29T,,chrome 66.0 for android,,mobile
D005249,SM-G550T Build/MMB29K,,chrome 55.0 for android,,mobile
D005250,SM-G550T Build/MMB29K,,chrome 64.0 for android,,mobile
D005251,SM-G550T Build/MMB29K,Android 6.0.1,chrome 59.0 for android,1280x720,mobile
D005252,SM-G550T Build/MMB29K,Android 6.0.1,chrome 62.0 for android,1280x720,mobile
D005253,SM-G550T Build/MMB29K,Android 6.0.1,chrome 63.0 for android,1280x720,mobile
D005254,SM-G550T Build/MMB29K,Android 6.0.1,chrome 64.0 for android,1280x720,mobile
D005255,SM-G550T1 Build/MMB29K,,chrome 50.0 for android,,mobile
D005256,SM-G550T1 Build/MMB29K,,chrome 55.0 for android,,mobile
D005257,SM-G550T1 Build/MMB29K,,chrome 61.0 for android,,mobile
D005258,SM-G550T1 Build/MMB29K,,chrome 62.0 for android,,mobile
D005259,SM-G550T1 Build/MMB29K,,chrome 63.0 for android,,mobile
D005260,SM-G550T1 Build/MMB29K,,chrome 64.0 for android,,mobile
D005261,SM-G550T1 Build/MMB29K,,chrome 65.0 for android,,mobile
D005262,SM-G550T1 Build/MMB29K,Android 6.0.1,android webview 4.0,1280x720,mobile
D005263,SM-G550T1 Build/MMB29K,Android 6.0.1,chrome 55.0 for android,1280x720,mobile
D005264,SM-G550T1 Build/MMB29K,Android 6.0.1,chrome 59.0 for android,1280x720,mobile
D005265,SM-G550T1 Build/MMB29K,Android 6.0.1,chrome 61.0 for android,1280x720,mobile
D005266,SM-G550T1 Build/MMB29K,Android 6.0.1,chrome 62.0 for android,1280x720,mobile
D005267,SM-G550T1 Build/MMB29K,Android 6.0.1,chrome 63.0 for android,1280x720,mobile
D005268,SM-G550T2,Android 6.0.1,chrome 56.0 for android,1280x720,mobile
D005269,SM-G570F,,chrome 65.0 for android,,mobile
D005270,SM-G570M Build/MMB29K,,chrome 56.0 for android,,mobile
D005271,SM-G570M Build/MMB29K,,chrome 59.0 for android,,mobile
D005272,SM-G570M Build/MMB29K,,chrome 61.0 for android,,mobile
D005273,SM-G570M Build/MMB29K,,chrome 62.0 for android,,mobile
D005274,SM-G570M Build/MMB29K,,chrome 63.0 for android,,mobile
D005275,SM-G570M Build/MMB29K,,chrome 64.0 for android,,mobile
D005276,SM-G570M Build/MMB29K,,chrome 65.0 for android,,mobile
D005277,SM-G570M Build/MMB29K,,chrome 66.0 for android,,mobile
D005278,SM-G570M Build/MMB29K,,chrome generic for android,,mobile
D005279,SM-G570M Build/NRD90M,,android webview 4.0,,mobile
D005280,SM-G570M Build/NRD90M,,chrome 58.0 for android,,mobile
D005281,SM-G570M Build/NRD90M,,chrome 63.0 for android,,mobile
D005282,SM-G570M Build/NRD90M,,chrome 64.0 for android,,mobile
D005283,SM-G570M Build/NRD90M,,chrome 65.0 for android,,mobile
D005284,SM-G570M Build/NRD90M,,chrome 66.0 for android,,mobile
D005285,SM-G570M Build/NRD90M,,chrome generic for android,,mobile
D005286,SM-G610F Build/NRD90M,,chrome 63.0 for android,,mobile
D005287,SM-G610F Build/NRD90M,,chrome 66.0 for android,,mobile
D005288,SM-G610F Build/NRD90M,,chrome generic for android,,mobile
D005289,SM-G610F,,chrome 62.0 for android,,mobile
D005290,SM-G610F,,chrome 63.0 for android,,mobile
D005291,SM-G610M Build/MMB29K,,chrome 50.0 for android,,mobile
D005292,SM-G610M Build/MMB29K,,chrome 55.0 for android,,mobile
D005293,SM-G610M Build/MMB29K,,chrome 56.0 for android,,mobile
D005294,SM-G610M Build/MMB29K,,chrome 57.0 for android,,mobile
D005295,SM-G610M Build/MMB29K,,chrome 58.0 for android,,mobile
D005296,SM-G610M Build/MMB29K,,chrome 59.0 for android,,mobile
D005297,SM-G610M Build/MMB29K,,chrome 61.0 for android,,mobile
D005298,SM-G610M Build/MMB29K,,chrome 62.0 for android,,mobile
D005299,SM-G610M Build/MMB29K,,chrome 63.0 for android,,mobile
D005300,SM-G610M Build/MMB29K,,chrome 64.0 for android,,mobile
D005301,SM-G610M Build/MMB29K,,chrome 65.0 for android,,mobile
D005302,SM-G610M Build/MMB29K,,chrome 66.0 for android,,mobile
D005303,SM-G610M Build/MMB29K,,chrome generic for android,,mobile
D005304,SM-G610M Build/MMB29K,,other,,mobile
D005305,SM-G610M Build/NRD90M,,chrome 60.0 for android,,mobile
D005306,SM-G610M Build/NRD90M,,chrome 63.0 for android,,mobile
D005307,SM-G610M Build/NRD90M,,chrome 64.0 for android,,mobile
D005308,SM-G610M Build/NRD90M,,chrome 65.0 for android,,mobile
D005309,SM-G610M Build/NRD90M,,chrome 66.0 for android,,mobile
D005310,SM-G610M Build/NRD90M,,chrome generic for android,,mobile
D005311,SM-G615F,,android webview 4.0,,mobile
D005312,SM-G7105,,chrome 64.0 for android,,mobile
D005313,SM-G720AX,,chrome 63.0 for android,,mobile
D005314,SM-G720AX,,chrome 64.0 for android,,mobile
D005315,SM-G720AX,,chrome 65.0 for android,,mobile
D005316,SM-G730V,,chrome 61.0 for android,,mobile
D005317,SM-G730W8 Build/KOT49H,,chrome 64.0 for android,,mobile
D005318,SM-G730W8 Build/KOT49H,,chrome 66.0 for android,,mobile
D005319,SM-G800F Build/KOT49H,,chrome 53.0 for android,,mobile
D005320,SM-G800F Build/KOT49H,,chrome 62.0 for android,,mobile
D005321,SM-G800F Build/MMB29K,,chrome 52.0 for android,,mobile
D005322,SM-G800F Build/MMB29K,,chrome 56.0 for android,,mobile
D005323,SM-G800F Build/MMB29K,,chrome 62.0 for android,,mobile
D005324,SM-G800F Build/MMB29K,,chrome 64.0 for android,,mobile
D005325,SM-G800F Build/MMB29K,,chrome 65.0 for android,,mobile
D005326,SM-G800F Build/MMB29K,,chrome 66.0 for android,,mobile
D005327,SM-G800F Build/MMB29K,,chrome generic for android,,mobile
D005328,SM-G800M Build/KOT49H,,chrome 63.0 for android,,mobile
D005329,SM-G800M Build/KOT49H,,chrome 64.0 for android,,mobile
D005330,SM-G800M Build/KOT49H,,chrome 65.0 for android,,mobile
D005331,SM-G800M Build/KOT49H,,chrome 66.0 for android,,mobile
D005332,SM-G850M Build/LRX22G,,chrome 63.0 for android,,mobile
D005333,SM-G850M Build/LRX22G,,chrome 64.0 for android,,mobile
D005334,SM-G850M Build/LRX22G,,chrome 65.0 for android,,mobile
D005335,SM-G850M,,chrome 66.0 for android,,mobile
D005336,SM-G892A,Android 8.0.0,chrome 66.0 for android,2220x1080,mobile
D005337,SM-G892A,Android 8.0.0,chrome generic for android,2220x1080,mobile
D005338,SM-G900F Build/KOT49H,,android browser 4.0,,mobile
D005339,SM-G900F Build/KOT49H,,chrome 63.0 for android,,mobile
D005340,SM-G900F Build/KOT49H,,chrome 64.0 for android,,mobile
D005341,SM-G900F Build/LRX21T,,chrome 62.0 for android,,mobile
D005342,SM-G900F Build/LRX21T,,chrome 63.0 for android,,mobile
D005343,SM-G900F Build/MMB29M,,chrome 62.0 for android,,mobile
D005344,SM-G900F Build/MMB29M,,chrome 63.0 for android,,mobile
D005345,SM-G900F Build/MMB29M,,chrome 65.0 for android,,mobile
D005346,SM-G900F Build/MMB29M,,chrome generic for android,,mobile
D005347,SM-G900FD,,chrome 63.0 for android,,mobile
D005348,SM-G900H Build/MMB29K,,chrome 60.0 for android,,mobile
D005349,SM-G900H Build/MMB29K,,chrome 62.0 for android,,mobile
D005350,SM-G900H Build/MMB29K,,chrome 65.0 for android,,mobile
D005351,SM-G900I,,chrome 61.0 for android,,mobile
D005352,SM-G900I,,chrome 63.0 for android,,mobile
D005353,SM-G900L,,chrome 63.0 for android,,mobile
D005354,SM-G900M Build/KOT49H,,chrome 65.0 for android,,mobile
D005355,SM-G900M Build/KOT49H,,chrome generic,,desktop
D005356,SM-G900M Build/KOT49H,,chrome,,mobile
D005357,SM-G900M Build/LRX21T,,chrome 43.0 for android,,mobile
D005358,SM-G900M Build/LRX21T,,chrome 55.0 for android,,mobile
D005359,SM-G900M Build/LRX21T,,chrome 57.0 for android,,mobile
D005360,SM-G900M Build/LRX21T,,chrome 61.0 for android,,mobile
D005361,SM-G900M Build/LRX21T,,chrome 62.0 for android,,mobile
D005362,SM-G900M Build/LRX21T,,chrome 63.0 for android,,mobile
D005363,SM-G900M Build/LRX21T,,chrome 64.0 for android,,mobile
D005364,SM-G900M Build/LRX21T,,chrome 65.0 for android,,mobile
D005365,SM-G900M Build/LRX21T,,chrome 66.0 for android,,mobile
D005366,SM-G900M Build/LRX21T,,chrome generic,,mobile
D005367,SM-G900M Build/MMB29M,,chrome 49.0 for android,,mobile
D005368,SM-G900M Build/MMB29M,,chrome 59.0 for android,,mobile
D005369,SM-G900M Build/MMB29M,,chrome 64.0 for android,,mobile
D005370,SM-G900M Build/MMB29M,,chrome 65.0 for android,,mobile
D005371,SM-G900M Build/MMB29M,,chrome generic for android,,mobile
D005372,SM-G900P Build/LRX21T,Android 5.0,chrome 59.0 for android,1920x1080,mobile
D005373,SM-G900P Build/LRX21T,Android 5.0,chrome 62.0 for android,1920x1080,mobile
D005374,SM-G900P Build/LRX21T,Android 5.0,chrome 64.0 for android,1920x1080,mobile
D005375,SM-G900P Build/MMB29M,,chrome 63.0 for android,,mobile
D005376,SM-G900P Build/MMB29M,Android 6.0.1,android webview 4.0,1920x1080,mobile
D005377,SM-G900P Build/MMB29M,Android 6.0.1,chrome 61.0 for android,1920x1080,mobile
D005378,SM-G900P Build/MMB29M,Android 6.0.1,chrome 62.0 for android,1920x1080,mobile
D005379,SM-G900P Build/MMB29M,Android 6.0.1,chrome 63.0 for android,1920x1080,mobile
D005380,SM-G900P Build/MMB29M,Android 6.0.1,chrome 66.0 for android,1920x1080,mobile
D005381,SM-G900P Build/MMB29M,Android 6.0.1,chrome generic for android,1920x1080,mobile
D005382,SM-G900P,Android 7.1.2,chrome 63.0 for android,1920x1080,mobile
D005383,SM-G900R4,Android 6.0.1,chrome 62.0 for android,1920x1080,mobile
D005384,SM-G900R4,Android 6.0.1,chrome 63.0 for android,1920x1080,mobile
D005385,SM-G900T Build/MMB29M,,chrome 62.0 for android,,mobile
D005386,SM-G900T Build/MMB29M,,chrome 63.0 for android,,mobile
D005387,SM-G900T Build/MMB29M,,chrome 64.0 for android,,mobile
D005388,SM-G900T Build/MMB29M,,chrome 66.0 for android,,mobile
D005389,SM-G900T Build/MMB29M,Android 6.0.1,chrome 62.0 for android,1920x1080,mobile
D005390,SM-G900T Build/MMB29M,Android 6.0.1,chrome 63.0 for android,1920x1080,mobile
D005391,SM-G900T Build/MMB29M,Android 6.0.1,chrome 65.0 for android,1920x1080,mobile
D005392,SM-G900T1,,chrome 63.0 for android,,mobile
D005393,SM-G900T1,Android 6.0.1,chrome 66.0 for android,1920x1080,mobile
D005394,SM-G900V Build/LRX21T,Android 5.0,chrome 61.0 for android,1920x1080,mobile
D005395,SM-G900V Build/MMB29M,Android 6.0.1,chrome 56.0 for android,1920x1080,mobile
D005396,SM-G900V Build/MMB29M,Android 6.0.1,chrome 57.0 for android,1920x1080,mobile
D005397,SM-G900V Build/MMB29M,Android 6.0.1,chrome 58.0 for android,1920x1080,mobile
D005398,SM-G900V Build/MMB29M,Android 6.0.1,chrome 59.0 for android,1920x1080,mobile
D005399,SM-G900V Build/MMB29M,Android 6.0.1,chrome 60.0 for android,1920x1080,mobile
D005400,SM-G900V Build/MMB29M,Android 6.0.1,chrome 62.0 for android,1920x1080,mobile
D005401,SM-G900V Build/MMB29M,Android 6.0.1,chrome 63.0 for android,1920x1080,mobile
D005402,SM-G900V Build/MMB29M,Android 6.0.1,chrome 64.0 for android,1920x1080,mobile
D005403,SM-G900V Build/MMB29M,Android 6.0.1,chrome 66.0 for android,1920x1080,mobile
D005404,SM-G900V Build/MMB29M,Android 6.0.1,chrome generic for android,1920x1080,mobile
D005405,SM-G900V,,chrome 62.0 for android,,mobile
D005406,SM-G900V,,chrome 64.0 for android,,mobile
D005407,SM-G900W8,,chrome 62.0 for android,,mobile
D005408,SM-G900W8,,chrome 64.0 for android,,mobile
D005409,SM-G900W8,,chrome 65.0 for android,,mobile
D005410,SM-G901F,,chrome 65.0 for android,,mobile
D005411,SM-G903F Build/MMB29K,,chrome 63.0 for android,,mobile
D005412,SM-G903F Build/MMB29K,,chrome 64.0 for android,,mobile
D005413,SM-G903F Build/MMB29K,,chrome generic for android,,mobile
D005414,SM-G903M,,chrome 60.0 for android,,mobile
D005415,SM-G903M,,chrome 64.0 for android,,mobile
D005416,SM-G903W,,chrome 64.0 for android,,mobile
D005417,SM-G920F Build/MMB29K,,chrome 50.0 for android,,mobile
D005418,SM-G920F Build/MMB29K,,chrome 62.0 for android,,mobile
D005419,SM-G920F Build/MMB29K,,chrome 64.0 for android,,mobile
D005420,SM-G920F Build/NRD90M,,chrome 55.0 for android,,mobile
D005421,SM-G920F Build/NRD90M,,chrome 62.0 for android,,mobile
D005422,SM-G920F Build/NRD90M,,chrome 63.0 for android,,mobile
D005423,SM-G920F Build/NRD90M,,chrome 64.0 for android,,mobile
D005424,SM-G920F Build/NRD90M,,chrome 65.0 for android,,mobile
D005425,SM-G920F Build/NRD90M,,chrome 66.0 for android,,mobile
D005426,SM-G920F Build/NRD90M,,chrome generic for android,,mobile
D005427,SM-G920F Build/NRD90M,Android 7.0,chrome 63.0 for android,2560x1440,mobile
D005428,SM-G920I Build/NRD90M,,chrome 62.0 for android,,mobile
D005429,SM-G920I Build/NRD90M,,chrome 63.0 for android,,mobile
D005430,SM-G920I Build/NRD90M,,chrome 64.0 for android,,mobile
D005431,SM-G920I Build/NRD90M,,chrome 65.0 for android,,mobile
D005432,SM-G920I Build/NRD90M,,chrome 66.0 for android,,mobile
D005433,SM-G920I Build/NRD90M,,chrome generic for android,,mobile
D005434,SM-G920I,,chrome 50.0 for android,,mobile
D005435,SM-G920I,,chrome 63.0 for android,,mobile
D005436,SM-G920I,,chrome 65.0 for android,,mobile
D005437,SM-G920P Build/NRD90M,,chrome 63.0 for android,,mobile
D005438,SM-G920P Build/NRD90M,,chrome 65.0 for android,,mobile
D005439,SM-G920P Build/NRD90M,,chrome 66.0 for android,,mobile
D005440,SM-G920P Build/NRD90M,,chrome generic for android,,mobile
D005441,SM-G920P Build/NRD90M,Android 7.0,chrome 62.0 for android,2560x1440,mobile
D005442,SM-G920P Build/NRD90M,Android 7.0,chrome 63.0 for android,2560x1440,mobile
D005443,SM-G920P Build/NRD90M,Android 7.0,chrome 64.0 for android,2560x1440,mobile
D005444,SM-G920P Build/NRD90M,Android 7.0,chrome 65.0 for android,2560x1440,mobile
D005445,SM-G920P Build/NRD90M,Android 7.0,chrome 66.0 for android,2560x1440,mobile
D005446,SM-G920P,Android 6.0.1,chrome 66.0 for android,2560x1440,mobile
D005447,SM-G920R4,,chrome 65.0 for android,,mobile
D005448,SM-G920R4,Android 7.0,chrome 63.0 for android,2562x1442,mobile
D005449,SM-G920T Build/NRD90M,,chrome 63.0 for android,,mobile
D005450,SM-G920T Build/NRD90M,,chrome 64.0 for android,,mobile
D005451,SM-G920T Build/NRD90M,,chrome 65.0 for android,,mobile
D005452,SM-G920T Build/NRD90M,Android 7.0,chrome 60.0 for android,2560x1440,mobile
D005453,SM-G920T Build/NRD90M,Android 7.0,chrome 62.0 for android,2560x1440,mobile
D005454,SM-G920T Build/NRD90M,Android 7.0,chrome 63.0 for android,2560x1440,mobile
D005455,SM-G920T Build/NRD90M,Android 7.0,chrome 65.0 for android,2562x1442,mobile
D005456,SM-G920T Build/NRD90M,Android 7.0,chrome generic for android,2560x1440,mobile
D005457,SM-G920T,,chrome 66.0 for android,,mobile
D005458,SM-G920T1,,chrome 56.0 for android,,mobile
D005459,SM-G920V Build/MMB29K,,chrome 59.0 for android,,mobile
D005460,SM-G920V Build/MMB29K,Android 6.0.1,chrome 51.0 for android,2560x1440,mobile
D005461,SM-G920V Build/MMB29K,Android 6.0.1,chrome 60.0 for android,2560x1440,mobile
D005462,SM-G920V Build/MMB29K,Android 6.0.1,chrome 62.0 for android,2560x1440,mobile
D005463,SM-G920V Build/MMB29K,Android 6.0.1,chrome 63.0 for android,2560x1440,mobile
D005464,SM-G920V Build/MMB29K,Android 6.0.1,chrome generic for android,2560x1440,mobile
D005465,SM-G920V Build/NRD90M,,chrome generic for android,,mobile
D005466,SM-G920V Build/NRD90M,Android 7.0,chrome 56.0 for android,2560x1440,mobile
D005467,SM-G920V Build/NRD90M,Android 7.0,chrome 61.0 for android,2560x1440,mobile
D005468,SM-G920V Build/NRD90M,Android 7.0,chrome 62.0 for android,2560x1440,mobile
D005469,SM-G920V Build/NRD90M,Android 7.0,chrome 63.0 for android,,mobile
D005470,SM-G920V Build/NRD90M,Android 7.0,chrome 63.0 for android,2560x1440,mobile
D005471,SM-G920V Build/NRD90M,Android 7.0,chrome 64.0 for android,2560x1440,mobile
D005472,SM-G920V Build/NRD90M,Android 7.0,chrome 65.0 for android,2560x1440,mobile
D005473,SM-G920V Build/NRD90M,Android 7.0,chrome 66.0 for android,2560x1440,mobile
D005474,SM-G920V Build/NRD90M,Android 7.0,chrome generic for android,2560x1440,mobile
D005475,SM-G920V,,chrome 63.0 for android,,mobile
D005476,SM-G920V,,chrome generic,,mobile
D005477,SM-G920V,Android 5.1.1,chrome 63.0 for android,2560x1440,mobile
D005478,SM-G920W8,,chrome 63.0 for android,,mobile
D005479,SM-G920W8,,chrome 65.0 for android,,mobile
D005480,SM-G920W8,,chrome 66.0 for android,,mobile
D005481,SM-G9250,,chrome 63.0 for android,,mobile
D005482,SM-G925F Build/NRD90M,,chrome 59.0 for android,,mobile
D005483,SM-G925F Build/NRD90M,,chrome 64.0 for android,,mobile
D005484,SM-G925F Build/NRD90M,,chrome 65.0 for android,,mobile
D005485,SM-G925I Build/LMY47X,,chrome 62.0 for android,,mobile
D005486,SM-G925I Build/LMY47X,,chrome 65.0 for android,,mobile
D005487,SM-G925I Build/LMY47X,,chrome generic,,desktop
D005488,SM-G925I Build/MMB29K,,chrome 62.0 for android,,mobile
D005489,SM-G925I Build/MMB29K,,chrome 63.0 for android,,mobile
D005490,SM-G925I Build/MMB29K,,chrome 65.0 for android,,mobile
D005491,SM-G925I Build/MMB29K,Android 6.0.1,chrome 65.0 for android,2560x1440,mobile
D005492,SM-G925I Build/NRD90M,,chrome 59.0 for android,,mobile
D005493,SM-G925I Build/NRD90M,,chrome 61.0 for android,,mobile
D005494,SM-G925I Build/NRD90M,,chrome 62.0 for android,,mobile
D005495,SM-G925I Build/NRD90M,,chrome 63.0 for android,,mobile
D005496,SM-G925I Build/NRD90M,,chrome 64.0 for android,,mobile
D005497,SM-G925I Build/NRD90M,,chrome 65.0 for android,,mobile
D005498,SM-G925I Build/NRD90M,,chrome 66.0 for android,,mobile
D005499,SM-G925I Build/NRD90M,,chrome generic for android,,mobile
D005500,SM-G925I Build/NRD90M,,other,,mobile
D005501,SM-G925I,,chrome 51.0 for android,,mobile
D005502,SM-G925P Build/NRD90M,,chrome 56.0 for android,,mobile
D005503,SM-G925P Build/NRD90M,Android 7.0,chrome 63.0 for android,2560x1440,mobile
D005504,SM-G925R4,,chrome 65.0 for android,,mobile
D005505,SM-G925T Build/LMY47X,,chrome 65.0 for android,,mobile
D005506,SM-G925T Build/NRD90M,,chrome 62.0 for android,,mobile
D005507,SM-G925T Build/NRD90M,Android 7.0,chrome 61.0 for android,2560x1440,mobile
D005508,SM-G925T Build/NRD90M,Android 7.0,chrome 62.0 for android,2560x1440,mobile
D005509,SM-G925T Build/NRD90M,Android 7.0,chrome 63.0 for android,2560x1440,mobile
D005510,SM-G925T Build/NRD90M,Android 7.0,chrome 65.0 for android,2560x1440,mobile
D005511,SM-G925V Build/NRD90M,,android webview 4.0,,mobile
D005512,SM-G925V Build/NRD90M,,chrome 63.0 for android,,mobile
D005513,SM-G925V Build/NRD90M,Android 7.0,chrome 61.0 for android,2560x1440,mobile
D005514,SM-G925V Build/NRD90M,Android 7.0,chrome 62.0 for android,2560x1440,mobile
D005515,SM-G925V Build/NRD90M,Android 7.0,chrome 63.0 for android,2560x1440,mobile
D005516,SM-G925W8,,chrome 62.0 for android,,mobile
D005517,SM-G925W8,,chrome 63.0 for android,,mobile
D005518,SM-G928F,,chrome 63.0 for android,,mobile
D005519,SM-G928G Build/MMB29K,,chrome 63.0 for android,,mobile
D005520,SM-G928G Build/MMB29K,,chrome 64.0 for android,,mobile
D005521,SM-G928G Build/MMB29K,,chrome 66.0 for android,,mobile
D005522,SM-G928G Build/NRD90M,,chrome 61.0 for android,,mobile
D005523,SM-G928G Build/NRD90M,,chrome 62.0 for android,,mobile
D005524,SM-G928G Build/NRD90M,,chrome 63.0 for android,,mobile
D005525,SM-G928G Build/NRD90M,,chrome 65.0 for android,,mobile
D005526,SM-G928G Build/NRD90M,,chrome 66.0 for android,,mobile
D005527,SM-G928G Build/NRD90M,,chrome generic for android,,mobile
D005528,SM-G928G Build/NRD90M,Android 7.0,chrome 65.0 for android,1920x1080,mobile
D005529,SM-G928G,,chrome 65.0 for android,,mobile
D005530,SM-G928P Build/NRD90M,,chrome 63.0 for android,,mobile
D005531,SM-G928P Build/NRD90M,,chrome 65.0 for android,,mobile
D005532,SM-G928P Build/NRD90M,Android 7.0,chrome 63.0 for android,,mobile
D005533,SM-G928P Build/NRD90M,Android 7.0,chrome 64.0 for android,,mobile
D005534,SM-G928P,Android 5.1.1,chrome 62.0 for android,2562x1442,mobile
D005535,SM-G928T Build/NRD90M,,chrome 58.0 for android,,mobile
D005536,SM-G928T Build/NRD90M,,chrome 63.0 for android,,mobile
D005537,SM-G928T Build/NRD90M,,chrome 64.0 for android,,mobile
D005538,SM-G928T Build/NRD90M,Android 7.0,chrome 62.0 for android,,mobile
D005539,SM-G928T Build/NRD90M,Android 7.0,chrome 63.0 for android,,mobile
D005540,SM-G928T Build/NRD90M,Android 7.0,chrome 64.0 for android,,mobile
D005541,SM-G928T Build/NRD90M,Android 7.0,chrome 65.0 for android,1921x1081,mobile
D005542,SM-G928T Build/NRD90M,Android 7.0,chrome generic for android,1921x1081,mobile
D005543,SM-G928V Build/MMB29K,,chrome 64.0 for android,,mobile
D005544,SM-G928V Build/MMB29K,Android 6.0.1,chrome 56.0 for android,2562x1442,mobile
D005545,SM-G928V Build/NRD90M,Android 7.0,chrome 62.0 for android,,mobile
D005546,SM-G928V Build/NRD90M,Android 7.0,chrome 63.0 for android,,mobile
D005547,SM-G928V Build/NRD90M,Android 7.0,chrome 63.0 for android,1920x1080,mobile
D005548,SM-G928V Build/NRD90M,Android 7.0,chrome 64.0 for android,,mobile
D005549,SM-G928V Build/NRD90M,Android 7.0,chrome 65.0 for android,1921x1081,mobile
D005550,SM-G928V,,chrome 63.0 for android,,mobile
D005551,SM-G928V,,chrome 64.0 for android,,mobile
D005552,SM-G930F Build/MMB29K,,chrome 52.0 for android,,mobile
D005553,SM-G930F Build/MMB29K,,chrome 64.0 for android,,mobile
D005554,SM-G930F Build/MMB29K,,chrome 65.0 for android,,mobile
D005555,SM-G930F Build/MMB29K,,chrome 66.0 for android,,mobile
D005556,SM-G930F Build/NRD90M,,android webview 4.0,,mobile
D005557,SM-G930F Build/NRD90M,,chrome 58.0 for android,,mobile
D005558,SM-G930F Build/NRD90M,,chrome 60.0 for android,,mobile
D005559,SM-G930F Build/NRD90M,,chrome 62.0 for android,,mobile
D005560,SM-G930F Build/NRD90M,,chrome 63.0 for android,,mobile
D005561,SM-G930F Build/NRD90M,,chrome 64.0 for android,,mobile
D005562,SM-G930F Build/NRD90M,,chrome 65.0 for android,,mobile
D005563,SM-G930F Build/NRD90M,,chrome 66.0 for android,,mobile
D005564,SM-G930F Build/NRD90M,,chrome generic for android,,mobile
D005565,SM-G930F Build/NRD90M,Android 7.0,chrome 63.0 for android,,mobile
D005566,SM-G930F Build/NRD90M,Android 7.0,chrome 63.0 for android,1920x1080,mobile
D005567,SM-G930F Build/NRD90M,Android 7.0,chrome 65.0 for android,1920x1080,mobile
D005568,SM-G930F Build/NRD90M,Android 7.0,chrome generic for android,1281x721,mobile
D005569,SM-G930P Build/NRD90M,,chrome 63.0 for android,,mobile
D005570,SM-G930P Build/NRD90M,,chrome 65.0 for android,,mobile
D005571,SM-G930P Build/NRD90M,Android 7.0,android webview 4.0,1920x1080,mobile
D005572,SM-G930P Build/NRD90M,Android 7.0,chrome 58.0 for android,1920x1080,mobile
D005573,SM-G930P Build/NRD90M,Android 7.0,chrome 62.0 for android,,mobile
D005574,SM-G930P Build/NRD90M,Android 7.0,chrome 62.0 for android,1280x720,mobile
D005575,SM-G930P Build/NRD90M,Android 7.0,chrome 62.0 for android,1920x1080,mobile
D005576,SM-G930P Build/NRD90M,Android 7.0,chrome 63.0 for android,1920x1080,mobile
D005577,SM-G930P Build/NRD90M,Android 7.0,chrome 63.0 for android,2560x1440,mobile
D005578,SM-G930P Build/NRD90M,Android 7.0,chrome 64.0 for android,1920x1080,mobile
D005579,SM-G930P Build/NRD90M,Android 7.0,chrome 64.0 for android,2560x1440,mobile
D005580,SM-G930P Build/NRD90M,Android 7.0,chrome 65.0 for android,1920x1080,mobile
D005581,SM-G930P Build/NRD90M,Android 7.0,chrome 66.0 for android,1920x1080,mobile
D005582,SM-G930P,,chrome 65.0 for android,,mobile
D005583,SM-G930R4 Build/NRD90M,,chrome 62.0 for android,,mobile
D005584,SM-G930R4 Build/NRD90M,,chrome 65.0 for android,,mobile
D005585,SM-G930R4 Build/NRD90M,Android 7.0,chrome 62.0 for android,1920x1080,mobile
D005586,SM-G930R7,Android 7.0,chrome 63.0 for android,1920x1080,mobile
D005587,SM-G930T Build/NRD90M,,android webview 4.0,,mobile
D005588,SM-G930T Build/NRD90M,,chrome 63.0 for android,,mobile
D005589,SM-G930T Build/NRD90M,,chrome 65.0 for android,,mobile
D005590,SM-G930T Build/NRD90M,,chrome 66.0 for android,,mobile
D005591,SM-G930T Build/NRD90M,,other,,mobile
D005592,SM-G930T Build/NRD90M,Android 7.0,chrome 62.0 for android,1920x1080,mobile
D005593,SM-G930T Build/NRD90M,Android 7.0,chrome 63.0 for android,,mobile
D005594,SM-G930T Build/NRD90M,Android 7.0,chrome 63.0 for android,1920x1080,mobile
D005595,SM-G930T Build/NRD90M,Android 7.0,chrome 63.0 for android,2560x1440,mobile
D005596,SM-G930T Build/NRD90M,Android 7.0,chrome 64.0 for android,1920x1080,mobile
D005597,SM-G930T Build/NRD90M,Android 7.0,chrome 65.0 for android,1920x1080,mobile
D005598,SM-G930T Build/NRD90M,Android 7.0,chrome 65.0 for android,2560x1440,mobile
D005599,SM-G930T Build/NRD90M,Android 7.0,chrome 66.0 for android,1920x1080,mobile
D005600,SM-G930T Build/NRD90M,Android 7.0,chrome 66.0 for android,2560x1440,mobile
D005601,SM-G930T Build/NRD90M,Android 7.0,chrome generic for android,1920x1080,mobile
D005602,SM-G930T,Android 6.0.1,chrome 63.0 for android,2560x1440,mobile
D005603,SM-G930T1,Android 7.0,chrome 63.0 for android,1920x1080,mobile
D005604,SM-G930T1,Android 7.0,chrome 64.0 for android,1920x1080,mobile
D005605,SM-G930U Build/NRD90M,,chrome 62.0 for android,,mobile
D005606,SM-G930U Build/NRD90M,,chrome 63.0 for android,,mobile
D005607,SM-G930U Build/NRD90M,,chrome 66.0 for android,,mobile
D005608,SM-G930U Build/NRD90M,,chrome generic for android,,mobile
D005609,SM-G930U Build/NRD90M,Android 7.0,chrome 63.0 for android,1920x1080,mobile
D005610,SM-G930U Build/NRD90M,Android 7.0,chrome 65.0 for android,1920x1080,mobile
D005611,SM-G930V Build/MMB29M,Android 6.0.1,chrome 53.0 for android,2560x1440,mobile
D005612,SM-G930V Build/MMB29M,Android 6.0.1,chrome 60.0 for android,2560x1440,mobile
D005613,SM-G930V Build/MMB29M,Android 6.0.1,chrome 63.0 for android,2560x1440,mobile
D005614,SM-G930V Build/MMB29M,Android 6.0.1,chrome 64.0 for android,2560x1440,mobile
D005615,SM-G930V Build/MMB29M,Android 6.0.1,chrome 65.0 for android,2560x1440,mobile
D005616,SM-G930V Build/NRD90M,,android webview 4.0,,mobile
D005617,SM-G930V Build/NRD90M,,chrome 62.0 for android,,mobile
D005618,SM-G930V Build/NRD90M,,chrome 63.0 for android,,mobile
D005619,SM-G930V Build/NRD90M,,chrome 64.0 for android,,mobile
D005620,SM-G930V Build/NRD90M,,chrome 66.0 for android,,mobile
D005621,SM-G930V Build/NRD90M,Android 7.0,android webview 4.0,1920x1080,mobile
D005622,SM-G930V Build/NRD90M,Android 7.0,android webview 4.0,5760x3240,mobile
D005623,SM-G930V Build/NRD90M,Android 7.0,chrome 60.0 for android,1920x1080,mobile
D005624,SM-G930V Build/NRD90M,Android 7.0,chrome 60.0 for android,2560x1440,mobile
D005625,SM-G930V Build/NRD90M,Android 7.0,chrome 61.0 for android,1920x1080,mobile
D005626,SM-G930V Build/NRD90M,Android 7.0,chrome 62.0 for android,,mobile
D005627,SM-G930V Build/NRD90M,Android 7.0,chrome 62.0 for android,1280x720,mobile
D005628,SM-G930V Build/NRD90M,Android 7.0,chrome 62.0 for android,1920x1080,mobile
D005629,SM-G930V Build/NRD90M,Android 7.0,chrome 62.0 for android,2560x1440,mobile
D005630,SM-G930V Build/NRD90M,Android 7.0,chrome 63.0 for android,,mobile
D005631,SM-G930V Build/NRD90M,Android 7.0,chrome 63.0 for android,1280x720,mobile
D005632,SM-G930V Build/NRD90M,Android 7.0,chrome 63.0 for android,1920x1080,mobile
D005633,SM-G930V Build/NRD90M,Android 7.0,chrome 63.0 for android,2560x1440,mobile
D005634,SM-G930V Build/NRD90M,Android 7.0,chrome 64.0 for android,,mobile
D005635,SM-G930V Build/NRD90M,Android 7.0,chrome 64.0 for android,1920x1080,mobile
D005636,SM-G930V Build/NRD90M,Android 7.0,chrome 64.0 for android,2560x1440,mobile
D005637,SM-G930V Build/NRD90M,Android 7.0,chrome 65.0 for android,1280x720,mobile
D005638,SM-G930V Build/NRD90M,Android 7.0,chrome 65.0 for android,1920x1080,mobile
D005639,SM-G930V Build/NRD90M,Android 7.0,chrome 65.0 for android,2560x1440,mobile
D005640,SM-G930V Build/NRD90M,Android 7.0,chrome 66.0 for android,1920x1080,mobile
D005641,SM-G930V Build/NRD90M,Android 7.0,chrome 66.0 for android,2560x1440,mobile
D005642,SM-G930V Build/NRD90M,Android 7.0,chrome generic for android,1920x1080,mobile
D005643,SM-G930V Build/NRD90M,Android 7.0,chrome generic for android,2560x1440,mobile
D005644,SM-G930V Build/NRD90M,Android 7.0,opera,2560x1440,mobile
D005645,SM-G930VL Build/NRD90M,,chrome 58.0 for android,,mobile
D005646,SM-G930VL Build/NRD90M,Android 7.0,chrome 63.0 for android,1920x1080,mobile
D005647,SM-G930VL Build/NRD90M,Android 7.0,chrome 66.0 for android,2560x1440,mobile
D005648,SM-G930W8 Build/NRD90M,,chrome 64.0 for android,,mobile
D005649,SM-G930W8 Build/NRD90M,,chrome 65.0 for android,,mobile
D005650,SM-G930W8 Build/NRD90M,,chrome generic for android,,mobile
D005651,SM-G930W8 Build/NRD90M,Android 7.0,chrome 63.0 for android,1920x1080,mobile
D005652,SM-G930W8 Build/NRD90M,Android 7.0,chrome generic for android,1920x1080,mobile
D005653,SM-G935F Build/MMB29K,,chrome 62.0 for android,,mobile
D005654,SM-G935F Build/MMB29K,,chrome 63.0 for android,,mobile
D005655,SM-G935F Build/MMB29K,,chrome 64.0 for android,,mobile
D005656,SM-G935F Build/MMB29K,,chrome 65.0 for android,,mobile
D005657,SM-G935F Build/MMB29K,,chrome 66.0 for android,,mobile
D005658,SM-G935F Build/MMB29K,,chrome generic for android,,mobile
D005659,SM-G935F Build/NRD90M,,android webview 4.0,,mobile
D005660,SM-G935F Build/NRD90M,,chrome 61.0 for android,,mobile
D005661,SM-G935F Build/NRD90M,,chrome 62.0 for android,,mobile
D005662,SM-G935F Build/NRD90M,,chrome 63.0 for android,,mobile
D005663,SM-G935F Build/NRD90M,,chrome 64.0 for android,,mobile
D005664,SM-G935F Build/NRD90M,,chrome 65.0 for android,,mobile
D005665,SM-G935F Build/NRD90M,,chrome 66.0 for android,,mobile
D005666,SM-G935F Build/NRD90M,,chrome generic for android,,mobile
D005667,SM-G935F Build/NRD90M,,opera,,mobile
D005668,SM-G935F Build/NRD90M,Android 7.0,chrome 62.0 for android,1920x1080,mobile
D005669,SM-G935F Build/NRD90M,Android 7.0,chrome 64.0 for android,2560x1440,mobile
D005670,SM-G935F Build/NRD90M,Android 7.0,chrome 65.0 for android,1920x1080,mobile
D005671,SM-G935P Build/NRD90M,,chrome 59.0 for android,,mobile
D005672,SM-G935P Build/NRD90M,,chrome 63.0 for android,,mobile
D005673,SM-G935P Build/NRD90M,,chrome 65.0 for android,,mobile
D005674,SM-G935P Build/NRD90M,,chrome 66.0 for android,,mobile
D005675,SM-G935P Build/NRD90M,Android 7.0,android webview 4.0,,mobile
D005676,SM-G935P Build/NRD90M,Android 7.0,chrome 61.0 for android,1920x1080,mobile
D005677,SM-G935P Build/NRD90M,Android 7.0,chrome 62.0 for android,,mobile
D005678,SM-G935P Build/NRD90M,Android 7.0,chrome 62.0 for android,1920x1080,mobile
D005679,SM-G935P Build/NRD90M,Android 7.0,chrome 63.0 for android,,mobile
D005680,SM-G935P Build/NRD90M,Android 7.0,chrome 63.0 for android,1281x721,mobile
D005681,SM-G935P Build/NRD90M,Android 7.0,chrome 63.0 for android,1920x1080,mobile
D005682,SM-G935P Build/NRD90M,Android 7.0,chrome 64.0 for android,1920x1080,mobile
D005683,SM-G935P Build/NRD90M,Android 7.0,chrome 65.0 for android,1920x1080,mobile
D005684,SM-G935P Build/NRD90M,Android 7.0,chrome 66.0 for android,1920x1080,mobile
D005685,SM-G935P Build/NRD90M,Android 7.0,chrome generic for android,1920x1080,mobile
D005686,SM-G935T Build/NRD90M,,chrome 62.0 for android,,mobile
D005687,SM-G935T Build/NRD90M,,chrome 63.0 for android,,mobile
D005688,SM-G935T Build/NRD90M,,chrome 65.0 for android,,mobile
D005689,SM-G935T Build/NRD90M,,chrome 66.0 for android,,mobile
D005690,SM-G935T Build/NRD90M,Android 7.0,chrome 58.0 for android,1920x1080,mobile
D005691,SM-G935T Build/NRD90M,Android 7.0,chrome 62.0 for android,1920x1080,mobile
D005692,SM-G935T Build/NRD90M,Android 7.0,chrome 62.0 for android,2560x1440,mobile
D005693,SM-G935T Build/NRD90M,Android 7.0,chrome 63.0 for android,,mobile
D005694,SM-G935T Build/NRD90M,Android 7.0,chrome 63.0 for android,1920x1080,mobile
D005695,SM-G935T Build/NRD90M,Android 7.0,chrome 63.0 for android,2562x1442,mobile
D005696,SM-G935T Build/NRD90M,Android 7.0,chrome 64.0 for android,1920x1080,mobile
D005697,SM-G935T Build/NRD90M,Android 7.0,chrome 65.0 for android,1920x1080,mobile
D005698,SM-G935T Build/NRD90M,Android 7.0,chrome 66.0 for android,1921x1081,mobile
D005699,SM-G935T Build/NRD90M,Android 7.0,chrome generic for android,1920x1080,mobile
D005700,SM-G935T,Android 6.0.1,chrome 63.0 for android,2560x1440,mobile
D005701,SM-G935U,Android 7.0,chrome 63.0 for android,1920x1080,mobile
D005702,SM-G935V Build/NRD90M,,chrome 63.0 for android,,mobile
D005703,SM-G935V Build/NRD90M,,chrome 64.0 for android,,mobile
D005704,SM-G935V Build/NRD90M,,chrome 65.0 for android,,mobile
D005705,SM-G935V Build/NRD90M,,chrome 66.0 for android,,mobile
D005706,SM-G935V Build/NRD90M,Android 7.0,chrome 58.0 for android,1920x1080,mobile
D005707,SM-G935V Build/NRD90M,Android 7.0,chrome 58.0 for android,2560x1440,mobile
D005708,SM-G935V Build/NRD90M,Android 7.0,chrome 59.0 for android,1920x1080,mobile
D005709,SM-G935V Build/NRD90M,Android 7.0,chrome 60.0 for android,1280x720,mobile
D005710,SM-G935V Build/NRD90M,Android 7.0,chrome 60.0 for android,1920x1080,mobile
D005711,SM-G935V Build/NRD90M,Android 7.0,chrome 61.0 for android,1920x1080,mobile
D005712,SM-G935V Build/NRD90M,Android 7.0,chrome 61.0 for android,2560x1440,mobile
D005713,SM-G935V Build/NRD90M,Android 7.0,chrome 62.0 for android,,mobile
D005714,SM-G935V Build/NRD90M,Android 7.0,chrome 62.0 for android,1920x1080,mobile
D005715,SM-G935V Build/NRD90M,Android 7.0,chrome 62.0 for android,2560x1440,mobile
D005716,SM-G935V Build/NRD90M,Android 7.0,chrome 63.0 for android,,mobile
D005717,SM-G935V Build/NRD90M,Android 7.0,chrome 63.0 for android,1280x720,mobile
D005718,SM-G935V Build/NRD90M,Android 7.0,chrome 63.0 for android,1920x1080,mobile
D005719,SM-G935V Build/NRD90M,Android 7.0,chrome 63.0 for android,2560x1440,mobile
D005720,SM-G935V Build/NRD90M,Android 7.0,chrome 64.0 for android,1920x1080,mobile
D005721,SM-G935V Build/NRD90M,Android 7.0,chrome 64.0 for android,2560x1440,mobile
D005722,SM-G935V Build/NRD90M,Android 7.0,chrome 65.0 for android,1920x1080,mobile
D005723,SM-G935V Build/NRD90M,Android 7.0,chrome 65.0 for android,2560x1440,mobile
D005724,SM-G935V Build/NRD90M,Android 7.0,chrome 66.0 for android,1280x720,mobile
D005725,SM-G935V Build/NRD90M,Android 7.0,chrome 66.0 for android,1920x1080,mobile
D005726,SM-G935V Build/NRD90M,Android 7.0,chrome 66.0 for android,2560x1440,mobile
D005727,SM-G935V,Android 6.0.1,chrome 63.0 for android,2560x1440,mobile
D005728,SM-G935W8,,chrome 62.0 for android,,mobile
D005729,SM-G935W8,Android 7.0,chrome 63.0 for android,1920x1080,mobile
D005730,SM-G935W8,Android 7.0,chrome 63.0 for android,2562x1442,mobile
D005731,SM-G950F Build/NRD90M,,android webview 4.0,,mobile
D005732,SM-G950F Build/NRD90M,,chrome 58.0 for android,,mobile
D005733,SM-G950F Build/NRD90M,,chrome 61.0 for android,,mobile
D005734,SM-G950F Build/NRD90M,,chrome 62.0 for android,,mobile
D005735,SM-G950F Build/NRD90M,,chrome 63.0 for android,,mobile
D005736,SM-G950F Build/NRD90M,,chrome 64.0 for android,,mobile
D005737,SM-G950F Build/NRD90M,,chrome 65.0 for android,,mobile
D005738,SM-G950F Build/NRD90M,,chrome 66.0 for android,,mobile
D005739,SM-G950F Build/NRD90M,,chrome generic for android,,mobile
D005740,SM-G950F Build/NRD90M,Android 7.0,chrome 63.0 for android,2960x1440,mobile
D005741,SM-G950F Build/R16NW,,android webview 4.0,,mobile
D005742,SM-G950F Build/R16NW,,chrome 64.0 for android,,mobile
D005743,SM-G950F Build/R16NW,,chrome 65.0 for android,,mobile
D005744,SM-G950F Build/R16NW,,chrome 66.0 for android,,mobile
D005745,SM-G950F Build/R16NW,,chrome 67.0 for android,,mobile
D005746,SM-G950F Build/R16NW,,chrome generic for android,,mobile
D005747,SM-G950F Build/R16NW,Android 8.0.0,chrome 66.0 for android,2220x1080,mobile
D005748,SM-G950U Build/NRD90M,,android webview 4.0,,mobile
D005749,SM-G950U Build/NRD90M,,chrome 60.0 for android,,mobile
D005750,SM-G950U Build/NRD90M,,chrome 63.0 for android,,mobile
D005751,SM-G950U Build/NRD90M,,chrome 64.0 for android,,mobile
D005752,SM-G950U Build/NRD90M,,chrome generic for android,,mobile
D005753,SM-G950U Build/NRD90M,Android 7.0,android webview 4.0,2220x1080,mobile
D005754,SM-G950U Build/NRD90M,Android 7.0,chrome 56.0 for android,2220x1080,mobile
D005755,SM-G950U Build/NRD90M,Android 7.0,chrome 58.0 for android,2220x1080,mobile
D005756,SM-G950U Build/NRD90M,Android 7.0,chrome 60.0 for android,2220x1080,mobile
D005757,SM-G950U Build/NRD90M,Android 7.0,chrome 60.0 for android,2960x1440,mobile
D005758,SM-G950U Build/NRD90M,Android 7.0,chrome 61.0 for android,2220x1080,mobile
D005759,SM-G950U Build/NRD90M,Android 7.0,chrome 61.0 for android,2960x1440,mobile
D005760,SM-G950U Build/NRD90M,Android 7.0,chrome 62.0 for android,,mobile
D005761,SM-G950U Build/NRD90M,Android 7.0,chrome 62.0 for android,1480x720,mobile
D005762,SM-G950U Build/NRD90M,Android 7.0,chrome 62.0 for android,2220x1080,mobile
D005763,SM-G950U Build/NRD90M,Android 7.0,chrome 62.0 for android,2960x1440,mobile
D005764,SM-G950U Build/NRD90M,Android 7.0,chrome 63.0 for android,,mobile
D005765,SM-G950U Build/NRD90M,Android 7.0,chrome 63.0 for android,1480x720,mobile
D005766,SM-G950U Build/NRD90M,Android 7.0,chrome 63.0 for android,2220x1080,mobile
D005767,SM-G950U Build/NRD90M,Android 7.0,chrome 63.0 for android,2960x1440,mobile
D005768,SM-G950U Build/NRD90M,Android 7.0,chrome 63.0 for android,2961x1440,mobile
D005769,SM-G950U Build/NRD90M,Android 7.0,chrome 63.0 for android,2961x1442,mobile
D005770,SM-G950U Build/NRD90M,Android 7.0,chrome 64.0 for android,2220x1080,mobile
D005771,SM-G950U Build/NRD90M,Android 7.0,chrome 64.0 for android,2961x1440,mobile
D005772,SM-G950U Build/NRD90M,Android 7.0,chrome 65.0 for android,2220x1080,mobile
D005773,SM-G950U Build/NRD90M,Android 7.0,chrome 66.0 for android,2220x1080,mobile
D005774,SM-G950U Build/NRD90M,Android 7.0,chrome generic for android,2220x1080,mobile
D005775,SM-G950U Build/R16NW,,chrome 65.0 for android,,mobile
D005776,SM-G950U Build/R16NW,,chrome 66.0 for android,,mobile
D005777,SM-G950U Build/R16NW,Android 8.0.0,chrome 63.0 for android,2220x1080,mobile
D005778,SM-G950U Build/R16NW,Android 8.0.0,chrome 64.0 for android,2220x1080,mobile
D005779,SM-G950U Build/R16NW,Android 8.0.0,chrome 65.0 for android,2220x1080,mobile
D005780,SM-G950U Build/R16NW,Android 8.0.0,chrome 65.0 for android,2960x1440,mobile
D005781,SM-G950U Build/R16NW,Android 8.0.0,chrome 65.0 for android,2961x1442,mobile
D005782,SM-G950U Build/R16NW,Android 8.0.0,chrome 66.0 for android,2220x1080,mobile
D005783,SM-G950U Build/R16NW,Android 8.0.0,chrome 66.0 for android,2960x1440,mobile
D005784,SM-G950U Build/R16NW,Android 8.0.0,chrome generic for android,1480x720,mobile
D005785,SM-G950U Build/R16NW,Android 8.0.0,chrome generic for android,2220x1080,mobile
D005786,SM-G950U1 Build/NRD90M,,chrome 63.0 for android,,mobile
D005787,SM-G950U1 Build/NRD90M,,chrome 64.0 for android,,mobile
D005788,SM-G950U1 Build/NRD90M,Android 7.0,chrome 58.0 for android,,mobile
D005789,SM-G950U1 Build/NRD90M,Android 7.0,chrome 58.0 for android,2220x1080,mobile
D005790,SM-G950U1 Build/NRD90M,Android 7.0,chrome 60.0 for android,2220x1080,mobile
D005791,SM-G950U1 Build/NRD90M,Android 7.0,chrome 62.0 for android,2220x1080,mobile
D005792,SM-G950U1 Build/NRD90M,Android 7.0,chrome 63.0 for android,,mobile
D005793,SM-G950U1 Build/NRD90M,Android 7.0,chrome 63.0 for android,2220x1080,mobile
D005794,SM-G950U1 Build/NRD90M,Android 7.0,chrome 64.0 for android,2220x1080,mobile
D005795,SM-G950U1 Build/R16NW,,chrome 66.0 for android,,mobile
D005796,SM-G950W,,chrome 60.0 for android,,mobile
D005797,SM-G950W,,chrome 63.0 for android,,mobile
D005798,SM-G950W,Android 8.0.0,chrome 65.0 for android,2220x1081,mobile
D005799,SM-G955F Build/NRD90M,,android webview 4.0,,mobile
D005800,SM-G955F Build/NRD90M,,chrome 58.0 for android,,mobile
D005801,SM-G955F Build/NRD90M,,chrome 62.0 for android,,mobile
D005802,SM-G955F Build/NRD90M,,chrome 63.0 for android,,mobile
D005803,SM-G955F Build/NRD90M,,chrome 64.0 for android,,mobile
D005804,SM-G955F Build/NRD90M,,chrome 65.0 for android,,mobile
D005805,SM-G955F Build/NRD90M,,chrome 66.0 for android,,mobile
D005806,SM-G955F Build/NRD90M,,chrome generic for android,,mobile
D005807,SM-G955F Build/NRD90M,Android 7.0,chrome 63.0 for android,,mobile
D005808,SM-G955F Build/R16NW,,chrome 65.0 for android,,mobile
D005809,SM-G955F Build/R16NW,,chrome 66.0 for android,,mobile
D005810,SM-G955F Build/R16NW,,chrome generic for android,,mobile
D005811,SM-G955F Build/R16NW,,other,,mobile
D005812,SM-G955F,,chrome 63.0 for android,,mobile
D005813,SM-G955U Build/NRD90M,,chrome 62.0 for android,,mobile
D005814,SM-G955U Build/NRD90M,,chrome 63.0 for android,,mobile
D005815,SM-G955U Build/NRD90M,,chrome 64.0 for android,,mobile
D005816,SM-G955U Build/NRD90M,,chrome 65.0 for android,,mobile
D005817,SM-G955U Build/NRD90M,,chrome generic for android,,mobile
D005818,SM-G955U Build/NRD90M,Android 7.0,android webview 4.0,2220x1080,mobile
D005819,SM-G955U Build/NRD90M,Android 7.0,chrome 55.0 for android,,mobile
D005820,SM-G955U Build/NRD90M,Android 7.0,chrome 60.0 for android,,mobile
D005821,SM-G955U Build/NRD90M,Android 7.0,chrome 61.0 for android,,mobile
D005822,SM-G955U Build/NRD90M,Android 7.0,chrome 61.0 for android,2961x1442,mobile
D005823,SM-G955U Build/NRD90M,Android 7.0,chrome 62.0 for android,,mobile
D005824,SM-G955U Build/NRD90M,Android 7.0,chrome 62.0 for android,2220x1080,mobile
D005825,SM-G955U Build/NRD90M,Android 7.0,chrome 62.0 for android,2960x1440,mobile
D005826,SM-G955U Build/NRD90M,Android 7.0,chrome 62.0 for android,2961x1442,mobile
D005827,SM-G955U Build/NRD90M,Android 7.0,chrome 63.0 for android,,mobile
D005828,SM-G955U Build/NRD90M,Android 7.0,chrome 63.0 for android,2010x1080,mobile
D005829,SM-G955U Build/NRD90M,Android 7.0,chrome 63.0 for android,2220x1080,mobile
D005830,SM-G955U Build/NRD90M,Android 7.0,chrome 63.0 for android,2960x1440,mobile
D005831,SM-G955U Build/NRD90M,Android 7.0,chrome 63.0 for android,2961x1440,mobile
D005832,SM-G955U Build/NRD90M,Android 7.0,chrome 63.0 for android,2961x1442,mobile
D005833,SM-G955U Build/NRD90M,Android 7.0,chrome 64.0 for android,,mobile
D005834,SM-G955U Build/NRD90M,Android 7.0,chrome 64.0 for android,2220x1080,mobile
D005835,SM-G955U Build/NRD90M,Android 7.0,chrome 64.0 for android,2961x1442,mobile
D005836,SM-G955U Build/NRD90M,Android 7.0,chrome 65.0 for android,2220x1080,mobile
D005837,SM-G955U Build/NRD90M,Android 7.0,chrome 65.0 for android,2220x1081,mobile
D005838,SM-G955U Build/NRD90M,Android 7.0,chrome 66.0 for android,2220x1081,mobile
D005839,SM-G955U Build/NRD90M,Android 7.0,chrome generic for android,,mobile
D005840,SM-G955U Build/R16NW,,chrome 65.0 for android,,mobile
D005841,SM-G955U Build/R16NW,,chrome 66.0 for android,,mobile
D005842,SM-G955U Build/R16NW,Android 8.0.0,chrome 65.0 for android,2220x1080,mobile
D005843,SM-G955U Build/R16NW,Android 8.0.0,chrome 65.0 for android,2220x1081,mobile
D005844,SM-G955U Build/R16NW,Android 8.0.0,chrome 65.0 for android,2961x1442,mobile
D005845,SM-G955U Build/R16NW,Android 8.0.0,chrome 66.0 for android,2220x1080,mobile
D005846,SM-G955U Build/R16NW,Android 8.0.0,chrome 66.0 for android,2220x1081,mobile
D005847,SM-G955U Build/R16NW,Android 8.0.0,chrome 66.0 for android,2961x1442,mobile
D005848,SM-G955U Build/R16NW,Android 8.0.0,chrome generic for android,,mobile
D005849,SM-G955U Build/R16NW,Android 8.0.0,chrome generic for android,2220x1081,mobile
D005850,SM-G955U1 Build/NRD90M,,chrome 56.0 for android,,mobile
D005851,SM-G955U1 Build/NRD90M,,chrome 63.0 for android,,mobile
D005852,SM-G955U1 Build/NRD90M,,chrome generic for android,,mobile
D005853,SM-G955U1 Build/NRD90M,Android 7.0,chrome 60.0 for android,,mobile
D005854,SM-G955U1 Build/NRD90M,Android 7.0,chrome 63.0 for android,,mobile
D005855,SM-G955U1 Build/R16NW,,chrome 66.0 for android,,mobile
D005856,SM-G955W,,chrome generic for android,,mobile
D005857,SM-G9600 Build/R16NW,,chrome 63.0 for android,,mobile
D005858,SM-G9600 Build/R16NW,,chrome 65.0 for android,,mobile
D005859,SM-G9600 Build/R16NW,,chrome 66.0 for android,,mobile
D005860,SM-G9600 Build/R16NW,,chrome generic for android,,mobile
D005861,SM-G960F Build/R16NW,,chrome 65.0 for android,,mobile
D005862,SM-G960F Build/R16NW,,chrome 66.0 for android,,mobile
D005863,SM-G960F Build/R16NW,,chrome generic for android,,mobile
D005864,SM-G960U Build/R16NW,Android 8.0.0,chrome 65.0 for android,2960x1440,mobile
D005865,SM-G960U Build/R16NW,Android 8.0.0,chrome 66.0 for android,2220x1080,mobile
D005866,SM-G960U Build/R16NW,Android 8.0.0,chrome 66.0 for android,2960x1440,mobile
D005867,SM-G960U Build/R16NW,Android 8.0.0,chrome generic for android,2220x1080,mobile
D005868,SM-G9650 Build/R16NW,,chrome 65.0 for android,,mobile
D005869,SM-G9650 Build/R16NW,,chrome 66.0 for android,,mobile
D005870,SM-G9650 Build/R16NW,,chrome generic for android,,mobile
D005871,SM-G965F Build/R16NW,,chrome 65.0 for android,,mobile
D005872,SM-G965F Build/R16NW,,chrome 66.0 for android,,mobile
D005873,SM-G965F Build/R16NW,,chrome generic for android,,mobile
D005874,SM-G965U Build/R16NW,Android 8.0.0,chrome 65.0 for android,2220x1081,mobile
D005875,SM-G965U Build/R16NW,Android 8.0.0,chrome 66.0 for android,2220x1081,mobile
D005876,SM-G965U Build/R16NW,Android 8.0.0,chrome 66.0 for android,2961x1442,mobile
D005877,SM-G965U Build/R16NW,Android 8.0.0,chrome generic for android,2220x1081,mobile
D005878,SM-G965U Build/R16NW,Android 8.0.0,chrome generic for android,2961x1442,mobile
D005879,SM-J100MU,,chrome 61.0 for android,,mobile
D005880,SM-J100VPP Build/LMY48B,,chrome 63.0 for android,,mobile
D005881,SM-J100VPP Build/LMY48B,Android 5.1.1,chrome 43.0 for android,801x480,mobile
D005882,SM-J100VPP Build/LMY48B,Android 5.1.1,chrome 61.0 for android,801x480,mobile
D005883,SM-J100VPP Build/LMY48B,Android 5.1.1,chrome 63.0 for android,801x480,mobile
D005884,SM-J105B Build/LMY47V,,chrome 50.0 for android,,mobile
D005885,SM-J105B Build/LMY47V,,chrome 53.0 for android,,mobile
D005886,SM-J105B Build/LMY47V,,chrome 59.0 for android,,mobile
D005887,SM-J105B Build/LMY47V,,chrome 62.0 for android,,mobile
D005888,SM-J105B Build/LMY47V,,chrome 63.0 for android,,mobile
D005889,SM-J105B Build/LMY47V,,chrome 64.0 for android,,mobile
D005890,SM-J105B Build/LMY47V,,chrome 65.0 for android,,mobile
D005891,SM-J105B Build/LMY47V,,chrome 66.0 for android,,mobile
D005892,SM-J105B Build/LMY47V,,chrome generic,,desktop
D005893,SM-J110M Build/LMY48B,,chrome 49.0 for android,,mobile
D005894,SM-J110M Build/LMY48B,,chrome 55.0 for android,,mobile
D005895,SM-J110M Build/LMY48B,,chrome 57.0 for android,,mobile
D005896,SM-J110M Build/LMY48B,,chrome 61.0 for android,,mobile
D005897,SM-J110M Build/LMY48B,,chrome 62.0 for android,,mobile
D005898,SM-J110M Build/LMY48B,,chrome 63.0 for android,,mobile
D005899,SM-J110M Build/LMY48B,,chrome 64.0 for android,,mobile
D005900,SM-J110M Build/LMY48B,,chrome 65.0 for android,,mobile
D005901,SM-J110M Build/LMY48B,,chrome 66.0 for android,,mobile
D005902,SM-J110M Build/LMY48B,,chrome generic,,desktop
D005903,SM-J111M Build/LMY47V,,chrome 55.0 for android,,mobile
D005904,SM-J111M Build/LMY47V,,chrome 56.0 for android,,mobile
D005905,SM-J111M Build/LMY47V,,chrome 57.0 for android,,mobile
D005906,SM-J111M Build/LMY47V,,chrome 62.0 for android,,mobile
D005907,SM-J111M Build/LMY47V,,chrome 63.0 for android,,mobile
D005908,SM-J111M Build/LMY47V,,chrome 64.0 for android,,mobile
D005909,SM-J111M Build/LMY47V,,chrome 65.0 for android,,mobile
D005910,SM-J111M Build/LMY47V,,chrome 66.0 for android,,mobile
D005911,SM-J111M Build/LMY47V,,other,,mobile
D005912,SM-J120FN Build/LMY47X,,chrome 63.0 for android,,mobile
D005913,SM-J120FN Build/LMY47X,,chrome 64.0 for android,,mobile
D005914,SM-J120H Build/LMY47V,,chrome 53.0 for android,,mobile
D005915,SM-J120H Build/LMY47V,,chrome 55.0 for android,,mobile
D005916,SM-J120H Build/LMY47V,,chrome 56.0 for android,,mobile
D005917,SM-J120H Build/LMY47V,,chrome 59.0 for android,,mobile
D005918,SM-J120H Build/LMY47V,,chrome 60.0 for android,,mobile
D005919,SM-J120H Build/LMY47V,,chrome 61.0 for android,,mobile
D005920,SM-J120H Build/LMY47V,,chrome 62.0 for android,,mobile
D005921,SM-J120H Build/LMY47V,,chrome 63.0 for android,,mobile
D005922,SM-J120H Build/LMY47V,,chrome 64.0 for android,,mobile
D005923,SM-J120H Build/LMY47V,,chrome 65.0 for android,,mobile
D005924,SM-J120H Build/LMY47V,,chrome 66.0 for android,,mobile
D005925,SM-J120H Build/LMY47V,,chrome generic,,mobile
D005926,SM-J120M,,chrome 64.0 for android,,mobile
D005927,SM-J120W,,chrome 66.0 for android,,mobile
D005928,SM-J200H,,chrome 63.0 for android,,mobile
D005929,SM-J200H,,chrome 64.0 for android,,mobile
D005930,SM-J200M Build/LMY47X,,chrome 43.0 for android,,mobile
D005931,SM-J200M Build/LMY47X,,chrome 55.0 for android,,mobile
D005932,SM-J200M Build/LMY47X,,chrome 56.0 for android,,mobile
D005933,SM-J200M Build/LMY47X,,chrome 59.0 for android,,mobile
D005934,SM-J200M Build/LMY47X,,chrome 61.0 for android,,mobile
D005935,SM-J200M Build/LMY47X,,chrome 62.0 for android,,mobile
D005936,SM-J200M Build/LMY47X,,chrome 63.0 for android,,mobile
D005937,SM-J200M Build/LMY47X,,chrome 65.0 for android,,mobile
D005938,SM-J250M Build/NMF26X,,chrome 66.0 for android,,mobile
D005939,SM-J320FN Build/LMY47V,,chrome 61.0 for android,,mobile
D005940,SM-J320FN Build/LMY47V,,chrome 62.0 for android,,mobile
D005941,SM-J320FN Build/LMY47V,,chrome 64.0 for android,,mobile
D005942,SM-J320FN Build/LMY47V,,chrome 65.0 for android,,mobile
D005943,SM-J320FN Build/LMY47V,,chrome 66.0 for android,,mobile
D005944,SM-J320H,,chrome 62.0 for android,,mobile
D005945,SM-J320M Build/LMY47V,,chrome 46.0 for android,,mobile
D005946,SM-J320M Build/LMY47V,,chrome 55.0 for android,,mobile
D005947,SM-J320M Build/LMY47V,,chrome 56.0 for android,,mobile
D005948,SM-J320M Build/LMY47V,,chrome 57.0 for android,,mobile
D005949,SM-J320M Build/LMY47V,,chrome 59.0 for android,,mobile
D005950,SM-J320M Build/LMY47V,,chrome 60.0 for android,,mobile
D005951,SM-J320M Build/LMY47V,,chrome 61.0 for android,,mobile
D005952,SM-J320M Build/LMY47V,,chrome 62.0 for android,,mobile
D005953,SM-J320M Build/LMY47V,,chrome 63.0 for android,,mobile
D005954,SM-J320M Build/LMY47V,,chrome 64.0 for android,,mobile
D005955,SM-J320M Build/LMY47V,,chrome 65.0 for android,,mobile
D005956,SM-J320M Build/LMY47V,,chrome 66.0 for android,,mobile
D005957,SM-J320M Build/LMY47V,,chrome generic,,desktop
D005958,SM-J320P Build/LMY47X,,chrome 63.0 for android,,mobile
D005959,SM-J320P Build/LMY47X,Android 5.1.1,chrome 63.0 for android,1280x720,mobile
D005960,SM-J320P Build/LMY47X,Android 5.1.1,chrome 64.0 for android,1280x720,mobile
D005961,SM-J320V Build/MMB29M,,chrome 65.0 for android,,mobile
D005962,SM-J320V Build/MMB29M,Android 6.0.1,chrome 50.0 for android,1280x720,mobile
D005963,SM-J320V Build/MMB29M,Android 6.0.1,chrome 62.0 for android,1280x720,mobile
D005964,SM-J320V Build/NMF26X,Android 7.1.1,chrome 62.0 for android,1280x720,mobile
D005965,SM-J320V Build/NMF26X,Android 7.1.1,chrome 66.0 for android,1280x720,mobile
D005966,SM-J320V Build/NMF26X,Android 7.1.1,other,1280x720,mobile
D005967,SM-J320VPP,Android 6.0.1,chrome 61.0 for android,1280x720,mobile
D005968,SM-J320VPP,Android 6.0.1,chrome 62.0 for android,1280x720,mobile
D005969,SM-J320W8,,chrome 63.0 for android,,mobile
D005970,SM-J327P Build/MMB29M,,chrome 62.0 for android,,mobile
D005971,SM-J327P Build/MMB29M,,chrome 65.0 for android,,mobile
D005972,SM-J327P Build/MMB29M,,chrome 66.0 for android,,mobile
D005973,SM-J327P Build/MMB29M,,chrome generic for android,,mobile
D005974,SM-J327P Build/MMB29M,Android 6.0.1,chrome 62.0 for android,1280x720,mobile
D005975,SM-J327P Build/MMB29M,Android 6.0.1,chrome 63.0 for android,1280x720,mobile
D005976,SM-J327P Build/MMB29M,Android 6.0.1,chrome 64.0 for android,1280x720,mobile
D005977,SM-J327P Build/MMB29M,Android 6.0.1,chrome 65.0 for android,1280x720,mobile
D005978,SM-J327P Build/MMB29M,Android 6.0.1,chrome generic for android,1280x720,mobile
D005979,SM-J327P Build/MMB29M,Android 6.0.1,other,1280x720,mobile
D005980,SM-J327T Build/NRD90M,,chrome 61.0 for android,,mobile
D005981,SM-J327T Build/NRD90M,,chrome 64.0 for android,,mobile
D005982,SM-J327T Build/NRD90M,Android 7.0,chrome 61.0 for android,1280x720,mobile
D005983,SM-J327T Build/NRD90M,Android 7.0,chrome 63.0 for android,1280x720,mobile
D005984,SM-J327T Build/NRD90M,Android 7.0,chrome 64.0 for android,1280x720,mobile
D005985,SM-J327T1 Build/NRD90M,,chrome 60.0 for android,,mobile
D005986,SM-J327T1 Build/NRD90M,,chrome 63.0 for android,,mobile
D005987,SM-J327T1 Build/NRD90M,,chrome 64.0 for android,,mobile
D005988,SM-J327T1 Build/NRD90M,,chrome 65.0 for android,,mobile
D005989,SM-J327T1 Build/NRD90M,,chrome 66.0 for android,,mobile
D005990,SM-J327T1 Build/NRD90M,Android 7.0,chrome 60.0 for android,1280x720,mobile
D005991,SM-J327T1 Build/NRD90M,Android 7.0,chrome 62.0 for android,1280x720,mobile
D005992,SM-J327T1 Build/NRD90M,Android 7.0,chrome 63.0 for android,1280x720,mobile
D005993,SM-J327T1 Build/NRD90M,Android 7.0,chrome 65.0 for android,1280x720,mobile
D005994,SM-J327T1 Build/NRD90M,Android 7.0,chrome generic for android,1280x720,mobile
D005995,SM-J327V Build/NRD90M,Android 7.0,chrome 61.0 for android,1280x720,mobile
D005996,SM-J327V Build/NRD90M,Android 7.0,chrome 62.0 for android,1280x720,mobile
D005997,SM-J327V Build/NRD90M,Android 7.0,chrome 63.0 for android,1280x720,mobile
D005998,SM-J327V Build/NRD90M,Android 7.0,chrome 64.0 for android,1280x720,mobile
D005999,SM-J327VPP Build/NRD90M,,chrome 64.0 for android,,mobile
D006000,SM-J327VPP Build/NRD90M,Android 7.0,chrome 62.0 for android,1280x720,mobile
D006001,SM-J330F,,chrome 64.0 for android,,mobile
D006002,SM-J330FN Build/NRD90M,,chrome 64.0 for android,,mobile
D006003,SM-J500FN Build/MMB29M,,chrome 63.0 for android,,mobile
D006004,SM-J500FN Build/MMB29M,,chrome 65.0 for android,,mobile
D006005,SM-J500FN,,chrome 62.0 for android,,mobile
D006006,SM-J500G,,chrome 55.0 for android,,mobile
D006007,SM-J500H,,chrome 58.0 for android,,mobile
D006008,SM-J500H,,chrome 63.0 for android,,mobile
D006009,SM-J500M Build/LMY48B,,android browser 4.0,,mobile
D006010,SM-J500M Build/LMY48B,,chrome 43.0 for android,,mobile
D006011,SM-J500M Build/LMY48B,,chrome 56.0 for android,,mobile
D006012,SM-J500M Build/LMY48B,,chrome 60.0 for android,,mobile
D006013,SM-J500M Build/LMY48B,,chrome 61.0 for android,,mobile
D006014,SM-J500M Build/LMY48B,,chrome 62.0 for android,,mobile
D006015,SM-J500M Build/LMY48B,,chrome 63.0 for android,,mobile
D006016,SM-J500M Build/LMY48B,,chrome 64.0 for android,,mobile
D006017,SM-J500M Build/LMY48B,,chrome 65.0 for android,,mobile
D006018,SM-J500M Build/LMY48B,,chrome 66.0 for android,,mobile
D006019,SM-J500M Build/LMY48B,,chrome generic,,desktop
D006020,SM-J500M Build/MMB29M,,chrome 50.0 for android,,mobile
D006021,SM-J500M Build/MMB29M,,chrome 55.0 for android,,mobile
D006022,SM-J500M Build/MMB29M,,chrome 59.0 for android,,mobile
D006023,SM-J500M Build/MMB29M,,chrome 60.0 for android,,mobile
D006024,SM-J500M Build/MMB29M,,chrome 61.0 for android,,mobile
D006025,SM-J500M Build/MMB29M,,chrome 62.0 for android,,mobile
D006026,SM-J500M Build/MMB29M,,chrome 63.0 for android,,mobile
D006027,SM-J500M Build/MMB29M,,chrome 64.0 for android,,mobile
D006028,SM-J500M Build/MMB29M,,chrome 65.0 for android,,mobile
D006029,SM-J510F,,chrome 64.0 for android,,mobile
D006030,SM-J510FN Build/NMF26X,,chrome 64.0 for android,,mobile
D006031,SM-J510FN,,chrome 62.0 for android,,mobile
D006032,SM-J510FN,,chrome 64.0 for android,,mobile
D006033,SM-J510MN Build/MMB29M,,chrome 50.0 for android,,mobile
D006034,SM-J510MN Build/MMB29M,,chrome 55.0 for android,,mobile
D006035,SM-J510MN Build/MMB29M,,chrome 56.0 for android,,mobile
D006036,SM-J510MN Build/MMB29M,,chrome 59.0 for android,,mobile
D006037,SM-J510MN Build/MMB29M,,chrome 60.0 for android,,mobile
D006038,SM-J510MN Build/MMB29M,,chrome 61.0 for android,,mobile
D006039,SM-J510MN Build/MMB29M,,chrome 62.0 for android,,mobile
D006040,SM-J510MN Build/MMB29M,,chrome 63.0 for android,,mobile
D006041,SM-J510MN Build/MMB29M,,chrome 64.0 for android,,mobile
D006042,SM-J510MN Build/MMB29M,,chrome 65.0 for android,,mobile
D006043,SM-J510MN Build/MMB29M,,chrome 66.0 for android,,mobile
D006044,SM-J510MN Build/MMB29M,,chrome generic for android,,mobile
D006045,SM-J510MN Build/MMB29M,Android 6.0.1,opera,1280x720,mobile
D006046,SM-J510MN Build/NMF26X,,chrome 65.0 for android,,mobile
D006047,SM-J530F Build/NRD90M,,chrome 63.0 for android,,mobile
D006048,SM-J530F Build/NRD90M,,chrome 66.0 for android,,mobile
D006049,SM-J530F Build/NRD90M,Android 7.0,chrome 62.0 for android,1280x720,mobile
D006050,SM-J530G,,chrome 64.0 for android,,mobile
D006051,SM-J530G,,chrome 65.0 for android,,mobile
D006052,SM-J530GM Build/NRD90M,,chrome 58.0 for android,,mobile
D006053,SM-J530GM Build/NRD90M,,chrome 63.0 for android,,mobile
D006054,SM-J530GM Build/NRD90M,,chrome 64.0 for android,,mobile
D006055,SM-J530GM Build/NRD90M,,chrome 65.0 for android,,mobile
D006056,SM-J530GM Build/NRD90M,,chrome 66.0 for android,,mobile
D006057,SM-J530GM Build/NRD90M,,chrome generic for android,,mobile
D006058,SM-J530GM Build/NRD90M,,other,,mobile
D006059,SM-J700F,,chrome generic for android,,mobile
D006060,SM-J700H Build/MMB29K,,chrome 63.0 for android,,mobile
D006061,SM-J700H Build/MMB29K,,chrome 64.0 for android,,mobile
D006062,SM-J700H Build/MMB29K,,chrome 65.0 for android,,mobile
D006063,SM-J700M Build/LMY48B,,chrome 43.0 for android,,mobile
D006064,SM-J700M Build/LMY48B,,chrome 51.0 for android,,mobile
D006065,SM-J700M Build/LMY48B,,chrome 53.0 for android,,mobile
D006066,SM-J700M Build/LMY48B,,chrome 54.0 for android,,mobile
D006067,SM-J700M Build/LMY48B,,chrome 55.0 for android,,mobile
D006068,SM-J700M Build/LMY48B,,chrome 56.0 for android,,mobile
D006069,SM-J700M Build/LMY48B,,chrome 59.0 for android,,mobile
D006070,SM-J700M Build/LMY48B,,chrome 60.0 for android,,mobile
D006071,SM-J700M Build/LMY48B,,chrome 62.0 for android,,mobile
D006072,SM-J700M Build/LMY48B,,chrome 63.0 for android,,mobile
D006073,SM-J700M Build/LMY48B,,chrome 64.0 for android,,mobile
D006074,SM-J700M Build/LMY48B,,chrome 65.0 for android,,mobile
D006075,SM-J700M Build/LMY48B,,chrome 66.0 for android,,mobile
D006076,SM-J700M Build/LMY48B,,chrome generic,,mobile
D006077,SM-J700M Build/LMY48B,,other,,mobile
D006078,SM-J700M Build/MMB29K,,android webview 4.0,,mobile
D006079,SM-J700M Build/MMB29K,,chrome 54.0 for android,,mobile
D006080,SM-J700M Build/MMB29K,,chrome 55.0 for android,,mobile
D006081,SM-J700M Build/MMB29K,,chrome 56.0 for android,,mobile
D006082,SM-J700M Build/MMB29K,,chrome 57.0 for android,,mobile
D006083,SM-J700M Build/MMB29K,,chrome 59.0 for android,,mobile
D006084,SM-J700M Build/MMB29K,,chrome 60.0 for android,,mobile
D006085,SM-J700M Build/MMB29K,,chrome 61.0 for android,,mobile
D006086,SM-J700M Build/MMB29K,,chrome 62.0 for android,,mobile
D006087,SM-J700M Build/MMB29K,,chrome 63.0 for android,,mobile
D006088,SM-J700M Build/MMB29K,,chrome 64.0 for android,,mobile
D006089,SM-J700M Build/MMB29K,,chrome 65.0 for android,,mobile
D006090,SM-J700M Build/MMB29K,,chrome 66.0 for android,,mobile
D006091,SM-J700M Build/MMB29K,,chrome generic for android,,mobile
D006092,SM-J700M Build/MMB29K,Android 6.0.1,chrome 62.0 for android,1280x720,mobile
D006093,SM-J700P,,chrome 65.0 for android,,mobile
D006094,SM-J700P,Android 7.1.1,chrome 64.0 for android,1280x720,mobile
D006095,SM-J700P,Android 7.1.1,chrome 65.0 for android,1280x720,mobile
D006096,SM-J700T Build/MMB29K,,chrome 55.0 for android,,mobile
D006097,SM-J700T Build/MMB29K,,chrome 66.0 for android,,mobile
D006098,SM-J700T Build/NMF26X,,chrome 60.0 for android,,mobile
D006099,SM-J700T Build/NMF26X,,chrome 65.0 for android,,mobile
D006100,SM-J700T Build/NMF26X,,chrome 66.0 for android,,mobile
D006101,SM-J700T Build/NMF26X,Android 7.1.1,chrome 60.0 for android,1280x720,mobile
D006102,SM-J700T Build/NMF26X,Android 7.1.1,chrome 62.0 for android,1280x720,mobile
D006103,SM-J700T Build/NMF26X,Android 7.1.1,chrome 63.0 for android,,mobile
D006104,SM-J700T Build/NMF26X,Android 7.1.1,chrome 63.0 for android,1280x720,mobile
D006105,SM-J700T Build/NMF26X,Android 7.1.1,chrome 64.0 for android,1280x720,mobile
D006106,SM-J700T Build/NMF26X,Android 7.1.1,chrome 66.0 for android,1280x720,mobile
D006107,SM-J700T Build/NMF26X,Android 7.1.1,chrome generic for android,1280x720,mobile
D006108,SM-J700T1 Build/NMF26X,,chrome 60.0 for android,,mobile
D006109,SM-J700T1 Build/NMF26X,Android 7.1.1,chrome 60.0 for android,1280x720,mobile
D006110,SM-J700T1 Build/NMF26X,Android 7.1.1,chrome 63.0 for android,,mobile
D006111,SM-J700T1 Build/NMF26X,Android 7.1.1,chrome 63.0 for android,1280x720,mobile
D006112,SM-J700T1 Build/NMF26X,Android 7.1.1,chrome generic for android,1280x720,mobile
D006113,SM-J700T1,,chrome 65.0 for android,,mobile
D006114,SM-J701M Build/NRD90M,,chrome 58.0 for android,,mobile
D006115,SM-J701M Build/NRD90M,,chrome 60.0 for android,,mobile
D006116,SM-J701M Build/NRD90M,,chrome 62.0 for android,,mobile
D006117,SM-J701M Build/NRD90M,,chrome 63.0 for android,,mobile
D006118,SM-J701M Build/NRD90M,,chrome 64.0 for android,,mobile
D006119,SM-J701M Build/NRD90M,,chrome 65.0 for android,,mobile
D006120,SM-J701M Build/NRD90M,,chrome 66.0 for android,,mobile
D006121,SM-J701M Build/NRD90M,,chrome generic for android,,mobile
D006122,SM-J701M Build/NRD90M,,other,,mobile
D006123,SM-J7108,,chrome 66.0 for android,,mobile
D006124,SM-J710F Build/NRD90M,,chrome 61.0 for android,,mobile
D006125,SM-J710F Build/NRD90M,,chrome 63.0 for android,,mobile
D006126,SM-J710F Build/NRD90M,,chrome 65.0 for android,,mobile
D006127,SM-J710F Build/NRD90M,,chrome 66.0 for android,,mobile
D006128,SM-J710GN Build/MMB29K,,chrome 63.0 for android,,mobile
D006129,SM-J710GN,Android 7.0,chrome 63.0 for android,1280x720,mobile
D006130,SM-J710MN Build/MMB29K,,chrome 50.0 for android,,mobile
D006131,SM-J710MN Build/MMB29K,,chrome 55.0 for android,,mobile
D006132,SM-J710MN Build/MMB29K,,chrome 56.0 for android,,mobile
D006133,SM-J710MN Build/MMB29K,,chrome 58.0 for android,,mobile
D006134,SM-J710MN Build/MMB29K,,chrome 61.0 for android,,mobile
D006135,SM-J710MN Build/MMB29K,,chrome 62.0 for android,,mobile
D006136,SM-J710MN Build/MMB29K,,chrome 63.0 for android,,mobile
D006137,SM-J710MN Build/MMB29K,,chrome 64.0 for android,,mobile
D006138,SM-J710MN Build/MMB29K,,chrome 65.0 for android,,mobile
D006139,SM-J710MN Build/MMB29K,,chrome 66.0 for android,,mobile
D006140,SM-J710MN Build/MMB29K,,chrome generic for android,,mobile
D006141,SM-J710MN Build/MMB29K,Android 6.0.1,chrome 61.0 for android,1280x720,mobile
D006142,SM-J710MN Build/NRD90M,,chrome 63.0 for android,,mobile
D006143,SM-J710MN Build/NRD90M,,chrome 64.0 for android,,mobile
D006144,SM-J710MN Build/NRD90M,,chrome 65.0 for android,,mobile
D006145,SM-J710MN Build/NRD90M,,chrome 66.0 for android,,mobile
D006146,SM-J710MN Build/NRD90M,,chrome generic for android,,mobile
D006147,SM-J727P,,chrome 63.0 for android,,mobile
D006148,SM-J727P,Android 7.0,chrome 63.0 for android,1280x720,mobile
D006149,SM-J727P,Android 7.0,chrome 64.0 for android,1280x720,mobile
D006150,SM-J727T Build/NRD90M,Android 7.0,chrome 63.0 for android,1280x720,mobile
D006151,SM-J727T Build/NRD90M,Android 7.0,chrome 64.0 for android,1280x720,mobile
D006152,SM-J727T Build/NRD90M,Android 7.0,chrome 65.0 for android,1280x720,mobile
D006153,SM-J727T Build/NRD90M,Android 7.0,chrome generic for android,1280x720,mobile
D006154,SM-J727T1 Build/NRD90M,,chrome 60.0 for android,,mobile
D006155,SM-J727T1 Build/NRD90M,,chrome 63.0 for android,,mobile
D006156,SM-J727T1 Build/NRD90M,,chrome 64.0 for android,,mobile
D006157,SM-J727T1 Build/NRD90M,Android 7.0,chrome 62.0 for android,1280x720,mobile
D006158,SM-J727T1 Build/NRD90M,Android 7.0,chrome 63.0 for android,1280x720,mobile
D006159,SM-J727T1 Build/NRD90M,Android 7.0,chrome 64.0 for android,1280x720,mobile
D006160,SM-J727T1 Build/NRD90M,Android 7.0,chrome 65.0 for android,1280x720,mobile
D006161,SM-J727T1 Build/NRD90M,Android 7.0,chrome 66.0 for android,1280x720,mobile
D006162,SM-J727T1 Build/NRD90M,Android 7.0,chrome generic for android,1280x720,mobile
D006163,SM-J727U Build/NRD90M,,chrome 58.0 for android,,mobile
D006164,SM-J727U Build/NRD90M,,chrome 62.0 for android,,mobile
D006165,SM-J727U Build/NRD90M,,chrome 65.0 for android,,mobile
D006166,SM-J727U Build/NRD90M,Android 7.0,chrome 63.0 for android,1280x720,mobile
D006167,SM-J727V Build/NRD90M,Android 7.0,chrome 61.0 for android,1280x720,mobile
D006168,SM-J727V Build/NRD90M,Android 7.0,chrome 62.0 for android,1280x720,mobile
D006169,SM-J727V Build/NRD90M,Android 7.0,chrome 63.0 for android,1280x720,mobile
D006170,SM-J727V Build/NRD90M,Android 7.0,chrome 65.0 for android,1280x720,mobile
D006171,SM-J727V Build/NRD90M,Android 7.0,chrome 66.0 for android,1280x720,mobile
D006172,SM-J727VPP Build/NRD90M,,chrome 63.0 for android,,mobile
D006173,SM-J727VPP Build/NRD90M,Android 7.0,chrome 63.0 for android,1280x720,mobile
D006174,SM-J727VPP Build/NRD90M,Android 7.0,chrome 64.0 for android,1280x720,mobile
D006175,SM-J727VPP Build/NRD90M,Android 7.0,chrome 65.0 for android,1280x720,mobile
D006176,SM-J730F,,chrome 62.0 for android,,mobile
D006177,SM-J730G Build/NRD90M,,chrome 62.0 for android,,mobile
D006178,SM-J730G Build/NRD90M,,chrome 64.0 for android,,mobile
D006179,SM-J730G Build/NRD90M,,chrome 65.0 for android,,mobile
D006180,SM-J730GM Build/NRD90M,,android webview 4.0,,mobile
D006181,SM-J730GM Build/NRD90M,,chrome 58.0 for android,,mobile
D006182,SM-J730GM Build/NRD90M,,chrome 61.0 for android,,mobile
D006183,SM-J730GM Build/NRD90M,,chrome 62.0 for android,,mobile
D006184,SM-J730GM Build/NRD90M,,chrome 63.0 for android,,mobile
D006185,SM-J730GM Build/NRD90M,,chrome 64.0 for android,,mobile
D006186,SM-J730GM Build/NRD90M,,chrome 65.0 for android,,mobile
D006187,SM-J730GM Build/NRD90M,,chrome 66.0 for android,,mobile
D006188,SM-J730GM Build/NRD90M,,chrome generic for android,,mobile
D006189,SM-N9005 Build/LRX21V,,chrome 61.0 for android,,mobile
D006190,SM-N9005 Build/LRX21V,,chrome 66.0 for android,,mobile
D006191,SM-N900P Build/LRX21V,Android 5.0,chrome 43.0 for android,1920x1080,mobile
D006192,SM-N900P Build/LRX21V,Android 5.0,chrome 63.0 for android,1920x1080,mobile
D006193,SM-N900T Build/LRX21V,,chrome 64.0 for android,,mobile
D006194,SM-N900T Build/LRX21V,Android 5.0,chrome 62.0 for android,1920x1080,mobile
D006195,SM-N900T Build/LRX21V,Android 5.0,chrome 63.0 for android,1920x1080,mobile
D006196,SM-N900T,Android 4.4.2,chrome 62.0 for android,1920x1080,mobile
D006197,SM-N900V Build/LRX21V,Android 5.0,chrome 59.0 for android,1920x1080,mobile
D006198,SM-N900V Build/LRX21V,Android 5.0,chrome 62.0 for android,1920x1080,mobile
D006199,SM-N900V Build/LRX21V,Android 5.0,chrome generic,1920x1080,mobile
D006200,SM-N900W8 Build/LRX21V,,chrome 62.0 for android,,mobile
D006201,SM-N900W8 Build/LRX21V,,chrome 63.0 for android,,mobile
D006202,SM-N900W8 Build/LRX21V,,chrome 64.0 for android,,mobile
D006203,SM-N900W8 Build/LRX21V,,chrome 65.0 for android,,mobile
D006204,SM-N900W8 Build/LRX21V,,chrome generic,,desktop
D006205,SM-N910C Build/MMB29K,,chrome 55.0 for android,,mobile
D006206,SM-N910C Build/MMB29K,,chrome 61.0 for android,,mobile
D006207,SM-N910C Build/MMB29K,,chrome 63.0 for android,,mobile
D006208,SM-N910C Build/MMB29K,,chrome 65.0 for android,,mobile
D006209,SM-N910C Build/MMB29K,Android 6.0.1,chrome 63.0 for android,2560x1440,mobile
D006210,SM-N910F Build/MMB29M,,chrome 64.0 for android,,mobile
D006211,SM-N910F Build/MMB29M,,chrome 66.0 for android,,mobile
D006212,SM-N910H,,chrome 62.0 for android,,mobile
D006213,SM-N910H,,chrome 64.0 for android,,mobile
D006214,SM-N910P,Android 6.0.1,chrome 63.0 for android,2560x1440,mobile
D006215,SM-N910P,Android 6.0.1,chrome 65.0 for android,2560x1440,mobile
D006216,SM-N910T Build/LMY47X,,chrome 65.0 for android,,mobile
D006217,SM-N910T Build/LMY47X,,chrome generic,,desktop
D006218,SM-N910T Build/MMB29M,Android 6.0.1,chrome 49.0 for android,2560x1440,mobile
D006219,SM-N910T Build/MMB29M,Android 6.0.1,chrome 62.0 for android,2560x1440,mobile
D006220,SM-N910T Build/MMB29M,Android 6.0.1,chrome 63.0 for android,2560x1440,mobile
D006221,SM-N910T3,,chrome 63.0 for android,,mobile
D006222,SM-N910V Build/MMB29M,,chrome 63.0 for android,,mobile
D006223,SM-N910V Build/MMB29M,Android 6.0.1,android webview 4.0,2560x1440,mobile
D006224,SM-N910V Build/MMB29M,Android 6.0.1,chrome 62.0 for android,2560x1440,mobile
D006225,SM-N910V Build/MMB29M,Android 6.0.1,chrome 63.0 for android,2560x1440,mobile
D006226,SM-N910V Build/MMB29M,Android 6.0.1,chrome 64.0 for android,2560x1440,mobile
D006227,SM-N910V Build/MMB29M,Android 6.0.1,chrome 65.0 for android,2560x1440,mobile
D006228,SM-N910V Build/MMB29M,Android 6.0.1,chrome generic for android,2560x1440,mobile
D006229,SM-N915V,,chrome 57.0 for android,,mobile
D006230,SM-N920A Build/MMB29K,,chrome 61.0 for android,,mobile
D006231,SM-N920A Build/MMB29K,,chrome 63.0 for android,,mobile
D006232,SM-N920A Build/MMB29K,,chrome 64.0 for android,,mobile
D006233,SM-N920C Build/NRD90M,,chrome 62.0 for android,,mobile
D006234,SM-N920C Build/NRD90M,,chrome 63.0 for android,,mobile
D006235,SM-N920C Build/NRD90M,,chrome 64.0 for android,,mobile
D006236,SM-N920C Build/NRD90M,,chrome 65.0 for android,,mobile
D006237,SM-N920G Build/NRD90M,,chrome 62.0 for android,,mobile
D006238,SM-N920G Build/NRD90M,,chrome 63.0 for android,,mobile
D006239,SM-N920G Build/NRD90M,,chrome 64.0 for android,,mobile
D006240,SM-N920G Build/NRD90M,,chrome 65.0 for android,,mobile
D006241,SM-N920G Build/NRD90M,,chrome 66.0 for android,,mobile
D006242,SM-N920G Build/NRD90M,,chrome generic for android,,mobile
D006243,SM-N920P Build/NRD90M,,chrome 63.0 for android,,mobile
D006244,SM-N920P Build/NRD90M,,chrome 64.0 for android,,mobile
D006245,SM-N920P Build/NRD90M,,chrome 66.0 for android,,mobile
D006246,SM-N920P Build/NRD90M,,chrome generic for android,,mobile
D006247,SM-N920P Build/NRD90M,Android 7.0,chrome 56.0 for android,,mobile
D006248,SM-N920P Build/NRD90M,Android 7.0,chrome 62.0 for android,,mobile
D006249,SM-N920P Build/NRD90M,Android 7.0,chrome 63.0 for android,,mobile
D006250,SM-N920P Build/NRD90M,Android 7.0,chrome 64.0 for android,,mobile
D006251,SM-N920P Build/NRD90M,Android 7.0,chrome 65.0 for android,1921x1081,mobile
D006252,SM-N920P,,chrome generic for android,,mobile
D006253,SM-N920R4,Android 7.0,chrome 61.0 for android,,mobile
D006254,SM-N920T Build/NRD90M,,chrome 63.0 for android,,mobile
D006255,SM-N920T Build/NRD90M,,chrome 64.0 for android,,mobile
D006256,SM-N920T Build/NRD90M,,chrome 66.0 for android,,mobile
D006257,SM-N920T Build/NRD90M,,chrome generic for android,,mobile
D006258,SM-N920T Build/NRD90M,Android 7.0,chrome 58.0 for android,,mobile
D006259,SM-N920T Build/NRD90M,Android 7.0,chrome 62.0 for android,,mobile
D006260,SM-N920T Build/NRD90M,Android 7.0,chrome 63.0 for android,,mobile
D006261,SM-N920T Build/NRD90M,Android 7.0,chrome 63.0 for android,1920x1080,mobile
D006262,SM-N920T Build/NRD90M,Android 7.0,chrome 64.0 for android,,mobile
D006263,SM-N920T Build/NRD90M,Android 7.0,chrome generic for android,,mobile
D006264,SM-N920T,,chrome 65.0 for android,,mobile
D006265,SM-N920V Build/NRD90M,,chrome 62.0 for android,,mobile
D006266,SM-N920V Build/NRD90M,,chrome 65.0 for android,,mobile
D006267,SM-N920V Build/NRD90M,,chrome 66.0 for android,,mobile
D006268,SM-N920V Build/NRD90M,Android 7.0,chrome 56.0 for android,2562x1442,mobile
D006269,SM-N920V Build/NRD90M,Android 7.0,chrome 60.0 for android,1920x1080,mobile
D006270,SM-N920V Build/NRD90M,Android 7.0,chrome 61.0 for android,,mobile
D006271,SM-N920V Build/NRD90M,Android 7.0,chrome 61.0 for android,2562x1442,mobile
D006272,SM-N920V Build/NRD90M,Android 7.0,chrome 62.0 for android,,mobile
D006273,SM-N920V Build/NRD90M,Android 7.0,chrome 63.0 for android,,mobile
D006274,SM-N920V Build/NRD90M,Android 7.0,chrome 63.0 for android,1920x1080,mobile
D006275,SM-N920V Build/NRD90M,Android 7.0,chrome 63.0 for android,2562x1442,mobile
D006276,SM-N920V Build/NRD90M,Android 7.0,chrome 64.0 for android,,mobile
D006277,SM-N920V Build/NRD90M,Android 7.0,chrome 65.0 for android,1921x1081,mobile
D006278,SM-N920V Build/NRD90M,Android 7.0,chrome 66.0 for android,2562x1442,mobile
D006279,SM-N920V,,chrome 63.0 for android,,mobile
D006280,SM-N920V,,chrome 65.0 for android,,mobile
D006281,SM-N920V,,chrome generic for android,,mobile
D006282,SM-N920V,Android 6.0.1,chrome 63.0 for android,2562x1442,mobile
D006283,SM-N9500,,chrome 64.0 for android,,mobile
D006284,SM-N950F Build/NMF26X,,chrome 59.0 for android,,mobile
D006285,SM-N950F Build/NMF26X,,chrome 60.0 for android,,mobile
D006286,SM-N950F Build/NMF26X,,chrome 61.0 for android,,mobile
D006287,SM-N950F Build/NMF26X,,chrome 62.0 for android,,mobile
D006288,SM-N950F Build/NMF26X,,chrome 63.0 for android,,mobile
D006289,SM-N950F Build/NMF26X,,chrome 64.0 for android,,mobile
D006290,SM-N950F Build/NMF26X,,chrome 65.0 for android,,mobile
D006291,SM-N950F Build/NMF26X,,chrome 66.0 for android,,mobile
D006292,SM-N950F Build/NMF26X,,chrome generic for android,,mobile
D006293,SM-N950F Build/R16NW,,chrome 66.0 for android,,mobile
D006294,SM-N950U Build/NMF26X,,chrome 63.0 for android,,mobile
D006295,SM-N950U Build/NMF26X,,chrome 64.0 for android,,mobile
D006296,SM-N950U Build/NMF26X,,chrome 65.0 for android,,mobile
D006297,SM-N950U Build/NMF26X,,chrome 66.0 for android,,mobile
D006298,SM-N950U Build/NMF26X,,chrome generic for android,,mobile
D006299,SM-N950U Build/NMF26X,Android 7.1.1,android webview 4.0,,mobile
D006300,SM-N950U Build/NMF26X,Android 7.1.1,android webview 4.0,1920x1080,mobile
D006301,SM-N950U Build/NMF26X,Android 7.1.1,android webview 4.0,2220x1081,mobile
D006302,SM-N950U Build/NMF26X,Android 7.1.1,chrome 59.0 for android,,mobile
D006303,SM-N950U Build/NMF26X,Android 7.1.1,chrome 62.0 for android,,mobile
D006304,SM-N950U Build/NMF26X,Android 7.1.1,chrome 62.0 for android,2961x1442,mobile
D006305,SM-N950U Build/NMF26X,Android 7.1.1,chrome 63.0 for android,,mobile
D006306,SM-N950U Build/NMF26X,Android 7.1.1,chrome 63.0 for android,2220x1080,mobile
D006307,SM-N950U Build/NMF26X,Android 7.1.1,chrome 63.0 for android,2220x1081,mobile
D006308,SM-N950U Build/NMF26X,Android 7.1.1,chrome 63.0 for android,2960x1440,mobile
D006309,SM-N950U Build/NMF26X,Android 7.1.1,chrome 63.0 for android,2961x1442,mobile
D006310,SM-N950U Build/NMF26X,Android 7.1.1,chrome 64.0 for android,,mobile
D006311,SM-N950U Build/NMF26X,Android 7.1.1,chrome 64.0 for android,2220x1080,mobile
D006312,SM-N950U Build/NMF26X,Android 7.1.1,chrome 64.0 for android,2960x1440,mobile
D006313,SM-N950U Build/NMF26X,Android 7.1.1,chrome 64.0 for android,2961x1442,mobile
D006314,SM-N950U Build/NMF26X,Android 7.1.1,chrome 65.0 for android,,mobile
D006315,SM-N950U Build/NMF26X,Android 7.1.1,chrome 65.0 for android,2220x1081,mobile
D006316,SM-N950U Build/NMF26X,Android 7.1.1,chrome 65.0 for android,2961x1442,mobile
D006317,SM-N950U Build/NMF26X,Android 7.1.1,chrome 66.0 for android,2220x1081,mobile
D006318,SM-N950U Build/NMF26X,Android 7.1.1,chrome 66.0 for android,2961x1442,mobile
D006319,SM-N950U Build/NMF26X,Android 7.1.1,chrome generic for android,,mobile
D006320,SM-N950U Build/NMF26X,Android 7.1.1,chrome generic for android,2961x1442,mobile
D006321,SM-N950U Build/R16NW,,chrome 66.0 for android,,mobile
D006322,SM-N950U Build/R16NW,,chrome generic for android,,mobile
D006323,SM-N950U Build/R16NW,Android 8.0.0,chrome 63.0 for android,2220x1081,mobile
D006324,SM-N950U Build/R16NW,Android 8.0.0,chrome 65.0 for android,2220x1080,mobile
D006325,SM-N950U Build/R16NW,Android 8.0.0,chrome 65.0 for android,2220x1081,mobile
D006326,SM-N950U Build/R16NW,Android 8.0.0,chrome 65.0 for android,2961x1442,mobile
D006327,SM-N950U Build/R16NW,Android 8.0.0,chrome 66.0 for android,2220x1080,mobile
D006328,SM-N950U Build/R16NW,Android 8.0.0,chrome 66.0 for android,2220x1081,mobile
D006329,SM-N950U Build/R16NW,Android 8.0.0,chrome generic for android,2220x1081,mobile
D006330,SM-N950U1 Build/NMF26X,,chrome 63.0 for android,,mobile
D006331,SM-N950U1 Build/NMF26X,Android 7.1.1,chrome 63.0 for android,,mobile
D006332,SM-N950U1 Build/NMF26X,Android 7.1.1,chrome 63.0 for android,2961x1440,mobile
D006333,SM-N950U1 Build/NMF26X,Android 7.1.1,chrome 65.0 for android,,mobile
D006334,SM-N950U1 Build/NMF26X,Android 7.1.1,chrome 65.0 for android,2220x1080,mobile
D006335,SM-N950U1 Build/NMF26X,Android 7.1.1,chrome 65.0 for android,2961x1442,mobile
D006336,SM-N950U1 Build/R16NW,Android 8.0.0,chrome 65.0 for android,2220x1081,mobile
D006337,SM-N950W,,chrome 62.0 for android,,mobile
D006338,SM-P350 Build/MMB29M,,chrome 62.0 for android,,mobile
D006339,SM-P350 Build/MMB29M,,chrome 63.0 for android,,mobile
D006340,SM-P350 Build/MMB29M,,chrome 64.0 for android,,mobile
D006341,SM-P350 Build/MMB29M,,chrome 65.0 for android,,mobile
D006342,SM-P350 Build/MMB29M,,chrome 66.0 for android,,mobile
D006343,SM-P350 Build/MMB29M,,chrome generic for android,,mobile
D006344,SM-P355M Build/MMB29M,,chrome 55.0 for android,,mobile
D006345,SM-P355M Build/MMB29M,,chrome 60.0 for android,,mobile
D006346,SM-P355M Build/MMB29M,,chrome 61.0 for android,,mobile
D006347,SM-P355M Build/MMB29M,,chrome 65.0 for android,,mobile
D006348,SM-P355M Build/MMB29M,,chrome generic for android,,mobile
D006349,SM-P355M,,chrome 60.0 for android,,mobile
D006350,SM-P550 Build/MMB29M,,chrome 61.0 for android,,mobile
D006351,SM-P550 Build/MMB29M,,chrome 62.0 for android,,mobile
D006352,SM-P550 Build/MMB29M,,chrome 63.0 for android,,mobile
D006353,SM-P550 Build/NMF26X,,chrome 63.0 for android,,mobile
D006354,SM-P550 Build/NMF26X,,chrome 64.0 for android,,mobile
D006355,SM-P550 Build/NMF26X,,chrome 65.0 for android,,mobile
D006356,SM-P550 Build/NMF26X,,chrome 66.0 for android,,mobile
D006357,SM-P550 Build/NMF26X,Android 7.1.1,chrome 63.0 for android,1024x768,mobile
D006358,SM-P550,,chrome 66.0 for android,,mobile
D006359,SM-P580 Build/NRD90M,,chrome 56.0 for android,,mobile
D006360,SM-P580 Build/NRD90M,,chrome 62.0 for android,,mobile
D006361,SM-P580 Build/NRD90M,,chrome 63.0 for android,,mobile
D006362,SM-P580 Build/NRD90M,,chrome 64.0 for android,,mobile
D006363,SM-P580 Build/NRD90M,,chrome 65.0 for android,,mobile
D006364,SM-P580 Build/NRD90M,Android 7.0,chrome 63.0 for android,1920x1200,mobile
D006365,SM-P580 Build/NRD90M,Android 7.0,chrome 66.0 for android,1920x1200,mobile
D006366,SM-P600 Build/LMY47X,,chrome 62.0 for android,,mobile
D006367,SM-P600 Build/LMY47X,,chrome 64.0 for android,,mobile
D006368,SM-P600 Build/LMY47X,Android 5.1.1,chrome 61.0 for android,2560x1600,mobile
D006369,SM-P600 Build/LMY47X,Android 5.1.1,chrome 63.0 for android,2560x1600,mobile
D006370,SM-P600,,chrome 65.0 for android,,mobile
D006371,SM-P605V,,chrome 62.0 for android,,mobile
D006372,SM-P605V,Android 5.1.1,chrome 65.0 for android,2560x1600,mobile
D006373,SM-P607T,Android 5.1.1,chrome 54.0 for android,2560x1600,mobile
D006374,SM-P607T,Android 5.1.1,chrome 64.0 for android,2560x1600,mobile
D006375,SM-P900,Android 5.0.2,chrome 63.0 for android,2560x1600,mobile
D006376,SM-S120VL,Android 6.0.1,chrome 62.0 for android,801x480,mobile
D006377,SM-S320VL,,chrome 62.0 for android,,mobile
D006378,SM-S327VL,Android 6.0.1,chrome 63.0 for android,1280x720,mobile
D006379,SM-S327VL,Android 6.0.1,chrome 64.0 for android,1280x720,mobile
D006380,SM-S550TL,,chrome 62.0 for android,,mobile
D006381,SM-S727VL Build/MMB29M,,chrome 64.0 for android,,mobile
D006382,SM-S727VL Build/MMB29M,Android 6.0.1,chrome 63.0 for android,1280x720,mobile
D006383,SM-S727VL Build/MMB29M,Android 6.0.1,chrome 64.0 for android,1280x720,mobile
D006384,SM-S727VL Build/MMB29M,Android 6.0.1,chrome 65.0 for android,1280x720,mobile
D006385,SM-S820L,,chrome 62.0 for android,,mobile
D006386,SM-S902L,Android 4.4.2,chrome 63.0 for android,1920x1080,mobile
D006387,SM-S902L,Android 4.4.2,chrome 66.0 for android,1920x1080,mobile
D006388,SM-S903VL,Android 6.0.1,chrome 62.0 for android,1920x1080,mobile
D006389,SM-S903VL,Android 6.0.1,chrome 63.0 for android,1920x1080,mobile
D006390,SM-S906L,Android 5.0.2,chrome 59.0 for android,2560x1440,mobile
D006391,SM-S907VL,,chrome 59.0 for android,,mobile
D006392,SM-S920L,Android 5.0.2,chrome 61.0 for android,960x540,mobile
D006393,SM-S920L,Android 5.0.2,chrome 62.0 for android,960x540,mobile
D006394,SM-S920L,Android 5.0.2,chrome 63.0 for android,960x540,mobile
D006395,SM-S975L,Android,chrome 63.0 for android,1920x1080,mobile
D006396,SM-T110 Build/JDQ39,,chrome 63.0 for android,,mobile
D006397,SM-T110 Build/JDQ39,,chrome 64.0 for android,,mobile
D006398,SM-T110 Build/JDQ39,,chrome 66.0 for android,,mobile
D006399,SM-T110 Build/JDQ39,Android,chrome 63.0 for android,1024x600,mobile
D006400,SM-T110 Build/JDQ39,Android,chrome generic,1024x600,mobile
D006401,SM-T113 Build/KTU84P,,chrome 63.0 for android,,mobile
D006402,SM-T113 Build/KTU84P,,chrome 65.0 for android,,mobile
D006403,SM-T113 Build/KTU84P,,chrome 66.0 for android,,mobile
D006404,SM-T113NU Build/KTU84P,,chrome 46.0 for android,,mobile
D006405,SM-T113NU Build/KTU84P,,chrome 55.0 for android,,mobile
D006406,SM-T113NU Build/KTU84P,,chrome 62.0 for android,,mobile
D006407,SM-T113NU Build/KTU84P,,chrome 63.0 for android,,mobile
D006408,SM-T113NU Build/KTU84P,,chrome 65.0 for android,,mobile
D006409,SM-T113NU Build/KTU84P,,chrome 66.0 for android,,mobile
D006410,SM-T113NU Build/KTU84P,,chrome generic,,desktop
D006411,SM-T210,,chrome 64.0 for android,,mobile
D006412,SM-T217S Build/KOT49H,Android 4.4.2,chrome 64.0 for android,1024x600,mobile
D006413,SM-T230 Build/KOT49H,,chrome 56.0 for android,,mobile
D006414,SM-T230 Build/KOT49H,,chrome 62.0 for android,,mobile
D006415,SM-T230 Build/KOT49H,,chrome 63.0 for android,,mobile
D006416,SM-T230 Build/KOT49H,,chrome 64.0 for android,,mobile
D006417,SM-T230 Build/KOT49H,,chrome 65.0 for android,,mobile
D006418,SM-T230NU Build/KOT49H,,chrome 63.0 for android,,mobile
D006419,SM-T230NU Build/KOT49H,,chrome 65.0 for android,,mobile
D006420,SM-T230NU Build/KOT49H,Android 4.4.2,chrome 62.0 for android,,mobile
D006421,SM-T230NU Build/KOT49H,Android 4.4.2,chrome 63.0 for android,,mobile
D006422,SM-T237P,Android 5.1.1,chrome 62.0 for android,,mobile
D006423,SM-T280 Build/LMY47V,,chrome 62.0 for android,,mobile
D006424,SM-T280 Build/LMY47V,,chrome 63.0 for android,,mobile
D006425,SM-T280 Build/LMY47V,,chrome 64.0 for android,,mobile
D006426,SM-T280 Build/LMY47V,,chrome 65.0 for android,,mobile
D006427,SM-T280 Build/LMY47V,,chrome 66.0 for android,,mobile
D006428,SM-T280 Build/LMY47V,Android 5.1.1,android browser 4.0,,mobile
D006429,SM-T280 Build/LMY47V,Android 5.1.1,chrome 62.0 for android,,mobile
D006430,SM-T280 Build/LMY47V,Android 5.1.1,chrome 63.0 for android,,mobile
D006431,SM-T280 Build/LMY47V,Android 5.1.1,chrome 64.0 for android,,mobile
D006432,SM-T280 Build/LMY47V,Android 5.1.1,chrome 65.0 for android,,mobile
D006433,SM-T280 Build/LMY47V,Android 5.1.1,chrome 65.0 for android,1280x800,mobile
D006434,SM-T280 Build/LMY47V,Android 5.1.1,chrome 66.0 for android,1280x800,mobile
D006435,SM-T285M,,chrome 64.0 for android,,mobile
D006436,SM-T310 Build/KOT49H,,chrome 63.0 for android,,mobile
D006437,SM-T310 Build/KOT49H,,chrome 65.0 for android,,mobile
D006438,SM-T310 Build/KOT49H,,chrome 66.0 for android,,mobile
D006439,SM-T310 Build/KOT49H,,chrome generic,,desktop
D006440,SM-T310 Build/KOT49H,Android 4.4.2,chrome 63.0 for android,,mobile
D006441,SM-T310 Build/KOT49H,Android 4.4.2,chrome 64.0 for android,,mobile
D006442,SM-T320 Build/KOT49H,,chrome 55.0 for android,,mobile
D006443,SM-T320 Build/KOT49H,,chrome 64.0 for android,,mobile
D006444,SM-T330,,chrome 65.0 for android,,mobile
D006445,SM-T330NU Build/LMY47X,,chrome 63.0 for android,,mobile
D006446,SM-T330NU Build/LMY47X,,chrome 65.0 for android,,mobile
D006447,SM-T330NU Build/LMY47X,,chrome generic,,desktop
D006448,SM-T330NU Build/LMY47X,Android 5.1.1,chrome 61.0 for android,,mobile
D006449,SM-T337V,Android 5.1.1,chrome 62.0 for android,,mobile
D006450,SM-T350 Build/MMB29M,,chrome 64.0 for android,,mobile
D006451,SM-T350 Build/MMB29M,Android 6.0.1,chrome 56.0 for android,1024x768,mobile
D006452,SM-T350 Build/MMB29M,Android 6.0.1,chrome 61.0 for android,1024x768,mobile
D006453,SM-T350 Build/MMB29M,Android 6.0.1,chrome 62.0 for android,1024x768,mobile
D006454,SM-T350 Build/NMF26X,,android webview 4.0,,mobile
D006455,SM-T350 Build/NMF26X,,chrome 64.0 for android,,mobile
D006456,SM-T350 Build/NMF26X,,chrome 65.0 for android,,mobile
D006457,SM-T350 Build/NMF26X,Android 7.1.1,chrome 60.0 for android,,mobile
D006458,SM-T350 Build/NMF26X,Android 7.1.1,chrome 60.0 for android,1024x768,mobile
D006459,SM-T350 Build/NMF26X,Android 7.1.1,chrome 62.0 for android,1024x768,mobile
D006460,SM-T350 Build/NMF26X,Android 7.1.1,chrome 63.0 for android,,mobile
D006461,SM-T350 Build/NMF26X,Android 7.1.1,chrome 63.0 for android,1024x768,mobile
D006462,SM-T350 Build/NMF26X,Android 7.1.1,chrome 64.0 for android,1024x768,mobile
D006463,SM-T350 Build/NMF26X,Android 7.1.1,chrome 65.0 for android,1024x768,mobile
D006464,SM-T350 Build/NMF26X,Android 7.1.1,chrome 66.0 for android,1024x768,mobile
D006465,SM-T350 Build/NMF26X,Android 7.1.1,chrome generic for android,1024x768,mobile
D006466,SM-T355Y Build/NMF26X,,android webview 4.0,,mobile
D006467,SM-T377P Build/NMF26X,,chrome 63.0 for android,,mobile
D006468,SM-T377P Build/NMF26X,Android 7.1.1,chrome 60.0 for android,,mobile
D006469,SM-T377P Build/NMF26X,Android 7.1.1,chrome 64.0 for android,,mobile
D006470,SM-T377P Build/NMF26X,Android 7.1.1,chrome 66.0 for android,1280x800,mobile
D006471,SM-T377P,,chrome 63.0 for android,,mobile
D006472,SM-T377T,Android 7.1.1,chrome 61.0 for android,,mobile
D006473,SM-T377T,Android 7.1.1,chrome 65.0 for android,1280x800,mobile
D006474,SM-T377V Build/NMF26X,,chrome 65.0 for android,,mobile
D006475,SM-T377V Build/NMF26X,Android 7.1.1,chrome 61.0 for android,,mobile
D006476,SM-T377V Build/NMF26X,Android 7.1.1,chrome 62.0 for android,,mobile
D006477,SM-T377V Build/NMF26X,Android 7.1.1,chrome 63.0 for android,,mobile
D006478,SM-T377V Build/NMF26X,Android 7.1.1,chrome 64.0 for android,,mobile
D006479,SM-T377V Build/NMF26X,Android 7.1.1,chrome 65.0 for android,1280x800,mobile
D006480,SM-T377V Build/NMF26X,Android 7.1.1,other,,mobile
D006481,SM-T377V,Android 6.0.1,chrome 59.0 for android,,mobile
D006482,SM-T377V,Android 6.0.1,chrome 62.0 for android,,mobile
D006483,SM-T377W,Android 6.0.1,chrome 62.0 for android,,mobile
D006484,SM-T380,,chrome 65.0 for android,,mobile
D006485,SM-T520,Android 4.4.2,chrome 62.0 for android,2560x1600,mobile
D006486,SM-T520,Android 4.4.2,chrome 63.0 for android,2560x1600,mobile
D006487,SM-T520,Android 4.4.2,chrome 65.0 for android,2560x1600,mobile
D006488,SM-T530 Build/LRX22G,,chrome 63.0 for android,,mobile
D006489,SM-T530 Build/LRX22G,,chrome 64.0 for android,,mobile
D006490,SM-T530 Build/LRX22G,,chrome 66.0 for android,,mobile
D006491,SM-T530 Build/LRX22G,,chrome,,mobile
D006492,SM-T530,,chrome 63.0 for android,,mobile
D006493,SM-T530NU Build/LRX22G,,chrome 54.0 for android,,mobile
D006494,SM-T530NU Build/LRX22G,Android 5.0.2,chrome 62.0 for android,1280x800,mobile
D006495,SM-T530NU Build/LRX22G,Android 5.0.2,chrome 63.0 for android,1280x800,mobile
D006496,SM-T530NU Build/LRX22G,Android 5.0.2,chrome 64.0 for android,1280x800,mobile
D006497,SM-T530NU Build/LRX22G,Android 5.0.2,chrome 65.0 for android,1280x800,mobile
D006498,SM-T530NU Build/LRX22G,Android 5.0.2,chrome 66.0 for android,1280x800,mobile
D006499,SM-T537V,,chrome 50.0 for android,,mobile
D006500,SM-T550 Build/NMF26X,,chrome 60.0 for android,,mobile
D006501,SM-T550 Build/NMF26X,,chrome 63.0 for android,,mobile
D006502,SM-T550 Build/NMF26X,,chrome 65.0 for android,,mobile
D006503,SM-T550 Build/NMF26X,Android 7.1.1,chrome 60.0 for android,1024x768,mobile
D006504,SM-T550 Build/NMF26X,Android 7.1.1,chrome 61.0 for android,1024x768,mobile
D006505,SM-T550 Build/NMF26X,Android 7.1.1,chrome 62.0 for android,1024x768,mobile
D006506,SM-T550 Build/NMF26X,Android 7.1.1,chrome 63.0 for android,1024x768,mobile
D006507,SM-T550 Build/NMF26X,Android 7.1.1,chrome 64.0 for android,1024x768,mobile
D006508,SM-T550 Build/NMF26X,Android 7.1.1,chrome 65.0 for android,1024x768,mobile
D006509,SM-T550 Build/NMF26X,Android 7.1.1,chrome 66.0 for android,1024x768,mobile
D006510,SM-T550 Build/NMF26X,Android 7.1.1,other,1024x768,mobile
D006511,SM-T550,,chrome 63.0 for android,,mobile
D006512,SM-T550,Android 5.0.2,chrome 53.0 for android,1024x768,mobile
D006513,SM-T550,Android 6.0.1,chrome 62.0 for android,1024x768,mobile
D006514,SM-T550,Android 6.0.1,chrome 63.0 for android,1024x768,mobile
D006515,SM-T555,,chrome 59.0 for android,,mobile
D006516,SM-T555,,chrome 63.0 for android,,mobile
D006517,SM-T555,,chrome 66.0 for android,,mobile
D006518,SM-T560 Build/KTU84P,,chrome 52.0 for android,,mobile
D006519,SM-T560 Build/KTU84P,,chrome 55.0 for android,,mobile
D006520,SM-T560 Build/KTU84P,,chrome 56.0 for android,,mobile
D006521,SM-T560 Build/KTU84P,,chrome 58.0 for android,,mobile
D006522,SM-T560 Build/KTU84P,,chrome 62.0 for android,,mobile
D006523,SM-T560 Build/KTU84P,,chrome 63.0 for android,,mobile
D006524,SM-T560 Build/KTU84P,,chrome 64.0 for android,,mobile
D006525,SM-T560 Build/KTU84P,,chrome 65.0 for android,,mobile
D006526,SM-T560 Build/KTU84P,,chrome 66.0 for android,,mobile
D006527,SM-T560 Build/KTU84P,,chrome generic,,desktop
D006528,SM-T560 Build/KTU84P,,chrome,,mobile
D006529,SM-T560NU Build/MMB29M,Android 6.0.1,chrome 59.0 for android,1280x800,mobile
D006530,SM-T560NU Build/MMB29M,Android 6.0.1,chrome 61.0 for android,1280x800,mobile
D006531,SM-T560NU Build/MMB29M,Android 6.0.1,chrome 62.0 for android,1280x800,mobile
D006532,SM-T560NU Build/MMB29M,Android 6.0.1,chrome 63.0 for android,1280x800,mobile
D006533,SM-T560NU Build/MMB29M,Android 6.0.1,chrome 65.0 for android,1280x800,mobile
D006534,SM-T560NU Build/NMF26X,,chrome 63.0 for android,,mobile
D006535,SM-T560NU Build/NMF26X,,chrome 66.0 for android,,mobile
D006536,SM-T560NU Build/NMF26X,,other,,mobile
D006537,SM-T560NU Build/NMF26X,Android 7.1.1,chrome 62.0 for android,1280x800,mobile
D006538,SM-T560NU Build/NMF26X,Android 7.1.1,chrome 63.0 for android,1280x800,mobile
D006539,SM-T560NU Build/NMF26X,Android 7.1.1,chrome 64.0 for android,1280x800,mobile
D006540,SM-T560NU Build/NMF26X,Android 7.1.1,chrome 65.0 for android,1281x800,mobile
D006541,SM-T560NU Build/NMF26X,Android 7.1.1,chrome generic for android,1280x800,mobile
D006542,SM-T580 Build/NRD90M,,chrome 56.0 for android,,mobile
D006543,SM-T580 Build/NRD90M,,chrome 62.0 for android,,mobile
D006544,SM-T580 Build/NRD90M,,chrome 64.0 for android,,mobile
D006545,SM-T580 Build/NRD90M,,chrome 65.0 for android,,mobile
D006546,SM-T580 Build/NRD90M,,chrome 66.0 for android,,mobile
D006547,SM-T580 Build/NRD90M,,opera,,mobile
D006548,SM-T580 Build/NRD90M,Android 7.0,chrome 62.0 for android,,mobile
D006549,SM-T580 Build/NRD90M,Android 7.0,chrome 62.0 for android,1920x1200,mobile
D006550,SM-T580 Build/NRD90M,Android 7.0,chrome 63.0 for android,,mobile
D006551,SM-T580 Build/NRD90M,Android 7.0,chrome 63.0 for android,1920x1200,mobile
D006552,SM-T580 Build/NRD90M,Android 7.0,chrome 65.0 for android,1920x1200,mobile
D006553,SM-T580 Build/NRD90M,Android 7.0,chrome generic for android,1920x1200,mobile
D006554,SM-T580,Android 6.0.1,chrome 64.0 for android,1920x1200,mobile
D006555,SM-T585,,chrome 64.0 for android,,mobile
D006556,SM-T587P,Android 6.0.1,chrome 63.0 for android,1920x1200,mobile
D006557,SM-T670,Android 5.1.1,chrome 66.0 for android,1920x1080,mobile
D006558,SM-T700 Build/MMB29K,,chrome 62.0 for android,,mobile
D006559,SM-T700 Build/MMB29K,,chrome 64.0 for android,,mobile
D006560,SM-T700 Build/MMB29K,,chrome 65.0 for android,,mobile
D006561,SM-T700 Build/MMB29K,,chrome 66.0 for android,,mobile
D006562,SM-T700 Build/MMB29K,,chrome generic for android,,mobile
D006563,SM-T700 Build/MMB29K,Android 6.0.1,chrome 52.0 for android,2560x1600,mobile
D006564,SM-T705,,chrome 63.0 for android,,mobile
D006565,SM-T710 Build/NRD90M,,chrome 62.0 for android,,mobile
D006566,SM-T710 Build/NRD90M,,chrome 63.0 for android,,mobile
D006567,SM-T710 Build/NRD90M,,chrome 64.0 for android,,mobile
D006568,SM-T710 Build/NRD90M,,chrome 65.0 for android,,mobile
D006569,SM-T710 Build/NRD90M,,chrome generic for android,,mobile
D006570,SM-T710 Build/NRD90M,Android 7.0,chrome 60.0 for android,2048x1536,mobile
D006571,SM-T710 Build/NRD90M,Android 7.0,chrome 62.0 for android,2048x1536,mobile
D006572,SM-T710 Build/NRD90M,Android 7.0,chrome 63.0 for android,2048x1536,mobile
D006573,SM-T713 Build/NRD90M,,chrome 59.0 for android,,mobile
D006574,SM-T713 Build/NRD90M,,chrome 62.0 for android,,mobile
D006575,SM-T713 Build/NRD90M,,chrome 63.0 for android,,mobile
D006576,SM-T713 Build/NRD90M,,chrome 64.0 for android,,mobile
D006577,SM-T713 Build/NRD90M,,chrome 66.0 for android,,mobile
D006578,SM-T713 Build/NRD90M,,chrome generic for android,,mobile
D006579,SM-T713 Build/NRD90M,Android 7.0,chrome 62.0 for android,2048x1536,mobile
D006580,SM-T713 Build/NRD90M,Android 7.0,chrome 63.0 for android,2048x1536,mobile
D006581,SM-T800 Build/MMB29K,,chrome 50.0 for android,,mobile
D006582,SM-T800 Build/MMB29K,,chrome 55.0 for android,,mobile
D006583,SM-T800 Build/MMB29K,,chrome 62.0 for android,,mobile
D006584,SM-T800 Build/MMB29K,,chrome 63.0 for android,,mobile
D006585,SM-T800 Build/MMB29K,,chrome 64.0 for android,,mobile
D006586,SM-T800 Build/MMB29K,,chrome 66.0 for android,,mobile
D006587,SM-T800 Build/MMB29K,Android 6.0.1,chrome 52.0 for android,2560x1600,mobile
D006588,SM-T800 Build/MMB29K,Android 6.0.1,chrome 62.0 for android,2560x1600,mobile
D006589,SM-T800 Build/MMB29K,Android 6.0.1,chrome 63.0 for android,2560x1600,mobile
D006590,SM-T800 Build/MMB29K,Android 6.0.1,chrome 64.0 for android,2560x1600,mobile
D006591,SM-T800,,chrome 59.0 for android,,mobile
D006592,SM-T800,,chrome 63.0 for android,,mobile
D006593,SM-T800,,chrome 64.0 for android,,mobile
D006594,SM-T807T,Android 4.4.2,chrome 63.0 for android,2560x1600,mobile
D006595,SM-T807V,Android 6.0.1,chrome 62.0 for android,2560x1600,mobile
D006596,SM-T807V,Android 6.0.1,chrome 65.0 for android,2560x1600,mobile
D006597,SM-T810 Build/NRD90M,,chrome 63.0 for android,,mobile
D006598,SM-T810 Build/NRD90M,,chrome 64.0 for android,,mobile
D006599,SM-T810 Build/NRD90M,,chrome generic for android,,mobile
D006600,SM-T810 Build/NRD90M,Android 7.0,chrome 61.0 for android,2048x1536,mobile
D006601,SM-T810 Build/NRD90M,Android 7.0,chrome 62.0 for android,2048x1536,mobile
D006602,SM-T810 Build/NRD90M,Android 7.0,chrome 63.0 for android,2048x1536,mobile
D006603,SM-T810 Build/NRD90M,Android 7.0,chrome 65.0 for android,2048x1536,mobile
D006604,SM-T810,,chrome 65.0 for android,,mobile
D006605,SM-T813 Build/NRD90M,,chrome 63.0 for android,,mobile
D006606,SM-T813 Build/NRD90M,,chrome 64.0 for android,,mobile
D006607,SM-T813 Build/NRD90M,,chrome 65.0 for android,,mobile
D006608,SM-T813 Build/NRD90M,Android 7.0,chrome 62.0 for android,2048x1536,mobile
D006609,SM-T813 Build/NRD90M,Android 7.0,chrome 63.0 for android,,mobile
D006610,SM-T813 Build/NRD90M,Android 7.0,chrome 63.0 for android,2048x1536,mobile
D006611,SM-T813 Build/NRD90M,Android 7.0,chrome 66.0 for android,2048x1536,mobile
D006612,SM-T813 Build/NRD90M,Android 7.0,opera,2048x1536,mobile
D006613,SM-T817T,Android 7.0,chrome 63.0 for android,2048x1536,mobile
D006614,SM-T817V Build/NRD90M,Android 7.0,chrome 62.0 for android,2048x1536,mobile
D006615,SM-T817V Build/NRD90M,Android 7.0,chrome 63.0 for android,2048x1536,mobile
D006616,SM-T817V Build/NRD90M,Android 7.0,chrome 65.0 for android,2048x1536,mobile
D006617,SM-T817V Build/NRD90M,Android 7.0,chrome generic for android,2048x1536,mobile
D006618,SM-T818V,Android 7.0,chrome 62.0 for android,,mobile
D006619,SM-T820 Build/NRD90M,,chrome 63.0 for android,,mobile
D006620,SM-T820 Build/NRD90M,,chrome 66.0 for android,,mobile
D006621,SM-T820 Build/NRD90M,Android 7.0,chrome 63.0 for android,,mobile
D006622,SM-T820 Build/NRD90M,Android 7.0,chrome 63.0 for android,2048x1536,mobile
D006623,SM-T820 Build/NRD90M,Android 7.0,chrome 64.0 for android,2048x1536,mobile
D006624,SM-T820 Build/NRD90M,Android 7.0,chrome generic for android,,mobile
D006625,SM-T825 Build/NRD90M,,chrome 63.0 for android,,mobile
D006626,SM-T825 Build/NRD90M,,chrome 65.0 for android,,mobile
D006627,SM-T825 Build/NRD90M,,chrome generic for android,,mobile
D006628,SM-T827R4,Android 7.0,chrome 64.0 for android,2048x1536,mobile
D006629,SM-T827V Build/NRD90M,Android 7.0,chrome 58.0 for android,2048x1536,mobile
D006630,SM-T827V Build/NRD90M,Android 7.0,chrome 61.0 for android,2048x1536,mobile
D006631,SM-T827V Build/NRD90M,Android 7.0,chrome 62.0 for android,2048x1536,mobile
D006632,SM-T827V Build/NRD90M,Android 7.0,chrome 63.0 for android,,mobile
D006633,SM-T827V Build/NRD90M,Android 7.0,chrome 63.0 for android,2048x1536,mobile
D006634,SM-T827V Build/NRD90M,Android 7.0,chrome 65.0 for android,2048x1536,mobile
D006635,SMART,,chrome 55.0 for android,,mobile
D006636,SOV33 Build/35.0.D.2.25,,chrome 54.0 for android,,mobile
D006637,SP7731G,,other,,mobile
D006638,SPH-L720,Android,chrome 62.0 for android,1920x1080,mobile
D006639,SPH-L720T,Android,chrome 65.0 for android,1920x1080,mobile
D006640,STELLAR,,chrome 65.0 for android,,mobile
D006641,STF-L09 Build/HUAWEISTF-L09,,chrome 64.0 for android,,mobile
D006642,STF-L09 Build/HUAWEISTF-L09,,chrome 65.0 for android,,mobile
D006643,STF-L09 Build/HUAWEISTF-L09,,chrome 66.0 for android,,mobile
D006644,STF-L09 Build/HUAWEISTF-L09,,chrome generic for android,,mobile
D006645,STK_Sync_5e,,chrome 64.0 for android,,mobile
D006646,STK_Sync_5e,,chrome 65.0 for android,,mobile
D006647,STUDIO_G_HD,,chrome 52.0 for android,,mobile
D006648,STV100-1,,chrome 63.0 for android,,mobile
D006649,STV100-1,,chrome 65.0 for android,,mobile
D006650,STV100-1,Android 6.0.1,chrome 64.0 for android,2562x1442,mobile
D006651,STV100-2 Build/MMB29M,,chrome 63.0 for android,,mobile
D006652,STV100-2 Build/MMB29M,,chrome 64.0 for android,,mobile
D006653,STV100-2 Build/MMB29M,Android 6.0.1,chrome 62.0 for android,2562x1442,mobile
D006654,STV100-2 Build/MMB29M,Android 6.0.1,chrome 63.0 for android,2562x1442,mobile
D006655,STV100-3,Android 6.0.1,chrome 63.0 for android,2562x1442,mobile
D006656,STV100-4 Build/LMY47V,,chrome 64.0 for android,,mobile
D006657,Shift Build/LMY47I,,chrome 46.0 for android,,mobile
D006658,Star,,chrome generic,,desktop
D006659,Stellar,,chrome 61.0 for android,,mobile
D006660,Studio,,chrome 63.0 for android,,mobile
D006661,Studio,Android 6.0,chrome 63.0 for android,1280x720,mobile
D006662,Studio,Android 6.0,chrome 64.0 for android,1280x720,mobile
D006663,Swift,,chrome 65.0 for android,,mobile
D006664,T08,Android 6.0,chrome 65.0 for android,1280x720,mobile
D006665,T1,,chrome 63.0 for android,,mobile
D006666,T1,,chrome 64.0 for android,,mobile
D006667,TA-1003,,chrome 62.0 for android,,mobile
D006668,TA-1004,,,,mobile
D006669,TA-1020,,chrome 65.0 for android,,mobile
D006670,TA-1025 Build/NMF26F,,chrome 64.0 for android,,mobile
D006671,TA-1025 Build/NMF26F,,other,,mobile
D006672,TA-1025 Build/OPR1.170623.026,,chrome 66.0 for android,,mobile
D006673,TA-1025 Build/OPR1.170623.026,Android 8.1.0,chrome 66.0 for android,1920x1080,mobile
D006674,TA-1025,,chrome 63.0 for android,,mobile
D006675,TA-1025,,chrome 65.0 for android,,mobile
D006676,TA-1027 Build/N2G47H,,chrome 63.0 for android,,mobile
D006677,TA-1027 Build/N2G47H,,chrome 65.0 for android,,mobile
D006678,TA-1027 Build/OPR1.170623.026,,,,mobile
D006679,TA-1027 Build/OPR1.170623.026,,chrome 66.0 for android,,mobile
D006680,TA-1027,,chrome 63.0 for android,,mobile
D006681,TA-1027,,chrome 64.0 for android,,mobile
D006682,TA-1027,,chrome 65.0 for android,,mobile
D006683,TA-1028 Build/NMF26O,,chrome 63.0 for android,,mobile
D006684,TA-1028 Build/NMF26O,,chrome 64.0 for android,,mobile
D006685,TA-1028 Build/NMF26O,,chrome 66.0 for android,,mobile
D006686,TA-1028 Build/NMF26O,,chrome generic for android,,mobile
D006687,TA-1028 Build/NRD90M,,chrome 63.0 for android,,mobile
D006688,TA-1028 Build/NRD90M,,chrome 65.0 for android,,mobile
D006689,TA-1028 Build/O00623,,chrome 66.0 for android,,mobile
D006690,TA-1032,,chrome 56.0 for android,,mobile
D006691,TA-1038 Build/NMF26O,,chrome 63.0 for android,,mobile
D006692,TA-1038 Build/NMF26O,,chrome 64.0 for android,,mobile
D006693,TA-1038 Build/NMF26O,,chrome 65.0 for android,,mobile
D006694,TA-1038 Build/NMF26O,,chrome 66.0 for android,,mobile
D006695,TA-1038 Build/O00623,,chrome 65.0 for android,,mobile
D006696,TA-1038,,chrome 63.0 for android,,mobile
D006697,TA-1039 Build/N2G47H,,chrome 62.0 for android,,mobile
D006698,TA-1039 Build/N2G47H,,chrome 63.0 for android,,mobile
D006699,TA-1039 Build/N2G47H,,chrome 64.0 for android,,mobile
D006700,TA-1039 Build/N2G47H,,chrome generic for android,,mobile
D006701,TA-1039 Build/NMF26F,,chrome 62.0 for android,,mobile
D006702,TA-1039 Build/NMF26F,,chrome 63.0 for android,,mobile
D006703,TA-1039 Build/NMF26F,,chrome 64.0 for android,,mobile
D006704,TA-1039 Build/NMF26F,,chrome 65.0 for android,,mobile
D006705,TA-1039 Build/NMF26F,,other,,mobile
D006706,TA-1044 Build/NMF26F,,chrome 63.0 for android,,mobile
D006707,TA-1044 Build/NMF26F,,chrome 64.0 for android,,mobile
D006708,TA-1044 Build/NMF26F,,chrome 65.0 for android,,mobile
D006709,TA-1044 Build/OPR1.170623.026,,,,mobile
D006710,TA-1044 Build/OPR1.170623.026,,chrome 64.0 for android,,mobile
D006711,TA-1044 Build/OPR1.170623.026,,chrome 66.0 for android,,mobile
D006712,TA-1044,,chrome 64.0 for android,,mobile
D006713,TA-1052,Android 8.1.0,,2562x1442,mobile
D006714,TAB7,,chrome generic,,mobile
D006715,TOMMY2,,chrome 62.0 for android,,mobile
D006716,TOMMY2,,chrome 65.0 for android,,mobile
D006717,TR10CS1 Build/JDQ39,,chrome 63.0 for android,,mobile
D006718,TR10CS1 Build/JDQ39,,chrome generic,,desktop
D006719,TREKKER-M1,,chrome 62.0 for android,,mobile
D006720,TREKKER-X3 Build/MMB29M,,chrome 63.0 for android,,mobile
D006721,TREKKER-X3 Build/MMB29M,,chrome 64.0 for android,,mobile
D006722,TREKKER-X3 Build/MMB29M,,chrome 66.0 for android,,mobile
D006723,TRT-L53 Build/HUAWEITRT-L53,,chrome 59.0 for android,,mobile
D006724,TRT-L53 Build/HUAWEITRT-L53,,chrome 62.0 for android,,mobile
D006725,TRT-L53 Build/HUAWEITRT-L53,,chrome 63.0 for android,,mobile
D006726,TRT-L53 Build/HUAWEITRT-L53,,chrome 64.0 for android,,mobile
D006727,TRT-L53 Build/HUAWEITRT-L53,,chrome 65.0 for android,,mobile
D006728,TRT-L53 Build/HUAWEITRT-L53,,chrome 66.0 for android,,mobile
D006729,TRT-L53 Build/HUAWEITRT-L53,,chrome generic for android,,mobile
D006730,TRT-L53 Build/HUAWEITRT-L53,,samsung browser 6.2,,mobile
D006731,TRT-LX3,,chrome 59.0 for android,,mobile
D006732,TRT-LX3,,chrome 63.0 for android,,mobile
D006733,Tab2A7-10F,,chrome 63.0 for android,,mobile
D006734,Techpad,,chrome 64.0 for android,,mobile
D006735,Techpad,,chrome 66.0 for android,,mobile
D006736,Techpad,,chrome generic for android,,mobile
D006737,Tmovi Build/Vision,,chrome 64.0 for android,,mobile
D006738,Tmovi Build/Vision,,chrome 65.0 for android,,mobile
D006739,Tmovi Build/Vision,,chrome generic,,desktop
D006740,Tornado,,chrome 62.0 for android,,mobile
D006741,Touch,,ie 11.0 for desktop,,desktop
D006742,Touch,,ie 11.0 for tablet,,desktop
D006743,Touch,Windows 8.1,ie 11.0 for desktop,,desktop
D006744,Touch,Windows 8.1,ie 11.0 for desktop,1280x800,desktop
D006745,Touch,Windows 8.1,ie 11.0 for desktop,1368x768,desktop
D006746,Trident/7.0,,Microsoft/Windows,,mobile
D006747,Trident/7.0,,ie 11.0 for desktop,,desktop
D006748,Trident/7.0,,ie 11.0 for tablet,,desktop
D006749,Trident/7.0,Windows 10,ie 11.0 for desktop,,desktop
D006750,Trident/7.0,Windows 10,ie 11.0 for desktop,1024x768,desktop
D006751,Trident/7.0,Windows 10,ie 11.0 for desktop,1152x864,desktop
D006752,Trident/7.0,Windows 10,ie 11.0 for desktop,1279x1023,desktop
D006753,Trident/7.0,Windows 10,ie 11.0 for desktop,1280x1023,desktop
D006754,Trident/7.0,Windows 10,ie 11.0 for desktop,1280x1024,desktop
D006755,Trident/7.0,Windows 10,ie 11.0 for desktop,1280x720,desktop
D006756,Trident/7.0,Windows 10,ie 11.0 for desktop,1280x768,desktop
D006757,Trident/7.0,Windows 10,ie 11.0 for desktop,1280x800,desktop
D006758,Trident/7.0,Windows 10,ie 11.0 for desktop,1280x960,desktop
D006759,Trident/7.0,Windows 10,ie 11.0 for desktop,1360x768,desktop
D006760,Trident/7.0,Windows 10,ie 11.0 for desktop,1365x768,desktop
D006761,Trident/7.0,Windows 10,ie 11.0 for desktop,1366x767,desktop
D006762,Trident/7.0,Windows 10,ie 11.0 for desktop,1366x768,desktop
D006763,Trident/7.0,Windows 10,ie 11.0 for desktop,1440x900,desktop
D006764,Trident/7.0,Windows 10,ie 11.0 for desktop,1599x899,desktop
D006765,Trident/7.0,Windows 10,ie 11.0 for desktop,1599x900,desktop
D006766,Trident/7.0,Windows 10,ie 11.0 for desktop,1600x1200,desktop
D006767,Trident/7.0,Windows 10,ie 11.0 for desktop,1600x899,desktop
D006768,Trident/7.0,Windows 10,ie 11.0 for desktop,1600x900,desktop
D006769,Trident/7.0,Windows 10,ie 11.0 for desktop,1679x1049,desktop
D006770,Trident/7.0,Windows 10,ie 11.0 for desktop,1680x1049,desktop
D006771,Trident/7.0,Windows 10,ie 11.0 for desktop,1680x1050,desktop
D006772,Trident/7.0,Windows 10,ie 11.0 for desktop,1768x992,desktop
D006773,Trident/7.0,Windows 10,ie 11.0 for desktop,1776x1000,desktop
D006774,Trident/7.0,Windows 10,ie 11.0 for desktop,1919x1079,desktop
D006775,Trident/7.0,Windows 10,ie 11.0 for desktop,1919x1080,desktop
D006776,Trident/7.0,Windows 10,ie 11.0 for desktop,1919x1199,desktop
D006777,Trident/7.0,Windows 10,ie 11.0 for desktop,1919x1200,desktop
D006778,Trident/7.0,Windows 10,ie 11.0 for desktop,1920x1079,desktop
D006779,Trident/7.0,Windows 10,ie 11.0 for desktop,1920x1080,desktop
D006780,Trident/7.0,Windows 10,ie 11.0 for desktop,1920x1200,desktop
D006781,Trident/7.0,Windows 10,ie 11.0 for desktop,2560x1080,desktop
D006782,Trident/7.0,Windows 10,ie 11.0 for desktop,2560x1440,desktop
D006783,Trident/7.0,Windows 10,ie 11.0 for desktop,2880x1800,desktop
D006784,Trident/7.0,Windows 10,ie 11.0 for desktop,3440x1440,desktop
D006785,Trident/7.0,Windows 10,ie 11.0 for desktop,3838x2158,desktop
D006786,Trident/7.0,Windows 10,ie 11.0 for desktop,3840x2160,desktop
D006787,Trident/7.0,Windows 10,ie 11.0 for tablet,,desktop
D006788,Trident/7.0,Windows 10,ie 11.0 for tablet,1280x1024,desktop
D006789,Trident/7.0,Windows 10,ie 11.0 for tablet,1280x800,desktop
D006790,Trident/7.0,Windows 10,ie 11.0 for tablet,1360x768,desktop
D006791,Trident/7.0,Windows 10,ie 11.0 for tablet,1365x768,desktop
D006792,Trident/7.0,Windows 10,ie 11.0 for tablet,1366x767,desktop
D006793,Trident/7.0,Windows 10,ie 11.0 for tablet,1366x768,desktop
D006794,Trident/7.0,Windows 10,ie 11.0 for tablet,1440x900,desktop
D006795,Trident/7.0,Windows 10,ie 11.0 for tablet,1599x900,desktop
D006796,Trident/7.0,Windows 10,ie 11.0 for tablet,1600x900,desktop
D006797,Trident/7.0,Windows 10,ie 11.0 for tablet,1679x1049,desktop
D006798,Trident/7.0,Windows 10,ie 11.0 for tablet,1680x1050,desktop
D006799,Trident/7.0,Windows 10,ie 11.0 for tablet,1919x1079,desktop
D006800,Trident/7.0,Windows 10,ie 11.0 for tablet,1919x1080,desktop
D006801,Trident/7.0,Windows 10,ie 11.0 for tablet,1920x1080,desktop
D006802,Trident/7.0,Windows 10,ie 11.0 for tablet,1920x1200,desktop
D006803,Trident/7.0,Windows 10,ie 11.0 for tablet,2100x1312,desktop
D006804,Trident/7.0,Windows 10,ie 11.0 for tablet,2159x1439,desktop
D006805,Trident/7.0,Windows 10,ie 11.0 for tablet,2159x1440,desktop
D006806,Trident/7.0,Windows 10,ie 11.0 for tablet,2160x1440,desktop
D006807,Trident/7.0,Windows 10,ie 11.0 for tablet,2559x1440,desktop
D006808,Trident/7.0,Windows 10,ie 11.0 for tablet,2560x1440,desktop
D006809,Trident/7.0,Windows 10,ie 11.0 for tablet,2735x1823,desktop
D006810,Trident/7.0,Windows 10,ie 11.0 for tablet,2735x1825,desktop
D006811,Trident/7.0,Windows 10,ie 11.0 for tablet,2736x1824,desktop
D006812,Trident/7.0,Windows 10,ie 11.0 for tablet,3000x2000,desktop
D006813,Trident/7.0,Windows 10,ie 11.0 for tablet,3200x1800,desktop
D006814,Trident/7.0,Windows 10,ie 11.0 for tablet,3440x1440,desktop
D006815,Trident/7.0,Windows 10,ie 11.0 for tablet,3840x2160,desktop
D006816,Trident/7.0,Windows 7,ie 11.0 for desktop,,desktop
D006817,Trident/7.0,Windows 7,ie 11.0 for desktop,1023x768,desktop
D006818,Trident/7.0,Windows 7,ie 11.0 for desktop,1024x768,desktop
D006819,Trident/7.0,Windows 7,ie 11.0 for desktop,1062x630,desktop
D006820,Trident/7.0,Windows 7,ie 11.0 for desktop,1120x700,desktop
D006821,Trident/7.0,Windows 7,ie 11.0 for desktop,1152x720,desktop
D006822,Trident/7.0,Windows 7,ie 11.0 for desktop,1152x864,desktop
D006823,Trident/7.0,Windows 7,ie 11.0 for desktop,1279x1023,desktop
D006824,Trident/7.0,Windows 7,ie 11.0 for desktop,1279x1024,desktop
D006825,Trident/7.0,Windows 7,ie 11.0 for desktop,1280x1023,desktop
D006826,Trident/7.0,Windows 7,ie 11.0 for desktop,1280x1024,desktop
D006827,Trident/7.0,Windows 7,ie 11.0 for desktop,1280x620,desktop
D006828,Trident/7.0,Windows 7,ie 11.0 for desktop,1280x720,desktop
D006829,Trident/7.0,Windows 7,ie 11.0 for desktop,1280x768,desktop
D006830,Trident/7.0,Windows 7,ie 11.0 for desktop,1280x800,desktop
D006831,Trident/7.0,Windows 7,ie 11.0 for desktop,1280x960,desktop
D006832,Trident/7.0,Windows 7,ie 11.0 for desktop,1296x774,desktop
D006833,Trident/7.0,Windows 7,ie 11.0 for desktop,1360x768,desktop
D006834,Trident/7.0,Windows 7,ie 11.0 for desktop,1364x768,desktop
D006835,Trident/7.0,Windows 7,ie 11.0 for desktop,1365x767,desktop
D006836,Trident/7.0,Windows 7,ie 11.0 for desktop,1365x768,desktop
D006837,Trident/7.0,Windows 7,ie 11.0 for desktop,1366x767,desktop
D006838,Trident/7.0,Windows 7,ie 11.0 for desktop,1366x768,desktop
D006839,Trident/7.0,Windows 7,ie 11.0 for desktop,1439x900,desktop
D006840,Trident/7.0,Windows 7,ie 11.0 for desktop,1440x810,desktop
D006841,Trident/7.0,Windows 7,ie 11.0 for desktop,1440x899,desktop
D006842,Trident/7.0,Windows 7,ie 11.0 for desktop,1440x900,desktop
D006843,Trident/7.0,Windows 7,ie 11.0 for desktop,1440x960,desktop
D006844,Trident/7.0,Windows 7,ie 11.0 for desktop,1599x899,desktop
D006845,Trident/7.0,Windows 7,ie 11.0 for desktop,1599x900,desktop
D006846,Trident/7.0,Windows 7,ie 11.0 for desktop,1600x1200,desktop
D006847,Trident/7.0,Windows 7,ie 11.0 for desktop,1600x837,desktop
D006848,Trident/7.0,Windows 7,ie 11.0 for desktop,1600x899,desktop
D006849,Trident/7.0,Windows 7,ie 11.0 for desktop,1600x900,desktop
D006850,Trident/7.0,Windows 7,ie 11.0 for desktop,1679x1049,desktop
D006851,Trident/7.0,Windows 7,ie 11.0 for desktop,1680x1049,desktop
D006852,Trident/7.0,Windows 7,ie 11.0 for desktop,1680x1050,desktop
D006853,Trident/7.0,Windows 7,ie 11.0 for desktop,1912x1025,desktop
D006854,Trident/7.0,Windows 7,ie 11.0 for desktop,1919x1079,desktop
D006855,Trident/7.0,Windows 7,ie 11.0 for desktop,1919x1080,desktop
D006856,Trident/7.0,Windows 7,ie 11.0 for desktop,1919x1200,desktop
D006857,Trident/7.0,Windows 7,ie 11.0 for desktop,1920x1018,desktop
D006858,Trident/7.0,Windows 7,ie 11.0 for desktop,1920x1079,desktop
D006859,Trident/7.0,Windows 7,ie 11.0 for desktop,1920x1080,desktop
D006860,Trident/7.0,Windows 7,ie 11.0 for desktop,1920x1200,desktop
D006861,Trident/7.0,Windows 7,ie 11.0 for desktop,2559x1439,desktop
D006862,Trident/7.0,Windows 7,ie 11.0 for desktop,2560x1080,desktop
D006863,Trident/7.0,Windows 7,ie 11.0 for desktop,2560x1440,desktop
D006864,Trident/7.0,Windows 7,ie 11.0 for desktop,3360x1050,desktop
D006865,Trident/7.0,Windows 7,ie 11.0 for desktop,3440x1440,desktop
D006866,Trident/7.0,Windows 8,ie 11.0 for desktop,1600x900,desktop
D006867,Trident/7.0,Windows 8,ie 11.0 for desktop,1920x1080,desktop
D006868,Trident/7.0,Windows 8.1,Microsoft/Windows,,mobile
D006869,Trident/7.0,Windows 8.1,Microsoft/Windows,1366x768,mobile
D006870,Trident/7.0,Windows 8.1,Microsoft/Windows,1920x1080,mobile
D006871,Trident/7.0,Windows 8.1,ie 11.0 for desktop,,desktop
D006872,Trident/7.0,Windows 8.1,ie 11.0 for desktop,1024x767,desktop
D006873,Trident/7.0,Windows 8.1,ie 11.0 for desktop,1024x768,desktop
D006874,Trident/7.0,Windows 8.1,ie 11.0 for desktop,1280x1024,desktop
D006875,Trident/7.0,Windows 8.1,ie 11.0 for desktop,1280x720,desktop
D006876,Trident/7.0,Windows 8.1,ie 11.0 for desktop,1359x768,desktop
D006877,Trident/7.0,Windows 8.1,ie 11.0 for desktop,1360x768,desktop
D006878,Trident/7.0,Windows 8.1,ie 11.0 for desktop,1365x768,desktop
D006879,Trident/7.0,Windows 8.1,ie 11.0 for desktop,1366x767,desktop
D006880,Trident/7.0,Windows 8.1,ie 11.0 for desktop,1366x768,desktop
D006881,Trident/7.0,Windows 8.1,ie 11.0 for desktop,1440x900,desktop
D006882,Trident/7.0,Windows 8.1,ie 11.0 for desktop,1600x900,desktop
D006883,Trident/7.0,Windows 8.1,ie 11.0 for desktop,1680x1050,desktop
D006884,Trident/7.0,Windows 8.1,ie 11.0 for desktop,1919x1080,desktop
D006885,Trident/7.0,Windows 8.1,ie 11.0 for desktop,1920x1080,desktop
D006886,Trident/7.0,Windows 8.1,ie 11.0 for desktop,1920x1200,desktop
D006887,Trident/7.0,Windows 8.1,ie 11.0 for desktop,2160x1440,desktop
D006888,Trident/7.0,Windows 8.1,ie 11.0 for desktop,3840x2160,desktop
D006889,Trident/7.0,Windows 8.1,ie 11.0 for tablet,1366x767,desktop
D006890,Trident/7.0,Windows 8.1,ie 11.0 for tablet,1366x768,desktop
D006891,Trident/7.0,Windows 8.1,ie 11.0 for tablet,1600x899,desktop
D006892,Trident/7.0,Windows 8.1,ie 11.0 for tablet,1919x1079,desktop
D006893,Trident/7.0,Windows 8.1,ie 11.0 for tablet,1920x1080,desktop
D006894,Trident/7.0,Windows 8.1,ie 11.0 for tablet,2160x1440,desktop
D006895,Trident/7.0,Windows 8.1,ie,1920x1080,mobile
D006896,Trident/7.0,func,ie 11.0 for desktop,1366x768,desktop
D006897,Trident/7.0,other,Nokia/Lumia,,mobile
D006898,Turbo C5 Build/LMY47I,,chrome 59.0 for android,,mobile
D006899,Turbo C5 Build/LMY47I,,chrome 63.0 for android,,mobile
D006900,Turbo C5 Build/LMY47I,,chrome 64.0 for android,,mobile
D006901,U FEEL LITE Build/MRA58K,,chrome 63.0 for android,,mobile
D006902,U,,chrome 63.0 for android,,mobile
D006903,U,,chrome 64.0 for android,,mobile
D006904,UL40,Android 7.1.1,chrome generic for android,801x480,mobile
D006905,V.40R,,chrome 62.0 for android,,mobile
D006906,V502015,,Cherry,,mobile
D006907,VFD,Android 6.0,chrome 61.0 for android,,mobile
D006908,VK700 Build/LRX22G,Android 5.0.2,chrome 53.0 for android,1280x800,mobile
D006909,VK700 Build/LRX22G,Android 5.0.2,chrome 66.0 for android,1280x800,mobile
D006910,VK810,Android 5.0.2,chrome 62.0 for android,1920x1200,mobile
D006911,VK815,Android 6.0,chrome 64.0 for android,1920x1200,mobile
D006912,VKY-L09 Build/HUAWEIVKY-L09,,chrome 63.0 for android,,mobile
D006913,VKY-L09 Build/HUAWEIVKY-L09,,chrome 65.0 for android,,mobile
D006914,VKY-L09 Build/HUAWEIVKY-L09,,chrome 66.0 for android,,mobile
D006915,VKY-L09 Build/HUAWEIVKY-L09,,chrome generic for android,,mobile
D006916,VS425,Android 6.0.1,chrome 66.0 for android,855x480,mobile
D006917,VS425,Android 6.0.1,chrome generic for android,855x480,mobile
D006918,VS425PP Build/LMY47V,,chrome 50.0 for android,,mobile
D006919,VS425PP Build/LMY47V,,chrome 63.0 for android,,mobile
D006920,VS425PP Build/LMY47V,,chrome 64.0 for android,,mobile
D006921,VS425PP Build/LMY47V,Android 5.1.1,android browser 4.0,855x480,mobile
D006922,VS425PP Build/LMY47V,Android 5.1.1,chrome 50.0 for android,855x480,mobile
D006923,VS425PP Build/LMY47V,Android 5.1.1,chrome generic,855x480,mobile
D006924,VS500,Android 7.0,android webview 4.0,1280x720,mobile
D006925,VS501 Build/NRD90U,Android 7.0,chrome 62.0 for android,1280x720,mobile
D006926,VS501 Build/NRD90U,Android 7.0,chrome 64.0 for android,1280x720,mobile
D006927,VS501 Build/NRD90U,Android 7.0,chrome 66.0 for android,1280x720,mobile
D006928,VS5012 Build/NRD90M,,chrome 64.0 for android,,mobile
D006929,VS5012 Build/NRD90M,,chrome 65.0 for android,,mobile
D006930,VS5012 Build/NRD90M,,chrome generic for android,,mobile
D006931,VS820,Android 5.1.1,chrome 61.0 for android,855x480,mobile
D006932,VS835,Android 7.0,chrome 62.0 for android,1280x720,mobile
D006933,VS880,Android 5.1.1,chrome 59.0 for android,1280x720,mobile
D006934,VS880PP,Android 5.1.1,chrome 56.0 for android,1280x720,mobile
D006935,VS980 4G Build/LRX22G,Android 5.0.2,chrome 63.0 for android,1920x1080,mobile
D006936,VS985,Android 6.0,chrome 55.0 for android,2560x1440,mobile
D006937,VS985,Android 6.0,chrome 63.0 for android,2560x1440,mobile
D006938,VS986 Build/MRA58K,Android 6.0,chrome 55.0 for android,2560x1440,mobile
D006939,VS986 Build/MRA58K,Android 6.0,chrome 63.0 for android,2560x1440,mobile
D006940,VS986 Build/MRA58K,Android 6.0,chrome 65.0 for android,2560x1440,mobile
D006941,VS986 Build/MRA58K,Android 6.0,chrome 66.0 for android,2560x1440,mobile
D006942,VS987 Build/NRD90U,,chrome 63.0 for android,,mobile
D006943,VS987 Build/NRD90U,Android 7.0,android webview 4.0,2560x1440,mobile
D006944,VS987 Build/NRD90U,Android 7.0,chrome 55.0 for android,2560x1440,mobile
D006945,VS987 Build/NRD90U,Android 7.0,chrome 62.0 for android,2560x1440,mobile
D006946,VS987 Build/NRD90U,Android 7.0,chrome 63.0 for android,2560x1440,mobile
D006947,VS987 Build/NRD90U,Android 7.0,chrome 64.0 for android,,mobile
D006948,VS987 Build/NRD90U,Android 7.0,chrome 64.0 for android,2560x1440,mobile
D006949,VS987 Build/NRD90U,Android 7.0,chrome 65.0 for android,2560x1440,mobile
D006950,VS988 Build/NRD90U,Android 7.0,chrome 56.0 for android,2672x1440,mobile
D006951,VS988 Build/NRD90U,Android 7.0,chrome 60.0 for android,2672x1440,mobile
D006952,VS988 Build/NRD90U,Android 7.0,chrome 62.0 for android,2672x1440,mobile
D006953,VS988 Build/NRD90U,Android 7.0,chrome 63.0 for android,2672x1440,mobile
D006954,VS988 Build/NRD90U,Android 7.0,chrome 64.0 for android,2672x1440,mobile
D006955,VS988 Build/NRD90U,Android 7.0,chrome 65.0 for android,2672x1440,mobile
D006956,VS988 Build/NRD90U,Android 7.0,chrome 66.0 for android,2672x1440,mobile
D006957,VS988 Build/NRD90U,Android 7.0,chrome generic for android,2672x1440,mobile
D006958,VS990 Build/MRA58K,Android 6.0,chrome 61.0 for android,2560x1440,mobile
D006959,VS990 Build/MRA58K,Android 6.0,chrome 63.0 for android,2560x1440,mobile
D006960,VS990 Build/MRA58K,Android 6.0,chrome 64.0 for android,2560x1440,mobile
D006961,VS995 Build/NRD90M,,chrome 62.0 for android,,mobile
D006962,VS995 Build/NRD90M,,chrome 63.0 for android,,mobile
D006963,VS995 Build/NRD90M,,chrome 64.0 for android,,mobile
D006964,VS995 Build/NRD90M,,chrome 65.0 for android,,mobile
D006965,VS995 Build/NRD90M,,chrome 66.0 for android,,mobile
D006966,VS995 Build/NRD90M,Android 7.0,android webview 4.0,2560x1440,mobile
D006967,VS995 Build/NRD90M,Android 7.0,chrome 59.0 for android,2560x1440,mobile
D006968,VS995 Build/NRD90M,Android 7.0,chrome 62.0 for android,2560x1440,mobile
D006969,VS995 Build/NRD90M,Android 7.0,chrome 63.0 for android,,mobile
D006970,VS995 Build/NRD90M,Android 7.0,chrome 63.0 for android,2560x1440,mobile
D006971,VS995 Build/NRD90M,Android 7.0,chrome 64.0 for android,2560x1440,mobile
D006972,VS995 Build/NRD90M,Android 7.0,chrome 65.0 for android,2560x1440,mobile
D006973,VS996 Build/OPR1.170623.026,Android 8.0.0,,2880x1440,mobile
D006974,VS996,,chrome 63.0 for android,,mobile
D006975,VS996,Android 7.1.2,chrome 62.0 for android,2880x1440,mobile
D006976,VS996,Android 7.1.2,chrome 63.0 for android,2880x1440,mobile
D006977,VS996,Android 7.1.2,other,2880x1440,mobile
D006978,VT0701A08,,chrome 64.0 for android,,mobile
D006979,VTR-AL00 Build/HUAWEIVTR-AL00,,android browser 4.0,,mobile
D006980,VTR-L09 Build/HUAWEIVTR-L09,,chrome 63.0 for android,,mobile
D006981,VTR-L09 Build/HUAWEIVTR-L09,,chrome 64.0 for android,,mobile
D006982,VTR-L09 Build/HUAWEIVTR-L09,,chrome 65.0 for android,,mobile
D006983,VTR-L09 Build/HUAWEIVTR-L09,,chrome 66.0 for android,,mobile
D006984,VTR-L09 Build/HUAWEIVTR-L09,,chrome generic for android,,mobile
D006985,VTR-L29,,chrome 55.0 for android,,mobile
D006986,VTR-L29,,chrome 63.0 for android,,mobile
D006987,Venue,Android 5.0.2,chrome 63.0 for android,1280x800,mobile
D006988,VerykoolS5030,,chrome 61.0 for android,,mobile
D006989,Vivo,,chrome 61.0 for android,,mobile
D006990,Vivo,,chrome 63.0 for android,,mobile
D006991,Vivo,,chrome 64.0 for android,,mobile
D006992,Vivo,Android 6.0,chrome 63.0 for android,1280x720,mobile
D006993,Vivo,Android 7.0,chrome 63.0 for android,1920x1080,mobile
D006994,WAS-L03T Build/HUAWEIWAS-L03T,,chrome 63.0 for android,,mobile
D006995,WAS-L03T Build/HUAWEIWAS-L03T,,chrome generic for android,,mobile
D006996,WAS-LX1 Build/HUAWEIWAS-LX1,,chrome 65.0 for android,,mobile
D006997,WAS-LX1 Build/HUAWEIWAS-LX1,,chrome 66.0 for android,,mobile
D006998,WAS-LX1A Build/HUAWEIWAS-LX1A,,chrome 63.0 for android,,mobile
D006999,WAS-LX1A Build/HUAWEIWAS-LX1A,,chrome 64.0 for android,,mobile
D007000,WAS-LX1A Build/HUAWEIWAS-LX1A,,chrome 65.0 for android,,mobile
D007001,WAS-LX1A Build/HUAWEIWAS-LX1A,,chrome 66.0 for android,,mobile
D007002,WAS-LX2J,,chrome 65.0 for android,,mobile
D007003,WAS-LX3 Build/HUAWEIWAS-LX3,,chrome 61.0 for android,,mobile
D007004,WAS-LX3 Build/HUAWEIWAS-LX3,,chrome 62.0 for android,,mobile
D007005,WAS-LX3 Build/HUAWEIWAS-LX3,,chrome 63.0 for android,,mobile
D007006,WAS-LX3 Build/HUAWEIWAS-LX3,,chrome 64.0 for android,,mobile
D007007,WAS-LX3 Build/HUAWEIWAS-LX3,,chrome 65.0 for android,,mobile
D007008,WAS-LX3 Build/HUAWEIWAS-LX3,,chrome 66.0 for android,,mobile
D007009,WAS-LX3 Build/HUAWEIWAS-LX3,,chrome generic for android,,mobile
D007010,WAS-LX3 Build/HUAWEIWAS-LX3,,other,,mobile
D007011,WAS-TL10 Build/HUAWEIWAS-TL10,,chrome generic for android,,mobile
D007012,WOW64,Windows 7,ie 11.0 for desktop,1680x1050,desktop
D007013,WOW64,Windows 8.1,ie 11.0 for desktop,1440x900,desktop
D007014,Wileyfox,,chrome 63.0 for android,,mobile
D007015,Win64,Windows 10,,,desktop
D007016,Win64,Windows 10,edge 14.0,,desktop
D007017,Windows NT 6.1,,ie,,desktop
D007018,Windows NT 6.1,Windows 7,ie 11.0 for desktop,1371x857,desktop
D007019,Windows NT 6.1,Windows 7,ie 11.0 for desktop,1422x889,desktop
D007020,Windows NT 6.1,Windows 7,ie,1239x697,desktop
D007021,Windows NT 6.1,Windows 7,ie,1280x1024,desktop
D007022,Windows NT 6.1,Windows 7,ie,1280x720,desktop
D007023,Windows NT 6.1,Windows 7,ie,1280x768,desktop
D007024,Windows NT 6.1,Windows 7,ie,1366x768,desktop
D007025,Windows NT 6.1,Windows 7,ie,1371x857,desktop
D007026,Windows NT 6.1,Windows 7,ie,1440x900,desktop
D007027,Windows NT 6.1,Windows 7,ie,1536x864,desktop
D007028,Windows NT 6.1,Windows 7,ie,1684x947,desktop
D007029,Windows NT 6.1,Windows 7,ie,1920x1080,desktop
D007030,Windows NT 6.1,Windows 7,ie,1920x1200,desktop
D007031,Windows NT 6.1,Windows 7,ie,2048x1152,desktop
D007032,Windows NT 6.2,,ie,,desktop
D007033,Windows NT 6.2,Windows 8,ie,1138x640,desktop
D007034,Windows NT 6.2,Windows 8,ie,1600x900,desktop
D007035,Windows,,chrome 55.0,,desktop
D007036,Windows,,chrome 56.0,,desktop
D007037,Windows,,chrome 57.0,,desktop
D007038,Windows,,chrome 58.0,,desktop
D007039,Windows,,chrome 59.0,,desktop
D007040,Windows,,chrome 60.0,,desktop
D007041,Windows,,chrome 61.0,,desktop
D007042,Windows,,chrome 62.0,,desktop
D007043,Windows,,chrome 63.0,,desktop
D007044,Windows,,chrome 63.0,1600x900,desktop
D007045,Windows,,chrome 64.0,,desktop
D007046,Windows,,chrome 65.0,,desktop
D007047,Windows,,chrome 66.0,,desktop
D007048,Windows,,chrome 67.0,,desktop
D007049,Windows,,chrome generic,,desktop
D007050,Windows,,chrome,,desktop
D007051,Windows,,edge 13.0,,desktop
D007052,Windows,,edge 14.0,,desktop
D007053,Windows,,edge 15.0,,desktop
D007054,Windows,,edge 16.0,,desktop
D007055,Windows,,edge 17.0,,desktop
D007056,Windows,,edge,,desktop
D007057,Windows,,firefox 47.0,,desktop
D007058,Windows,,firefox 52.0,,desktop
D007059,Windows,,firefox 55.0,,desktop
D007060,Windows,,firefox 56.0,,desktop
D007061,Windows,,firefox 57.0,,desktop
D007062,Windows,,firefox 58.0,,desktop
D007063,Windows,,firefox 59.0,,desktop
D007064,Windows,,firefox 60.0,,desktop
D007065,Windows,,firefox generic,,desktop
D007066,Windows,,firefox,,desktop
D007067,Windows,,ie 11.0 for desktop,,desktop
D007068,Windows,,opera 49.0,,desktop
D007069,Windows,,opera 51.0,,desktop
D007070,Windows,,opera 52.0,,desktop
D007071,Windows,,opera 53.0,,desktop
D007072,Windows,,opera generic,,desktop
D007073,Windows,,opera,,desktop
D007074,Windows,Linux,chrome generic,1024x768,desktop
D007075,Windows,Linux,chrome generic,1920x1080,desktop
D007076,Windows,Linux,chrome generic,640x360,desktop
D007077,Windows,Windows 10,,1365x768,desktop
D007078,Windows,Windows 10,,1366x767,desktop
D007079,Windows,Windows 10,,1366x768,desktop
D007080,Windows,Windows 10,,1502x844,desktop
D007081,Windows,Windows 10,,1600x900,desktop
D007082,Windows,Windows 10,,1920x1080,desktop
D007083,Windows,Windows 10,chrome 51.0,1366x768,desktop
D007084,Windows,Windows 10,chrome 51.0,1400x1050,desktop
D007085,Windows,Windows 10,chrome 51.0,1680x1050,desktop
D007086,Windows,Windows 10,chrome 51.0,1920x1080,desktop
D007087,Windows,Windows 10,chrome 55.0,1920x1080,desktop
D007088,Windows,Windows 10,chrome 56.0,1280x1024,desktop
D007089,Windows,Windows 10,chrome 56.0,1366x768,desktop
D007090,Windows,Windows 10,chrome 56.0,1440x900,desktop
D007091,Windows,Windows 10,chrome 56.0,1680x1050,desktop
D007092,Windows,Windows 10,chrome 56.0,1920x1080,desktop
D007093,Windows,Windows 10,chrome 57.0,,desktop
D007094,Windows,Windows 10,chrome 57.0,1280x1025,desktop
D007095,Windows,Windows 10,chrome 57.0,1440x900,desktop
D007096,Windows,Windows 10,chrome 57.0,1920x1080,desktop
D007097,Windows,Windows 10,chrome 57.0,1920x1200,desktop
D007098,Windows,Windows 10,chrome 57.0,2049x1152,desktop
D007099,Windows,Windows 10,chrome 58.0,1280x1024,desktop
D007100,Windows,Windows 10,chrome 58.0,1366x768,desktop
D007101,Windows,Windows 10,chrome 58.0,1600x900,desktop
D007102,Windows,Windows 10,chrome 58.0,1920x1080,desktop
D007103,Windows,Windows 10,chrome 58.0,3840x2160,desktop
D007104,Windows,Windows 10,chrome 59.0,,desktop
D007105,Windows,Windows 10,chrome 59.0,1280x1024,desktop
D007106,Windows,Windows 10,chrome 59.0,1366x768,desktop
D007107,Windows,Windows 10,chrome 59.0,1440x900,desktop
D007108,Windows,Windows 10,chrome 59.0,1600x900,desktop
D007109,Windows,Windows 10,chrome 59.0,1680x1050,desktop
D007110,Windows,Windows 10,chrome 59.0,1920x1080,desktop
D007111,Windows,Windows 10,chrome 59.0,1920x1200,desktop
D007112,Windows,Windows 10,chrome 59.0,2736x1824,desktop
D007113,Windows,Windows 10,chrome 60.0,1024x768,desktop
D007114,Windows,Windows 10,chrome 60.0,1280x1024,desktop
D007115,Windows,Windows 10,chrome 60.0,1360x768,desktop
D007116,Windows,Windows 10,chrome 60.0,1366x768,desktop
D007117,Windows,Windows 10,chrome 60.0,1440x900,desktop
D007118,Windows,Windows 10,chrome 60.0,1600x900,desktop
D007119,Windows,Windows 10,chrome 60.0,1680x1050,desktop
D007120,Windows,Windows 10,chrome 60.0,1920x1080,desktop
D007121,Windows,Windows 10,chrome 60.0,1920x1200,desktop
D007122,Windows,Windows 10,chrome 60.0,2048x1152,desktop
D007123,Windows,Windows 10,chrome 60.0,3200x1800,desktop
D007124,Windows,Windows 10,chrome 61.0,1280x1024,desktop
D007125,Windows,Windows 10,chrome 61.0,1280x1025,desktop
D007126,Windows,Windows 10,chrome 61.0,1366x768,desktop
D007127,Windows,Windows 10,chrome 61.0,1440x900,desktop
D007128,Windows,Windows 10,chrome 61.0,1600x1200,desktop
D007129,Windows,Windows 10,chrome 61.0,1600x900,desktop
D007130,Windows,Windows 10,chrome 61.0,1728x972,desktop
D007131,Windows,Windows 10,chrome 61.0,1920x1080,desktop
D007132,Windows,Windows 10,chrome 61.0,1920x1200,desktop
D007133,Windows,Windows 10,chrome 61.0,2160x1440,desktop
D007134,Windows,Windows 10,chrome 62.0,,desktop
D007135,Windows,Windows 10,chrome 62.0,1024x768,desktop
D007136,Windows,Windows 10,chrome 62.0,1152x648,desktop
D007137,Windows,Windows 10,chrome 62.0,1152x864,desktop
D007138,Windows,Windows 10,chrome 62.0,1280x1024,desktop
D007139,Windows,Windows 10,chrome 62.0,1280x1025,desktop
D007140,Windows,Windows 10,chrome 62.0,1280x720,desktop
D007141,Windows,Windows 10,chrome 62.0,1280x768,desktop
D007142,Windows,Windows 10,chrome 62.0,1280x800,desktop
D007143,Windows,Windows 10,chrome 62.0,1280x960,desktop
D007144,Windows,Windows 10,chrome 62.0,1360x768,desktop
D007145,Windows,Windows 10,chrome 62.0,1366x768,desktop
D007146,Windows,Windows 10,chrome 62.0,1400x1050,desktop
D007147,Windows,Windows 10,chrome 62.0,1440x900,desktop
D007148,Windows,Windows 10,chrome 62.0,1536x1152,desktop
D007149,Windows,Windows 10,chrome 62.0,1600x1200,desktop
D007150,Windows,Windows 10,chrome 62.0,1600x900,desktop
D007151,Windows,Windows 10,chrome 62.0,1624x1080,desktop
D007152,Windows,Windows 10,chrome 62.0,1680x1050,desktop
D007153,Windows,Windows 10,chrome 62.0,1728x972,desktop
D007154,Windows,Windows 10,chrome 62.0,1920x1080,desktop
D007155,Windows,Windows 10,chrome 62.0,1920x1200,desktop
D007156,Windows,Windows 10,chrome 62.0,1920x1281,desktop
D007157,Windows,Windows 10,chrome 62.0,2000x1125,desktop
D007158,Windows,Windows 10,chrome 62.0,2048x1152,desktop
D007159,Windows,Windows 10,chrome 62.0,2049x1152,desktop
D007160,Windows,Windows 10,chrome 62.0,2112x1188,desktop
D007161,Windows,Windows 10,chrome 62.0,2160x1440,desktop
D007162,Windows,Windows 10,chrome 62.0,2304x1440,desktop
D007163,Windows,Windows 10,chrome 62.0,2400x1350,desktop
D007164,Windows,Windows 10,chrome 62.0,2560x1080,desktop
D007165,Windows,Windows 10,chrome 62.0,2560x1440,desktop
D007166,Windows,Windows 10,chrome 62.0,2560x1600,desktop
D007167,Windows,Windows 10,chrome 62.0,2736x1824,desktop
D007168,Windows,Windows 10,chrome 62.0,2880x1800,desktop
D007169,Windows,Windows 10,chrome 62.0,3000x2000,desktop
D007170,Windows,Windows 10,chrome 62.0,3200x1800,desktop
D007171,Windows,Windows 10,chrome 62.0,3201x1800,desktop
D007172,Windows,Windows 10,chrome 62.0,3440x1440,desktop
D007173,Windows,Windows 10,chrome 62.0,3441x1440,desktop
D007174,Windows,Windows 10,chrome 62.0,3840x2160,desktop
D007175,Windows,Windows 10,chrome 63.0,,desktop
D007176,Windows,Windows 10,chrome 63.0,1024x768,desktop
D007177,Windows,Windows 10,chrome 63.0,1093x615,desktop
D007178,Windows,Windows 10,chrome 63.0,1152x864,desktop
D007179,Windows,Windows 10,chrome 63.0,1280x1024,desktop
D007180,Windows,Windows 10,chrome 63.0,1280x1025,desktop
D007181,Windows,Windows 10,chrome 63.0,1280x720,desktop
D007182,Windows,Windows 10,chrome 63.0,1280x768,desktop
D007183,Windows,Windows 10,chrome 63.0,1280x800,desktop
D007184,Windows,Windows 10,chrome 63.0,1280x960,desktop
D007185,Windows,Windows 10,chrome 63.0,1360x768,desktop
D007186,Windows,Windows 10,chrome 63.0,1366x768,desktop
D007187,Windows,Windows 10,chrome 63.0,1400x1050,desktop
D007188,Windows,Windows 10,chrome 63.0,1440x900,desktop
D007189,Windows,Windows 10,chrome 63.0,1536x864,desktop
D007190,Windows,Windows 10,chrome 63.0,1600x1200,desktop
D007191,Windows,Windows 10,chrome 63.0,1600x900,desktop
D007192,Windows,Windows 10,chrome 63.0,1680x1050,desktop
D007193,Windows,Windows 10,chrome 63.0,1700x960,desktop
D007194,Windows,Windows 10,chrome 63.0,1720x1440,desktop
D007195,Windows,Windows 10,chrome 63.0,1728x972,desktop
D007196,Windows,Windows 10,chrome 63.0,1760x990,desktop
D007197,Windows,Windows 10,chrome 63.0,1805x1015,desktop
D007198,Windows,Windows 10,chrome 63.0,1824x1026,desktop
D007199,Windows,Windows 10,chrome 63.0,1920x1080,desktop
D007200,Windows,Windows 10,chrome 63.0,1920x1200,desktop
D007201,Windows,Windows 10,chrome 63.0,1920x1280,desktop
D007202,Windows,Windows 10,chrome 63.0,1920x1281,desktop
D007203,Windows,Windows 10,chrome 63.0,2000x1125,desktop
D007204,Windows,Windows 10,chrome 63.0,2048x1152,desktop
D007205,Windows,Windows 10,chrome 63.0,2049x1152,desktop
D007206,Windows,Windows 10,chrome 63.0,2112x1188,desktop
D007207,Windows,Windows 10,chrome 63.0,2160x1440,desktop
D007208,Windows,Windows 10,chrome 63.0,2400x1350,desktop
D007209,Windows,Windows 10,chrome 63.0,2560x1080,desktop
D007210,Windows,Windows 10,chrome 63.0,2560x1440,desktop
D007211,Windows,Windows 10,chrome 63.0,2560x1600,desktop
D007212,Windows,Windows 10,chrome 63.0,2700x1800,desktop
D007213,Windows,Windows 10,chrome 63.0,2736x1824,desktop
D007214,Windows,Windows 10,chrome 63.0,2816x1584,desktop
D007215,Windows,Windows 10,chrome 63.0,2816x1760,desktop
D007216,Windows,Windows 10,chrome 63.0,2880x1620,desktop
D007217,Windows,Windows 10,chrome 63.0,2880x1800,desktop
D007218,Windows,Windows 10,chrome 63.0,3000x2000,desktop
D007219,Windows,Windows 10,chrome 63.0,3200x1800,desktop
D007220,Windows,Windows 10,chrome 63.0,3201x1800,desktop
D007221,Windows,Windows 10,chrome 63.0,3240x2160,desktop
D007222,Windows,Windows 10,chrome 63.0,3360x2100,desktop
D007223,Windows,Windows 10,chrome 63.0,3440x1440,desktop
D007224,Windows,Windows 10,chrome 63.0,3520x1980,desktop
D007225,Windows,Windows 10,chrome 63.0,3840x2160,desktop
D007226,Windows,Windows 10,chrome 63.0,3843x2163,desktop
D007227,Windows,Windows 10,chrome 63.0,4500x3000,desktop
D007228,Windows,Windows 10,chrome 63.0,5760x1080,desktop
D007229,Windows,Windows 10,chrome 63.0,600x450,desktop
D007230,Windows,Windows 10,chrome 63.0,7500x5000,desktop
D007231,Windows,Windows 10,chrome 63.0,768x576,desktop
D007232,Windows,Windows 10,chrome 63.0,800x600,desktop
D007233,Windows,Windows 10,chrome 64.0,,desktop
D007234,Windows,Windows 10,chrome 64.0,1024x768,desktop
D007235,Windows,Windows 10,chrome 64.0,1229x691,desktop
D007236,Windows,Windows 10,chrome 64.0,1280x1024,desktop
D007237,Windows,Windows 10,chrome 64.0,1280x1025,desktop
D007238,Windows,Windows 10,chrome 64.0,1280x720,desktop
D007239,Windows,Windows 10,chrome 64.0,1280x768,desktop
D007240,Windows,Windows 10,chrome 64.0,1280x800,desktop
D007241,Windows,Windows 10,chrome 64.0,1280x960,desktop
D007242,Windows,Windows 10,chrome 64.0,1360x768,desktop
D007243,Windows,Windows 10,chrome 64.0,1366x768,desktop
D007244,Windows,Windows 10,chrome 64.0,1440x900,desktop
D007245,Windows,Windows 10,chrome 64.0,1600x900,desktop
D007246,Windows,Windows 10,chrome 64.0,1680x1050,desktop
D007247,Windows,Windows 10,chrome 64.0,1727x971,desktop
D007248,Windows,Windows 10,chrome 64.0,1728x972,desktop
D007249,Windows,Windows 10,chrome 64.0,1920x1080,desktop
D007250,Windows,Windows 10,chrome 64.0,1920x1200,desktop
D007251,Windows,Windows 10,chrome 64.0,1920x1281,desktop
D007252,Windows,Windows 10,chrome 64.0,2000x1125,desktop
D007253,Windows,Windows 10,chrome 64.0,2048x1152,desktop
D007254,Windows,Windows 10,chrome 64.0,2160x1440,desktop
D007255,Windows,Windows 10,chrome 64.0,2304x1440,desktop
D007256,Windows,Windows 10,chrome 64.0,2400x1350,desktop
D007257,Windows,Windows 10,chrome 64.0,2560x1080,desktop
D007258,Windows,Windows 10,chrome 64.0,2560x1440,desktop
D007259,Windows,Windows 10,chrome 64.0,2560x1600,desktop
D007260,Windows,Windows 10,chrome 64.0,2736x1824,desktop
D007261,Windows,Windows 10,chrome 64.0,2800x1575,desktop
D007262,Windows,Windows 10,chrome 64.0,2880x1620,desktop
D007263,Windows,Windows 10,chrome 64.0,3000x2000,desktop
D007264,Windows,Windows 10,chrome 64.0,3200x1800,desktop
D007265,Windows,Windows 10,chrome 64.0,3240x2160,desktop
D007266,Windows,Windows 10,chrome 64.0,3440x1440,desktop
D007267,Windows,Windows 10,chrome 64.0,3840x2160,desktop
D007268,Windows,Windows 10,chrome 65.0,,desktop
D007269,Windows,Windows 10,chrome 65.0,1024x768,desktop
D007270,Windows,Windows 10,chrome 65.0,1229x691,desktop
D007271,Windows,Windows 10,chrome 65.0,1280x1024,desktop
D007272,Windows,Windows 10,chrome 65.0,1280x720,desktop
D007273,Windows,Windows 10,chrome 65.0,1280x768,desktop
D007274,Windows,Windows 10,chrome 65.0,1280x800,desktop
D007275,Windows,Windows 10,chrome 65.0,1360x768,desktop
D007276,Windows,Windows 10,chrome 65.0,1366x768,desktop
D007277,Windows,Windows 10,chrome 65.0,1408x792,desktop
D007278,Windows,Windows 10,chrome 65.0,1440x900,desktop
D007279,Windows,Windows 10,chrome 65.0,1502x844,desktop
D007280,Windows,Windows 10,chrome 65.0,1511x944,desktop
D007281,Windows,Windows 10,chrome 65.0,1600x1200,desktop
D007282,Windows,Windows 10,chrome 65.0,1600x900,desktop
D007283,Windows,Windows 10,chrome 65.0,1680x1050,desktop
D007284,Windows,Windows 10,chrome 65.0,1680x1051,desktop
D007285,Windows,Windows 10,chrome 65.0,1707x960,desktop
D007286,Windows,Windows 10,chrome 65.0,1728x972,desktop
D007287,Windows,Windows 10,chrome 65.0,1920x1080,desktop
D007288,Windows,Windows 10,chrome 65.0,1920x1200,desktop
D007289,Windows,Windows 10,chrome 65.0,1920x1281,desktop
D007290,Windows,Windows 10,chrome 65.0,1921x1081,desktop
D007291,Windows,Windows 10,chrome 65.0,2000x1125,desktop
D007292,Windows,Windows 10,chrome 65.0,2112x1188,desktop
D007293,Windows,Windows 10,chrome 65.0,2160x1440,desktop
D007294,Windows,Windows 10,chrome 65.0,2304x1440,desktop
D007295,Windows,Windows 10,chrome 65.0,2400x1350,desktop
D007296,Windows,Windows 10,chrome 65.0,2560x1080,desktop
D007297,Windows,Windows 10,chrome 65.0,2560x1440,desktop
D007298,Windows,Windows 10,chrome 65.0,2560x1600,desktop
D007299,Windows,Windows 10,chrome 65.0,2736x1824,desktop
D007300,Windows,Windows 10,chrome 65.0,2737x1825,desktop
D007301,Windows,Windows 10,chrome 65.0,3000x2000,desktop
D007302,Windows,Windows 10,chrome 65.0,3001x2000,desktop
D007303,Windows,Windows 10,chrome 65.0,3200x1800,desktop
D007304,Windows,Windows 10,chrome 65.0,3440x1440,desktop
D007305,Windows,Windows 10,chrome 65.0,3441x1440,desktop
D007306,Windows,Windows 10,chrome 65.0,3840x1600,desktop
D007307,Windows,Windows 10,chrome 65.0,3840x2160,desktop
D007308,Windows,Windows 10,chrome 66.0,1024x768,desktop
D007309,Windows,Windows 10,chrome 66.0,1092x614,desktop
D007310,Windows,Windows 10,chrome 66.0,1280x1024,desktop
D007311,Windows,Windows 10,chrome 66.0,1280x1025,desktop
D007312,Windows,Windows 10,chrome 66.0,1280x720,desktop
D007313,Windows,Windows 10,chrome 66.0,1280x800,desktop
D007314,Windows,Windows 10,chrome 66.0,1360x768,desktop
D007315,Windows,Windows 10,chrome 66.0,1366x768,desktop
D007316,Windows,Windows 10,chrome 66.0,1440x900,desktop
D007317,Windows,Windows 10,chrome 66.0,1502x844,desktop
D007318,Windows,Windows 10,chrome 66.0,1502x845,desktop
D007319,Windows,Windows 10,chrome 66.0,1512x945,desktop
D007320,Windows,Windows 10,chrome 66.0,1600x900,desktop
D007321,Windows,Windows 10,chrome 66.0,1680x1050,desktop
D007322,Windows,Windows 10,chrome 66.0,1707x960,desktop
D007323,Windows,Windows 10,chrome 66.0,1727x971,desktop
D007324,Windows,Windows 10,chrome 66.0,1760x990,desktop
D007325,Windows,Windows 10,chrome 66.0,1920x1080,desktop
D007326,Windows,Windows 10,chrome 66.0,1920x1081,desktop
D007327,Windows,Windows 10,chrome 66.0,1920x1200,desktop
D007328,Windows,Windows 10,chrome 66.0,1920x1281,desktop
D007329,Windows,Windows 10,chrome 66.0,2000x1125,desktop
D007330,Windows,Windows 10,chrome 66.0,2048x1152,desktop
D007331,Windows,Windows 10,chrome 66.0,2049x1152,desktop
D007332,Windows,Windows 10,chrome 66.0,2112x1188,desktop
D007333,Windows,Windows 10,chrome 66.0,2160x1440,desktop
D007334,Windows,Windows 10,chrome 66.0,2256x1504,desktop
D007335,Windows,Windows 10,chrome 66.0,2400x1350,desktop
D007336,Windows,Windows 10,chrome 66.0,2560x1440,desktop
D007337,Windows,Windows 10,chrome 66.0,2736x1824,desktop
D007338,Windows,Windows 10,chrome 66.0,2880x1800,desktop
D007339,Windows,Windows 10,chrome 66.0,3000x2000,desktop
D007340,Windows,Windows 10,chrome 66.0,3200x1800,desktop
D007341,Windows,Windows 10,chrome 66.0,3201x1800,desktop
D007342,Windows,Windows 10,chrome 66.0,3360x1890,desktop
D007343,Windows,Windows 10,chrome 66.0,3440x1440,desktop
D007344,Windows,Windows 10,chrome 66.0,3441x1440,desktop
D007345,Windows,Windows 10,chrome 66.0,3840x2160,desktop
D007346,Windows,Windows 10,chrome 66.0,3840x2162,desktop
D007347,Windows,Windows 10,chrome 66.0,3841x2161,desktop
D007348,Windows,Windows 10,chrome 67.0,1024x768,desktop
D007349,Windows,Windows 10,chrome 67.0,1366x768,desktop
D007350,Windows,Windows 10,chrome 67.0,1920x1080,desktop
D007351,Windows,Windows 10,chrome 67.0,2560x1600,desktop
D007352,Windows,Windows 10,chrome generic,,desktop
D007353,Windows,Windows 10,chrome generic,1024x768,desktop
D007354,Windows,Windows 10,chrome generic,1280x1024,desktop
D007355,Windows,Windows 10,chrome generic,1280x800,desktop
D007356,Windows,Windows 10,chrome generic,1366x768,desktop
D007357,Windows,Windows 10,chrome generic,1440x900,desktop
D007358,Windows,Windows 10,chrome generic,1600x1200,desktop
D007359,Windows,Windows 10,chrome generic,1600x900,desktop
D007360,Windows,Windows 10,chrome generic,1680x1050,desktop
D007361,Windows,Windows 10,chrome generic,1727x971,desktop
D007362,Windows,Windows 10,chrome generic,1729x973,desktop
D007363,Windows,Windows 10,chrome generic,1920x1080,desktop
D007364,Windows,Windows 10,chrome generic,1920x1200,desktop
D007365,Windows,Windows 10,chrome generic,1920x1281,desktop
D007366,Windows,Windows 10,chrome generic,2048x1152,desktop
D007367,Windows,Windows 10,chrome generic,2112x1188,desktop
D007368,Windows,Windows 10,chrome generic,2160x1440,desktop
D007369,Windows,Windows 10,chrome generic,2400x1350,desktop
D007370,Windows,Windows 10,chrome generic,2560x1440,desktop
D007371,Windows,Windows 10,chrome generic,2736x1824,desktop
D007372,Windows,Windows 10,chrome generic,2737x1825,desktop
D007373,Windows,Windows 10,chrome generic,3000x2000,desktop
D007374,Windows,Windows 10,chrome generic,3200x1800,desktop
D007375,Windows,Windows 10,chrome generic,3201x1800,desktop
D007376,Windows,Windows 10,chrome generic,3440x1440,desktop
D007377,Windows,Windows 10,chrome generic,3840x2160,desktop
D007378,Windows,Windows 10,chrome generic,960x640,desktop
D007379,Windows,Windows 10,chrome,,desktop
D007380,Windows,Windows 10,chrome,1024x768,desktop
D007381,Windows,Windows 10,chrome,1366x768,desktop
D007382,Windows,Windows 10,chrome,1600x900,desktop
D007383,Windows,Windows 10,chrome,1680x1050,desktop
D007384,Windows,Windows 10,chrome,1920x1080,desktop
D007385,Windows,Windows 10,chrome,1920x1200,desktop
D007386,Windows,Windows 10,comodo,1920x1080,desktop
D007387,Windows,Windows 10,cyberfox,1280x1024,desktop
D007388,Windows,Windows 10,edge 13.0,,desktop
D007389,Windows,Windows 10,edge 13.0,1360x768,desktop
D007390,Windows,Windows 10,edge 13.0,1366x768,desktop
D007391,Windows,Windows 10,edge 13.0,1440x900,desktop
D007392,Windows,Windows 10,edge 13.0,1600x900,desktop
D007393,Windows,Windows 10,edge 13.0,1680x1050,desktop
D007394,Windows,Windows 10,edge 13.0,1920x1080,desktop
D007395,Windows,Windows 10,edge 13.0,1920x1200,desktop
D007396,Windows,Windows 10,edge 13.0,2160x1440,desktop
D007397,Windows,Windows 10,edge 13.0,2736x1824,desktop
D007398,Windows,Windows 10,edge 13.0,3000x2000,desktop
D007399,Windows,Windows 10,edge 14.0,,desktop
D007400,Windows,Windows 10,edge 14.0,1024x768,desktop
D007401,Windows,Windows 10,edge 14.0,1152x864,desktop
D007402,Windows,Windows 10,edge 14.0,1279x1023,desktop
D007403,Windows,Windows 10,edge 14.0,1280x1023,desktop
D007404,Windows,Windows 10,edge 14.0,1280x1024,desktop
D007405,Windows,Windows 10,edge 14.0,1280x600,desktop
D007406,Windows,Windows 10,edge 14.0,1280x800,desktop
D007407,Windows,Windows 10,edge 14.0,1365x768,desktop
D007408,Windows,Windows 10,edge 14.0,1366x768,desktop
D007409,Windows,Windows 10,edge 14.0,1400x1050,desktop
D007410,Windows,Windows 10,edge 14.0,1440x900,desktop
D007411,Windows,Windows 10,edge 14.0,1600x1200,desktop
D007412,Windows,Windows 10,edge 14.0,1600x900,desktop
D007413,Windows,Windows 10,edge 14.0,1680x1050,desktop
D007414,Windows,Windows 10,edge 14.0,1919x1079,desktop
D007415,Windows,Windows 10,edge 14.0,1920x1080,desktop
D007416,Windows,Windows 10,edge 14.0,1920x1200,desktop
D007417,Windows,Windows 10,edge 14.0,2160x1440,desktop
D007418,Windows,Windows 10,edge 14.0,2560x1440,desktop
D007419,Windows,Windows 10,edge 14.0,2735x1825,desktop
D007420,Windows,Windows 10,edge 14.0,2736x1824,desktop
D007421,Windows,Windows 10,edge 14.0,3000x2000,desktop
D007422,Windows,Windows 10,edge 14.0,3200x1800,desktop
D007423,Windows,Windows 10,edge 14.0,3840x2160,desktop
D007424,Windows,Windows 10,edge 15.0,,desktop
D007425,Windows,Windows 10,edge 15.0,1024x600,desktop
D007426,Windows,Windows 10,edge 15.0,1024x768,desktop
D007427,Windows,Windows 10,edge 15.0,1152x864,desktop
D007428,Windows,Windows 10,edge 15.0,1280x1023,desktop
D007429,Windows,Windows 10,edge 15.0,1280x1024,desktop
D007430,Windows,Windows 10,edge 15.0,1280x768,desktop
D007431,Windows,Windows 10,edge 15.0,1280x800,desktop
D007432,Windows,Windows 10,edge 15.0,1360x768,desktop
D007433,Windows,Windows 10,edge 15.0,1365x767,desktop
D007434,Windows,Windows 10,edge 15.0,1365x768,desktop
D007435,Windows,Windows 10,edge 15.0,1366x767,desktop
D007436,Windows,Windows 10,edge 15.0,1366x768,desktop
D007437,Windows,Windows 10,edge 15.0,1400x1050,desktop
D007438,Windows,Windows 10,edge 15.0,1440x900,desktop
D007439,Windows,Windows 10,edge 15.0,1600x900,desktop
D007440,Windows,Windows 10,edge 15.0,1680x1050,desktop
D007441,Windows,Windows 10,edge 15.0,1919x1080,desktop
D007442,Windows,Windows 10,edge 15.0,1920x1079,desktop
D007443,Windows,Windows 10,edge 15.0,1920x1080,desktop
D007444,Windows,Windows 10,edge 15.0,1920x1200,desktop
D007445,Windows,Windows 10,edge 15.0,2160x1440,desktop
D007446,Windows,Windows 10,edge 15.0,2255x1503,desktop
D007447,Windows,Windows 10,edge 15.0,2560x1080,desktop
D007448,Windows,Windows 10,edge 15.0,2560x1440,desktop
D007449,Windows,Windows 10,edge 15.0,2736x1824,desktop
D007450,Windows,Windows 10,edge 15.0,3000x2000,desktop
D007451,Windows,Windows 10,edge 15.0,3200x1800,desktop
D007452,Windows,Windows 10,edge 15.0,3840x2160,desktop
D007453,Windows,Windows 10,edge 16.0,,desktop
D007454,Windows,Windows 10,edge 16.0,1024x767,desktop
D007455,Windows,Windows 10,edge 16.0,1024x768,desktop
D007456,Windows,Windows 10,edge 16.0,1152x864,desktop
D007457,Windows,Windows 10,edge 16.0,1279x1023,desktop
D007458,Windows,Windows 10,edge 16.0,1280x1023,desktop
D007459,Windows,Windows 10,edge 16.0,1280x1024,desktop
D007460,Windows,Windows 10,edge 16.0,1280x720,desktop
D007461,Windows,Windows 10,edge 16.0,1280x768,desktop
D007462,Windows,Windows 10,edge 16.0,1280x800,desktop
D007463,Windows,Windows 10,edge 16.0,1280x960,desktop
D007464,Windows,Windows 10,edge 16.0,1360x768,desktop
D007465,Windows,Windows 10,edge 16.0,1365x767,desktop
D007466,Windows,Windows 10,edge 16.0,1365x768,desktop
D007467,Windows,Windows 10,edge 16.0,1366x767,desktop
D007468,Windows,Windows 10,edge 16.0,1366x768,desktop
D007469,Windows,Windows 10,edge 16.0,1439x899,desktop
D007470,Windows,Windows 10,edge 16.0,1440x900,desktop
D007471,Windows,Windows 10,edge 16.0,1599x899,desktop
D007472,Windows,Windows 10,edge 16.0,1599x900,desktop
D007473,Windows,Windows 10,edge 16.0,1600x1200,desktop
D007474,Windows,Windows 10,edge 16.0,1600x899,desktop
D007475,Windows,Windows 10,edge 16.0,1600x900,desktop
D007476,Windows,Windows 10,edge 16.0,1680x1050,desktop
D007477,Windows,Windows 10,edge 16.0,1918x1080,desktop
D007478,Windows,Windows 10,edge 16.0,1919x1079,desktop
D007479,Windows,Windows 10,edge 16.0,1919x1080,desktop
D007480,Windows,Windows 10,edge 16.0,1920x1079,desktop
D007481,Windows,Windows 10,edge 16.0,1920x1080,desktop
D007482,Windows,Windows 10,edge 16.0,1920x1200,desktop
D007483,Windows,Windows 10,edge 16.0,1920x1279,desktop
D007484,Windows,Windows 10,edge 16.0,2160x1439,desktop
D007485,Windows,Windows 10,edge 16.0,2160x1440,desktop
D007486,Windows,Windows 10,edge 16.0,2256x1504,desktop
D007487,Windows,Windows 10,edge 16.0,2560x1080,desktop
D007488,Windows,Windows 10,edge 16.0,2560x1440,desktop
D007489,Windows,Windows 10,edge 16.0,2560x1600,desktop
D007490,Windows,Windows 10,edge 16.0,2735x1823,desktop
D007491,Windows,Windows 10,edge 16.0,2736x1823,desktop
D007492,Windows,Windows 10,edge 16.0,2736x1824,desktop
D007493,Windows,Windows 10,edge 16.0,2999x2000,desktop
D007494,Windows,Windows 10,edge 16.0,3000x2000,desktop
D007495,Windows,Windows 10,edge 16.0,3199x1800,desktop
D007496,Windows,Windows 10,edge 16.0,3200x1800,desktop
D007497,Windows,Windows 10,edge 16.0,3240x2160,desktop
D007498,Windows,Windows 10,edge 16.0,3440x1440,desktop
D007499,Windows,Windows 10,edge 16.0,3838x2160,desktop
D007500,Windows,Windows 10,edge 16.0,3839x2159,desktop
D007501,Windows,Windows 10,edge 16.0,3839x2160,desktop
D007502,Windows,Windows 10,edge 16.0,3840x1600,desktop
D007503,Windows,Windows 10,edge 16.0,3840x2160,desktop
D007504,Windows,Windows 10,edge 16.0,3841x2161,desktop
D007505,Windows,Windows 10,edge 16.0,4499x2999,desktop
D007506,Windows,Windows 10,edge 16.0,4500x3000,desktop
D007507,Windows,Windows 10,edge 16.0,5760x1080,desktop
D007508,Windows,Windows 10,edge 17.0,1280x1024,desktop
D007509,Windows,Windows 10,edge 17.0,1360x768,desktop
D007510,Windows,Windows 10,edge 17.0,1365x768,desktop
D007511,Windows,Windows 10,edge 17.0,1366x767,desktop
D007512,Windows,Windows 10,edge 17.0,1366x768,desktop
D007513,Windows,Windows 10,edge 17.0,1599x900,desktop
D007514,Windows,Windows 10,edge 17.0,1600x900,desktop
D007515,Windows,Windows 10,edge 17.0,1680x1050,desktop
D007516,Windows,Windows 10,edge 17.0,1919x1079,desktop
D007517,Windows,Windows 10,edge 17.0,1920x1079,desktop
D007518,Windows,Windows 10,edge 17.0,1920x1080,desktop
D007519,Windows,Windows 10,edge 17.0,1920x1200,desktop
D007520,Windows,Windows 10,edge 17.0,2735x1823,desktop
D007521,Windows,Windows 10,edge 17.0,2736x1824,desktop
D007522,Windows,Windows 10,edge 17.0,2880x1620,desktop
D007523,Windows,Windows 10,edge 17.0,3440x1440,desktop
D007524,Windows,Windows 10,edge,,desktop
D007525,Windows,Windows 10,edge,1024x768,desktop
D007526,Windows,Windows 10,edge,1280x720,desktop
D007527,Windows,Windows 10,edge,1366x768,desktop
D007528,Windows,Windows 10,edge,1920x1080,desktop
D007529,Windows,Windows 10,firefox 52.0,1280x1024,desktop
D007530,Windows,Windows 10,firefox 52.0,1366x768,desktop
D007531,Windows,Windows 10,firefox 52.0,1600x900,desktop
D007532,Windows,Windows 10,firefox 52.0,1920x1080,desktop
D007533,Windows,Windows 10,firefox 55.0,1920x1080,desktop
D007534,Windows,Windows 10,firefox 56.0,1280x768,desktop
D007535,Windows,Windows 10,firefox 56.0,1366x768,desktop
D007536,Windows,Windows 10,firefox 56.0,1600x900,desktop
D007537,Windows,Windows 10,firefox 56.0,1920x1080,desktop
D007538,Windows,Windows 10,firefox 56.0,3840x2160,desktop
D007539,Windows,Windows 10,firefox 57.0,,desktop
D007540,Windows,Windows 10,firefox 57.0,0x0,desktop
D007541,Windows,Windows 10,firefox 57.0,1024x768,desktop
D007542,Windows,Windows 10,firefox 57.0,1152x864,desktop
D007543,Windows,Windows 10,firefox 57.0,1280x1024,desktop
D007544,Windows,Windows 10,firefox 57.0,1280x768,desktop
D007545,Windows,Windows 10,firefox 57.0,1280x800,desktop
D007546,Windows,Windows 10,firefox 57.0,1280x960,desktop
D007547,Windows,Windows 10,firefox 57.0,1360x768,desktop
D007548,Windows,Windows 10,firefox 57.0,1366x768,desktop
D007549,Windows,Windows 10,firefox 57.0,1440x900,desktop
D007550,Windows,Windows 10,firefox 57.0,1600x1200,desktop
D007551,Windows,Windows 10,firefox 57.0,1600x900,desktop
D007552,Windows,Windows 10,firefox 57.0,1680x1050,desktop
D007553,Windows,Windows 10,firefox 57.0,1680x945,desktop
D007554,Windows,Windows 10,firefox 57.0,1824x1026,desktop
D007555,Windows,Windows 10,firefox 57.0,1920x1080,desktop
D007556,Windows,Windows 10,firefox 57.0,1920x1200,desktop
D007557,Windows,Windows 10,firefox 57.0,2160x1440,desktop
D007558,Windows,Windows 10,firefox 57.0,2560x1080,desktop
D007559,Windows,Windows 10,firefox 57.0,2560x1440,desktop
D007560,Windows,Windows 10,firefox 57.0,2736x1824,desktop
D007561,Windows,Windows 10,firefox 57.0,3000x2000,desktop
D007562,Windows,Windows 10,firefox 57.0,3200x1800,desktop
D007563,Windows,Windows 10,firefox 57.0,3201x1800,desktop
D007564,Windows,Windows 10,firefox 57.0,3360x2100,desktop
D007565,Windows,Windows 10,firefox 57.0,3440x1440,desktop
D007566,Windows,Windows 10,firefox 57.0,3840x2160,desktop
D007567,Windows,Windows 10,firefox 58.0,,desktop
D007568,Windows,Windows 10,firefox 58.0,1280x1024,desktop
D007569,Windows,Windows 10,firefox 58.0,1360x768,desktop
D007570,Windows,Windows 10,firefox 58.0,1366x768,desktop
D007571,Windows,Windows 10,firefox 58.0,1440x900,desktop
D007572,Windows,Windows 10,firefox 58.0,1600x900,desktop
D007573,Windows,Windows 10,firefox 58.0,1680x1050,desktop
D007574,Windows,Windows 10,firefox 58.0,1920x1080,desktop
D007575,Windows,Windows 10,firefox 58.0,1920x1200,desktop
D007576,Windows,Windows 10,firefox 58.0,2160x1440,desktop
D007577,Windows,Windows 10,firefox 58.0,2560x1080,desktop
D007578,Windows,Windows 10,firefox 58.0,2560x1440,desktop
D007579,Windows,Windows 10,firefox 58.0,3000x2000,desktop
D007580,Windows,Windows 10,firefox 58.0,3200x1800,desktop
D007581,Windows,Windows 10,firefox 58.0,3840x2160,desktop
D007582,Windows,Windows 10,firefox 58.0,4500x3000,desktop
D007583,Windows,Windows 10,firefox 59.0,1280x1024,desktop
D007584,Windows,Windows 10,firefox 59.0,1360x768,desktop
D007585,Windows,Windows 10,firefox 59.0,1366x768,desktop
D007586,Windows,Windows 10,firefox 59.0,1440x900,desktop
D007587,Windows,Windows 10,firefox 59.0,1600x900,desktop
D007588,Windows,Windows 10,firefox 59.0,1680x1050,desktop
D007589,Windows,Windows 10,firefox 59.0,1920x1080,desktop
D007590,Windows,Windows 10,firefox 59.0,1920x1200,desktop
D007591,Windows,Windows 10,firefox 59.0,2160x1440,desktop
D007592,Windows,Windows 10,firefox 59.0,2560x1080,desktop
D007593,Windows,Windows 10,firefox 59.0,2560x1440,desktop
D007594,Windows,Windows 10,firefox 59.0,2560x1600,desktop
D007595,Windows,Windows 10,firefox 59.0,3000x2000,desktop
D007596,Windows,Windows 10,firefox 59.0,3200x1800,desktop
D007597,Windows,Windows 10,firefox 59.0,3840x1600,desktop
D007598,Windows,Windows 10,firefox 59.0,3840x2160,desktop
D007599,Windows,Windows 10,firefox 60.0,1280x1024,desktop
D007600,Windows,Windows 10,firefox 60.0,1360x767,desktop
D007601,Windows,Windows 10,firefox 60.0,1360x768,desktop
D007602,Windows,Windows 10,firefox 60.0,1366x767,desktop
D007603,Windows,Windows 10,firefox 60.0,1366x768,desktop
D007604,Windows,Windows 10,firefox 60.0,1440x900,desktop
D007605,Windows,Windows 10,firefox 60.0,1600x900,desktop
D007606,Windows,Windows 10,firefox 60.0,1680x1050,desktop
D007607,Windows,Windows 10,firefox 60.0,1920x1080,desktop
D007608,Windows,Windows 10,firefox 60.0,3840x2160,desktop
D007609,Windows,Windows 10,firefox generic,1280x1024,desktop
D007610,Windows,Windows 10,firefox generic,1366x768,desktop
D007611,Windows,Windows 10,firefox generic,1440x900,desktop
D007612,Windows,Windows 10,firefox generic,1600x900,desktop
D007613,Windows,Windows 10,firefox generic,1680x1050,desktop
D007614,Windows,Windows 10,firefox generic,1920x1080,desktop
D007615,Windows,Windows 10,firefox generic,3840x2160,desktop
D007616,Windows,Windows 10,firefox generic,4500x3000,desktop
D007617,Windows,Windows 10,firefox,1366x768,desktop
D007618,Windows,Windows 10,firefox,1920x1080,desktop
D007619,Windows,Windows 10,firefox,1920x1200,desktop
D007620,Windows,Windows 10,ie 11.0 for desktop,,desktop
D007621,Windows,Windows 10,ie 11.0 for desktop,1280x1024,desktop
D007622,Windows,Windows 10,ie 11.0 for desktop,1360x768,desktop
D007623,Windows,Windows 10,ie 11.0 for desktop,1366x768,desktop
D007624,Windows,Windows 10,ie 11.0 for desktop,1600x900,desktop
D007625,Windows,Windows 10,ie 11.0 for desktop,1680x1050,desktop
D007626,Windows,Windows 10,ie 11.0 for desktop,1920x1080,desktop
D007627,Windows,Windows 10,ie 11.0 for desktop,1920x1200,desktop
D007628,Windows,Windows 10,ie 11.0 for tablet,,desktop
D007629,Windows,Windows 10,ie 11.0 for tablet,1440x900,desktop
D007630,Windows,Windows 10,ie 11.0 for tablet,1920x1080,desktop
D007631,Windows,Windows 10,opera 49.0,,desktop
D007632,Windows,Windows 10,opera 49.0,1280x1025,desktop
D007633,Windows,Windows 10,opera 49.0,1366x768,desktop
D007634,Windows,Windows 10,opera 49.0,1600x900,desktop
D007635,Windows,Windows 10,opera 49.0,1920x1080,desktop
D007636,Windows,Windows 10,opera 49.0,1920x1200,desktop
D007637,Windows,Windows 10,opera 49.0,2560x1080,desktop
D007638,Windows,Windows 10,opera 49.0,2560x1600,desktop
D007639,Windows,Windows 10,opera 51.0,1920x1080,desktop
D007640,Windows,Windows 10,opera 52.0,1920x1080,desktop
D007641,Windows,Windows 10,opera 52.0,3200x1800,desktop
D007642,Windows,Windows 10,opera generic,1366x768,desktop
D007643,Windows,Windows 10,opera generic,1600x900,desktop
D007644,Windows,Windows 10,opera generic,1920x1080,desktop
D007645,Windows,Windows 10,opera,1366x768,desktop
D007646,Windows,Windows 10,opera,1600x900,desktop
D007647,Windows,Windows 10,opera,1920x1080,desktop
D007648,Windows,Windows 10,palemoon,1920x1080,desktop
D007649,Windows,Windows 10,waterfox,1366x768,desktop
D007650,Windows,Windows 10,waterfox,2560x1600,desktop
D007651,Windows,Windows 7,,,desktop
D007652,Windows,Windows 7,,1024x768,desktop
D007653,Windows,Windows 7,,1280x800,desktop
D007654,Windows,Windows 7,,1344x840,desktop
D007655,Windows,Windows 7,,1366x768,desktop
D007656,Windows,Windows 7,,1440x900,desktop
D007657,Windows,Windows 7,,1600x900,desktop
D007658,Windows,Windows 7,,1638x922,desktop
D007659,Windows,Windows 7,,1919x1080,desktop
D007660,Windows,Windows 7,,1920x1080,desktop
D007661,Windows,Windows 7,aol,1920x1080,desktop
D007662,Windows,Windows 7,chrome 49.0,1440x900,desktop
D007663,Windows,Windows 7,chrome 49.0,1920x1080,desktop
D007664,Windows,Windows 7,chrome 51.0,1366x768,desktop
D007665,Windows,Windows 7,chrome 51.0,1600x900,desktop
D007666,Windows,Windows 7,chrome 51.0,1680x1050,desktop
D007667,Windows,Windows 7,chrome 51.0,1920x1080,desktop
D007668,Windows,Windows 7,chrome 55.0,1280x1024,desktop
D007669,Windows,Windows 7,chrome 55.0,1600x900,desktop
D007670,Windows,Windows 7,chrome 55.0,1680x1050,desktop
D007671,Windows,Windows 7,chrome 55.0,1920x1080,desktop
D007672,Windows,Windows 7,chrome 56.0,1280x1024,desktop
D007673,Windows,Windows 7,chrome 56.0,1366x768,desktop
D007674,Windows,Windows 7,chrome 56.0,1600x900,desktop
D007675,Windows,Windows 7,chrome 56.0,1680x1050,desktop
D007676,Windows,Windows 7,chrome 56.0,1920x1080,desktop
D007677,Windows,Windows 7,chrome 56.0,1920x1200,desktop
D007678,Windows,Windows 7,chrome 57.0,,desktop
D007679,Windows,Windows 7,chrome 57.0,1280x1024,desktop
D007680,Windows,Windows 7,chrome 57.0,1366x768,desktop
D007681,Windows,Windows 7,chrome 57.0,1680x1050,desktop
D007682,Windows,Windows 7,chrome 57.0,1920x1080,desktop
D007683,Windows,Windows 7,chrome 57.0,1920x1200,desktop
D007684,Windows,Windows 7,chrome 57.0,2560x1440,desktop
D007685,Windows,Windows 7,chrome 57.0,2880x1620,desktop
D007686,Windows,Windows 7,chrome 58.0,1280x1025,desktop
D007687,Windows,Windows 7,chrome 58.0,1366x768,desktop
D007688,Windows,Windows 7,chrome 58.0,1440x900,desktop
D007689,Windows,Windows 7,chrome 58.0,1600x900,desktop
D007690,Windows,Windows 7,chrome 58.0,1680x1050,desktop
D007691,Windows,Windows 7,chrome 58.0,1920x1080,desktop
D007692,Windows,Windows 7,chrome 58.0,1920x1200,desktop
D007693,Windows,Windows 7,chrome 59.0,1024x768,desktop
D007694,Windows,Windows 7,chrome 59.0,1280x1024,desktop
D007695,Windows,Windows 7,chrome 59.0,1366x768,desktop
D007696,Windows,Windows 7,chrome 59.0,1440x900,desktop
D007697,Windows,Windows 7,chrome 59.0,1600x900,desktop
D007698,Windows,Windows 7,chrome 59.0,1680x1050,desktop
D007699,Windows,Windows 7,chrome 59.0,1920x1080,desktop
D007700,Windows,Windows 7,chrome 59.0,1920x1200,desktop
D007701,Windows,Windows 7,chrome 59.0,2560x1080,desktop
D007702,Windows,Windows 7,chrome 59.0,2560x1600,desktop
D007703,Windows,Windows 7,chrome 60.0,,desktop
D007704,Windows,Windows 7,chrome 60.0,1024x768,desktop
D007705,Windows,Windows 7,chrome 60.0,1280x1024,desktop
D007706,Windows,Windows 7,chrome 60.0,1280x1025,desktop
D007707,Windows,Windows 7,chrome 60.0,1360x768,desktop
D007708,Windows,Windows 7,chrome 60.0,1366x768,desktop
D007709,Windows,Windows 7,chrome 60.0,1440x900,desktop
D007710,Windows,Windows 7,chrome 60.0,1600x900,desktop
D007711,Windows,Windows 7,chrome 60.0,1680x1050,desktop
D007712,Windows,Windows 7,chrome 60.0,1920x1080,desktop
D007713,Windows,Windows 7,chrome 60.0,1920x1200,desktop
D007714,Windows,Windows 7,chrome 60.0,2112x1188,desktop
D007715,Windows,Windows 7,chrome 61.0,1280x1024,desktop
D007716,Windows,Windows 7,chrome 61.0,1280x1025,desktop
D007717,Windows,Windows 7,chrome 61.0,1280x800,desktop
D007718,Windows,Windows 7,chrome 61.0,1366x768,desktop
D007719,Windows,Windows 7,chrome 61.0,1440x900,desktop
D007720,Windows,Windows 7,chrome 61.0,1600x1200,desktop
D007721,Windows,Windows 7,chrome 61.0,1600x900,desktop
D007722,Windows,Windows 7,chrome 61.0,1680x1050,desktop
D007723,Windows,Windows 7,chrome 61.0,1920x1080,desktop
D007724,Windows,Windows 7,chrome 61.0,1920x1200,desktop
D007725,Windows,Windows 7,chrome 61.0,2560x1080,desktop
D007726,Windows,Windows 7,chrome 62.0,,desktop
D007727,Windows,Windows 7,chrome 62.0,1024x768,desktop
D007728,Windows,Windows 7,chrome 62.0,1152x864,desktop
D007729,Windows,Windows 7,chrome 62.0,1264x924,desktop
D007730,Windows,Windows 7,chrome 62.0,1280x1024,desktop
D007731,Windows,Windows 7,chrome 62.0,1280x1025,desktop
D007732,Windows,Windows 7,chrome 62.0,1280x720,desktop
D007733,Windows,Windows 7,chrome 62.0,1280x768,desktop
D007734,Windows,Windows 7,chrome 62.0,1280x800,desktop
D007735,Windows,Windows 7,chrome 62.0,1280x960,desktop
D007736,Windows,Windows 7,chrome 62.0,1360x768,desktop
D007737,Windows,Windows 7,chrome 62.0,1366x768,desktop
D007738,Windows,Windows 7,chrome 62.0,1440x900,desktop
D007739,Windows,Windows 7,chrome 62.0,1536x864,desktop
D007740,Windows,Windows 7,chrome 62.0,1600x1200,desktop
D007741,Windows,Windows 7,chrome 62.0,1600x900,desktop
D007742,Windows,Windows 7,chrome 62.0,1680x1050,desktop
D007743,Windows,Windows 7,chrome 62.0,1728x972,desktop
D007744,Windows,Windows 7,chrome 62.0,1920x1080,desktop
D007745,Windows,Windows 7,chrome 62.0,1920x1200,desktop
D007746,Windows,Windows 7,chrome 62.0,2049x1152,desktop
D007747,Windows,Windows 7,chrome 62.0,2400x1350,desktop
D007748,Windows,Windows 7,chrome 62.0,2560x1080,desktop
D007749,Windows,Windows 7,chrome 62.0,2560x1440,desktop
D007750,Windows,Windows 7,chrome 62.0,3441x1440,desktop
D007751,Windows,Windows 7,chrome 63.0,,desktop
D007752,Windows,Windows 7,chrome 63.0,1024x600,desktop
D007753,Windows,Windows 7,chrome 63.0,1024x768,desktop
D007754,Windows,Windows 7,chrome 63.0,1152x864,desktop
D007755,Windows,Windows 7,chrome 63.0,1280x1024,desktop
D007756,Windows,Windows 7,chrome 63.0,1280x1025,desktop
D007757,Windows,Windows 7,chrome 63.0,1280x712,desktop
D007758,Windows,Windows 7,chrome 63.0,1280x720,desktop
D007759,Windows,Windows 7,chrome 63.0,1280x768,desktop
D007760,Windows,Windows 7,chrome 63.0,1280x800,desktop
D007761,Windows,Windows 7,chrome 63.0,1280x960,desktop
D007762,Windows,Windows 7,chrome 63.0,1360x768,desktop
D007763,Windows,Windows 7,chrome 63.0,1364x768,desktop
D007764,Windows,Windows 7,chrome 63.0,1366x768,desktop
D007765,Windows,Windows 7,chrome 63.0,1400x1050,desktop
D007766,Windows,Windows 7,chrome 63.0,1400x900,desktop
D007767,Windows,Windows 7,chrome 63.0,1440x810,desktop
D007768,Windows,Windows 7,chrome 63.0,1440x900,desktop
D007769,Windows,Windows 7,chrome 63.0,1512x945,desktop
D007770,Windows,Windows 7,chrome 63.0,1536x864,desktop
D007771,Windows,Windows 7,chrome 63.0,1600x1200,desktop
D007772,Windows,Windows 7,chrome 63.0,1600x900,desktop
D007773,Windows,Windows 7,chrome 63.0,1658x946,desktop
D007774,Windows,Windows 7,chrome 63.0,1680x1050,desktop
D007775,Windows,Windows 7,chrome 63.0,1728x972,desktop
D007776,Windows,Windows 7,chrome 63.0,1776x1000,desktop
D007777,Windows,Windows 7,chrome 63.0,1800x1125,desktop
D007778,Windows,Windows 7,chrome 63.0,1848x1155,desktop
D007779,Windows,Windows 7,chrome 63.0,1920x1080,desktop
D007780,Windows,Windows 7,chrome 63.0,1920x1200,desktop
D007781,Windows,Windows 7,chrome 63.0,2048x1152,desktop
D007782,Windows,Windows 7,chrome 63.0,2112x1188,desktop
D007783,Windows,Windows 7,chrome 63.0,2400x1350,desktop
D007784,Windows,Windows 7,chrome 63.0,2552x1337,desktop
D007785,Windows,Windows 7,chrome 63.0,2560x1080,desktop
D007786,Windows,Windows 7,chrome 63.0,2560x1440,desktop
D007787,Windows,Windows 7,chrome 63.0,2560x1600,desktop
D007788,Windows,Windows 7,chrome 63.0,2880x1620,desktop
D007789,Windows,Windows 7,chrome 63.0,3072x1728,desktop
D007790,Windows,Windows 7,chrome 63.0,3440x1440,desktop
D007791,Windows,Windows 7,chrome 63.0,3441x1440,desktop
D007792,Windows,Windows 7,chrome 63.0,3840x1080,desktop
D007793,Windows,Windows 7,chrome 63.0,3840x2160,desktop
D007794,Windows,Windows 7,chrome 63.0,800x600,desktop
D007795,Windows,Windows 7,chrome 64.0,,desktop
D007796,Windows,Windows 7,chrome 64.0,1024x768,desktop
D007797,Windows,Windows 7,chrome 64.0,1152x864,desktop
D007798,Windows,Windows 7,chrome 64.0,1280x1024,desktop
D007799,Windows,Windows 7,chrome 64.0,1280x1025,desktop
D007800,Windows,Windows 7,chrome 64.0,1280x720,desktop
D007801,Windows,Windows 7,chrome 64.0,1280x768,desktop
D007802,Windows,Windows 7,chrome 64.0,1280x800,desktop
D007803,Windows,Windows 7,chrome 64.0,1280x960,desktop
D007804,Windows,Windows 7,chrome 64.0,1281x720,desktop
D007805,Windows,Windows 7,chrome 64.0,1360x768,desktop
D007806,Windows,Windows 7,chrome 64.0,1364x768,desktop
D007807,Windows,Windows 7,chrome 64.0,1366x768,desktop
D007808,Windows,Windows 7,chrome 64.0,1440x900,desktop
D007809,Windows,Windows 7,chrome 64.0,1536x960,desktop
D007810,Windows,Windows 7,chrome 64.0,1600x1200,desktop
D007811,Windows,Windows 7,chrome 64.0,1600x900,desktop
D007812,Windows,Windows 7,chrome 64.0,1680x1050,desktop
D007813,Windows,Windows 7,chrome 64.0,1728x972,desktop
D007814,Windows,Windows 7,chrome 64.0,1920x1080,desktop
D007815,Windows,Windows 7,chrome 64.0,1920x1200,desktop
D007816,Windows,Windows 7,chrome 64.0,1920x975,desktop
D007817,Windows,Windows 7,chrome 64.0,2400x1350,desktop
D007818,Windows,Windows 7,chrome 64.0,2560x1080,desktop
D007819,Windows,Windows 7,chrome 64.0,2560x1440,desktop
D007820,Windows,Windows 7,chrome 64.0,2560x1600,desktop
D007821,Windows,Windows 7,chrome 64.0,2880x1800,desktop
D007822,Windows,Windows 7,chrome 65.0,1024x768,desktop
D007823,Windows,Windows 7,chrome 65.0,1152x864,desktop
D007824,Windows,Windows 7,chrome 65.0,1280x1024,desktop
D007825,Windows,Windows 7,chrome 65.0,1280x1025,desktop
D007826,Windows,Windows 7,chrome 65.0,1280x720,desktop
D007827,Windows,Windows 7,chrome 65.0,1280x768,desktop
D007828,Windows,Windows 7,chrome 65.0,1280x800,desktop
D007829,Windows,Windows 7,chrome 65.0,1344x840,desktop
D007830,Windows,Windows 7,chrome 65.0,1360x768,desktop
D007831,Windows,Windows 7,chrome 65.0,1366x768,desktop
D007832,Windows,Windows 7,chrome 65.0,1440x810,desktop
D007833,Windows,Windows 7,chrome 65.0,1440x900,desktop
D007834,Windows,Windows 7,chrome 65.0,1441x901,desktop
D007835,Windows,Windows 7,chrome 65.0,1584x990,desktop
D007836,Windows,Windows 7,chrome 65.0,1600x1200,desktop
D007837,Windows,Windows 7,chrome 65.0,1600x900,desktop
D007838,Windows,Windows 7,chrome 65.0,1680x1050,desktop
D007839,Windows,Windows 7,chrome 65.0,1916x901,desktop
D007840,Windows,Windows 7,chrome 65.0,1920x1080,desktop
D007841,Windows,Windows 7,chrome 65.0,1920x1200,desktop
D007842,Windows,Windows 7,chrome 65.0,1920x1201,desktop
D007843,Windows,Windows 7,chrome 65.0,1921x1080,desktop
D007844,Windows,Windows 7,chrome 65.0,2400x1350,desktop
D007845,Windows,Windows 7,chrome 65.0,2400x1500,desktop
D007846,Windows,Windows 7,chrome 65.0,2560x1080,desktop
D007847,Windows,Windows 7,chrome 65.0,2560x1440,desktop
D007848,Windows,Windows 7,chrome 65.0,3440x1440,desktop
D007849,Windows,Windows 7,chrome 66.0,1024x768,desktop
D007850,Windows,Windows 7,chrome 66.0,1024x819,desktop
D007851,Windows,Windows 7,chrome 66.0,1025x768,desktop
D007852,Windows,Windows 7,chrome 66.0,1272x960,desktop
D007853,Windows,Windows 7,chrome 66.0,1280x1024,desktop
D007854,Windows,Windows 7,chrome 66.0,1280x1025,desktop
D007855,Windows,Windows 7,chrome 66.0,1280x720,desktop
D007856,Windows,Windows 7,chrome 66.0,1280x768,desktop
D007857,Windows,Windows 7,chrome 66.0,1280x800,desktop
D007858,Windows,Windows 7,chrome 66.0,1280x960,desktop
D007859,Windows,Windows 7,chrome 66.0,1366x768,desktop
D007860,Windows,Windows 7,chrome 66.0,1400x1050,desktop
D007861,Windows,Windows 7,chrome 66.0,1440x900,desktop
D007862,Windows,Windows 7,chrome 66.0,1596x710,desktop
D007863,Windows,Windows 7,chrome 66.0,1600x1200,desktop
D007864,Windows,Windows 7,chrome 66.0,1600x900,desktop
D007865,Windows,Windows 7,chrome 66.0,1680x1050,desktop
D007866,Windows,Windows 7,chrome 66.0,1727x971,desktop
D007867,Windows,Windows 7,chrome 66.0,1728x972,desktop
D007868,Windows,Windows 7,chrome 66.0,1920x1080,desktop
D007869,Windows,Windows 7,chrome 66.0,1920x1081,desktop
D007870,Windows,Windows 7,chrome 66.0,1920x1200,desktop
D007871,Windows,Windows 7,chrome 66.0,2112x1188,desktop
D007872,Windows,Windows 7,chrome 66.0,2560x1080,desktop
D007873,Windows,Windows 7,chrome 66.0,2560x1440,desktop
D007874,Windows,Windows 7,chrome 67.0,1366x768,desktop
D007875,Windows,Windows 7,chrome 67.0,1496x844,desktop
D007876,Windows,Windows 7,chrome 67.0,1680x945,desktop
D007877,Windows,Windows 7,chrome 69.0,1600x900,desktop
D007878,Windows,Windows 7,chrome generic,,desktop
D007879,Windows,Windows 7,chrome generic,1024x768,desktop
D007880,Windows,Windows 7,chrome generic,1025x768,desktop
D007881,Windows,Windows 7,chrome generic,1280x1024,desktop
D007882,Windows,Windows 7,chrome generic,1280x1025,desktop
D007883,Windows,Windows 7,chrome generic,1280x800,desktop
D007884,Windows,Windows 7,chrome generic,1360x768,desktop
D007885,Windows,Windows 7,chrome generic,1366x768,desktop
D007886,Windows,Windows 7,chrome generic,1440x900,desktop
D007887,Windows,Windows 7,chrome generic,1502x844,desktop
D007888,Windows,Windows 7,chrome generic,1600x1200,desktop
D007889,Windows,Windows 7,chrome generic,1600x900,desktop
D007890,Windows,Windows 7,chrome generic,1680x1050,desktop
D007891,Windows,Windows 7,chrome generic,1920x1080,desktop
D007892,Windows,Windows 7,chrome generic,1920x1200,desktop
D007893,Windows,Windows 7,chrome generic,2560x1440,desktop
D007894,Windows,Windows 7,chrome,,desktop
D007895,Windows,Windows 7,chrome,1024x768,desktop
D007896,Windows,Windows 7,chrome,1280x1024,desktop
D007897,Windows,Windows 7,chrome,1366x768,desktop
D007898,Windows,Windows 7,chrome,1440x900,desktop
D007899,Windows,Windows 7,chrome,1600x1200,desktop
D007900,Windows,Windows 7,chrome,1600x900,desktop
D007901,Windows,Windows 7,chrome,1680x1050,desktop
D007902,Windows,Windows 7,chrome,1920x1080,desktop
D007903,Windows,Windows 7,chrome,1920x1200,desktop
D007904,Windows,Windows 7,chrome,2520x1575,desktop
D007905,Windows,Windows 7,firefox 47.0,1280x800,desktop
D007906,Windows,Windows 7,firefox 52.0,1440x900,desktop
D007907,Windows,Windows 7,firefox 52.0,1600x900,desktop
D007908,Windows,Windows 7,firefox 52.0,1680x1050,desktop
D007909,Windows,Windows 7,firefox 52.0,1920x1080,desktop
D007910,Windows,Windows 7,firefox 52.0,1920x1200,desktop
D007911,Windows,Windows 7,firefox 56.0,1280x800,desktop
D007912,Windows,Windows 7,firefox 56.0,1366x768,desktop
D007913,Windows,Windows 7,firefox 56.0,1600x900,desktop
D007914,Windows,Windows 7,firefox 56.0,1680x1050,desktop
D007915,Windows,Windows 7,firefox 56.0,1920x1080,desktop
D007916,Windows,Windows 7,firefox 56.0,2560x1440,desktop
D007917,Windows,Windows 7,firefox 57.0,,desktop
D007918,Windows,Windows 7,firefox 57.0,1024x600,desktop
D007919,Windows,Windows 7,firefox 57.0,1024x768,desktop
D007920,Windows,Windows 7,firefox 57.0,1280x1024,desktop
D007921,Windows,Windows 7,firefox 57.0,1280x720,desktop
D007922,Windows,Windows 7,firefox 57.0,1280x768,desktop
D007923,Windows,Windows 7,firefox 57.0,1280x800,desktop
D007924,Windows,Windows 7,firefox 57.0,1280x960,desktop
D007925,Windows,Windows 7,firefox 57.0,1360x768,desktop
D007926,Windows,Windows 7,firefox 57.0,1366x768,desktop
D007927,Windows,Windows 7,firefox 57.0,1440x900,desktop
D007928,Windows,Windows 7,firefox 57.0,1600x1024,desktop
D007929,Windows,Windows 7,firefox 57.0,1600x1200,desktop
D007930,Windows,Windows 7,firefox 57.0,1600x900,desktop
D007931,Windows,Windows 7,firefox 57.0,1680x1050,desktop
D007932,Windows,Windows 7,firefox 57.0,1920x1080,desktop
D007933,Windows,Windows 7,firefox 57.0,1920x1200,desktop
D007934,Windows,Windows 7,firefox 57.0,2048x1080,desktop
D007935,Windows,Windows 7,firefox 57.0,2560x1080,desktop
D007936,Windows,Windows 7,firefox 57.0,2560x1440,desktop
D007937,Windows,Windows 7,firefox 57.0,3200x1800,desktop
D007938,Windows,Windows 7,firefox 57.0,3440x1440,desktop
D007939,Windows,Windows 7,firefox 58.0,,desktop
D007940,Windows,Windows 7,firefox 58.0,0x0,desktop
D007941,Windows,Windows 7,firefox 58.0,1280x1024,desktop
D007942,Windows,Windows 7,firefox 58.0,1280x720,desktop
D007943,Windows,Windows 7,firefox 58.0,1366x768,desktop
D007944,Windows,Windows 7,firefox 58.0,1440x900,desktop
D007945,Windows,Windows 7,firefox 58.0,1600x900,desktop
D007946,Windows,Windows 7,firefox 58.0,1680x1050,desktop
D007947,Windows,Windows 7,firefox 58.0,1920x1080,desktop
D007948,Windows,Windows 7,firefox 58.0,1920x1200,desktop
D007949,Windows,Windows 7,firefox 58.0,2560x1440,desktop
D007950,Windows,Windows 7,firefox 58.0,2560x1600,desktop
D007951,Windows,Windows 7,firefox 59.0,1280x1023,desktop
D007952,Windows,Windows 7,firefox 59.0,1280x1024,desktop
D007953,Windows,Windows 7,firefox 59.0,1280x960,desktop
D007954,Windows,Windows 7,firefox 59.0,1360x768,desktop
D007955,Windows,Windows 7,firefox 59.0,1366x767,desktop
D007956,Windows,Windows 7,firefox 59.0,1366x768,desktop
D007957,Windows,Windows 7,firefox 59.0,1440x900,desktop
D007958,Windows,Windows 7,firefox 59.0,1600x900,desktop
D007959,Windows,Windows 7,firefox 59.0,1680x1050,desktop
D007960,Windows,Windows 7,firefox 59.0,1920x1080,desktop
D007961,Windows,Windows 7,firefox 59.0,1920x1200,desktop
D007962,Windows,Windows 7,firefox 59.0,2560x1080,desktop
D007963,Windows,Windows 7,firefox 59.0,2560x1440,desktop
D007964,Windows,Windows 7,firefox 59.0,800x600,desktop
D007965,Windows,Windows 7,firefox 60.0,1280x1023,desktop
D007966,Windows,Windows 7,firefox 60.0,1280x1024,desktop
D007967,Windows,Windows 7,firefox 60.0,1280x900,desktop
D007968,Windows,Windows 7,firefox 60.0,1366x768,desktop
D007969,Windows,Windows 7,firefox 60.0,1440x900,desktop
D007970,Windows,Windows 7,firefox 60.0,1600x1200,desktop
D007971,Windows,Windows 7,firefox 60.0,1600x900,desktop
D007972,Windows,Windows 7,firefox 60.0,1680x1050,desktop
D007973,Windows,Windows 7,firefox 60.0,1920x1080,desktop
D007974,Windows,Windows 7,firefox 60.0,1920x1200,desktop
D007975,Windows,Windows 7,firefox 60.0,2048x1152,desktop
D007976,Windows,Windows 7,firefox 60.0,2560x1440,desktop
D007977,Windows,Windows 7,firefox generic,1280x1024,desktop
D007978,Windows,Windows 7,firefox generic,1280x720,desktop
D007979,Windows,Windows 7,firefox generic,1366x768,desktop
D007980,Windows,Windows 7,firefox generic,1440x900,desktop
D007981,Windows,Windows 7,firefox generic,1680x1050,desktop
D007982,Windows,Windows 7,firefox generic,1920x1080,desktop
D007983,Windows,Windows 7,firefox,1280x800,desktop
D007984,Windows,Windows 7,firefox,1600x900,desktop
D007985,Windows,Windows 7,firefox,1920x1080,desktop
D007986,Windows,Windows 7,firefox,2048x1152,desktop
D007987,Windows,Windows 7,ie 11.0 for desktop,,desktop
D007988,Windows,Windows 7,ie 11.0 for desktop,1279x1023,desktop
D007989,Windows,Windows 7,ie 11.0 for desktop,1280x1024,desktop
D007990,Windows,Windows 7,ie 11.0 for desktop,1280x720,desktop
D007991,Windows,Windows 7,ie 11.0 for desktop,1366x768,desktop
D007992,Windows,Windows 7,ie 11.0 for desktop,1400x1050,desktop
D007993,Windows,Windows 7,ie 11.0 for desktop,1440x900,desktop
D007994,Windows,Windows 7,ie 11.0 for desktop,1536x864,desktop
D007995,Windows,Windows 7,ie 11.0 for desktop,1600x1200,desktop
D007996,Windows,Windows 7,ie 11.0 for desktop,1600x900,desktop
D007997,Windows,Windows 7,ie 11.0 for desktop,1680x1050,desktop
D007998,Windows,Windows 7,ie 11.0 for desktop,1919x1080,desktop
D007999,Windows,Windows 7,ie 11.0 for desktop,1920x1080,desktop
D008000,Windows,Windows 7,ie 11.0 for desktop,1920x1200,desktop
D008001,Windows,Windows 7,ie 11.0 for desktop,2560x1440,desktop
D008002,Windows,Windows 7,opera 49.0,1024x768,desktop
D008003,Windows,Windows 7,opera 49.0,1280x1024,desktop
D008004,Windows,Windows 7,opera 49.0,1280x800,desktop
D008005,Windows,Windows 7,opera 49.0,1366x768,desktop
D008006,Windows,Windows 7,opera 49.0,1440x900,desktop
D008007,Windows,Windows 7,opera 49.0,1920x1080,desktop
D008008,Windows,Windows 7,opera 49.0,1920x1200,desktop
D008009,Windows,Windows 7,opera 51.0,1920x1080,desktop
D008010,Windows,Windows 7,opera 52.0,1280x1024,desktop
D008011,Windows,Windows 7,opera generic,1364x768,desktop
D008012,Windows,Windows 7,opera generic,1680x1050,desktop
D008013,Windows,Windows 7,opera generic,3840x2160,desktop
D008014,Windows,Windows 7,safari generic,1680x1050,desktop
D008015,Windows,Windows 8,,1920x1080,desktop
D008016,Windows,Windows 8,chrome 60.0,1920x1080,desktop
D008017,Windows,Windows 8,chrome 61.0,,desktop
D008018,Windows,Windows 8,chrome 61.0,1360x768,desktop
D008019,Windows,Windows 8,chrome 61.0,1366x768,desktop
D008020,Windows,Windows 8,chrome 62.0,,desktop
D008021,Windows,Windows 8,chrome 62.0,1366x768,desktop
D008022,Windows,Windows 8,chrome 62.0,1920x1080,desktop
D008023,Windows,Windows 8,chrome 63.0,1280x1024,desktop
D008024,Windows,Windows 8,chrome 63.0,1280x768,desktop
D008025,Windows,Windows 8,chrome 63.0,1280x800,desktop
D008026,Windows,Windows 8,chrome 63.0,1366x768,desktop
D008027,Windows,Windows 8,chrome 63.0,1440x900,desktop
D008028,Windows,Windows 8,chrome 63.0,1600x900,desktop
D008029,Windows,Windows 8,chrome 63.0,1920x1080,desktop
D008030,Windows,Windows 8,chrome 63.0,2560x1080,desktop
D008031,Windows,Windows 8,chrome 64.0,1024x768,desktop
D008032,Windows,Windows 8,chrome 64.0,1280x768,desktop
D008033,Windows,Windows 8,chrome 64.0,1366x768,desktop
D008034,Windows,Windows 8,chrome 64.0,1920x1080,desktop
D008035,Windows,Windows 8,chrome 65.0,1366x768,desktop
D008036,Windows,Windows 8,chrome 65.0,1440x900,desktop
D008037,Windows,Windows 8,chrome 65.0,1680x1050,desktop
D008038,Windows,Windows 8,chrome 65.0,1920x1080,desktop
D008039,Windows,Windows 8,chrome 66.0,1366x768,desktop
D008040,Windows,Windows 8,chrome 66.0,1920x1080,desktop
D008041,Windows,Windows 8,chrome generic,1920x1080,desktop
D008042,Windows,Windows 8,chrome,1280x1024,desktop
D008043,Windows,Windows 8,chrome,1680x1050,desktop
D008044,Windows,Windows 8,firefox 57.0,,desktop
D008045,Windows,Windows 8,firefox 57.0,1280x1024,desktop
D008046,Windows,Windows 8,firefox 57.0,1366x768,desktop
D008047,Windows,Windows 8,firefox 57.0,1440x900,desktop
D008048,Windows,Windows 8,firefox 57.0,1920x1080,desktop
D008049,Windows,Windows 8,firefox 58.0,,desktop
D008050,Windows,Windows 8,firefox 58.0,1366x768,desktop
D008051,Windows,Windows 8,firefox 58.0,1600x900,desktop
D008052,Windows,Windows 8,firefox 58.0,1920x1080,desktop
D008053,Windows,Windows 8,firefox 59.0,1366x768,desktop
D008054,Windows,Windows 8,firefox 59.0,1920x1080,desktop
D008055,Windows,Windows 8,ie 11.0 for desktop,1366x768,desktop
D008056,Windows,Windows 8,ie 11.0 for desktop,1600x900,desktop
D008057,Windows,Windows 8,ie 11.0 for desktop,1920x1080,desktop
D008058,Windows,Windows 8.1,,1440x900,desktop
D008059,Windows,Windows 8.1,chrome 55.0,1366x768,desktop
D008060,Windows,Windows 8.1,chrome 56.0,1280x768,desktop
D008061,Windows,Windows 8.1,chrome 58.0,,desktop
D008062,Windows,Windows 8.1,chrome 58.0,1366x768,desktop
D008063,Windows,Windows 8.1,chrome 58.0,1600x900,desktop
D008064,Windows,Windows 8.1,chrome 58.0,2880x1620,desktop
D008065,Windows,Windows 8.1,chrome 59.0,1366x768,desktop
D008066,Windows,Windows 8.1,chrome 60.0,1366x768,desktop
D008067,Windows,Windows 8.1,chrome 60.0,1600x900,desktop
D008068,Windows,Windows 8.1,chrome 60.0,1920x1080,desktop
D008069,Windows,Windows 8.1,chrome 61.0,1366x768,desktop
D008070,Windows,Windows 8.1,chrome 61.0,1920x1080,desktop
D008071,Windows,Windows 8.1,chrome 62.0,,desktop
D008072,Windows,Windows 8.1,chrome 62.0,1024x768,desktop
D008073,Windows,Windows 8.1,chrome 62.0,1280x1024,desktop
D008074,Windows,Windows 8.1,chrome 62.0,1280x720,desktop
D008075,Windows,Windows 8.1,chrome 62.0,1360x768,desktop
D008076,Windows,Windows 8.1,chrome 62.0,1366x768,desktop
D008077,Windows,Windows 8.1,chrome 62.0,1440x900,desktop
D008078,Windows,Windows 8.1,chrome 62.0,1600x1200,desktop
D008079,Windows,Windows 8.1,chrome 62.0,1600x900,desktop
D008080,Windows,Windows 8.1,chrome 62.0,1680x1050,desktop
D008081,Windows,Windows 8.1,chrome 62.0,1728x972,desktop
D008082,Windows,Windows 8.1,chrome 62.0,1920x1080,desktop
D008083,Windows,Windows 8.1,chrome 62.0,2160x1440,desktop
D008084,Windows,Windows 8.1,chrome 62.0,2304x1296,desktop
D008085,Windows,Windows 8.1,chrome 62.0,2400x1350,desktop
D008086,Windows,Windows 8.1,chrome 62.0,2560x1440,desktop
D008087,Windows,Windows 8.1,chrome 62.0,2880x1620,desktop
D008088,Windows,Windows 8.1,chrome 63.0,,desktop
D008089,Windows,Windows 8.1,chrome 63.0,1024x768,desktop
D008090,Windows,Windows 8.1,chrome 63.0,1200x675,desktop
D008091,Windows,Windows 8.1,chrome 63.0,1280x1024,desktop
D008092,Windows,Windows 8.1,chrome 63.0,1280x720,desktop
D008093,Windows,Windows 8.1,chrome 63.0,1280x800,desktop
D008094,Windows,Windows 8.1,chrome 63.0,1360x768,desktop
D008095,Windows,Windows 8.1,chrome 63.0,1366x768,desktop
D008096,Windows,Windows 8.1,chrome 63.0,1408x880,desktop
D008097,Windows,Windows 8.1,chrome 63.0,1440x900,desktop
D008098,Windows,Windows 8.1,chrome 63.0,1440x960,desktop
D008099,Windows,Windows 8.1,chrome 63.0,1536x864,desktop
D008100,Windows,Windows 8.1,chrome 63.0,1600x900,desktop
D008101,Windows,Windows 8.1,chrome 63.0,1680x1050,desktop
D008102,Windows,Windows 8.1,chrome 63.0,1728x972,desktop
D008103,Windows,Windows 8.1,chrome 63.0,1768x992,desktop
D008104,Windows,Windows 8.1,chrome 63.0,1920x1080,desktop
D008105,Windows,Windows 8.1,chrome 63.0,1920x1200,desktop
D008106,Windows,Windows 8.1,chrome 63.0,1920x1281,desktop
D008107,Windows,Windows 8.1,chrome 63.0,2160x1440,desktop
D008108,Windows,Windows 8.1,chrome 63.0,2304x1296,desktop
D008109,Windows,Windows 8.1,chrome 63.0,2400x1350,desktop
D008110,Windows,Windows 8.1,chrome 63.0,2560x1440,desktop
D008111,Windows,Windows 8.1,chrome 63.0,2736x1824,desktop
D008112,Windows,Windows 8.1,chrome 63.0,2880x1620,desktop
D008113,Windows,Windows 8.1,chrome 63.0,2880x1800,desktop
D008114,Windows,Windows 8.1,chrome 63.0,3200x1800,desktop
D008115,Windows,Windows 8.1,chrome 63.0,3441x1440,desktop
D008116,Windows,Windows 8.1,chrome 63.0,3840x1080,desktop
D008117,Windows,Windows 8.1,chrome 64.0,,desktop
D008118,Windows,Windows 8.1,chrome 64.0,1280x1024,desktop
D008119,Windows,Windows 8.1,chrome 64.0,1280x1025,desktop
D008120,Windows,Windows 8.1,chrome 64.0,1280x720,desktop
D008121,Windows,Windows 8.1,chrome 64.0,1280x800,desktop
D008122,Windows,Windows 8.1,chrome 64.0,1366x768,desktop
D008123,Windows,Windows 8.1,chrome 64.0,1440x900,desktop
D008124,Windows,Windows 8.1,chrome 64.0,1600x900,desktop
D008125,Windows,Windows 8.1,chrome 64.0,1680x1050,desktop
D008126,Windows,Windows 8.1,chrome 64.0,1920x1080,desktop
D008127,Windows,Windows 8.1,chrome 64.0,1920x1200,desktop
D008128,Windows,Windows 8.1,chrome 64.0,2160x1440,desktop
D008129,Windows,Windows 8.1,chrome 64.0,2304x1296,desktop
D008130,Windows,Windows 8.1,chrome 64.0,3200x1800,desktop
D008131,Windows,Windows 8.1,chrome 65.0,1152x864,desktop
D008132,Windows,Windows 8.1,chrome 65.0,1280x1024,desktop
D008133,Windows,Windows 8.1,chrome 65.0,1280x768,desktop
D008134,Windows,Windows 8.1,chrome 65.0,1366x768,desktop
D008135,Windows,Windows 8.1,chrome 65.0,1440x810,desktop
D008136,Windows,Windows 8.1,chrome 65.0,1440x900,desktop
D008137,Windows,Windows 8.1,chrome 65.0,1600x900,desktop
D008138,Windows,Windows 8.1,chrome 65.0,1680x1050,desktop
D008139,Windows,Windows 8.1,chrome 65.0,1920x1080,desktop
D008140,Windows,Windows 8.1,chrome 65.0,1920x1200,desktop
D008141,Windows,Windows 8.1,chrome 65.0,2880x1620,desktop
D008142,Windows,Windows 8.1,chrome 66.0,1024x768,desktop
D008143,Windows,Windows 8.1,chrome 66.0,1280x1024,desktop
D008144,Windows,Windows 8.1,chrome 66.0,1280x720,desktop
D008145,Windows,Windows 8.1,chrome 66.0,1360x768,desktop
D008146,Windows,Windows 8.1,chrome 66.0,1366x768,desktop
D008147,Windows,Windows 8.1,chrome 66.0,1368x768,desktop
D008148,Windows,Windows 8.1,chrome 66.0,1600x900,desktop
D008149,Windows,Windows 8.1,chrome 66.0,1680x1050,desktop
D008150,Windows,Windows 8.1,chrome 66.0,1920x1080,desktop
D008151,Windows,Windows 8.1,chrome 66.0,2049x1152,desktop
D008152,Windows,Windows 8.1,chrome generic,1280x720,desktop
D008153,Windows,Windows 8.1,chrome generic,1366x768,desktop
D008154,Windows,Windows 8.1,chrome generic,1600x900,desktop
D008155,Windows,Windows 8.1,chrome generic,1680x1050,desktop
D008156,Windows,Windows 8.1,chrome generic,1920x1080,desktop
D008157,Windows,Windows 8.1,chrome generic,2560x1440,desktop
D008158,Windows,Windows 8.1,chrome,1280x1024,desktop
D008159,Windows,Windows 8.1,chrome,1366x768,desktop
D008160,Windows,Windows 8.1,chrome,1600x900,desktop
D008161,Windows,Windows 8.1,chrome,1920x1080,desktop
D008162,Windows,Windows 8.1,chrome,1920x1200,desktop
D008163,Windows,Windows 8.1,firefox 52.0,1920x1080,desktop
D008164,Windows,Windows 8.1,firefox 56.0,1366x768,desktop
D008165,Windows,Windows 8.1,firefox 56.0,1920x1080,desktop
D008166,Windows,Windows 8.1,firefox 57.0,,desktop
D008167,Windows,Windows 8.1,firefox 57.0,1024x768,desktop
D008168,Windows,Windows 8.1,firefox 57.0,1280x1024,desktop
D008169,Windows,Windows 8.1,firefox 57.0,1366x768,desktop
D008170,Windows,Windows 8.1,firefox 57.0,1440x900,desktop
D008171,Windows,Windows 8.1,firefox 57.0,1600x1200,desktop
D008172,Windows,Windows 8.1,firefox 57.0,1600x900,desktop
D008173,Windows,Windows 8.1,firefox 57.0,1680x1050,desktop
D008174,Windows,Windows 8.1,firefox 57.0,1920x1080,desktop
D008175,Windows,Windows 8.1,firefox 57.0,1920x1200,desktop
D008176,Windows,Windows 8.1,firefox 57.0,2160x1440,desktop
D008177,Windows,Windows 8.1,firefox 57.0,3200x1800,desktop
D008178,Windows,Windows 8.1,firefox 58.0,,desktop
D008179,Windows,Windows 8.1,firefox 58.0,1280x720,desktop
D008180,Windows,Windows 8.1,firefox 58.0,1366x768,desktop
D008181,Windows,Windows 8.1,firefox 58.0,1440x900,desktop
D008182,Windows,Windows 8.1,firefox 58.0,1920x1080,desktop
D008183,Windows,Windows 8.1,firefox 58.0,2160x1440,desktop
D008184,Windows,Windows 8.1,firefox 59.0,1280x1024,desktop
D008185,Windows,Windows 8.1,firefox 59.0,1366x768,desktop
D008186,Windows,Windows 8.1,firefox 59.0,1440x900,desktop
D008187,Windows,Windows 8.1,firefox 59.0,1680x1050,desktop
D008188,Windows,Windows 8.1,firefox 59.0,1920x1080,desktop
D008189,Windows,Windows 8.1,firefox 60.0,1440x900,desktop
D008190,Windows,Windows 8.1,firefox 60.0,1920x1080,desktop
D008191,Windows,Windows 8.1,firefox generic,1280x800,desktop
D008192,Windows,Windows 8.1,firefox generic,1920x1080,desktop
D008193,Windows,Windows 8.1,ie 11.0 for desktop,,desktop
D008194,Windows,Windows 8.1,ie 11.0 for desktop,1280x1024,desktop
D008195,Windows,Windows 8.1,ie 11.0 for desktop,1366x768,desktop
D008196,Windows,Windows 8.1,ie 11.0 for desktop,1600x900,desktop
D008197,Windows,Windows 8.1,ie 11.0 for desktop,1919x1079,desktop
D008198,Windows,Windows 8.1,ie 11.0 for desktop,1920x1080,desktop
D008199,Windows,Windows 8.1,ie 11.0 for desktop,2160x1440,desktop
D008200,Windows,Windows 8.1,ie 11.0 for tablet,1920x1080,desktop
D008201,Windows,Windows 8.1,opera 49.0,1366x768,desktop
D008202,Windows,Windows 8.1,opera 49.0,1920x1080,desktop
D008203,Windows,Windows 8.1,opera,1366x768,desktop
D008204,Windows,Windows Vista,,1680x1050,desktop
D008205,Windows,Windows Vista,aol,,desktop
D008206,Windows,Windows Vista,aol,1024x768,desktop
D008207,Windows,Windows Vista,aol,1600x900,desktop
D008208,Windows,Windows Vista,chrome 49.0,,desktop
D008209,Windows,Windows Vista,chrome 49.0,1024x768,desktop
D008210,Windows,Windows Vista,chrome 49.0,1152x864,desktop
D008211,Windows,Windows Vista,chrome 49.0,1280x1024,desktop
D008212,Windows,Windows Vista,chrome 49.0,1280x720,desktop
D008213,Windows,Windows Vista,chrome 49.0,1280x768,desktop
D008214,Windows,Windows Vista,chrome 49.0,1280x800,desktop
D008215,Windows,Windows Vista,chrome 49.0,1280x960,desktop
D008216,Windows,Windows Vista,chrome 49.0,1366x768,desktop
D008217,Windows,Windows Vista,chrome 49.0,1400x1050,desktop
D008218,Windows,Windows Vista,chrome 49.0,1408x880,desktop
D008219,Windows,Windows Vista,chrome 49.0,1440x900,desktop
D008220,Windows,Windows Vista,chrome 49.0,1600x900,desktop
D008221,Windows,Windows Vista,chrome 49.0,1680x1050,desktop
D008222,Windows,Windows Vista,chrome 49.0,1920x1080,desktop
D008223,Windows,Windows Vista,chrome 49.0,1920x1200,desktop
D008224,Windows,Windows Vista,chrome 49.0,2520x1575,desktop
D008225,Windows,Windows Vista,chrome 49.0,921x691,desktop
D008226,Windows,Windows Vista,chrome generic,1280x1025,desktop
D008227,Windows,Windows Vista,chrome,1280x800,desktop
D008228,Windows,Windows Vista,firefox 52.0,1024x768,desktop
D008229,Windows,Windows Vista,firefox 52.0,1152x864,desktop
D008230,Windows,Windows Vista,firefox 52.0,1280x600,desktop
D008231,Windows,Windows Vista,firefox 52.0,1280x720,desktop
D008232,Windows,Windows Vista,firefox 52.0,1280x800,desktop
D008233,Windows,Windows Vista,firefox 52.0,1360x768,desktop
D008234,Windows,Windows Vista,firefox 52.0,1366x768,desktop
D008235,Windows,Windows Vista,firefox 52.0,1440x900,desktop
D008236,Windows,Windows Vista,firefox 52.0,1680x1050,desktop
D008237,Windows,Windows Vista,firefox 52.0,1920x1080,desktop
D008238,Windows,Windows Vista,ie,1280x720,desktop
D008239,Windows,Windows Vista,ie,1366x768,desktop
D008240,Windows,Windows Vista,ie,1440x900,desktop
D008241,Windows,Windows Vista,opera,1024x768,desktop
D008242,Windows,Windows Vista,opera,1440x900,desktop
D008243,Windows,Windows XP,chrome 49.0,,desktop
D008244,Windows,Windows XP,chrome 49.0,1024x600,desktop
D008245,Windows,Windows XP,chrome 49.0,1024x768,desktop
D008246,Windows,Windows XP,chrome 49.0,1152x864,desktop
D008247,Windows,Windows XP,chrome 49.0,1280x1024,desktop
D008248,Windows,Windows XP,chrome 49.0,1280x768,desktop
D008249,Windows,Windows XP,chrome 49.0,1280x800,desktop
D008250,Windows,Windows XP,chrome 49.0,1280x960,desktop
D008251,Windows,Windows XP,chrome 49.0,1366x768,desktop
D008252,Windows,Windows XP,chrome 49.0,1440x900,desktop
D008253,Windows,Windows XP,chrome 49.0,1600x900,desktop
D008254,Windows,Windows XP,chrome 49.0,1680x1050,desktop
D008255,Windows,Windows XP,chrome 49.0,1920x1080,desktop
D008256,Windows,Windows XP,chrome 49.0,1920x1200,desktop
D008257,Windows,Windows XP,chrome generic,1920x1080,desktop
D008258,Windows,Windows XP,firefox 52.0,,desktop
D008259,Windows,Windows XP,firefox 52.0,1024x768,desktop
D008260,Windows,Windows XP,firefox 52.0,1152x720,desktop
D008261,Windows,Windows XP,firefox 52.0,1152x864,desktop
D008262,Windows,Windows XP,firefox 52.0,1280x1024,desktop
D008263,Windows,Windows XP,firefox 52.0,1280x720,desktop
D008264,Windows,Windows XP,firefox 52.0,1280x768,desktop
D008265,Windows,Windows XP,firefox 52.0,1280x800,desktop
D008266,Windows,Windows XP,firefox 52.0,1440x900,desktop
D008267,Windows,Windows XP,firefox 52.0,1680x1050,desktop
D008268,Windows,Windows XP,firefox 52.0,1920x1080,desktop
D008269,Windows,Windows XP,firefox 52.0,800x600,desktop
D008270,Windows,Windows XP,firefox,1024x768,desktop
D008271,Windows,Windows,,,desktop
D008272,Windows,func,chrome 62.0,1920x1080,desktop
D008273,Windows,func,chrome 63.0,1600x900,desktop
D008274,Windows,func,edge 15.0,1366x768,desktop
D008275,Windows,other,chrome 61.0,1280x720,desktop
D008276,Windows,other,chrome generic,1280x800,desktop
D008277,Windows,other,edge 16.0,3840x2160,desktop
D008278,Windows,other,opera,1280x720,desktop
D008279,X10,Android 5.1.1,chrome 43.0 for android,1024x600,mobile
D008280,X3402,,chrome 55.0 for android,,mobile
D008281,X78,,chrome 66.0 for android,,mobile
D008282,X78,,chrome generic,,desktop
D008283,X900+,,chrome 64.0 for android,,mobile
D008284,XT1003,,chrome 62.0 for android,,mobile
D008285,XT1003,,chrome 63.0 for android,,mobile
D008286,XT1003,,chrome 65.0 for android,,mobile
D008287,XT1003,,chrome generic,,desktop
D008288,XT1008 Build/LPBS23.13-56-2,,chrome 62.0 for android,,mobile
D008289,XT1008 Build/LPBS23.13-56-2,,chrome 63.0 for android,,mobile
D008290,XT1008 Build/LPBS23.13-56-2,,chrome 64.0 for android,,mobile
D008291,XT1008 Build/LPBS23.13-56-2,,chrome 65.0 for android,,mobile
D008292,XT1008,,chrome 63.0 for android,,mobile
D008293,XT1008,,chrome,,mobile
D008294,XT1021 Build/KXC21.5-40,,chrome 57.0 for android,,mobile
D008295,XT1021 Build/KXC21.5-40,,chrome 61.0 for android,,mobile
D008296,XT1021 Build/KXC21.5-40,,chrome 62.0 for android,,mobile
D008297,XT1021 Build/KXC21.5-40,,chrome 63.0 for android,,mobile
D008298,XT1021 Build/KXC21.5-40,,chrome,,mobile
D008299,XT1021 Build/LPCS23.13-34.8-3,,chrome 63.0 for android,,mobile
D008300,XT1021 Build/LPCS23.13-34.8-3,,chrome 65.0 for android,,mobile
D008301,XT1021 Build/LPCS23.13-34.8-3,,chrome,,mobile
D008302,XT1021,,chrome 63.0 for android,,mobile
D008303,XT1023,,chrome 51.0 for android,,mobile
D008304,XT1030 Build/SU6-7.7,,chrome 62.0 for android,,mobile
D008305,XT1030 Build/SU6-7.7,Android,chrome 62.0 for android,1280x720,mobile
D008306,XT1030 Build/SU6-7.7,Android,chrome 63.0 for android,1280x720,mobile
D008307,XT1030 Build/SU6-7.7,Android,chrome generic,1280x720,mobile
D008308,XT1031,Android,chrome 62.0 for android,1280x720,mobile
D008309,XT1032 Build/KXB20.9-1.10-1.24-1.1,,chrome 56.0 for android,,mobile
D008310,XT1032 Build/KXB20.9-1.10-1.24-1.1,,chrome 62.0 for android,,mobile
D008311,XT1032 Build/KXB21.14-L1.40,,chrome 60.0 for android,,mobile
D008312,XT1032 Build/KXB21.14-L1.40,,chrome 63.0 for android,,mobile
D008313,XT1032 Build/KXB21.14-L1.40,,chrome generic,,mobile
D008314,XT1032 Build/LPBS23.13-56-2,,chrome 54.0 for android,,mobile
D008315,XT1032 Build/LPBS23.13-56-2,,chrome 55.0 for android,,mobile
D008316,XT1032 Build/LPBS23.13-56-2,,chrome 57.0 for android,,mobile
D008317,XT1032 Build/LPBS23.13-56-2,,chrome 59.0 for android,,mobile
D008318,XT1032 Build/LPBS23.13-56-2,,chrome 61.0 for android,,mobile
D008319,XT1032 Build/LPBS23.13-56-2,,chrome 62.0 for android,,mobile
D008320,XT1032 Build/LPBS23.13-56-2,,chrome 63.0 for android,,mobile
D008321,XT1032 Build/LPBS23.13-56-2,,chrome 64.0 for android,,mobile
D008322,XT1032 Build/LPBS23.13-56-2,,chrome 65.0 for android,,mobile
D008323,XT1032 Build/LPBS23.13-56-2,,chrome 66.0 for android,,mobile
D008324,XT1032 Build/LPBS23.13-56-2,,chrome generic,,desktop
D008325,XT1032 Build/LPBS23.13-56-2,,chrome,,mobile
D008326,XT1032 Build/LPBS23.13-57-2,,chrome 62.0 for android,,mobile
D008327,XT1032 Build/LPBS23.13-57-2,,chrome 63.0 for android,,mobile
D008328,XT1032,,chrome 63.0 for android,,mobile
D008329,XT1032,,chrome 64.0 for android,,mobile
D008330,XT1032,,chrome 65.0 for android,,mobile
D008331,XT1033,Android,chrome 63.0 for android,1280x720,mobile
D008332,XT1040,,chrome 58.0 for android,,mobile
D008333,XT1040,,chrome 61.0 for android,,mobile
D008334,XT1040,,chrome 62.0 for android,,mobile
D008335,XT1040,,chrome 63.0 for android,,mobile
D008336,XT1040,,chrome,,desktop
D008337,XT1053 Build/LPAS23.12-21.7-1,,chrome 63.0 for android,,mobile
D008338,XT1053 Build/LPAS23.12-21.7-1,,chrome 64.0 for android,,mobile
D008339,XT1053 Build/LPAS23.12-21.7-1,,chrome 65.0 for android,,mobile
D008340,XT1053 Build/LPAS23.12-21.7-1,,chrome 66.0 for android,,mobile
D008341,XT1053 Build/LPAS23.12-21.7-1,,chrome,,mobile
D008342,XT1055,Android,chrome 60.0 for android,1280x720,mobile
D008343,XT1058 Build/LPAS23.12-21.7-1,,chrome 62.0 for android,,mobile
D008344,XT1058 Build/LPAS23.12-21.7-1,,chrome 64.0 for android,,mobile
D008345,XT1058 Build/LPAS23.12-21.7-1,,chrome 66.0 for android,,mobile
D008346,XT1058 Build/LPAS23.12-21.7-1,,chrome generic,,mobile
D008347,XT1058,,chrome 63.0 for android,,mobile
D008348,XT1060,Android,chrome 63.0 for android,1280x720,mobile
D008349,XT1063 Build/MPB24.65-34,,chrome 63.0 for android,,mobile
D008350,XT1063 Build/MPB24.65-34,,chrome 64.0 for android,,mobile
D008351,XT1063 Build/MPB24.65-34,,chrome 65.0 for android,,mobile
D008352,XT1063 Build/MPB24.65-34,,chrome generic for android,,mobile
D008353,XT1063 Build/MPB24.65-34,,chrome,,mobile
D008354,XT1063 Build/MPB24.65-34-3,,chrome 62.0 for android,,mobile
D008355,XT1063 Build/MPB24.65-34-3,,chrome 63.0 for android,,mobile
D008356,XT1063 Build/MPB24.65-34-3,,chrome 64.0 for android,,mobile
D008357,XT1063 Build/MPB24.65-34-3,,chrome 65.0 for android,,mobile
D008358,XT1063 Build/MPB24.65-34-3,,chrome 66.0 for android,,mobile
D008359,XT1063,,chrome 62.0 for android,,mobile
D008360,XT1064 Build/MPB24.65-34-3,,chrome 56.0 for android,,mobile
D008361,XT1064 Build/MPB24.65-34-3,,chrome 61.0 for android,,mobile
D008362,XT1064 Build/MPB24.65-34-3,,chrome 62.0 for android,,mobile
D008363,XT1064 Build/MPB24.65-34-3,,chrome 63.0 for android,,mobile
D008364,XT1064 Build/MPB24.65-34-3,,chrome 64.0 for android,,mobile
D008365,XT1064 Build/MPB24.65-34-3,,chrome 65.0 for android,,mobile
D008366,XT1064 Build/MPB24.65-34-3,,chrome 66.0 for android,,mobile
D008367,XT1064 Build/MPB24.65-34-3,,chrome generic for android,,mobile
D008368,XT1064,,chrome 54.0 for android,,mobile
D008369,XT1064,,chrome 63.0 for android,,mobile
D008370,XT1068,,chrome 62.0 for android,,mobile
D008371,XT1068,,chrome 64.0 for android,,mobile
D008372,XT1072,,chrome 64.0 for android,,mobile
D008373,XT1080 Build/SU6-7.7,,chrome 66.0 for android,,mobile
D008374,XT1080 Build/SU6-7.7,Android,chrome 59.0 for android,1280x720,mobile
D008375,XT1080 Build/SU6-7.7,Android,chrome 63.0 for android,1280x720,mobile
D008376,XT1080 Build/SU6-7.7,Android,chrome generic,1280x720,mobile
D008377,XT1080,Android,chrome 60.0 for android,1280x720,mobile
D008378,XT1092,,chrome 63.0 for android,,mobile
D008379,XT1094,Android,chrome 63.0 for android,1920x1080,mobile
D008380,XT1095,Android 6.0,chrome generic for android,1920x1080,mobile
D008381,XT1096,,chrome 66.0 for android,,mobile
D008382,XT1096,Android,chrome 63.0 for android,1920x1080,mobile
D008383,XT1097,,chrome 63.0 for android,,mobile
D008384,XT1097,Android,chrome 63.0 for android,1920x1080,mobile
D008385,XT1097,Android,chrome 65.0 for android,1920x1080,mobile
D008386,XT1225,,chrome 65.0 for android,,mobile
D008387,XT1225,,chrome generic for android,,mobile
D008388,XT1254 Build/MCG24.251-5-5,,chrome 63.0 for android,,mobile
D008389,XT1254 Build/MCG24.251-5-5,Android 6.0.1,chrome 61.0 for android,2560x1440,mobile
D008390,XT1254 Build/MCG24.251-5-5,Android 6.0.1,chrome 62.0 for android,2560x1440,mobile
D008391,XT1254 Build/MCG24.251-5-5,Android 6.0.1,chrome 63.0 for android,2560x1440,mobile
D008392,XT1254 Build/MCG24.251-5-5,Android 6.0.1,chrome 64.0 for android,2560x1440,mobile
D008393,XT1254 Build/MCG24.251-5-5,Android 6.0.1,chrome generic for android,2560x1440,mobile
D008394,XT1254,,chrome 64.0 for android,,mobile
D008395,XT1528,Android,chrome 62.0 for android,960x540,mobile
D008396,XT1563 Build/MPD24.107-52,,chrome 59.0 for android,,mobile
D008397,XT1563 Build/MPD24.107-52,,chrome 61.0 for android,,mobile
D008398,XT1563 Build/MPD24.107-52,,chrome 63.0 for android,,mobile
D008399,XT1563 Build/MPD24.65-25,,chrome 66.0 for android,,mobile
D008400,XT1563 Build/MPDS24.107-52-5,,chrome 59.0 for android,,mobile
D008401,XT1563 Build/MPDS24.107-52-5,,chrome 60.0 for android,,mobile
D008402,XT1563 Build/MPDS24.107-52-5,,chrome 62.0 for android,,mobile
D008403,XT1563 Build/MPDS24.107-52-5,,chrome 63.0 for android,,mobile
D008404,XT1563 Build/MPDS24.107-52-5,,chrome 65.0 for android,,mobile
D008405,XT1563,,chrome 63.0 for android,,mobile
D008406,XT1565,Android 6.0.1,chrome 62.0 for android,1920x1080,mobile
D008407,XT1565,Android 7.1.1,android webview 4.0,1920x1080,mobile
D008408,XT1565,Android 7.1.1,chrome 65.0 for android,1920x1080,mobile
D008409,XT1572 Build/NPHS25.200-15-8,,chrome 64.0 for android,,mobile
D008410,XT1572 Build/NPHS25.200-15-8,,chrome generic for android,,mobile
D008411,XT1575 Build/NPHS25.200-23-1,,chrome 63.0 for android,,mobile
D008412,XT1575 Build/NPHS25.200-23-1,Android 7.0,chrome 63.0 for android,2562x1442,mobile
D008413,XT1575,Android 7.0,chrome 58.0 for android,2562x1442,mobile
D008414,XT1575,Android 7.0,chrome 63.0 for android,2562x1442,mobile
D008415,XT1580 Build/NPKS25.200-12-9,,chrome 62.0 for android,,mobile
D008416,XT1580 Build/NPKS25.200-17-8,,chrome 65.0 for android,,mobile
D008417,XT1580,,chrome 56.0 for android,,mobile
D008418,XT1580,,chrome 63.0 for android,,mobile
D008419,XT1580,,chrome 64.0 for android,,mobile
D008420,XT1585 Build/NCK25.118-10.5,,chrome 65.0 for android,2560x1440,mobile
D008421,XT1585 Build/NCK25.118-10.5,Android 7.0,chrome 56.0 for android,2560x1440,mobile
D008422,XT1585 Build/NCK25.118-10.5,Android 7.0,chrome 62.0 for android,2560x1440,mobile
D008423,XT1585 Build/NCK25.118-10.5,Android 7.0,chrome 63.0 for android,,mobile
D008424,XT1585 Build/NCK25.118-10.5,Android 7.0,chrome 63.0 for android,2560x1440,mobile
D008425,XT1585 Build/NCK25.118-10.5,Android 7.0,chrome 64.0 for android,2560x1440,mobile
D008426,XT1585 Build/NCK25.118-10.5,Android 7.0,chrome 65.0 for android,2560x1440,mobile
D008427,XT1585 Build/NCK25.118-10.5,Android 7.0,chrome generic for android,2560x1440,mobile
D008428,XT1609 Build/MPIS24.241-2.35-1-17,,chrome 65.0 for android,,mobile
D008429,XT1609 Build/MPIS24.241-2.35-1-17,Android 6.0.1,chrome 62.0 for android,1280x720,mobile
D008430,XT1609 Build/NPIS26.48-38-3,,chrome 57.0 for android,,mobile
D008431,XT1609,,chrome 57.0 for android,,mobile
D008432,XT1635-01 Build/NDNS26.118-23-12-3,,chrome 62.0 for android,,mobile
D008433,XT1635-01 Build/NDNS26.118-23-12-3,Android 7.1.1,chrome 62.0 for android,,mobile
D008434,XT1635-01 Build/NDNS26.118-23-12-3,Android 7.1.1,chrome 62.0 for android,1920x1080,mobile
D008435,XT1635-01 Build/NDNS26.118-23-12-3,Android 7.1.1,chrome 63.0 for android,,mobile
D008436,XT1635-01 Build/NDNS26.118-23-12-3,Android 7.1.1,chrome 63.0 for android,1920x1080,mobile
D008437,XT1635-01,Android 7.1.1,chrome 62.0 for android,1920x1080,mobile
D008438,XT1635-01,Android 7.1.1,chrome 63.0 for android,,mobile
D008439,XT1635-01,Android 7.1.1,chrome 65.0 for android,1920x1080,mobile
D008440,XT1635-01,Android 7.1.1,chrome generic for android,1920x1080,mobile
D008441,XT1635-02 Build/NPN26.118-22-2,,chrome 57.0 for android,,mobile
D008442,XT1635-02 Build/NPN26.118-22-2,,chrome 62.0 for android,,mobile
D008443,XT1635-02 Build/NPN26.118-22-2,,chrome 63.0 for android,,mobile
D008444,XT1635-02 Build/NPN26.118-22-2,,chrome 64.0 for android,,mobile
D008445,XT1635-02 Build/NPN26.118-22-2,,chrome 65.0 for android,,mobile
D008446,XT1635-02 Build/NPN26.118-22-2,,chrome 66.0 for android,,mobile
D008447,XT1635-02 Build/NPN26.118-22-2,,chrome generic for android,,mobile
D008448,XT1635-02 Build/OPN27.76-12-22,,chrome 66.0 for android,,mobile
D008449,XT1635-02,,chrome 63.0 for android,,mobile
D008450,XT1635-02,,chrome 64.0 for android,,mobile
D008451,XT1635-02,,chrome 65.0 for android,,mobile
D008452,XT1635-02,Android 7.1.1,chrome 55.0 for android,640x360,mobile
D008453,XT1635-02,Android 7.1.1,chrome 62.0 for android,1920x1080,mobile
D008454,XT1635-02,Android 7.1.1,chrome generic for android,1920x1080,mobile
D008455,XT1650 Build/NCLS26.118-23-13-3,Android 7.1.1,chrome 58.0 for android,2560x1440,mobile
D008456,XT1650 Build/NCLS26.118-23-13-3,Android 7.1.1,chrome 59.0 for android,2560x1440,mobile
D008457,XT1650 Build/NCLS26.118-23-13-3,Android 7.1.1,chrome 62.0 for android,,mobile
D008458,XT1650 Build/NCLS26.118-23-13-3,Android 7.1.1,chrome 62.0 for android,2560x1440,mobile
D008459,XT1650 Build/NCLS26.118-23-13-3,Android 7.1.1,chrome 63.0 for android,2560x1440,mobile
D008460,XT1650 Build/NCLS26.118-23-13-6-5,Android 7.1.1,chrome 65.0 for android,2560x1440,mobile
D008461,XT1650 Build/NCLS26.118-23-13-6-5,Android 7.1.1,chrome 66.0 for android,2560x1440,mobile
D008462,XT1650 Build/NCLS26.118-23-13-6-5,Android 7.1.1,chrome generic for android,,mobile
D008463,XT1650 Build/NCLS26.118-23-13-6-5,Android 7.1.1,chrome generic for android,2560x1440,mobile
D008464,XT1650 Build/NPLS26.118-20-5-11,,chrome 63.0 for android,,mobile
D008465,XT1650 Build/NPLS26.118-20-5-11,,chrome 64.0 for android,,mobile
D008466,XT1650 Build/NPLS26.118-20-5-11,,chrome 65.0 for android,,mobile
D008467,XT1650 Build/NPLS26.118-20-5-3,,chrome 64.0 for android,,mobile
D008468,XT1650 Build/NPLS26.118-20-5-3,,chrome 65.0 for android,,mobile
D008469,XT1650 Build/NPLS26.118-20-5-3,,chrome 66.0 for android,,mobile
D008470,XT1650,,chrome 63.0 for android,,mobile
D008471,XT1650,,chrome 65.0 for android,,mobile
D008472,XT1650,,chrome 66.0 for android,,mobile
D008473,XT1650,,chrome generic for android,,mobile
D008474,XT1650,Android 6.0.1,chrome 64.0 for android,2560x1440,mobile
D008475,XT1650,Android 6.0.1,chrome generic for android,2560x1440,mobile
D008476,XT1650,Android 7.1.1,chrome 62.0 for android,2560x1440,mobile
D008477,XT1650,Android 7.1.1,chrome 63.0 for android,2560x1440,mobile
D008478,XT1650,Android 7.1.1,chrome 64.0 for android,,mobile
D008479,XT1650,Android 7.1.1,chrome 64.0 for android,2560x1440,mobile
D008480,XT1650,Android 7.1.1,chrome generic for android,2560x1440,mobile
D008481,XT1680,,chrome 63.0 for android,,mobile
D008482,XT1710-02 Build/NDSS26.118-23-15,Android 7.1.1,chrome 58.0 for android,1920x1080,mobile
D008483,XT1710-02 Build/NDSS26.118-23-15,Android 7.1.1,chrome 62.0 for android,1920x1080,mobile
D008484,XT1710-02 Build/NDSS26.118-23-15,Android 7.1.1,chrome 63.0 for android,1920x1080,mobile
D008485,XT1710-02 Build/NDSS26.118-23-19-6,,chrome 66.0 for android,,mobile
D008486,XT1710-02 Build/NDSS26.118-23-19-6,Android 7.1.1,chrome 66.0 for android,1920x1080,mobile
D008487,XT1710-02,Android 7.1.1,chrome 64.0 for android,1920x1080,mobile
D008488,XT890 Build/9.8.2I-50_SML-25,,chrome 65.0 for android,,mobile
D008489,Y550-L02,,chrome 66.0 for android,,mobile
D008490,Y635-L03 Build/HuaweiY635-L03,,chrome 50.0 for android,,mobile
D008491,Y635-L03 Build/HuaweiY635-L03,,chrome 56.0 for android,,mobile
D008492,Y635-L03 Build/HuaweiY635-L03,,chrome 59.0 for android,,mobile
D008493,Y635-L03 Build/HuaweiY635-L03,,chrome 60.0 for android,,mobile
D008494,Y635-L03 Build/HuaweiY635-L03,,chrome 61.0 for android,,mobile
D008495,Y635-L03 Build/HuaweiY635-L03,,chrome 62.0 for android,,mobile
D008496,Y635-L03 Build/HuaweiY635-L03,,chrome 63.0 for android,,mobile
D008497,Y635-L03 Build/HuaweiY635-L03,,chrome 64.0 for android,,mobile
D008498,Y635-L03 Build/HuaweiY635-L03,,chrome 65.0 for android,,mobile
D008499,Y635-L03 Build/HuaweiY635-L03,,chrome 66.0 for android,,mobile
D008500,Y635-L03 Build/HuaweiY635-L03,,chrome,,desktop
D008501,YOGA,Android,chrome 49.0 for android,1920x1200,mobile
D008502,YOLO,,android browser 4.0,,mobile
D008503,Z,,chrome 43.0 for android,,mobile
D008504,Z2,,android webview 4.0,,mobile
D008505,Z410,,chrome 51.0 for android,,mobile
D008506,Z410,,chrome 61.0 for android,,mobile
D008507,Z410,,chrome 62.0 for android,,mobile
D008508,Z557BL,Android 7.1.1,chrome 59.0 for android,855x480,mobile
D008509,Z798BL Build/MMB29M,Android 6.0.1,android webview 4.0,855x480,mobile
D008510,Z798BL Build/MMB29M,Android 6.0.1,chrome 53.0 for android,855x480,mobile
D008511,Z798BL Build/MMB29M,Android 6.0.1,chrome,855x480,mobile
D008512,Z799VL,Android 6.0.1,chrome 53.0 for android,855x480,mobile
D008513,Z799VL,Android 6.0.1,chrome,855x480,mobile
D008514,Z812,,chrome 65.0 for android,,mobile
D008515,Z813 Build/LMY47O,,chrome 65.0 for android,,mobile
D008516,Z813 Build/LMY47O,,chrome generic,,desktop
D008517,Z831,Android 6.0.1,chrome 59.0 for android,855x480,mobile
D008518,Z832 Build/MMB29M,Android 6.0.1,chrome 46.0 for android,855x480,mobile
D008519,Z832 Build/MMB29M,Android 6.0.1,chrome 63.0 for android,855x480,mobile
D008520,Z833,Android 6.0.1,chrome 63.0 for android,855x480,mobile
D008521,Z833,Android 6.0.1,chrome 66.0 for android,855x480,mobile
D008522,Z835 Build/NMF26V,,other,,mobile
D008523,Z835 Build/NMF26V,Android 7.1.1,chrome 56.0 for android,855x480,mobile
D008524,Z835 Build/NMF26V,Android 7.1.1,chrome,855x480,mobile
D008525,Z835 Build/NMF26V,Android 7.1.1,other,855x480,mobile
D008526,Z836BL,Android 6.0.1,chrome 53.0 for android,855x480,mobile
D008527,Z837VL,,android webview 4.0,,mobile
D008528,Z837VL,Android 6.0.1,chrome,855x480,mobile
D008529,Z837VL,Android 6.0.1,other,855x480,mobile
D008530,Z839,Android 7.1.1,chrome 63.0 for android,855x480,mobile
D008531,Z839,Android 7.1.1,chrome 66.0 for android,855x480,mobile
D008532,Z9 PLUS Build/NRD90M,,chrome 63.0 for android,,mobile
D008533,Z9 PLUS Build/NRD90M,,chrome 66.0 for android,,mobile
D008534,Z955A,,chrome 66.0 for android,,mobile
D008535,Z956 Build/MMB29M,,chrome 56.0 for android,,mobile
D008536,Z956 Build/MMB29M,,chrome 62.0 for android,,mobile
D008537,Z956 Build/MMB29M,Android 6.0.1,chrome 62.0 for android,1280x720,mobile
D008538,Z956 Build/MMB29M,Android 6.0.1,chrome 63.0 for android,1280x720,mobile
D008539,Z956 Build/MMB29M,Android 6.0.1,chrome 64.0 for android,1280x720,mobile
D008540,Z959 Build/LMY47V,Android 5.1.1,chrome 57.0 for android,1280x720,mobile
D008541,Z963VL,Android 5.1.1,chrome 63.0 for android,1920x1080,mobile
D008542,Z965 Build/NMF26V,Android 7.1.1,chrome 58.0 for android,1280x720,mobile
D008543,Z970,Android,chrome 56.0 for android,1280x720,mobile
D008544,Z971,,chrome 55.0 for android,,mobile
D008545,Z971,,chrome 61.0 for android,,mobile
D008546,Z971,Android 7.1.1,chrome 62.0 for android,1280x720,mobile
D008547,Z981 Build/MMB29M,,chrome 58.0 for android,,mobile
D008548,Z981 Build/MMB29M,,chrome 63.0 for android,,mobile
D008549,Z981 Build/MMB29M,,chrome 64.0 for android,,mobile
D008550,Z981 Build/MMB29M,,chrome 66.0 for android,,mobile
D008551,Z981 Build/MMB29M,,chrome generic for android,,mobile
D008552,Z981 Build/MMB29M,Android 6.0.1,chrome 58.0 for android,1920x1080,mobile
D008553,Z981 Build/MMB29M,Android 6.0.1,chrome 60.0 for android,1920x1080,mobile
D008554,Z981 Build/MMB29M,Android 6.0.1,chrome 62.0 for android,1920x1080,mobile
D008555,Z981 Build/MMB29M,Android 6.0.1,chrome 63.0 for android,1920x1080,mobile
D008556,Z981 Build/MMB29M,Android 6.0.1,chrome 64.0 for android,1920x1080,mobile
D008557,Z982 Build/NMF26V,,chrome 63.0 for android,,mobile
D008558,Z982 Build/NMF26V,,chrome 65.0 for android,,mobile
D008559,Z982 Build/NMF26V,,chrome 66.0 for android,,mobile
D008560,Z982 Build/NMF26V,Android 7.1.1,chrome 62.0 for android,1920x1080,mobile
D008561,Z982 Build/NMF26V,Android 7.1.1,chrome 63.0 for android,1920x1080,mobile
D008562,Z982 Build/NMF26V,Android 7.1.1,chrome 65.0 for android,1920x1080,mobile
D008563,Z983 Build/NMF26F,Android 7.1.1,chrome 55.0 for android,1920x1080,mobile
D008564,Z983 Build/NMF26F,Android 7.1.1,chrome 62.0 for android,1920x1080,mobile
D008565,Z983 Build/NMF26F,Android 7.1.1,chrome 63.0 for android,,mobile
D008566,Z983 Build/NMF26F,Android 7.1.1,chrome 63.0 for android,1920x1080,mobile
D008567,Z983 Build/NMF26F,Android 7.1.1,chrome 64.0 for android,,mobile
D008568,Z983 Build/NMF26F,Android 7.1.1,chrome 64.0 for android,1920x1080,mobile
D008569,Z983 Build/NMF26F,Android 7.1.1,chrome,1920x1080,mobile
D008570,ZA409,,android browser 4.0,,mobile
D008571,ZA509,,android browser 4.0,,mobile
D008572,ZA990,,chrome 65.0 for android,,mobile
D008573,ZEIA8,,chrome 62.0 for android,,mobile
D008574,ZTE A2017U Build/NRD90M,Android 7.0,chrome 63.0 for android,2560x1440,mobile
D008575,ZTE BLADE A321 Build/NMF26F,,chrome 63.0 for android,,mobile
D008576,ZTE BLADE A512 Build/MMB29M,,chrome 63.0 for android,,mobile
D008577,ZTE BLADE A6 Build/NMF26F,,chrome 58.0 for android,,mobile
D008578,ZTE BLADE A6 Build/NMF26F,,chrome 65.0 for android,,mobile
D008579,ZTE BLADE A6 Build/NMF26F,,chrome generic for android,,mobile
D008580,ZTE BLADE V8 MINI Build/NRD90M,,chrome 56.0 for android,,mobile
D008581,ZTE BLADE V8 MINI Build/NRD90M,,chrome 64.0 for android,,mobile
D008582,ZTE BLADE V8 MINI Build/NRD90M,,chrome 66.0 for android,,mobile
D008583,ZTE BLADE V8 MINI Build/NRD90M,,chrome generic for android,,mobile
D008584,ZTE Blade A511 Build/MRA58K,,chrome 52.0 for android,,mobile
D008585,ZTE Blade A511 Build/MRA58K,,chrome 63.0 for android,,mobile
D008586,ZTE Blade L5 Build/LMY47I,,chrome 60.0 for android,,mobile
D008587,ZTE,,chrome 60.0 for android,,mobile
D008588,ZTE,,chrome 62.0 for android,,mobile
D008589,ZTE,,chrome 63.0 for android,,mobile
D008590,ZTE,,chrome 64.0 for android,,mobile
D008591,ZTE,,chrome generic,,mobile
D008592,ZTE-Z835,Android 7.1.1,other,855x480,mobile
D008593,ZTE-Z956,Android 6.0.1,other,1280x720,mobile
D008594,ZUR70016,,chrome 65.0 for android,,mobile
D008595,ZUUM_ZEN_I Build/LRX21M,,chrome generic,,desktop
D008596,en-gb,,samsung,,mobile
D008597,en-gb,Android 4.4.2,chrome generic,1920x1080,mobile
D008598,en-us,Android 4.4.2,chrome generic,,mobile
D008599,en-us,Android 4.4.2,chrome generic,2560x1600,mobile
D008600,en-us,Android 4.4.2,other,960x540,mobile
D008601,en-us,Android,chrome generic,1920x1080,mobile
D008602,es-mx,,android browser 4.0,,mobile
D008603,es-mx,,android webview 4.0,,mobile
D008604,es-mx,,chrome generic,,mobile
D008605,es-us,,Lanix/Ilium,,mobile
D008606,es-us,,ZTE/Blade,,mobile
D008607,es-us,,android browser 4.0,,mobile
D008608,es-us,,android webview 4.0,,mobile
D008609,es-us,,chrome generic,,mobile
D008610,es-us,,other,,mobile
D008611,gxq6580_weg_l Build/LMY47I,,android browser 4.0,,mobile
D008612,gxq6580_weg_l Build/LMY47I,,chrome 59.0 for android,,mobile
D008613,gxq6580_weg_l Build/LMY47I,,chrome 63.0 for android,,mobile
D008614,gxq6580_weg_l Build/LMY47I,,chrome 66.0 for android,,mobile
D008615,hi6210sft Build/MRA58K,,chrome 62.0 for android,,mobile
D008616,hi6210sft Build/MRA58K,,chrome 63.0 for android,,mobile
D008617,hi6210sft Build/MRA58K,,chrome 64.0 for android,,mobile
D008618,hi6210sft Build/MRA58K,,chrome 65.0 for android,,mobile
D008619,hp2015,Windows 7,ie 11.0 for desktop,1920x1200,desktop
D008620,iOS Device,iOS 10.0.2,mobile safari 10.0,1136x640,mobile
D008621,iOS Device,iOS 10.0.2,mobile safari 10.0,1334x750,mobile
D008622,iOS Device,iOS 10.0.2,mobile safari 10.0,2001x1125,mobile
D008623,iOS Device,iOS 10.0.2,mobile safari 10.0,2048x1536,mobile
D008624,iOS Device,iOS 10.0.2,mobile safari 10.0,2208x1242,mobile
D008625,iOS Device,iOS 10.0.2,mobile safari generic,1136x640,mobile
D008626,iOS Device,iOS 10.0.2,mobile safari generic,1334x750,mobile
D008627,iOS Device,iOS 10.0.2,mobile safari generic,2001x1125,mobile
D008628,iOS Device,iOS 10.0.2,mobile safari generic,2048x1536,mobile
D008629,iOS Device,iOS 10.0.2,mobile safari generic,2208x1242,mobile
D008630,iOS Device,iOS 10.1.1,mobile safari 10.0,1136x640,mobile
D008631,iOS Device,iOS 10.1.1,mobile safari 10.0,1334x750,mobile
D008632,iOS Device,iOS 10.1.1,mobile safari 10.0,2001x1125,mobile
D008633,iOS Device,iOS 10.1.1,mobile safari 10.0,2048x1536,mobile
D008634,iOS Device,iOS 10.1.1,mobile safari 10.0,2208x1242,mobile
D008635,iOS Device,iOS 10.1.1,mobile safari generic,1136x640,mobile
D008636,iOS Device,iOS 10.1.1,mobile safari generic,1334x750,mobile
D008637,iOS Device,iOS 10.1.1,mobile safari generic,2001x1125,mobile
D008638,iOS Device,iOS 10.1.1,mobile safari generic,2048x1536,mobile
D008639,iOS Device,iOS 10.1.1,mobile safari generic,2208x1242,mobile
D008640,iOS Device,iOS 10.2.0,chrome 63.0 for ios,2208x1242,mobile
D008641,iOS Device,iOS 10.2.0,google search application 48.0,2048x1536,mobile
D008642,iOS Device,iOS 10.2.0,mobile safari 10.0,1136x640,mobile
D008643,iOS Device,iOS 10.2.0,mobile safari 10.0,1334x750,mobile
D008644,iOS Device,iOS 10.2.0,mobile safari 10.0,2001x1125,mobile
D008645,iOS Device,iOS 10.2.0,mobile safari 10.0,2048x1536,mobile
D008646,iOS Device,iOS 10.2.0,mobile safari 10.0,2208x1242,mobile
D008647,iOS Device,iOS 10.2.0,mobile safari 10.0,2732x2048,mobile
D008648,iOS Device,iOS 10.2.0,mobile safari generic,1136x640,mobile
D008649,iOS Device,iOS 10.2.0,mobile safari generic,1334x750,mobile
D008650,iOS Device,iOS 10.2.0,mobile safari generic,2001x1125,mobile
D008651,iOS Device,iOS 10.2.0,mobile safari generic,2048x1536,mobile
D008652,iOS Device,iOS 10.2.0,mobile safari generic,2208x1242,mobile
D008653,iOS Device,iOS 10.2.1,mobile safari 10.0,1136x640,mobile
D008654,iOS Device,iOS 10.2.1,mobile safari 10.0,1334x750,mobile
D008655,iOS Device,iOS 10.2.1,mobile safari 10.0,2001x1125,mobile
D008656,iOS Device,iOS 10.2.1,mobile safari 10.0,2048x1536,mobile
D008657,iOS Device,iOS 10.2.1,mobile safari 10.0,2208x1242,mobile
D008658,iOS Device,iOS 10.2.1,mobile safari 10.0,2732x2048,mobile
D008659,iOS Device,iOS 10.2.1,mobile safari generic,1136x640,mobile
D008660,iOS Device,iOS 10.2.1,mobile safari generic,1334x750,mobile
D008661,iOS Device,iOS 10.2.1,mobile safari generic,2048x1536,mobile
D008662,iOS Device,iOS 10.2.1,mobile safari generic,2208x1242,mobile
D008663,iOS Device,iOS 10.2.1,mobile safari generic,2732x2048,mobile
D008664,iOS Device,iOS 10.2.1,mobile safari uiwebview,2048x1536,mobile
D008665,iOS Device,iOS 10.3.1,chrome 63.0 for ios,2048x1536,mobile
D008666,iOS Device,iOS 10.3.1,chrome,2048x1536,mobile
D008667,iOS Device,iOS 10.3.1,mobile safari 10.0,1136x640,mobile
D008668,iOS Device,iOS 10.3.1,mobile safari 10.0,1334x750,mobile
D008669,iOS Device,iOS 10.3.1,mobile safari 10.0,2001x1125,mobile
D008670,iOS Device,iOS 10.3.1,mobile safari 10.0,2048x1536,mobile
D008671,iOS Device,iOS 10.3.1,mobile safari 10.0,2208x1242,mobile
D008672,iOS Device,iOS 10.3.1,mobile safari 10.0,2732x2048,mobile
D008673,iOS Device,iOS 10.3.1,mobile safari generic,1136x640,mobile
D008674,iOS Device,iOS 10.3.1,mobile safari generic,1334x750,mobile
D008675,iOS Device,iOS 10.3.1,mobile safari generic,2001x1125,mobile
D008676,iOS Device,iOS 10.3.1,mobile safari generic,2048x1536,mobile
D008677,iOS Device,iOS 10.3.1,mobile safari generic,2208x1242,mobile
D008678,iOS Device,iOS 10.3.2,chrome 62.0 for ios,2732x2048,mobile
D008679,iOS Device,iOS 10.3.2,chrome 63.0 for ios,2048x1536,mobile
D008680,iOS Device,iOS 10.3.2,mobile safari 10.0,1136x640,mobile
D008681,iOS Device,iOS 10.3.2,mobile safari 10.0,1334x750,mobile
D008682,iOS Device,iOS 10.3.2,mobile safari 10.0,2001x1125,mobile
D008683,iOS Device,iOS 10.3.2,mobile safari 10.0,2048x1536,mobile
D008684,iOS Device,iOS 10.3.2,mobile safari 10.0,2208x1242,mobile
D008685,iOS Device,iOS 10.3.2,mobile safari 10.0,2224x1668,mobile
D008686,iOS Device,iOS 10.3.2,mobile safari 10.0,2732x2048,mobile
D008687,iOS Device,iOS 10.3.2,mobile safari generic,1136x640,mobile
D008688,iOS Device,iOS 10.3.2,mobile safari generic,1334x750,mobile
D008689,iOS Device,iOS 10.3.2,mobile safari generic,2001x1125,mobile
D008690,iOS Device,iOS 10.3.2,mobile safari generic,2048x1536,mobile
D008691,iOS Device,iOS 10.3.2,mobile safari generic,2208x1242,mobile
D008692,iOS Device,iOS 10.3.2,mobile safari generic,2732x2048,mobile
D008693,iOS Device,iOS 10.3.3,chrome 62.0 for ios,2048x1536,mobile
D008694,iOS Device,iOS 10.3.3,chrome 62.0 for ios,2224x1668,mobile
D008695,iOS Device,iOS 10.3.3,chrome 63.0 for ios,2048x1536,mobile
D008696,iOS Device,iOS 10.3.3,chrome 64.0 for ios,2048x1536,mobile
D008697,iOS Device,iOS 10.3.3,chrome 65.0 for ios,2048x1536,mobile
D008698,iOS Device,iOS 10.3.3,chrome 65.0 for ios,2732x2048,mobile
D008699,iOS Device,iOS 10.3.3,chrome 66.0 for ios,2001x1125,mobile
D008700,iOS Device,iOS 10.3.3,chrome,2048x1536,mobile
D008701,iOS Device,iOS 10.3.3,google search application 48.0,2048x1536,mobile
D008702,iOS Device,iOS 10.3.3,google search application 49.0,1334x750,mobile
D008703,iOS Device,iOS 10.3.3,google search application 49.0,2048x1536,mobile
D008704,iOS Device,iOS 10.3.3,google,1136x640,mobile
D008705,iOS Device,iOS 10.3.3,google,2001x1125,mobile
D008706,iOS Device,iOS 10.3.3,mobile safari 10.0,1136x640,mobile
D008707,iOS Device,iOS 10.3.3,mobile safari 10.0,1334x750,mobile
D008708,iOS Device,iOS 10.3.3,mobile safari 10.0,2001x1125,mobile
D008709,iOS Device,iOS 10.3.3,mobile safari 10.0,2048x1536,mobile
D008710,iOS Device,iOS 10.3.3,mobile safari 10.0,2208x1242,mobile
D008711,iOS Device,iOS 10.3.3,mobile safari 10.0,2224x1668,mobile
D008712,iOS Device,iOS 10.3.3,mobile safari 10.0,2732x2048,mobile
D008713,iOS Device,iOS 10.3.3,mobile safari generic,1136x640,mobile
D008714,iOS Device,iOS 10.3.3,mobile safari generic,1334x750,mobile
D008715,iOS Device,iOS 10.3.3,mobile safari generic,2001x1125,mobile
D008716,iOS Device,iOS 10.3.3,mobile safari generic,2048x1536,mobile
D008717,iOS Device,iOS 10.3.3,mobile safari generic,2208x1242,mobile
D008718,iOS Device,iOS 10.3.3,mobile safari generic,2224x1668,mobile
D008719,iOS Device,iOS 10.3.3,mobile safari uiwebview,1136x640,mobile
D008720,iOS Device,iOS 10.3.3,mobile safari uiwebview,1334x750,mobile
D008721,iOS Device,iOS 10.3.3,mobile safari uiwebview,2208x1242,mobile
D008722,iOS Device,iOS 11.0.0,chrome 63.0 for ios,2048x1536,mobile
D008723,iOS Device,iOS 11.0.0,mobile safari 11.0,1136x640,mobile
D008724,iOS Device,iOS 11.0.0,mobile safari 11.0,1334x750,mobile
D008725,iOS Device,iOS 11.0.0,mobile safari 11.0,2001x1125,mobile
D008726,iOS Device,iOS 11.0.0,mobile safari 11.0,2048x1536,mobile
D008727,iOS Device,iOS 11.0.0,mobile safari 11.0,2208x1242,mobile
D008728,iOS Device,iOS 11.0.0,mobile safari 11.0,2224x1668,mobile
D008729,iOS Device,iOS 11.0.0,mobile safari 11.0,2732x2048,mobile
D008730,iOS Device,iOS 11.0.0,mobile safari generic,1334x750,mobile
D008731,iOS Device,iOS 11.0.0,mobile safari generic,2001x1125,mobile
D008732,iOS Device,iOS 11.0.0,mobile safari generic,2048x1536,mobile
D008733,iOS Device,iOS 11.0.0,mobile safari generic,2208x1242,mobile
D008734,iOS Device,iOS 11.0.0,mobile safari generic,2732x2048,mobile
D008735,iOS Device,iOS 11.0.1,chrome 62.0 for ios,2048x1536,mobile
D008736,iOS Device,iOS 11.0.1,chrome 63.0 for ios,2048x1536,mobile
D008737,iOS Device,iOS 11.0.1,chrome 63.0 for ios,2732x2048,mobile
D008738,iOS Device,iOS 11.0.1,chrome 65.0 for ios,2048x1536,mobile
D008739,iOS Device,iOS 11.0.1,mobile safari 11.0,1136x640,mobile
D008740,iOS Device,iOS 11.0.1,mobile safari 11.0,1334x750,mobile
D008741,iOS Device,iOS 11.0.1,mobile safari 11.0,2001x1125,mobile
D008742,iOS Device,iOS 11.0.1,mobile safari 11.0,2048x1536,mobile
D008743,iOS Device,iOS 11.0.1,mobile safari 11.0,2208x1242,mobile
D008744,iOS Device,iOS 11.0.1,mobile safari 11.0,2436x1125,mobile
D008745,iOS Device,iOS 11.0.1,mobile safari 11.0,2732x2048,mobile
D008746,iOS Device,iOS 11.0.1,mobile safari generic,1136x640,mobile
D008747,iOS Device,iOS 11.0.1,mobile safari generic,1334x750,mobile
D008748,iOS Device,iOS 11.0.1,mobile safari generic,2001x1125,mobile
D008749,iOS Device,iOS 11.0.1,mobile safari generic,2048x1536,mobile
D008750,iOS Device,iOS 11.0.1,mobile safari generic,2208x1242,mobile
D008751,iOS Device,iOS 11.0.1,mobile safari generic,2224x1668,mobile
D008752,iOS Device,iOS 11.0.1,mobile safari uiwebview,2048x1536,mobile
D008753,iOS Device,iOS 11.0.2,chrome 62.0 for ios,2048x1536,mobile
D008754,iOS Device,iOS 11.0.2,chrome 63.0 for ios,2048x1536,mobile
D008755,iOS Device,iOS 11.0.2,chrome 66.0 for ios,1334x750,mobile
D008756,iOS Device,iOS 11.0.2,mobile safari 11.0,1136x640,mobile
D008757,iOS Device,iOS 11.0.2,mobile safari 11.0,1334x750,mobile
D008758,iOS Device,iOS 11.0.2,mobile safari 11.0,2001x1125,mobile
D008759,iOS Device,iOS 11.0.2,mobile safari 11.0,2048x1536,mobile
D008760,iOS Device,iOS 11.0.2,mobile safari 11.0,2208x1242,mobile
D008761,iOS Device,iOS 11.0.2,mobile safari 11.0,2224x1668,mobile
D008762,iOS Device,iOS 11.0.2,mobile safari 11.0,2732x2048,mobile
D008763,iOS Device,iOS 11.0.2,mobile safari generic,1136x640,mobile
D008764,iOS Device,iOS 11.0.2,mobile safari generic,1334x750,mobile
D008765,iOS Device,iOS 11.0.2,mobile safari generic,2048x1536,mobile
D008766,iOS Device,iOS 11.0.2,mobile safari generic,2208x1242,mobile
D008767,iOS Device,iOS 11.0.3,chrome 62.0 for ios,2048x1536,mobile
D008768,iOS Device,iOS 11.0.3,chrome 63.0 for ios,2048x1536,mobile
D008769,iOS Device,iOS 11.0.3,chrome 65.0 for ios,2048x1536,mobile
D008770,iOS Device,iOS 11.0.3,chrome,2048x1536,mobile
D008771,iOS Device,iOS 11.0.3,mobile safari 11.0,1136x640,mobile
D008772,iOS Device,iOS 11.0.3,mobile safari 11.0,1334x750,mobile
D008773,iOS Device,iOS 11.0.3,mobile safari 11.0,2001x1125,mobile
D008774,iOS Device,iOS 11.0.3,mobile safari 11.0,2048x1536,mobile
D008775,iOS Device,iOS 11.0.3,mobile safari 11.0,2208x1242,mobile
D008776,iOS Device,iOS 11.0.3,mobile safari 11.0,2224x1668,mobile
D008777,iOS Device,iOS 11.0.3,mobile safari 11.0,2732x2048,mobile
D008778,iOS Device,iOS 11.0.3,mobile safari 9.0,2208x1242,mobile
D008779,iOS Device,iOS 11.0.3,mobile safari generic,1136x640,mobile
D008780,iOS Device,iOS 11.0.3,mobile safari generic,1334x750,mobile
D008781,iOS Device,iOS 11.0.3,mobile safari generic,2001x1125,mobile
D008782,iOS Device,iOS 11.0.3,mobile safari generic,2048x1536,mobile
D008783,iOS Device,iOS 11.0.3,mobile safari generic,2208x1242,mobile
D008784,iOS Device,iOS 11.0.3,mobile safari generic,2224x1668,mobile
D008785,iOS Device,iOS 11.0.3,mobile safari generic,2732x2048,mobile
D008786,iOS Device,iOS 11.0.3,mobile safari uiwebview,1136x640,mobile
D008787,iOS Device,iOS 11.0.3,mobile safari uiwebview,1334x750,mobile
D008788,iOS Device,iOS 11.0.3,mobile safari uiwebview,2208x1242,mobile
D008789,iOS Device,iOS 11.1.0,chrome 63.0 for ios,2048x1536,mobile
D008790,iOS Device,iOS 11.1.0,mobile safari 11.0,1136x640,mobile
D008791,iOS Device,iOS 11.1.0,mobile safari 11.0,1334x750,mobile
D008792,iOS Device,iOS 11.1.0,mobile safari 11.0,2001x1125,mobile
D008793,iOS Device,iOS 11.1.0,mobile safari 11.0,2048x1536,mobile
D008794,iOS Device,iOS 11.1.0,mobile safari 11.0,2208x1242,mobile
D008795,iOS Device,iOS 11.1.0,mobile safari 11.0,2224x1668,mobile
D008796,iOS Device,iOS 11.1.0,mobile safari 11.0,2436x1125,mobile
D008797,iOS Device,iOS 11.1.0,mobile safari 11.0,2732x2048,mobile
D008798,iOS Device,iOS 11.1.0,mobile safari generic,1136x640,mobile
D008799,iOS Device,iOS 11.1.0,mobile safari generic,1334x750,mobile
D008800,iOS Device,iOS 11.1.0,mobile safari generic,2001x1125,mobile
D008801,iOS Device,iOS 11.1.0,mobile safari generic,2048x1536,mobile
D008802,iOS Device,iOS 11.1.0,mobile safari generic,2208x1242,mobile
D008803,iOS Device,iOS 11.1.0,mobile safari generic,2436x1125,mobile
D008804,iOS Device,iOS 11.1.1,chrome 62.0 for ios,2048x1536,mobile
D008805,iOS Device,iOS 11.1.1,chrome 63.0 for ios,2048x1536,mobile
D008806,iOS Device,iOS 11.1.1,mobile safari 11.0,1136x640,mobile
D008807,iOS Device,iOS 11.1.1,mobile safari 11.0,1334x750,mobile
D008808,iOS Device,iOS 11.1.1,mobile safari 11.0,2001x1125,mobile
D008809,iOS Device,iOS 11.1.1,mobile safari 11.0,2048x1536,mobile
D008810,iOS Device,iOS 11.1.1,mobile safari 11.0,2208x1242,mobile
D008811,iOS Device,iOS 11.1.1,mobile safari 11.0,2224x1668,mobile
D008812,iOS Device,iOS 11.1.1,mobile safari 11.0,2436x1125,mobile
D008813,iOS Device,iOS 11.1.1,mobile safari 11.0,2732x2048,mobile
D008814,iOS Device,iOS 11.1.1,mobile safari 9.0,1334x750,mobile
D008815,iOS Device,iOS 11.1.1,mobile safari 9.0,2732x2048,mobile
D008816,iOS Device,iOS 11.1.1,mobile safari generic,1136x640,mobile
D008817,iOS Device,iOS 11.1.1,mobile safari generic,1334x750,mobile
D008818,iOS Device,iOS 11.1.1,mobile safari generic,2001x1125,mobile
D008819,iOS Device,iOS 11.1.1,mobile safari generic,2048x1536,mobile
D008820,iOS Device,iOS 11.1.1,mobile safari generic,2208x1242,mobile
D008821,iOS Device,iOS 11.1.1,mobile safari generic,2436x1125,mobile
D008822,iOS Device,iOS 11.1.1,mobile safari generic,2732x2048,mobile
D008823,iOS Device,iOS 11.1.1,mobile safari uiwebview,2048x1536,mobile
D008824,iOS Device,iOS 11.1.2,chrome 62.0 for ios,2048x1536,mobile
D008825,iOS Device,iOS 11.1.2,chrome 62.0 for ios,2224x1668,mobile
D008826,iOS Device,iOS 11.1.2,chrome 62.0 for ios,2732x2048,mobile
D008827,iOS Device,iOS 11.1.2,chrome 63.0 for ios,2048x1536,mobile
D008828,iOS Device,iOS 11.1.2,chrome 63.0 for ios,2224x1668,mobile
D008829,iOS Device,iOS 11.1.2,chrome 63.0 for ios,2732x2048,mobile
D008830,iOS Device,iOS 11.1.2,google search application 48.0,2048x1536,mobile
D008831,iOS Device,iOS 11.1.2,mobile safari 11.0,1136x640,mobile
D008832,iOS Device,iOS 11.1.2,mobile safari 11.0,1334x750,mobile
D008833,iOS Device,iOS 11.1.2,mobile safari 11.0,2001x1125,mobile
D008834,iOS Device,iOS 11.1.2,mobile safari 11.0,2048x1536,mobile
D008835,iOS Device,iOS 11.1.2,mobile safari 11.0,2208x1242,mobile
D008836,iOS Device,iOS 11.1.2,mobile safari 11.0,2224x1668,mobile
D008837,iOS Device,iOS 11.1.2,mobile safari 11.0,2436x1125,mobile
D008838,iOS Device,iOS 11.1.2,mobile safari 11.0,2732x2048,mobile
D008839,iOS Device,iOS 11.1.2,mobile safari 9.0,1136x640,mobile
D008840,iOS Device,iOS 11.1.2,mobile safari generic,1136x640,mobile
D008841,iOS Device,iOS 11.1.2,mobile safari generic,1334x750,mobile
D008842,iOS Device,iOS 11.1.2,mobile safari generic,2001x1125,mobile
D008843,iOS Device,iOS 11.1.2,mobile safari generic,2048x1536,mobile
D008844,iOS Device,iOS 11.1.2,mobile safari generic,2208x1242,mobile
D008845,iOS Device,iOS 11.1.2,mobile safari generic,2224x1668,mobile
D008846,iOS Device,iOS 11.1.2,mobile safari generic,2436x1125,mobile
D008847,iOS Device,iOS 11.1.2,mobile safari generic,2732x2048,mobile
D008848,iOS Device,iOS 11.1.2,mobile safari uiwebview,2048x1536,mobile
D008849,iOS Device,iOS 11.1.2,mobile safari uiwebview,2208x1242,mobile
D008850,iOS Device,iOS 11.2.0,chrome 62.0 for ios,2048x1536,mobile
D008851,iOS Device,iOS 11.2.0,chrome 62.0 for ios,2732x2048,mobile
D008852,iOS Device,iOS 11.2.0,chrome 63.0 for ios,2048x1536,mobile
D008853,iOS Device,iOS 11.2.0,chrome 63.0 for ios,2732x2048,mobile
D008854,iOS Device,iOS 11.2.0,google search application 48.0,1334x750,mobile
D008855,iOS Device,iOS 11.2.0,mobile safari 11.0,1136x640,mobile
D008856,iOS Device,iOS 11.2.0,mobile safari 11.0,1334x750,mobile
D008857,iOS Device,iOS 11.2.0,mobile safari 11.0,2001x1125,mobile
D008858,iOS Device,iOS 11.2.0,mobile safari 11.0,2048x1536,mobile
D008859,iOS Device,iOS 11.2.0,mobile safari 11.0,2208x1242,mobile
D008860,iOS Device,iOS 11.2.0,mobile safari 11.0,2224x1668,mobile
D008861,iOS Device,iOS 11.2.0,mobile safari 11.0,2436x1125,mobile
D008862,iOS Device,iOS 11.2.0,mobile safari 11.0,2732x2048,mobile
D008863,iOS Device,iOS 11.2.0,mobile safari generic,1136x640,mobile
D008864,iOS Device,iOS 11.2.0,mobile safari generic,1334x750,mobile
D008865,iOS Device,iOS 11.2.0,mobile safari generic,2001x1125,mobile
D008866,iOS Device,iOS 11.2.0,mobile safari generic,2048x1536,mobile
D008867,iOS Device,iOS 11.2.0,mobile safari generic,2208x1242,mobile
D008868,iOS Device,iOS 11.2.0,mobile safari generic,2436x1125,mobile
D008869,iOS Device,iOS 11.2.0,mobile safari generic,2732x2048,mobile
D008870,iOS Device,iOS 11.2.0,other,1334x750,mobile
D008871,iOS Device,iOS 11.2.0,other,2732x2048,mobile
D008872,iOS Device,iOS 11.2.1,chrome 62.0 for ios,2048x1536,mobile
D008873,iOS Device,iOS 11.2.1,chrome 62.0 for ios,2732x2048,mobile
D008874,iOS Device,iOS 11.2.1,chrome 63.0 for ios,2048x1536,mobile
D008875,iOS Device,iOS 11.2.1,chrome 63.0 for ios,2224x1668,mobile
D008876,iOS Device,iOS 11.2.1,chrome 63.0 for ios,2732x2048,mobile
D008877,iOS Device,iOS 11.2.1,chrome 64.0 for ios,2224x1668,mobile
D008878,iOS Device,iOS 11.2.1,google search application 49.0,2436x1125,mobile
D008879,iOS Device,iOS 11.2.1,mobile safari 11.0,1136x640,mobile
D008880,iOS Device,iOS 11.2.1,mobile safari 11.0,1334x750,mobile
D008881,iOS Device,iOS 11.2.1,mobile safari 11.0,2001x1125,mobile
D008882,iOS Device,iOS 11.2.1,mobile safari 11.0,2048x1536,mobile
D008883,iOS Device,iOS 11.2.1,mobile safari 11.0,2208x1242,mobile
D008884,iOS Device,iOS 11.2.1,mobile safari 11.0,2224x1668,mobile
D008885,iOS Device,iOS 11.2.1,mobile safari 11.0,2436x1125,mobile
D008886,iOS Device,iOS 11.2.1,mobile safari 11.0,2732x2048,mobile
D008887,iOS Device,iOS 11.2.1,mobile safari 9.0,2208x1242,mobile
D008888,iOS Device,iOS 11.2.1,mobile safari generic,1136x640,mobile
D008889,iOS Device,iOS 11.2.1,mobile safari generic,1334x750,mobile
D008890,iOS Device,iOS 11.2.1,mobile safari generic,2001x1125,mobile
D008891,iOS Device,iOS 11.2.1,mobile safari generic,2048x1536,mobile
D008892,iOS Device,iOS 11.2.1,mobile safari generic,2208x1242,mobile
D008893,iOS Device,iOS 11.2.1,mobile safari generic,2224x1668,mobile
D008894,iOS Device,iOS 11.2.1,mobile safari generic,2436x1125,mobile
D008895,iOS Device,iOS 11.2.1,mobile safari generic,2732x2048,mobile
D008896,iOS Device,iOS 11.2.1,mobile safari uiwebview,1136x640,mobile
D008897,iOS Device,iOS 11.2.1,mobile safari uiwebview,1334x750,mobile
D008898,iOS Device,iOS 11.2.1,mobile safari uiwebview,2208x1242,mobile
D008899,iOS Device,iOS 11.2.1,mobile safari uiwebview,2436x1125,mobile
D008900,iOS Device,iOS 11.2.2,chrome 63.0 for ios,2048x1536,mobile
D008901,iOS Device,iOS 11.2.2,chrome,2048x1536,mobile
D008902,iOS Device,iOS 11.2.2,chrome,2732x2048,mobile
D008903,iOS Device,iOS 11.2.2,google search application 49.0,2732x2048,mobile
D008904,iOS Device,iOS 11.2.2,mobile safari 11.0,1136x640,mobile
D008905,iOS Device,iOS 11.2.2,mobile safari 11.0,1334x750,mobile
D008906,iOS Device,iOS 11.2.2,mobile safari 11.0,2001x1125,mobile
D008907,iOS Device,iOS 11.2.2,mobile safari 11.0,2048x1536,mobile
D008908,iOS Device,iOS 11.2.2,mobile safari 11.0,2208x1242,mobile
D008909,iOS Device,iOS 11.2.2,mobile safari 11.0,2224x1668,mobile
D008910,iOS Device,iOS 11.2.2,mobile safari 11.0,2436x1125,mobile
D008911,iOS Device,iOS 11.2.2,mobile safari 11.0,2732x2048,mobile
D008912,iOS Device,iOS 11.2.2,mobile safari generic,1136x640,mobile
D008913,iOS Device,iOS 11.2.2,mobile safari generic,1334x750,mobile
D008914,iOS Device,iOS 11.2.2,mobile safari generic,2001x1125,mobile
D008915,iOS Device,iOS 11.2.2,mobile safari generic,2048x1536,mobile
D008916,iOS Device,iOS 11.2.2,mobile safari generic,2208x1242,mobile
D008917,iOS Device,iOS 11.2.2,mobile safari generic,2224x1668,mobile
D008918,iOS Device,iOS 11.2.2,mobile safari generic,2436x1125,mobile
D008919,iOS Device,iOS 11.2.2,mobile safari generic,2732x2048,mobile
D008920,iOS Device,iOS 11.2.2,mobile safari uiwebview,1334x750,mobile
D008921,iOS Device,iOS 11.2.2,mobile safari uiwebview,2001x1125,mobile
D008922,iOS Device,iOS 11.2.2,mobile safari uiwebview,2048x1536,mobile
D008923,iOS Device,iOS 11.2.5,chrome 63.0 for ios,2048x1536,mobile
D008924,iOS Device,iOS 11.2.5,chrome 64.0 for ios,2048x1536,mobile
D008925,iOS Device,iOS 11.2.5,chrome 64.0 for ios,2224x1668,mobile
D008926,iOS Device,iOS 11.2.5,chrome 64.0 for ios,2732x2048,mobile
D008927,iOS Device,iOS 11.2.5,chrome 65.0 for ios,2048x1536,mobile
D008928,iOS Device,iOS 11.2.5,chrome 66.0 for ios,2436x1125,mobile
D008929,iOS Device,iOS 11.2.5,chrome,2048x1536,mobile
D008930,iOS Device,iOS 11.2.5,google search application 48.0,1136x640,mobile
D008931,iOS Device,iOS 11.2.5,google search application 49.0,1334x750,mobile
D008932,iOS Device,iOS 11.2.5,google,1334x750,mobile
D008933,iOS Device,iOS 11.2.5,mobile safari 11.0,1136x640,mobile
D008934,iOS Device,iOS 11.2.5,mobile safari 11.0,1334x750,mobile
D008935,iOS Device,iOS 11.2.5,mobile safari 11.0,2001x1125,mobile
D008936,iOS Device,iOS 11.2.5,mobile safari 11.0,2048x1536,mobile
D008937,iOS Device,iOS 11.2.5,mobile safari 11.0,2208x1242,mobile
D008938,iOS Device,iOS 11.2.5,mobile safari 11.0,2224x1668,mobile
D008939,iOS Device,iOS 11.2.5,mobile safari 11.0,2436x1125,mobile
D008940,iOS Device,iOS 11.2.5,mobile safari 11.0,2732x2048,mobile
D008941,iOS Device,iOS 11.2.5,mobile safari generic,1136x640,mobile
D008942,iOS Device,iOS 11.2.5,mobile safari generic,1334x750,mobile
D008943,iOS Device,iOS 11.2.5,mobile safari generic,2001x1125,mobile
D008944,iOS Device,iOS 11.2.5,mobile safari generic,2048x1536,mobile
D008945,iOS Device,iOS 11.2.5,mobile safari generic,2208x1242,mobile
D008946,iOS Device,iOS 11.2.5,mobile safari generic,2224x1668,mobile
D008947,iOS Device,iOS 11.2.5,mobile safari generic,2436x1125,mobile
D008948,iOS Device,iOS 11.2.5,mobile safari generic,2732x2048,mobile
D008949,iOS Device,iOS 11.2.5,mobile safari uiwebview,1334x750,mobile
D008950,iOS Device,iOS 11.2.5,mobile safari uiwebview,2048x1536,mobile
D008951,iOS Device,iOS 11.2.5,mobile safari uiwebview,2208x1242,mobile
D008952,iOS Device,iOS 11.2.6,chrome 64.0 for ios,2048x1536,mobile
D008953,iOS Device,iOS 11.2.6,chrome 65.0 for ios,2001x1125,mobile
D008954,iOS Device,iOS 11.2.6,chrome 65.0 for ios,2048x1536,mobile
D008955,iOS Device,iOS 11.2.6,chrome 66.0 for ios,2048x1536,mobile
D008956,iOS Device,iOS 11.2.6,chrome 66.0 for ios,2208x1242,mobile
D008957,iOS Device,iOS 11.2.6,chrome 66.0 for ios,2436x1125,mobile
D008958,iOS Device,iOS 11.2.6,chrome,2048x1536,mobile
D008959,iOS Device,iOS 11.2.6,google search application 48.0,1334x750,mobile
D008960,iOS Device,iOS 11.2.6,google search application 48.0,2048x1536,mobile
D008961,iOS Device,iOS 11.2.6,google search application 49.0,2048x1536,mobile
D008962,iOS Device,iOS 11.2.6,google,1334x750,mobile
D008963,iOS Device,iOS 11.2.6,google,2001x1125,mobile
D008964,iOS Device,iOS 11.2.6,google,2048x1536,mobile
D008965,iOS Device,iOS 11.2.6,google,2208x1242,mobile
D008966,iOS Device,iOS 11.2.6,mobile safari 11.0,1136x640,mobile
D008967,iOS Device,iOS 11.2.6,mobile safari 11.0,1334x750,mobile
D008968,iOS Device,iOS 11.2.6,mobile safari 11.0,2001x1125,mobile
D008969,iOS Device,iOS 11.2.6,mobile safari 11.0,2048x1536,mobile
D008970,iOS Device,iOS 11.2.6,mobile safari 11.0,2208x1242,mobile
D008971,iOS Device,iOS 11.2.6,mobile safari 11.0,2224x1668,mobile
D008972,iOS Device,iOS 11.2.6,mobile safari 11.0,2436x1125,mobile
D008973,iOS Device,iOS 11.2.6,mobile safari 11.0,2732x2048,mobile
D008974,iOS Device,iOS 11.2.6,mobile safari generic,1136x640,mobile
D008975,iOS Device,iOS 11.2.6,mobile safari generic,1334x750,mobile
D008976,iOS Device,iOS 11.2.6,mobile safari generic,2001x1125,mobile
D008977,iOS Device,iOS 11.2.6,mobile safari generic,2048x1536,mobile
D008978,iOS Device,iOS 11.2.6,mobile safari generic,2208x1242,mobile
D008979,iOS Device,iOS 11.2.6,mobile safari generic,2224x1668,mobile
D008980,iOS Device,iOS 11.2.6,mobile safari generic,2436x1125,mobile
D008981,iOS Device,iOS 11.2.6,mobile safari generic,2732x2048,mobile
D008982,iOS Device,iOS 11.2.6,mobile safari uiwebview,2436x1125,mobile
D008983,iOS Device,iOS 11.3.0,chrome 63.0 for ios,1334x750,mobile
D008984,iOS Device,iOS 11.3.0,chrome 65.0 for ios,2048x1536,mobile
D008985,iOS Device,iOS 11.3.0,chrome 66.0 for ios,1334x750,mobile
D008986,iOS Device,iOS 11.3.0,chrome 66.0 for ios,2048x1536,mobile
D008987,iOS Device,iOS 11.3.0,chrome 66.0 for ios,2208x1242,mobile
D008988,iOS Device,iOS 11.3.0,chrome 66.0 for ios,2224x1668,mobile
D008989,iOS Device,iOS 11.3.0,chrome 66.0 for ios,2436x1125,mobile
D008990,iOS Device,iOS 11.3.0,chrome,2048x1536,mobile
D008991,iOS Device,iOS 11.3.0,chrome,2224x1668,mobile
D008992,iOS Device,iOS 11.3.0,firefox,1136x640,mobile
D008993,iOS Device,iOS 11.3.0,firefox,1334x750,mobile
D008994,iOS Device,iOS 11.3.0,firefox,2001x1125,mobile
D008995,iOS Device,iOS 11.3.0,google search application 48.0,1136x640,mobile
D008996,iOS Device,iOS 11.3.0,google search application 48.0,1334x750,mobile
D008997,iOS Device,iOS 11.3.0,google search application 48.0,2001x1125,mobile
D008998,iOS Device,iOS 11.3.0,google search application 48.0,2048x1536,mobile
D008999,iOS Device,iOS 11.3.0,google search application 48.0,2436x1125,mobile
D009000,iOS Device,iOS 11.3.0,google search application 49.0,2208x1242,mobile
D009001,iOS Device,iOS 11.3.0,google,2001x1125,mobile
D009002,iOS Device,iOS 11.3.0,google,2048x1536,mobile
D009003,iOS Device,iOS 11.3.0,mobile safari 11.0,1136x640,mobile
D009004,iOS Device,iOS 11.3.0,mobile safari 11.0,1334x750,mobile
D009005,iOS Device,iOS 11.3.0,mobile safari 11.0,2001x1125,mobile
D009006,iOS Device,iOS 11.3.0,mobile safari 11.0,2048x1536,mobile
D009007,iOS Device,iOS 11.3.0,mobile safari 11.0,2208x1242,mobile
D009008,iOS Device,iOS 11.3.0,mobile safari 11.0,2224x1668,mobile
D009009,iOS Device,iOS 11.3.0,mobile safari 11.0,2436x1125,mobile
D009010,iOS Device,iOS 11.3.0,mobile safari 11.0,2732x2048,mobile
D009011,iOS Device,iOS 11.3.0,mobile safari generic,1136x640,mobile
D009012,iOS Device,iOS 11.3.0,mobile safari generic,1334x750,mobile
D009013,iOS Device,iOS 11.3.0,mobile safari generic,2001x1125,mobile
D009014,iOS Device,iOS 11.3.0,mobile safari generic,2048x1536,mobile
D009015,iOS Device,iOS 11.3.0,mobile safari generic,2208x1242,mobile
D009016,iOS Device,iOS 11.3.0,mobile safari generic,2224x1668,mobile
D009017,iOS Device,iOS 11.3.0,mobile safari generic,2436x1125,mobile
D009018,iOS Device,iOS 11.3.0,mobile safari generic,2732x2048,mobile
D009019,iOS Device,iOS 11.3.0,mobile safari uiwebview,1136x640,mobile
D009020,iOS Device,iOS 11.3.1,chrome 63.0 for ios,1334x750,mobile
D009021,iOS Device,iOS 11.3.1,chrome 66.0 for ios,1136x640,mobile
D009022,iOS Device,iOS 11.3.1,chrome 66.0 for ios,1334x750,mobile
D009023,iOS Device,iOS 11.3.1,chrome 66.0 for ios,2001x1125,mobile
D009024,iOS Device,iOS 11.3.1,chrome 66.0 for ios,2048x1536,mobile
D009025,iOS Device,iOS 11.3.1,chrome 66.0 for ios,2208x1242,mobile
D009026,iOS Device,iOS 11.3.1,chrome 66.0 for ios,2436x1125,mobile
D009027,iOS Device,iOS 11.3.1,google search application 48.0,1136x640,mobile
D009028,iOS Device,iOS 11.3.1,google search application 48.0,1334x750,mobile
D009029,iOS Device,iOS 11.3.1,google search application 48.0,2208x1242,mobile
D009030,iOS Device,iOS 11.3.1,google search application 48.0,2224x1668,mobile
D009031,iOS Device,iOS 11.3.1,google search application 48.0,2436x1125,mobile
D009032,iOS Device,iOS 11.3.1,google search application 49.0,1136x640,mobile
D009033,iOS Device,iOS 11.3.1,google search application 49.0,1334x750,mobile
D009034,iOS Device,iOS 11.3.1,google search application 49.0,2048x1536,mobile
D009035,iOS Device,iOS 11.3.1,google search application 49.0,2208x1242,mobile
D009036,iOS Device,iOS 11.3.1,google search application 49.0,2436x1125,mobile
D009037,iOS Device,iOS 11.3.1,google search application 49.0,2732x2048,mobile
D009038,iOS Device,iOS 11.3.1,google,1136x640,mobile
D009039,iOS Device,iOS 11.3.1,google,1334x750,mobile
D009040,iOS Device,iOS 11.3.1,google,2001x1125,mobile
D009041,iOS Device,iOS 11.3.1,google,2048x1536,mobile
D009042,iOS Device,iOS 11.3.1,google,2208x1242,mobile
D009043,iOS Device,iOS 11.3.1,google,2224x1668,mobile
D009044,iOS Device,iOS 11.3.1,google,2436x1125,mobile
D009045,iOS Device,iOS 11.3.1,mobile safari generic,1334x750,mobile
D009046,iOS Device,iOS 11.3.1,mobile safari generic,2001x1125,mobile
D009047,iOS Device,iOS 11.3.1,mobile safari generic,2048x1536,mobile
D009048,iOS Device,iOS 11.3.1,mobile safari generic,2208x1242,mobile
D009049,iOS Device,iOS 11.3.1,mobile safari generic,2436x1125,mobile
D009050,iOS Device,iOS 11.4.0,mobile safari 11.0,1136x640,mobile
D009051,iOS Device,iOS 11.4.0,mobile safari 11.0,1334x750,mobile
D009052,iOS Device,iOS 11.4.0,mobile safari 11.0,2208x1242,mobile
D009053,iOS Device,iOS 11.4.0,mobile safari generic,1136x640,mobile
D009054,iOS Device,iOS 11.4.0,mobile safari generic,2208x1242,mobile
D009055,iOS Device,iOS 11.4.1,mobile safari 11.0,2208x1242,mobile
D009056,iOS Device,iOS 9.3.5,,1136x640,desktop
D009057,iOS Device,iOS 9.3.5,chrome 62.0 for ios,1024x768,mobile
D009058,iOS Device,iOS 9.3.5,chrome 63.0 for ios,1024x768,mobile
D009059,iOS Device,iOS 9.3.5,chrome 63.0 for ios,2048x1536,mobile
D009060,iOS Device,iOS 9.3.5,chrome,1024x768,mobile
D009061,iOS Device,iOS 9.3.5,chrome,2048x1536,mobile
D009062,iOS Device,iOS 9.3.5,google,2048x1536,mobile
D009063,iOS Device,iOS 9.3.5,mobile safari 9.0,1024x768,mobile
D009064,iOS Device,iOS 9.3.5,mobile safari 9.0,1136x640,mobile
D009065,iOS Device,iOS 9.3.5,mobile safari 9.0,1334x750,mobile
D009066,iOS Device,iOS 9.3.5,mobile safari 9.0,2001x1125,mobile
D009067,iOS Device,iOS 9.3.5,mobile safari 9.0,2048x1536,mobile
D009068,iOS Device,iOS 9.3.5,mobile safari 9.0,2208x1242,mobile
D009069,iOS Device,iOS 9.3.5,mobile safari 9.0,2732x2048,mobile
D009070,iOS Device,iOS 9.3.5,mobile safari 9.0,960x640,mobile
D009071,iOS Device,iOS 9.3.5,mobile safari generic,1024x768,mobile
D009072,iOS Device,iOS 9.3.5,mobile safari generic,1136x640,mobile
D009073,iOS Device,iOS 9.3.5,mobile safari generic,1334x750,mobile
D009074,iOS Device,iOS 9.3.5,mobile safari generic,2001x1125,mobile
D009075,iOS Device,iOS 9.3.5,mobile safari generic,2048x1536,mobile
D009076,iOS Device,iOS 9.3.5,mobile safari generic,960x640,mobile
D009077,iOS Device,iOS 9.3.5,mobile safari uiwebview,1024x768,mobile
D009078,iOS Device,iOS,,1136x640,mobile
D009079,iOS Device,iOS,,960x640,mobile
D009080,iOS Device,iOS,chrome 62.0 for ios,2048x1536,mobile
D009081,iOS Device,iOS,chrome,2048x1536,mobile
D009082,iOS Device,iOS,mobile safari 10.0,1136x640,mobile
D009083,iOS Device,iOS,mobile safari 10.0,1334x750,mobile
D009084,iOS Device,iOS,mobile safari 10.0,2048x1536,mobile
D009085,iOS Device,iOS,mobile safari 10.0,2208x1242,mobile
D009086,iOS Device,iOS,mobile safari 8.0,1024x768,mobile
D009087,iOS Device,iOS,mobile safari 8.0,1136x640,mobile
D009088,iOS Device,iOS,mobile safari 8.0,1334x750,mobile
D009089,iOS Device,iOS,mobile safari 8.0,2048x1536,mobile
D009090,iOS Device,iOS,mobile safari 8.0,2208x1242,mobile
D009091,iOS Device,iOS,mobile safari 9.0,1024x768,mobile
D009092,iOS Device,iOS,mobile safari 9.0,1136x640,mobile
D009093,iOS Device,iOS,mobile safari 9.0,1334x750,mobile
D009094,iOS Device,iOS,mobile safari 9.0,2001x1125,mobile
D009095,iOS Device,iOS,mobile safari 9.0,2048x1536,mobile
D009096,iOS Device,iOS,mobile safari 9.0,2208x1242,mobile
D009097,iOS Device,iOS,mobile safari 9.0,2732x2048,mobile
D009098,iOS Device,iOS,mobile safari generic,1024x768,mobile
D009099,iOS Device,iOS,mobile safari generic,1136x640,mobile
D009100,iOS Device,iOS,mobile safari generic,1334x750,mobile
D009101,iOS Device,iOS,mobile safari generic,2001x1125,mobile
D009102,iOS Device,iOS,mobile safari generic,2048x1536,mobile
D009103,iOS Device,iOS,mobile safari generic,2208x1242,mobile
D009104,iOS Device,iOS,mobile safari generic,2732x2048,mobile
D009105,iOS Device,iOS,mobile safari uiwebview,2208x1242,mobile
D009106,iOS Device,iOS,mobile,1024x768,mobile
D009107,iOS Device,iOS,mobile,2048x1536,mobile
D009108,iOS Device,iOS,other,1024x768,mobile
D009109,iOS Device,iOS,other,2048x1536,mobile
D009110,iPhone,,chrome 63.0 for android,,mobile
D009111,iris 820 Build/MRA58K,,android webview 4.0,,mobile
D009112,iris 870 Build/MRA58K,,android webview 4.0,,mobile
D009113,iris 870 Build/MRA58K,,chrome 49.0 for android,,mobile
D009114,iris 870 Build/MRA58K,,chrome 63.0 for android,,mobile
D009115,iris 870 Build/MRA58K,,chrome 64.0 for android,,mobile
D009116,iris 870 Build/MRA58K,,chrome 65.0 for android,,mobile
D009117,iris50,,chrome 65.0 for android,,mobile
D009118,iris50,,chrome 66.0 for android,,mobile
D009119,iris702,,chrome 63.0 for android,,mobile
D009120,iris80,,chrome 62.0 for android,,mobile
D009121,m3,,chrome 62.0 for android,,mobile
D009122,moto g(6) play Build/OPP27.61-14-4,,chrome 66.0 for android,,mobile
D009123,moto g(6) play Build/OPP27.61-14-4,,chrome generic,,desktop
D009124,moto x4 Build/NPW26.83-18-2-0-4,,chrome 58.0 for android,,mobile
D009125,moto x4 Build/NPW26.83-18-2-0-4,,chrome 63.0 for android,,mobile
D009126,moto x4 Build/NPW26.83-18-2-0-4,,chrome 64.0 for android,,mobile
D009127,moto x4 Build/NPW26.83-18-2-0-4,,chrome 65.0 for android,,mobile
D009128,moto x4 Build/NPW26.83-18-2-0-4,,chrome generic for android,,mobile
D009129,moto x4 Build/NPW26.83-42,,chrome 58.0 for android,,mobile
D009130,moto x4 Build/NPW26.83-42,,chrome 63.0 for android,,mobile
D009131,moto x4 Build/NPW26.83-42,,chrome 64.0 for android,,mobile
D009132,moto x4 Build/NPW26.83-42,,chrome 65.0 for android,,mobile
D009133,moto x4 Build/OPW27.57-40,,chrome 64.0 for android,,mobile
D009134,moto x4 Build/OPW27.57-40,,chrome 65.0 for android,,mobile
D009135,moto x4 Build/OPW27.57-40,,chrome 66.0 for android,,mobile
D009136,moto x4 Build/OPW27.57-40,,chrome generic for android,,mobile
D009137,moto x4 Build/OPW27.57-40,,samsung browser 6.2,,mobile
D009138,moto x4 Build/OPWS27.57-40-14,,chrome 66.0 for android,,mobile
D009139,moto x4 Build/OPWS27.57-40-14,,chrome generic for android,,mobile
D009140,moto x4 Build/OPWS27.57-40-6,,chrome 65.0 for android,,mobile
D009141,moto x4 Build/OPWS27.57-40-6,,chrome generic for android,,mobile
D009142,moto x4 Build/OPWS27.57-40-6,,samsung browser 6.2,,mobile
D009143,moto,,chrome 58.0 for android,,mobile
D009144,moto,,chrome 62.0 for android,,mobile
D009145,moto,,chrome 66.0 for android,,mobile
D009146,moto,Android 7.1.1,chrome 62.0 for android,1920x1080,mobile
D009147,moto,Android 8.0.0,chrome 65.0 for android,1920x1080,mobile
D009148,orbis,,chrome 63.0 for android,,mobile
D009149,orbis,,chrome 64.0 for android,,mobile
D009150,rv:11.0,,ie 11.0 for desktop,,desktop
D009151,rv:11.0,Windows 10,ie 11.0 for desktop,,desktop
D009152,rv:11.0,Windows 10,ie 11.0 for desktop,1024x768,desktop
D009153,rv:11.0,Windows 10,ie 11.0 for desktop,1280x1024,desktop
D009154,rv:11.0,Windows 10,ie 11.0 for desktop,1280x768,desktop
D009155,rv:11.0,Windows 10,ie 11.0 for desktop,1366x768,desktop
D009156,rv:11.0,Windows 10,ie 11.0 for desktop,1440x900,desktop
D009157,rv:11.0,Windows 10,ie 11.0 for desktop,1600x900,desktop
D009158,rv:11.0,Windows 10,ie 11.0 for desktop,1680x1050,desktop
D009159,rv:11.0,Windows 10,ie 11.0 for desktop,1920x1080,desktop
D009160,rv:11.0,Windows 7,ie 11.0 for desktop,,desktop
D009161,rv:11.0,Windows 7,ie 11.0 for desktop,1023x767,desktop
D009162,rv:11.0,Windows 7,ie 11.0 for desktop,1024x767,desktop
D009163,rv:11.0,Windows 7,ie 11.0 for desktop,1024x768,desktop
D009164,rv:11.0,Windows 7,ie 11.0 for desktop,1152x864,desktop
D009165,rv:11.0,Windows 7,ie 11.0 for desktop,1279x1023,desktop
D009166,rv:11.0,Windows 7,ie 11.0 for desktop,1280x1023,desktop
D009167,rv:11.0,Windows 7,ie 11.0 for desktop,1280x1024,desktop
D009168,rv:11.0,Windows 7,ie 11.0 for desktop,1280x720,desktop
D009169,rv:11.0,Windows 7,ie 11.0 for desktop,1280x768,desktop
D009170,rv:11.0,Windows 7,ie 11.0 for desktop,1280x800,desktop
D009171,rv:11.0,Windows 7,ie 11.0 for desktop,1280x960,desktop
D009172,rv:11.0,Windows 7,ie 11.0 for desktop,1360x768,desktop
D009173,rv:11.0,Windows 7,ie 11.0 for desktop,1366x767,desktop
D009174,rv:11.0,Windows 7,ie 11.0 for desktop,1366x768,desktop
D009175,rv:11.0,Windows 7,ie 11.0 for desktop,1440x803,desktop
D009176,rv:11.0,Windows 7,ie 11.0 for desktop,1440x900,desktop
D009177,rv:11.0,Windows 7,ie 11.0 for desktop,1599x899,desktop
D009178,rv:11.0,Windows 7,ie 11.0 for desktop,1600x1200,desktop
D009179,rv:11.0,Windows 7,ie 11.0 for desktop,1600x900,desktop
D009180,rv:11.0,Windows 7,ie 11.0 for desktop,1679x1049,desktop
D009181,rv:11.0,Windows 7,ie 11.0 for desktop,1680x1049,desktop
D009182,rv:11.0,Windows 7,ie 11.0 for desktop,1680x1050,desktop
D009183,rv:11.0,Windows 7,ie 11.0 for desktop,1919x1079,desktop
D009184,rv:11.0,Windows 7,ie 11.0 for desktop,1919x1080,desktop
D009185,rv:11.0,Windows 7,ie 11.0 for desktop,1920x1080,desktop
D009186,rv:11.0,Windows 7,ie 11.0 for desktop,1920x1200,desktop
D009187,rv:11.0,Windows 7,ie 11.0 for desktop,3440x1440,desktop
D009188,rv:11.0,Windows 8.1,ie 11.0 for desktop,,desktop
D009189,rv:14.0,,Mozilla/Firefox,,mobile
D009190,rv:29.0,,firefox,,desktop
D009191,rv:31.0,,firefox,,desktop
D009192,rv:31.0,Windows 7,firefox,1366x768,desktop
D009193,rv:31.0,Windows 7,firefox,1920x1080,desktop
D009194,rv:33.0,,firefox,,desktop
D009195,rv:35.0,,firefox,,desktop
D009196,rv:35.0,Mac OS X 10.10,firefox,1440x900,desktop
D009197,rv:35.0,Mac OS X 10.9,firefox,2560x1600,desktop
D009198,rv:37.0,,firefox,,desktop
D009199,rv:37.0,Windows 7,firefox,1920x1080,desktop
D009200,rv:38.0,,firefox,,desktop
D009201,rv:38.0,Linux,firefox,1366x768,desktop
D009202,rv:38.0,Mac OS X 10.10,firefox,1366x768,desktop
D009203,rv:38.0,Mac,firefox,1280x800,desktop
D009204,rv:38.0,Windows 7,firefox,1920x1080,desktop
D009205,rv:39.0,,firefox,,desktop
D009206,rv:39.0,Windows 10,firefox,1366x768,desktop
D009207,rv:39.0,Windows 7,firefox,1280x768,desktop
D009208,rv:39.0,Windows 7,firefox,1920x1080,desktop
D009209,rv:41.0,,firefox,,desktop
D009210,rv:41.0,Mac OS X 10.10,firefox,1280x800,desktop
D009211,rv:42.0,,firefox,,desktop
D009212,rv:42.0,Windows 7,firefox,1366x768,desktop
D009213,rv:42.0,Windows 7,firefox,1920x1080,desktop
D009214,rv:43.0,,firefox,,desktop
D009215,rv:43.0,Windows 10,firefox,1920x1080,desktop
D009216,rv:44.0,Mac OS X 10.12,firefox,1280x800,desktop
D009217,rv:44.0,Windows 7,firefox,1366x768,desktop
D009218,rv:44.0,Windows 7,firefox,1680x1050,desktop
D009219,rv:44.0,Windows 8.1,firefox,1366x768,desktop
D009220,rv:45.0,,firefox,,desktop
D009221,rv:45.0,Linux,firefox,1920x1080,desktop
D009222,rv:45.0,Linux,firefox,1920x1200,desktop
D009223,rv:45.0,Mac OS X 10.10,firefox,1280x800,desktop
D009224,rv:45.0,Mac OS X 10.11,firefox,1920x1080,desktop
D009225,rv:45.0,Mac OS X 10.11,firefox,1920x1200,desktop
D009226,rv:45.0,Windows 10,firefox,1366x768,desktop
D009227,rv:45.0,Windows 10,firefox,1920x1080,desktop
D009228,rv:45.0,Windows 10,firefox,2160x1350,desktop
D009229,rv:45.0,Windows 7,firefox,1366x768,desktop
D009230,rv:45.0,Windows 7,firefox,1680x1050,desktop
D009231,rv:45.0,Windows 7,firefox,1920x1080,desktop
D009232,rv:46.0,,firefox,,desktop
D009233,rv:46.0,Mac OS X 10.10,firefox,1366x768,desktop
D009234,rv:46.0,Mac OS X 10.13,firefox,1920x1080,desktop
D009235,rv:46.0,Windows 7,firefox,1366x768,desktop
D009236,rv:46.0,Windows 7,firefox,1920x1080,desktop
D009237,rv:47.0,,firefox 47.0,,desktop
D009238,rv:47.0,Mac OS X 10.10,firefox 47.0,1440x900,desktop
D009239,rv:47.0,Mac OS X 10.10,firefox 47.0,2560x1600,desktop
D009240,rv:47.0,Mac OS X 10.6,firefox 47.0,1920x1200,desktop
D009241,rv:47.0,Mac OS X 10.9,firefox 47.0,1920x1080,desktop
D009242,rv:47.0,Windows 10,firefox 47.0,1768x992,desktop
D009243,rv:47.0,Windows 7,firefox 47.0,1280x1024,desktop
D009244,rv:47.0,Windows 7,firefox 47.0,1920x1080,desktop
D009245,rv:47.0,Windows 8.1,firefox 47.0,1366x768,desktop
D009246,rv:47.0,Windows XP,firefox 47.0,1600x900,desktop
D009247,rv:48.0,,firefox 48.0,,desktop
D009248,rv:48.0,Mac OS X 10.11,firefox 48.0,1280x800,desktop
D009249,rv:48.0,Mac OS X 10.11,firefox 48.0,1920x1080,desktop
D009250,rv:48.0,Mac OS X 10.12,firefox 48.0,1280x800,desktop
D009251,rv:48.0,Mac OS X 10.12,firefox 48.0,1440x900,desktop
D009252,rv:48.0,Mac OS X 10.12,firefox 48.0,2880x1800,desktop
D009253,rv:48.0,Mac OS X 10.12,firefox 48.0,4096x2304,desktop
D009254,rv:48.0,Mac OS X 10.13,firefox 48.0,1440x900,desktop
D009255,rv:48.0,Mac OS X 10.6,firefox 48.0,1280x1024,desktop
D009256,rv:48.0,Mac OS X 10.6,firefox 48.0,1280x800,desktop
D009257,rv:48.0,Mac OS X 10.6,firefox 48.0,1440x900,desktop
D009258,rv:48.0,Mac OS X 10.6,firefox 48.0,1680x1050,desktop
D009259,rv:48.0,Mac OS X 10.6,firefox 48.0,1920x1080,desktop
D009260,rv:48.0,Mac OS X 10.6,firefox 48.0,2560x1440,desktop
D009261,rv:48.0,Mac OS X 10.6,firefox 48.0,2560x1600,desktop
D009262,rv:48.0,Mac OS X 10.9,firefox 48.0,1280x800,desktop
D009263,rv:48.0,Mac,firefox 48.0,1024x768,desktop
D009264,rv:48.0,Mac,firefox 48.0,1280x800,desktop
D009265,rv:48.0,Mac,firefox 48.0,1366x768,desktop
D009266,rv:48.0,Mac,firefox 48.0,1440x900,desktop
D009267,rv:48.0,Mac,firefox 48.0,1600x900,desktop
D009268,rv:48.0,Mac,firefox 48.0,1680x1050,desktop
D009269,rv:48.0,Mac,firefox 48.0,1920x1080,desktop
D009270,rv:48.0,Mac,firefox 48.0,1920x1200,desktop
D009271,rv:48.0,Mac,firefox 48.0,2048x1152,desktop
D009272,rv:48.0,Mac,firefox 48.0,2560x1440,desktop
D009273,rv:48.0,Mac,firefox 48.0,2560x1600,desktop
D009274,rv:48.0,Windows 10,firefox 48.0,1920x1080,desktop
D009275,rv:48.0,Windows 7,firefox 48.0,1600x900,desktop
D009276,rv:49.0,,firefox,,desktop
D009277,rv:49.0,Linux,firefox,1920x1080,desktop
D009278,rv:49.0,Mac OS X 10.10,firefox,1920x1080,desktop
D009279,rv:49.0,Mac OS X 10.11,firefox,1920x1080,desktop
D009280,rv:49.0,Mac OS X 10.12,firefox,1280x800,desktop
D009281,rv:49.0,Windows 10,firefox,1366x768,desktop
D009282,rv:49.0,Windows 7,firefox,1366x768,desktop
D009283,rv:49.0,Windows 7,firefox,1440x900,desktop
D009284,rv:50.0,,firefox,,desktop
D009285,rv:50.0,Mac OS X 10.10,firefox,1440x900,desktop
D009286,rv:50.0,Mac OS X 10.10,firefox,1680x1050,desktop
D009287,rv:50.0,Mac OS X 10.10,firefox,2560x1600,desktop
D009288,rv:50.0,Mac OS X 10.11,firefox,1920x1080,desktop
D009289,rv:50.0,Mac OS X 10.13,firefox,1920x1080,desktop
D009290,rv:50.0,Mac OS X 10.13,firefox,2880x1800,desktop
D009291,rv:50.0,Windows 10,firefox,1366x768,desktop
D009292,rv:50.0,Windows 10,firefox,1680x1050,desktop
D009293,rv:50.0,Windows 7,firefox,1024x768,desktop
D009294,rv:51.0,,firefox,,desktop
D009295,rv:51.0,Linux,Generic/Android 7.0,2392x1440,mobile
D009296,rv:51.0,Windows 10,firefox,,desktop
D009297,rv:51.0,Windows 10,firefox,1920x1080,desktop
D009298,rv:51.0,Windows 7,firefox,1920x1080,desktop
D009299,rv:51.0,Windows 7,seamonkey,1440x900,desktop
D009300,rv:51.0,Windows 8.1,firefox,1366x768,desktop
D009301,rv:51.0,Windows 8.1,firefox,1920x1080,desktop
D009302,rv:51.0,Windows XP,firefox,1600x900,desktop
D009303,rv:52.0,,firefox 52.0,,desktop
D009304,rv:52.0,,firefox,,desktop
D009305,rv:52.0,Linux,firefox 52.0,1680x1050,desktop
D009306,rv:52.0,Linux,firefox 52.0,1920x1080,desktop
D009307,rv:52.0,Linux,firefox 52.0,2560x1440,desktop
D009308,rv:52.0,Mac OS X 10.10,firefox 52.0,1440x900,desktop
D009309,rv:52.0,Mac OS X 10.11,firefox 52.0,1280x800,desktop
D009310,rv:52.0,Mac OS X 10.11,firefox 52.0,1440x900,desktop
D009311,rv:52.0,Mac OS X 10.11,firefox 52.0,1920x1080,desktop
D009312,rv:52.0,Mac OS X 10.11,firefox 52.0,2560x1600,desktop
D009313,rv:52.0,Mac OS X 10.11,firefox 52.0,5120x2880,desktop
D009314,rv:52.0,Mac OS X 10.12,firefox 52.0,1280x1024,desktop
D009315,rv:52.0,Mac OS X 10.12,firefox 52.0,1920x1080,desktop
D009316,rv:52.0,Mac OS X 10.12,firefox 52.0,2560x1440,desktop
D009317,rv:52.0,Mac OS X 10.12,firefox 52.0,2560x1600,desktop
D009318,rv:52.0,Mac OS X 10.12,firefox 52.0,2880x1800,desktop
D009319,rv:52.0,Mac OS X 10.12,firefox 52.0,3360x2100,desktop
D009320,rv:52.0,Mac OS X 10.13,firefox 52.0,1280x800,desktop
D009321,rv:52.0,Mac OS X 10.13,firefox 52.0,1440x900,desktop
D009322,rv:52.0,Mac OS X 10.13,firefox 52.0,1920x1080,desktop
D009323,rv:52.0,Mac OS X 10.13,firefox 52.0,2560x1600,desktop
D009324,rv:52.0,Mac OS X 10.13,firefox 52.0,2880x1800,desktop
D009325,rv:52.0,Windows 10,firefox 52.0,1920x1080,desktop
D009326,rv:52.0,Windows 10,firefox,1366x768,desktop
D009327,rv:52.0,Windows 10,firefox,1440x900,desktop
D009328,rv:52.0,Windows 10,firefox,1600x900,desktop
D009329,rv:52.0,Windows 10,firefox,1680x1050,desktop
D009330,rv:52.0,Windows 10,firefox,1920x1080,desktop
D009331,rv:52.0,Windows 10,firefox,1920x1200,desktop
D009332,rv:52.0,Windows 10,firefox,2160x1440,desktop
D009333,rv:52.0,Windows 10,firefox,2560x1440,desktop
D009334,rv:52.0,Windows 7,firefox 52.0,,desktop
D009335,rv:52.0,Windows 7,firefox 52.0,1280x1024,desktop
D009336,rv:52.0,Windows 7,firefox 52.0,1366x768,desktop
D009337,rv:52.0,Windows 7,firefox 52.0,1440x900,desktop
D009338,rv:52.0,Windows 7,firefox 52.0,1600x900,desktop
D009339,rv:52.0,Windows 7,firefox 52.0,1680x1050,desktop
D009340,rv:52.0,Windows 7,firefox 52.0,1920x1080,desktop
D009341,rv:52.0,Windows 7,firefox 52.0,1920x1200,desktop
D009342,rv:52.0,Windows 8.1,firefox 52.0,1280x1024,desktop
D009343,rv:52.0,Windows 8.1,firefox 52.0,1440x900,desktop
D009344,rv:52.0,Windows 8.1,firefox 52.0,1600x900,desktop
D009345,rv:52.0,Windows 8.1,firefox 52.0,1920x1080,desktop
D009346,rv:52.0,Windows Vista,,1152x864,desktop
D009347,rv:52.0,Windows Vista,firefox 52.0,,desktop
D009348,rv:52.0,Windows Vista,firefox 52.0,1280x1024,desktop
D009349,rv:52.0,Windows Vista,firefox 52.0,1280x720,desktop
D009350,rv:52.0,Windows Vista,firefox 52.0,1280x768,desktop
D009351,rv:52.0,Windows Vista,firefox 52.0,1280x800,desktop
D009352,rv:52.0,Windows Vista,firefox 52.0,1364x768,desktop
D009353,rv:52.0,Windows Vista,firefox 52.0,1366x768,desktop
D009354,rv:52.0,Windows Vista,firefox 52.0,1440x900,desktop
D009355,rv:52.0,Windows Vista,firefox 52.0,1600x900,desktop
D009356,rv:52.0,Windows Vista,firefox 52.0,1680x1050,desktop
D009357,rv:52.0,Windows Vista,firefox 52.0,1920x1080,desktop
D009358,rv:52.0,Windows XP,firefox 52.0,,desktop
D009359,rv:52.0,Windows XP,firefox 52.0,1600x900,desktop
D009360,rv:52.0,Windows XP,firefox 52.0,1920x1080,desktop
D009361,rv:52.9,Windows 10,firefox,1920x1080,desktop
D009362,rv:52.9,Windows 7,palemoon,1280x1024,desktop
D009363,rv:53.0,,Generic/Android,,mobile
D009364,rv:53.0,,firefox,,desktop
D009365,rv:53.0,Mac OS X 10.11,firefox,2560x1600,desktop
D009366,rv:53.0,Windows 10,firefox,1280x768,desktop
D009367,rv:53.0,Windows 10,firefox,1600x900,desktop
D009368,rv:53.0,Windows 10,firefox,1920x1080,desktop
D009369,rv:53.0,Windows 7,firefox,1366x768,desktop
D009370,rv:53.0,Windows 7,firefox,1920x1080,desktop
D009371,rv:54.0,,firefox,,desktop
D009372,rv:54.0,Mac OS X 10.11,firefox,2560x1440,desktop
D009373,rv:54.0,Mac OS X 10.11,firefox,2880x1800,desktop
D009374,rv:54.0,Mac OS X 10.12,firefox,1920x1080,desktop
D009375,rv:54.0,Mac OS X 10.9,firefox,1280x800,desktop
D009376,rv:54.0,Windows 10,firefox,1280x1024,desktop
D009377,rv:54.0,Windows 10,firefox,1280x800,desktop
D009378,rv:54.0,Windows 10,firefox,1440x900,desktop
D009379,rv:54.0,Windows 10,firefox,1600x900,desktop
D009380,rv:54.0,Windows 10,firefox,1920x1080,desktop
D009381,rv:54.0,Windows 7,firefox,1366x768,desktop
D009382,rv:54.0,Windows 7,firefox,1920x1080,desktop
D009383,rv:54.0,Windows 8.1,firefox,1366x768,desktop
D009384,rv:55.0,,firefox 55.0,,desktop
D009385,rv:55.0,Android 6.0,Generic/Android,1280x720,mobile
D009386,rv:55.0,Mac OS X 10.10,firefox 55.0,1440x900,desktop
D009387,rv:55.0,Mac OS X 10.10,firefox 55.0,1920x1080,desktop
D009388,rv:55.0,Mac OS X 10.10,firefox 55.0,2560x1440,desktop
D009389,rv:55.0,Mac OS X 10.11,firefox 55.0,1920x1200,desktop
D009390,rv:55.0,Mac OS X 10.12,firefox 55.0,1440x900,desktop
D009391,rv:55.0,Mac OS X 10.13,firefox 55.0,1920x1080,desktop
D009392,rv:55.0,Windows 10,firefox,1920x1080,desktop
D009393,rv:55.0,Windows 7,firefox 55.0,1366x768,desktop
D009394,rv:55.0,Windows 7,firefox 55.0,1920x1080,desktop
D009395,rv:56.0,,Generic/Android,,mobile
D009396,rv:56.0,,firefox 56.0,,desktop
D009397,rv:56.0,,firefox,,desktop
D009398,rv:56.0,Android 6.0.1,firefox,,mobile
D009399,rv:56.0,Android 6.0.1,firefox,1200x720,mobile
D009400,rv:56.0,Mac OS X 10.10,firefox 56.0,1280x800,desktop
D009401,rv:56.0,Mac OS X 10.10,firefox 56.0,1366x768,desktop
D009402,rv:56.0,Mac OS X 10.10,firefox 56.0,1440x900,desktop
D009403,rv:56.0,Mac OS X 10.10,firefox 56.0,1680x1050,desktop
D009404,rv:56.0,Mac OS X 10.10,firefox 56.0,2560x1440,desktop
D009405,rv:56.0,Mac OS X 10.10,firefox 56.0,2560x1600,desktop
D009406,rv:56.0,Mac OS X 10.10,firefox 56.0,2880x1800,desktop
D009407,rv:56.0,Mac OS X 10.11,firefox 56.0,1152x720,desktop
D009408,rv:56.0,Mac OS X 10.11,firefox 56.0,1280x720,desktop
D009409,rv:56.0,Mac OS X 10.11,firefox 56.0,1280x800,desktop
D009410,rv:56.0,Mac OS X 10.11,firefox 56.0,1360x768,desktop
D009411,rv:56.0,Mac OS X 10.11,firefox 56.0,1440x900,desktop
D009412,rv:56.0,Mac OS X 10.11,firefox 56.0,1680x1050,desktop
D009413,rv:56.0,Mac OS X 10.11,firefox 56.0,1920x1080,desktop
D009414,rv:56.0,Mac OS X 10.11,firefox 56.0,2560x1600,desktop
D009415,rv:56.0,Mac OS X 10.11,firefox 56.0,2880x1800,desktop
D009416,rv:56.0,Mac OS X 10.12,firefox 56.0,1280x800,desktop
D009417,rv:56.0,Mac OS X 10.12,firefox 56.0,1440x900,desktop
D009418,rv:56.0,Mac OS X 10.12,firefox 56.0,1680x1050,desktop
D009419,rv:56.0,Mac OS X 10.12,firefox 56.0,1920x1080,desktop
D009420,rv:56.0,Mac OS X 10.12,firefox 56.0,2560x1600,desktop
D009421,rv:56.0,Mac OS X 10.12,firefox 56.0,2880x1800,desktop
D009422,rv:56.0,Mac OS X 10.13,firefox 56.0,1366x768,desktop
D009423,rv:56.0,Mac OS X 10.13,firefox 56.0,1920x1080,desktop
D009424,rv:56.0,Mac OS X 10.13,firefox 56.0,4096x2304,desktop
D009425,rv:56.0,Mac OS X 10.9,firefox 56.0,1440x900,desktop
D009426,rv:56.0,Mac OS X 10.9,firefox 56.0,2560x1600,desktop
D009427,rv:56.0,Windows 10,firefox,1366x768,desktop
D009428,rv:56.0,Windows 10,firefox,1680x1050,desktop
D009429,rv:56.0,Windows 10,firefox,1920x1080,desktop
D009430,rv:56.0,Windows 7,firefox 56.0,,desktop
D009431,rv:56.0,Windows 7,firefox 56.0,1024x768,desktop
D009432,rv:56.0,Windows 7,firefox 56.0,1366x768,desktop
D009433,rv:56.0,Windows 7,firefox 56.0,1600x900,desktop
D009434,rv:56.0,Windows 7,firefox 56.0,1920x1080,desktop
D009435,rv:56.0,Windows 8.1,firefox 56.0,1600x900,desktop
D009436,rv:56.0,Windows 8.1,firefox 56.0,1920x1080,desktop
D009437,rv:57.0,,Generic/Android 7.0,,mobile
D009438,rv:57.0,,Generic/Android,,mobile
D009439,rv:57.0,,firefox 57.0,,desktop
D009440,rv:57.0,,firefox,,desktop
D009441,rv:57.0,Android 6.0,Generic/Android,1776x1080,mobile
D009442,rv:57.0,Android 6.0.1,firefox,1232x800,mobile
D009443,rv:57.0,Android 6.0.1,firefox,2560x1440,mobile
D009444,rv:57.0,Android 7.0,Generic/Android 7.0,,mobile
D009445,rv:57.0,Android 7.0,Generic/Android 7.0,1200x720,mobile
D009446,rv:57.0,Android 7.0,Generic/Android 7.0,1920x1080,mobile
D009447,rv:57.0,Android 7.0,Generic/Android 7.0,2048x1536,mobile
D009448,rv:57.0,Android 7.0,Generic/Android 7.0,2076x1080,mobile
D009449,rv:57.0,Android 7.0,Generic/Android 7.0,2368x1440,mobile
D009450,rv:57.0,Android 7.0,Generic/Android 7.0,2392x1440,mobile
D009451,rv:57.0,Android 7.0,Generic/Android 7.0,2560x1440,mobile
D009452,rv:57.0,Android 7.1.1,Generic/Android,,mobile
D009453,rv:57.0,Android 7.1.1,Generic/Android,1280x720,mobile
D009454,rv:57.0,Android 8.1.0,firefox,,mobile
D009455,rv:57.0,Android,firefox,1920x1080,mobile
D009456,rv:57.0,Android,firefox,976x600,mobile
D009457,rv:57.0,Linux,firefox 57.0,1152x864,desktop
D009458,rv:57.0,Mac OS X 10.10,firefox 57.0,1280x720,desktop
D009459,rv:57.0,Mac OS X 10.10,firefox 57.0,1280x800,desktop
D009460,rv:57.0,Mac OS X 10.10,firefox 57.0,1366x768,desktop
D009461,rv:57.0,Mac OS X 10.10,firefox 57.0,1440x900,desktop
D009462,rv:57.0,Mac OS X 10.10,firefox 57.0,1680x1050,desktop
D009463,rv:57.0,Mac OS X 10.10,firefox 57.0,1920x1080,desktop
D009464,rv:57.0,Mac OS X 10.10,firefox 57.0,1920x1200,desktop
D009465,rv:57.0,Mac OS X 10.10,firefox 57.0,2560x1440,desktop
D009466,rv:57.0,Mac OS X 10.10,firefox 57.0,2560x1600,desktop
D009467,rv:57.0,Mac OS X 10.10,firefox 57.0,2880x1800,desktop
D009468,rv:57.0,Mac OS X 10.10,firefox 57.0,5120x2880,desktop
D009469,rv:57.0,Mac OS X 10.11,firefox 57.0,1152x720,desktop
D009470,rv:57.0,Mac OS X 10.11,firefox 57.0,1280x800,desktop
D009471,rv:57.0,Mac OS X 10.11,firefox 57.0,1366x768,desktop
D009472,rv:57.0,Mac OS X 10.11,firefox 57.0,1440x900,desktop
D009473,rv:57.0,Mac OS X 10.11,firefox 57.0,1680x1050,desktop
D009474,rv:57.0,Mac OS X 10.11,firefox 57.0,1920x1080,desktop
D009475,rv:57.0,Mac OS X 10.11,firefox 57.0,1920x1200,desktop
D009476,rv:57.0,Mac OS X 10.11,firefox 57.0,2560x1440,desktop
D009477,rv:57.0,Mac OS X 10.11,firefox 57.0,2560x1600,desktop
D009478,rv:57.0,Mac OS X 10.11,firefox 57.0,2880x1800,desktop
D009479,rv:57.0,Mac OS X 10.11,firefox 57.0,4096x2304,desktop
D009480,rv:57.0,Mac OS X 10.11,firefox 57.0,5120x2880,desktop
D009481,rv:57.0,Mac OS X 10.12,firefox 57.0,,desktop
D009482,rv:57.0,Mac OS X 10.12,firefox 57.0,1152x720,desktop
D009483,rv:57.0,Mac OS X 10.12,firefox 57.0,1280x720,desktop
D009484,rv:57.0,Mac OS X 10.12,firefox 57.0,1280x800,desktop
D009485,rv:57.0,Mac OS X 10.12,firefox 57.0,1366x768,desktop
D009486,rv:57.0,Mac OS X 10.12,firefox 57.0,1440x900,desktop
D009487,rv:57.0,Mac OS X 10.12,firefox 57.0,1600x1200,desktop
D009488,rv:57.0,Mac OS X 10.12,firefox 57.0,1600x900,desktop
D009489,rv:57.0,Mac OS X 10.12,firefox 57.0,1920x1080,desktop
D009490,rv:57.0,Mac OS X 10.12,firefox 57.0,1920x1200,desktop
D009491,rv:57.0,Mac OS X 10.12,firefox 57.0,2560x1440,desktop
D009492,rv:57.0,Mac OS X 10.12,firefox 57.0,2560x1600,desktop
D009493,rv:57.0,Mac OS X 10.12,firefox 57.0,2880x1800,desktop
D009494,rv:57.0,Mac OS X 10.12,firefox 57.0,3360x2100,desktop
D009495,rv:57.0,Mac OS X 10.12,firefox 57.0,3840x2400,desktop
D009496,rv:57.0,Mac OS X 10.12,firefox 57.0,4096x2304,desktop
D009497,rv:57.0,Mac OS X 10.12,firefox 57.0,5120x2880,desktop
D009498,rv:57.0,Mac OS X 10.13,firefox 57.0,1024x768,desktop
D009499,rv:57.0,Mac OS X 10.13,firefox 57.0,1280x720,desktop
D009500,rv:57.0,Mac OS X 10.13,firefox 57.0,1280x800,desktop
D009501,rv:57.0,Mac OS X 10.13,firefox 57.0,1366x768,desktop
D009502,rv:57.0,Mac OS X 10.13,firefox 57.0,1440x900,desktop
D009503,rv:57.0,Mac OS X 10.13,firefox 57.0,1600x900,desktop
D009504,rv:57.0,Mac OS X 10.13,firefox 57.0,1680x1050,desktop
D009505,rv:57.0,Mac OS X 10.13,firefox 57.0,1920x1080,desktop
D009506,rv:57.0,Mac OS X 10.13,firefox 57.0,1920x1200,desktop
D009507,rv:57.0,Mac OS X 10.13,firefox 57.0,2048x1152,desktop
D009508,rv:57.0,Mac OS X 10.13,firefox 57.0,2560x1440,desktop
D009509,rv:57.0,Mac OS X 10.13,firefox 57.0,2560x1600,desktop
D009510,rv:57.0,Mac OS X 10.13,firefox 57.0,2880x1800,desktop
D009511,rv:57.0,Mac OS X 10.13,firefox 57.0,3360x2100,desktop
D009512,rv:57.0,Mac OS X 10.13,firefox 57.0,3440x1440,desktop
D009513,rv:57.0,Mac OS X 10.13,firefox 57.0,4096x2304,desktop
D009514,rv:57.0,Mac OS X 10.13,firefox 57.0,5120x2880,desktop
D009515,rv:57.0,Mac OS X 10.9,firefox 57.0,,desktop
D009516,rv:57.0,Mac OS X 10.9,firefox 57.0,1280x1024,desktop
D009517,rv:57.0,Mac OS X 10.9,firefox 57.0,1280x800,desktop
D009518,rv:57.0,Mac OS X 10.9,firefox 57.0,1440x900,desktop
D009519,rv:57.0,Mac OS X 10.9,firefox 57.0,1680x1050,desktop
D009520,rv:57.0,Mac OS X 10.9,firefox 57.0,1920x1080,desktop
D009521,rv:57.0,Mac OS X 10.9,firefox 57.0,2560x1440,desktop
D009522,rv:57.0,Mac OS X 10.9,firefox 57.0,2560x1600,desktop
D009523,rv:57.0,Mac OS X 10.9,firefox 57.0,2880x1800,desktop
D009524,rv:57.0,Windows 10,firefox,,desktop
D009525,rv:57.0,Windows 10,firefox,1024x768,desktop
D009526,rv:57.0,Windows 10,firefox,1280x768,desktop
D009527,rv:57.0,Windows 10,firefox,1366x768,desktop
D009528,rv:57.0,Windows 10,firefox,1440x900,desktop
D009529,rv:57.0,Windows 10,firefox,1600x900,desktop
D009530,rv:57.0,Windows 10,firefox,1920x1080,desktop
D009531,rv:57.0,Windows 10,firefox,2560x1440,desktop
D009532,rv:57.0,Windows 10,firefox,2736x1824,desktop
D009533,rv:57.0,Windows 10,icedragon,1920x1080,desktop
D009534,rv:57.0,Windows 7,firefox 57.0,,desktop
D009535,rv:57.0,Windows 7,firefox 57.0,1024x768,desktop
D009536,rv:57.0,Windows 7,firefox 57.0,1280x1024,desktop
D009537,rv:57.0,Windows 7,firefox 57.0,1280x800,desktop
D009538,rv:57.0,Windows 7,firefox 57.0,1360x768,desktop
D009539,rv:57.0,Windows 7,firefox 57.0,1366x768,desktop
D009540,rv:57.0,Windows 7,firefox 57.0,1440x900,desktop
D009541,rv:57.0,Windows 7,firefox 57.0,1600x1200,desktop
D009542,rv:57.0,Windows 7,firefox 57.0,1600x900,desktop
D009543,rv:57.0,Windows 7,firefox 57.0,1680x1050,desktop
D009544,rv:57.0,Windows 7,firefox 57.0,1920x1080,desktop
D009545,rv:57.0,Windows 8,firefox 57.0,1920x1080,desktop
D009546,rv:57.0,Windows 8.1,firefox 57.0,,desktop
D009547,rv:57.0,Windows 8.1,firefox 57.0,1366x768,desktop
D009548,rv:57.0,Windows 8.1,firefox 57.0,1920x1080,desktop
D009549,rv:58.0,,Generic/Android 7.0,,mobile
D009550,rv:58.0,,Generic/Android,,mobile
D009551,rv:58.0,,firefox 58.0,,desktop
D009552,rv:58.0,,firefox generic,,desktop
D009553,rv:58.0,,firefox,,mobile
D009554,rv:58.0,Android 6.0.1,firefox,1920x1080,mobile
D009555,rv:58.0,Android 7.0,Generic/Android 7.0,,mobile
D009556,rv:58.0,Android 7.0,Generic/Android 7.0,1920x1080,mobile
D009557,rv:58.0,Android 7.1.1,Generic/Android,2220x1080,mobile
D009558,rv:58.0,Mac OS X 10.10,firefox 58.0,1280x1024,desktop
D009559,rv:58.0,Mac OS X 10.10,firefox 58.0,1280x800,desktop
D009560,rv:58.0,Mac OS X 10.10,firefox 58.0,2560x1600,desktop
D009561,rv:58.0,Mac OS X 10.10,firefox generic,1920x1080,desktop
D009562,rv:58.0,Mac OS X 10.11,firefox 58.0,1280x800,desktop
D009563,rv:58.0,Mac OS X 10.11,firefox 58.0,1440x900,desktop
D009564,rv:58.0,Mac OS X 10.11,firefox 58.0,1680x1050,desktop
D009565,rv:58.0,Mac OS X 10.11,firefox 58.0,1920x1080,desktop
D009566,rv:58.0,Mac OS X 10.11,firefox 58.0,1920x1200,desktop
D009567,rv:58.0,Mac OS X 10.11,firefox 58.0,2560x1440,desktop
D009568,rv:58.0,Mac OS X 10.11,firefox 58.0,3440x1440,desktop
D009569,rv:58.0,Mac OS X 10.11,firefox generic,1680x1050,desktop
D009570,rv:58.0,Mac OS X 10.11,firefox generic,2560x1600,desktop
D009571,rv:58.0,Mac OS X 10.12,firefox 58.0,1440x900,desktop
D009572,rv:58.0,Mac OS X 10.12,firefox 58.0,1920x1200,desktop
D009573,rv:58.0,Mac OS X 10.12,firefox 58.0,2560x1600,desktop
D009574,rv:58.0,Mac OS X 10.12,firefox 58.0,2880x1800,desktop
D009575,rv:58.0,Mac OS X 10.12,firefox 58.0,4096x2304,desktop
D009576,rv:58.0,Mac OS X 10.12,firefox generic,1920x1080,desktop
D009577,rv:58.0,Mac OS X 10.13,firefox 58.0,1024x768,desktop
D009578,rv:58.0,Mac OS X 10.13,firefox 58.0,1280x800,desktop
D009579,rv:58.0,Mac OS X 10.13,firefox 58.0,1440x900,desktop
D009580,rv:58.0,Mac OS X 10.13,firefox 58.0,1920x1080,desktop
D009581,rv:58.0,Mac OS X 10.13,firefox 58.0,2560x1440,desktop
D009582,rv:58.0,Mac OS X 10.13,firefox 58.0,2560x1600,desktop
D009583,rv:58.0,Mac OS X 10.13,firefox 58.0,2880x1800,desktop
D009584,rv:58.0,Mac OS X 10.13,firefox 58.0,3360x2100,desktop
D009585,rv:58.0,Mac OS X 10.13,firefox 58.0,5120x2880,desktop
D009586,rv:58.0,Mac OS X 10.13,firefox generic,1440x900,desktop
D009587,rv:58.0,Mac OS X 10.13,firefox generic,4096x2304,desktop
D009588,rv:58.0,Mac OS X 10.9,firefox 58.0,1280x800,desktop
D009589,rv:58.0,Mac OS X 10.9,firefox 58.0,1366x768,desktop
D009590,rv:58.0,Mac OS X 10.9,firefox 58.0,1440x900,desktop
D009591,rv:58.0,Mac OS X 10.9,firefox 58.0,2560x1440,desktop
D009592,rv:58.0,Mac OS X 10.9,firefox 58.0,2880x1800,desktop
D009593,rv:58.0,Mac OS X 10.9,firefox generic,1366x768,desktop
D009594,rv:58.0,Windows 10,firefox,1280x800,desktop
D009595,rv:58.0,Windows 10,firefox,1366x768,desktop
D009596,rv:58.0,Windows 10,firefox,1440x900,desktop
D009597,rv:58.0,Windows 10,firefox,1600x900,desktop
D009598,rv:58.0,Windows 10,firefox,1680x1050,desktop
D009599,rv:58.0,Windows 10,firefox,1920x1080,desktop
D009600,rv:58.0,Windows 10,firefox,2736x1824,desktop
D009601,rv:58.0,Windows 7,firefox 58.0,,desktop
D009602,rv:58.0,Windows 7,firefox 58.0,1280x1024,desktop
D009603,rv:58.0,Windows 7,firefox 58.0,1366x768,desktop
D009604,rv:58.0,Windows 7,firefox 58.0,1600x900,desktop
D009605,rv:58.0,Windows 7,firefox 58.0,1920x1080,desktop
D009606,rv:58.0,Windows 8.1,firefox 58.0,1366x768,desktop
D009607,rv:58.0,Windows 8.1,firefox 58.0,1600x900,desktop
D009608,rv:59.0,,Generic/Android 7.0,,mobile
D009609,rv:59.0,,Generic/Android,,mobile
D009610,rv:59.0,,firefox 59.0,,desktop
D009611,rv:59.0,,firefox generic,,desktop
D009612,rv:59.0,,firefox,,desktop
D009613,rv:59.0,Android 7.0,Generic/Android 7.0,1280x720,mobile
D009614,rv:59.0,Android 7.0,Generic/Android 7.0,1920x1080,mobile
D009615,rv:59.0,Android 8.0.0,firefox,2220x1080,mobile
D009616,rv:59.0,Android 8.1.0,firefox,2710x1440,mobile
D009617,rv:59.0,Mac OS X 10.10,firefox 59.0,1366x768,desktop
D009618,rv:59.0,Mac OS X 10.10,firefox 59.0,1440x900,desktop
D009619,rv:59.0,Mac OS X 10.10,firefox 59.0,1920x1080,desktop
D009620,rv:59.0,Mac OS X 10.10,firefox 59.0,2560x1440,desktop
D009621,rv:59.0,Mac OS X 10.10,firefox 59.0,2560x1600,desktop
D009622,rv:59.0,Mac OS X 10.10,firefox 59.0,2880x1800,desktop
D009623,rv:59.0,Mac OS X 10.11,firefox 59.0,1280x800,desktop
D009624,rv:59.0,Mac OS X 10.11,firefox 59.0,1440x900,desktop
D009625,rv:59.0,Mac OS X 10.11,firefox 59.0,1600x900,desktop
D009626,rv:59.0,Mac OS X 10.11,firefox 59.0,1680x1050,desktop
D009627,rv:59.0,Mac OS X 10.11,firefox 59.0,1920x1080,desktop
D009628,rv:59.0,Mac OS X 10.11,firefox 59.0,1920x1200,desktop
D009629,rv:59.0,Mac OS X 10.11,firefox 59.0,2560x1440,desktop
D009630,rv:59.0,Mac OS X 10.11,firefox 59.0,2560x1600,desktop
D009631,rv:59.0,Mac OS X 10.11,firefox 59.0,2880x1800,desktop
D009632,rv:59.0,Mac OS X 10.11,firefox 59.0,4096x2304,desktop
D009633,rv:59.0,Mac OS X 10.12,firefox 59.0,1280x800,desktop
D009634,rv:59.0,Mac OS X 10.12,firefox 59.0,1440x900,desktop
D009635,rv:59.0,Mac OS X 10.12,firefox 59.0,1920x1080,desktop
D009636,rv:59.0,Mac OS X 10.12,firefox 59.0,2560x1440,desktop
D009637,rv:59.0,Mac OS X 10.12,firefox 59.0,2560x1600,desktop
D009638,rv:59.0,Mac OS X 10.12,firefox 59.0,2880x1800,desktop
D009639,rv:59.0,Mac OS X 10.12,firefox 59.0,4096x2304,desktop
D009640,rv:59.0,Mac OS X 10.13,firefox 59.0,1024x768,desktop
D009641,rv:59.0,Mac OS X 10.13,firefox 59.0,1280x800,desktop
D009642,rv:59.0,Mac OS X 10.13,firefox 59.0,1366x768,desktop
D009643,rv:59.0,Mac OS X 10.13,firefox 59.0,1440x810,desktop
D009644,rv:59.0,Mac OS X 10.13,firefox 59.0,1440x900,desktop
D009645,rv:59.0,Mac OS X 10.13,firefox 59.0,1600x900,desktop
D009646,rv:59.0,Mac OS X 10.13,firefox 59.0,1680x1050,desktop
D009647,rv:59.0,Mac OS X 10.13,firefox 59.0,1920x1080,desktop
D009648,rv:59.0,Mac OS X 10.13,firefox 59.0,2560x1440,desktop
D009649,rv:59.0,Mac OS X 10.13,firefox 59.0,2560x1600,desktop
D009650,rv:59.0,Mac OS X 10.13,firefox 59.0,2880x1800,desktop
D009651,rv:59.0,Mac OS X 10.13,firefox 59.0,3360x1890,desktop
D009652,rv:59.0,Mac OS X 10.13,firefox 59.0,3360x2100,desktop
D009653,rv:59.0,Mac OS X 10.13,firefox 59.0,5120x2880,desktop
D009654,rv:59.0,Mac OS X 10.9,firefox 59.0,1280x800,desktop
D009655,rv:59.0,Mac OS X 10.9,firefox 59.0,1440x900,desktop
D009656,rv:59.0,Mac OS X 10.9,firefox 59.0,1680x1050,desktop
D009657,rv:59.0,Mac OS X 10.9,firefox 59.0,1920x1080,desktop
D009658,rv:59.0,Mac OS X 10.9,firefox 59.0,1920x1200,desktop
D009659,rv:59.0,Mac OS X 10.9,firefox 59.0,2560x1440,desktop
D009660,rv:59.0,Windows 10,firefox 59.0,1366x767,desktop
D009661,rv:59.0,Windows 10,firefox,1360x768,desktop
D009662,rv:59.0,Windows 10,firefox,1366x768,desktop
D009663,rv:59.0,Windows 10,firefox,1680x1050,desktop
D009664,rv:59.0,Windows 10,firefox,1920x1080,desktop
D009665,rv:59.0,Windows 7,firefox 59.0,0x0,desktop
D009666,rv:59.0,Windows 7,firefox 59.0,1280x1024,desktop
D009667,rv:59.0,Windows 7,firefox 59.0,1366x768,desktop
D009668,rv:59.0,Windows 7,firefox 59.0,1440x900,desktop
D009669,rv:59.0,Windows 7,firefox 59.0,1920x1080,desktop
D009670,rv:59.0,Windows 8.1,firefox 59.0,1366x768,desktop
D009671,rv:60.0,,Generic/Android,,mobile
D009672,rv:60.0,,firefox 60.0,,desktop
D009673,rv:60.0,,firefox generic,,desktop
D009674,rv:60.0,,firefox,,mobile
D009675,rv:60.0,Android 7.0,firefox,1920x1080,mobile
D009676,rv:60.0,Android 8.0.0,firefox,2076x1080,mobile
D009677,rv:60.0,Mac OS X 10.10,firefox 60.0,1280x800,desktop
D009678,rv:60.0,Mac OS X 10.10,firefox 60.0,1920x1080,desktop
D009679,rv:60.0,Mac OS X 10.11,firefox 60.0,1366x768,desktop
D009680,rv:60.0,Mac OS X 10.11,firefox 60.0,1920x1080,desktop
D009681,rv:60.0,Mac OS X 10.12,firefox 60.0,1280x800,desktop
D009682,rv:60.0,Mac OS X 10.12,firefox 60.0,1600x900,desktop
D009683,rv:60.0,Mac OS X 10.12,firefox 60.0,2560x1440,desktop
D009684,rv:60.0,Mac OS X 10.13,firefox 60.0,1440x900,desktop
D009685,rv:60.0,Mac OS X 10.13,firefox 60.0,1920x1080,desktop
D009686,rv:60.0,Mac OS X 10.13,firefox 60.0,2560x1600,desktop
D009687,rv:60.0,Mac OS X 10.13,firefox 60.0,2880x1800,desktop
D009688,rv:60.0,Mac OS X 10.13,firefox generic,3360x2100,desktop
D009689,rv:60.0,Mac OS X 10.9,firefox 60.0,1280x800,desktop
D009690,rv:60.0,Windows 10,firefox 60.0,1366x768,desktop
D009691,rv:60.0,Windows 8.1,firefox 60.0,1600x900,desktop
D009692,rv:61.0,,Generic/Android,,mobile
D009693,rv:61.0,,firefox mobile 61.0,,mobile
D009694,verykool,,chrome 64.0 for android,,mobile
D009695,verykoolS5005,,chrome,,mobile
D009696,verykoolS5019,,chrome 62.0 for android,,mobile
D009697,verykoolS5524,,chrome 64.0 for android,,mobile
D009698,verykoolS5525,,android webview 4.0,,mobile
D009699,verykoolS5530 Build/LMY47I,,chrome 64.0 for android,,mobile
D009700,verykools4009,,chrome 62.0 for android,,mobile
D009701,verykools5004,,chrome,,mobile
D009702,verykools5034,,chrome 63.0 for android,,mobile
D009703,verykools5035,,chrome 63.0 for android,,mobile
D009704,vivo,,android webview 4.0,,mobile
D009705,vivo,,chrome 65.0 for android,,mobile
D009706,xs-Z47b7VqTMxs,Windows 7,ie 11.0 for desktop,,desktop
